OrderID,CompoundName,actual_MNY,stage1_recipe_pred,stage1b_bias_pred,pid_expert_pred,wet_expert_pred,bottom_expert_pred,material_expert_pred,final_prediction,residual,stage1_pct,stage1b_pct,stage2_expert_pct
1778363,M1-T17771---- 05 002,36.27,34.353508519679544,0.016098880439197497,-0.31574778852823554,-0.05872340379654322,-0.8725310915932596,-0.38165529353195954,33.41174516676675,2.8582548332332536,97.24302122909327,0.04557041885304704,2.711380045477325
1778363,M1-T17771---- 05 002,36.27,34.907867990077364,0.016098880439197497,-0.2783107597294732,0.002647727531660005,-0.6152833451258132,-0.3743859262724228,34.143143921030685,2.1268560789693183,97.76799804524148,0.0450888410531814,2.18688510626643
1782804,M1-T33025W3-- 04 004,49.79,49.988314258244685,-0.007564000877842045,0.32163439963115487,-0.679087234917337,0.41872277167117533,-0.03308911650019609,49.78743646947306,0.002563530526941804,99.59973902636777,0.015070972578436752,0.3851700764492987
1782804,M1-T33025W3-- 04 004,49.79,49.988314258244685,-0.007564000877842045,0.4875844076384211,0.7377590954637386,-0.12003982746691662,0.34319736975351656,50.86786697247527,-1.0778669724752703,98.24167083599058,0.014865475971147412,1.743444035110928
1782804,M1-T33025W3-- 04 004,49.79,49.988314258244685,-0.007564000877842045,0.5120681457189494,0.4719491898726082,-0.15336321858229676,0.23263865989738836,50.56497538765334,-0.7749753876533418,98.82997666176,0.014954495692027987,1.155049071931952
1782804,M1-T33025W3-- 04 004,49.79,49.988314258244685,-0.007564000877842045,0.45336263242100416,0.41418146519307886,-0.14428802567561816,0.3121930215645371,50.61458936849341,-0.8245893684934131,98.73312943734847,0.014939841217250524,1.2519109701922353
1782804,M1-T33025W3-- 04 004,49.79,49.988314258244685,-0.007564000877842045,0.37042398666006693,0.30275021331071883,-0.22351302766713133,0.45857047405330503,50.66140898279728,-0.8714089827972842,98.6419107708383,0.014926038429863175,1.3431434577377894
1792998,M1-T02128W5-- 04 003,61.135000000000005,62.82949286976675,0.016098880439197497,0.21877635274099555,0.28225650742201386,0.07360357420404467,-0.16222345411764785,62.908934263384516,-1.7739342633845112,99.87370413770556,0.025590765554410488,0.10068920074920683
1792998,M1-T02128W5-- 04 003,61.135000000000005,63.46688807575946,0.016098880439197497,-0.4979412681457571,0.15337077357134152,0.05783631956035425,0.004053905402501707,63.51438436927219,-2.379384369272188,99.92520389435418,0.02534682192763853,0.049433539255676014
1792998,M1-T02128W5-- 04 003,61.135000000000005,63.46688807575946,0.016098880439197497,-0.056528911186049295,0.127936943072764,-0.12870207401730996,-0.03867534016525249,63.44426336040727,-2.3092633604072645,99.91367917028366,0.025343898589807866,0.06096118847991617
1792998,M1-T02128W5-- 04 003,61.135000000000005,63.46688807575946,0.016098880439197497,0.07745449407930177,0.17448464716890125,-0.30146529003946304,0.11864279856043741,63.597624869590526,-2.4626248695905204,99.79441563495376,0.025313646446458095,0.180254994744602
1796439,M1-T02128W5-- 04 003,66.37,65.69474025303903,0.016098880439197497,0.32261623240143183,-0.0667352015612462,0.0701389866917877,-0.2136089118497966,65.51814492660411,0.8518550733958961,99.6831686481029,0.02442794366314481,0.2923882345429713
1796439,M1-T02128W5-- 04 003,70.12,65.56816511284006,0.016098880439197497,0.23505311568844553,-0.016298793233750858,0.5719289807010736,-0.4221661766146696,65.40568635730911,4.714313642690897,99.70395669958634,0.024480204310418283,0.2715478899499646
1808244,M1-T17771---- 05 002,33.2,34.878396992049055,0.016098880439197497,-0.3981194506967117,-0.1417312958096303,0.03403167436299275,-0.2064691635478042,34.50830708790973,-1.308307087909725,98.85972294783845,0.045630848813156426,1.0946178592352926
1808244,M1-T17771---- 05 002,33.2,34.34431008878096,0.016098880439197497,-0.21968264623707956,-0.036315380489916706,-0.5996842105878897,-0.007351331337304905,33.99911990226515,-0.7991199022651472,98.91307781575432,0.04636546227053323,1.0405279215486538
1818453,M1-T30087---- 08 001,57.73,59.61577863324862,0.016098880439197497,-0.6966014769556756,-0.09513930299097224,0.2540743673166805,0.6285755748508333,60.2893099172734,-2.559309917273403,98.88281824218785,0.026702706982410382,1.090462464144044
1818453,M1-T30087---- 08 001,57.73,59.61577863324862,0.016098880439197497,-0.4545048042099716,-0.21894224805379023,0.20234624881461835,0.7603154567840904,60.38713422628243,-2.6571342262824302,98.72263276742586,0.02665944986381844,1.250691222894261
1818453,M1-T30087---- 08 001,57.73,59.61577863324862,0.016098880439197497,-0.1922734265902192,-0.4938920577851187,0.18728977651435205,0.7572180555955945,60.25736417878895,-2.5273641787889503,98.93524144673702,0.026716863551721814,1.03802509423205
1818453,M1-T30087---- 08 001,57.73,59.70222525446089,0.016098880439197497,-0.9876822444680712,-0.2036644714055861,0.15082807228965664,0.7572180555955945,60.35237069022395,-2.6223706902239527,98.92273440032106,0.026674805956420602,1.050574224367863
1826654,M1-T17771---- 05 002,35.64,34.34153909457454,0.016098880439197497,-0.28919992607422096,-0.028682937414476646,-0.5421056947188082,-0.19802293677789992,33.79472761110359,1.8452723888964115,98.34189580037743,0.04610144054098077,1.611974122655159
1826654,M1-T17771---- 05 002,35.64,34.34153909457454,0.016098880439197497,-0.2783107597294732,0.10953450870101984,-0.745332736688479,-0.4222355339504128,33.524711173614406,2.1152888263855942,97.5873207890665,0.04574770529178164,2.3669030889419114
1826654,M1-T17771---- 05 002,35.64,34.34153909457454,0.016098880439197497,-0.31574778852823554,-0.05872340379654322,-0.5087366651901393,-0.42950490120994955,33.519289798179884,2.120710201820117,97.57228903655225,0.04574065859577154,2.3819418925292957
1832453,M1-T17771---- 05 002,35.23,34.34153909457454,0.016098880439197497,-0.31574778852823554,-0.029412378298339252,-0.5196682328355444,-0.22143040007548934,33.772883655601674,1.4571163443983224,98.28041817277368,0.04607262060446736,1.6734805880972556
1832453,M1-T17771---- 05 002,35.23,34.77249796109137,0.016098880439197497,-0.2333810344422723,-0.024736740957112435,-0.5600438320897723,-0.2376124661862647,34.18438049186457,1.0456195081354238,98.24731351112028,0.04548628503645862,1.707171949527559
1832453,M1-T17771---- 05 002,35.23,34.34153909457454,0.016098880439197497,-0.25176289727545864,-0.005543926327249813,-0.4045998797866423,-0.38084532070752547,33.67067325527373,1.5593267447262704,97.99377551607394,0.04593824614191708,1.9602577027277401
1839985,M1-T17771---- 05 002,36.48,34.86145325615356,0.016098880439197497,-0.2333810344422723,-0.11475289426107714,-0.02961465248939924,0.28079209803219585,35.07288184416138,1.4071181558386172,99.3971452683534,0.045901206295532467,0.5569250133023723
1855572,M1-T02128W5-- 04 003,61.86,64.32867625466278,0.016098880439197497,1.134470996330782,0.12918966368454438,0.7654523023395997,-0.2988503107483129,64.66400809381902,-2.8040080938190215,99.48140890553738,0.024896195618156806,0.49367943429354627
1874237,M1-T02128W5-- 04 003,66.35,64.99548417186655,0.016098880439197497,0.13983642628129597,-0.04132601029821568,-0.13055704594198203,-0.12625071952582723,64.80409010997553,1.5459098900244612,99.65715278072463,0.024684308578813218,0.31814757776163943
1874237,M1-T02128W5-- 04 003,66.35,64.99548417186655,0.016098880439197497,-0.3649138864450482,0.10873569257136641,0.20197304637592348,-0.08062820722620327,65.01230911446947,1.3376908855305203,99.97410499604962,0.02476281519945725,0.00111680705074917
1874237,M1-T02128W5-- 04 003,66.35,64.99548417186655,0.016098880439197497,-0.23473307147236339,0.23187560450557454,-0.36126231807637604,-0.18647118666154483,64.71981150490672,1.6301884950932788,99.52853818524439,0.02465245173488392,0.44679404987404203
1874237,M1-T02128W5-- 04 003,66.35,64.99548417186655,0.016098880439197497,-0.08260310666704516,0.4435378617766351,-0.027968292895286292,-0.05701709356264366,65.189323351655,1.1606766483449888,99.70263665875709,0.02469557458480864,0.27265242672518447
1868173,M1-T02128W5-- 04 003,59.17,64.96736701474764,0.016098880439197497,-0.3323220199676368,0.030034340040991984,-0.37456717918733984,-0.21467322330691183,64.50970072756598,-5.339700727565983,99.25161213624935,0.024594498909219623,0.723778087692791
1868173,M1-T02128W5-- 04 003,59.17,64.96736701474764,0.016098880439197497,-0.49055122245723304,0.13629545847905983,-0.13760832078235843,-0.2930183031501914,64.5680068293044,-5.398006829304393,99.34009942733998,0.024616426014859184,0.6352688558762537
1868173,M1-T02128W5-- 04 003,59.17,64.96736701474764,0.016098880439197497,-1.0038342792357067,-0.03032864423953858,-0.37456717918733984,-0.21467322330691183,64.34374976341955,-5.173749763419551,99.00062006746468,0.024532303202479133,0.9748323908177536
1871615,M1-T17771---- 05 002,34.62,34.34153909457454,0.016098880439197497,-0.2202588855576745,0.07718428830767463,0.1466597662308628,0.02102492717204056,34.4577404564983,0.16225954350169758,99.66274245885415,0.04672063679700092,0.29050788330171273
1889370,M1-T02128W5-- 04 003,62.18,65.40038918888833,0.016098880439197497,-0.06715036250294593,0.09643848440097488,-0.10337727505748696,0.2565542358226429,65.71018594182372,-3.5301859418237242,99.528525598661,0.024499821083246474,0.4469593619173268
1899529,M1-T02128W5-- 04 003,61.93,64.99548417186655,0.016098880439197497,0.1180946104569496,-1.543816774066963,-0.23736303302859216,0.6018835446953017,64.66640824551693,-2.736408245516934,99.4472130445512,0.024632308124394642,0.5281393466901416
1902317,M1-T17771---- 04 003,39.24,34.844872751312316,0.016098880439197497,-0.40653735652288464,0.03733111380125301,0.20003558336866092,-0.3286273062099367,34.521818364005895,4.718181635994107,98.9907364014395,0.04573528051856269,0.9634999090599033
1902317,M1-T17771---- 04 003,39.24,34.844872751312316,0.016098880439197497,-0.4132845633148816,-0.15759786724342867,-0.1445426327497526,-0.4354694182019147,34.11123506218787,5.128764937812129,97.84939622482943,0.045207963367059935,2.105367730370435
1907516,M1-T33025W3-- 03 005,53.02333333333333,49.18861459280192,-0.012334072069548466,0.7044949833592986,0.22161998205236272,0.016716547584239443,0.6312245904209216,50.18637747089468,2.83695586243865,97.9637133501616,0.02456445481671072,2.0117022790890657
1907516,M1-T33025W3-- 03 005,53.02333333333333,49.18861459280192,-0.012334072069548466,0.5373917538256929,0.23947985703571523,0.5789763065055838,0.5462200295807752,50.337245441747214,2.6860878915861193,97.67024587318738,0.024490867686009176,2.305243402855641
1913900,M1-T02128W5-- 04 003,61.88,64.83267955457285,0.016098880439197497,-0.3494710852133139,0.2953039732204802,-0.5731195349046839,0.09917720661794588,64.80277868118885,-2.922778681188852,99.90429334004193,0.024807663124428246,0.07088358727566588
1913944,M1-B15563---- 01 005,43.49,46.5005046043224,0.016098880439197497,0.07360063855875383,0.5036599699080316,-0.12891617295441868,0.3149671121436995,47.14328278953216,-3.653282789532156,98.63652251004306,0.03414882475661976,1.3293074532751115
1913944,M1-B15563---- 01 005,43.49,46.5005046043224,0.016098880439197497,-0.04981834476903474,0.5293974781558826,-0.11730796512662389,0.21069456454187432,47.02035841658275,-3.53035841658275,98.89438592302264,0.03423809932020838,1.0713547102780532
1913944,M1-B15563---- 01 005,43.49,46.51163980374285,0.016098880439197497,-0.45601368024038874,0.4416092064683646,-0.015707131624042907,0.21069456454187432,46.94839239183533,-3.458392391835325,99.06969659063748,0.03429058204118403,0.8959915273420077
1913944,M1-B15563---- 01 005,44.62,46.51163980374285,0.016098880439197497,-0.5528067640484571,0.365592393192163,-0.02699619999746098,0.23125349190711128,46.90140215149174,-2.28140215149174,99.16895391872227,0.03432493756733391,0.7966998223907482
1913944,M1-B15563---- 01 005,44.62,46.51163980374285,0.016098880439197497,-0.04981834476903474,0.6229947223827471,-0.12891617295441868,0.2589846975924688,47.13941268454052,-2.5194126845405194,98.66824232235761,0.03415162834498854,1.297584835630723
1913944,M1-B15563---- 01 005,44.62,46.5005046043224,0.016098880439197497,-0.3559168136875599,0.6004039277901353,-0.199847074233307,0.5012345479172978,47.30192178923176,-2.6819217892317653,98.30571996830834,0.034034298030217854,1.6602245928758048
1913944,M1-B15563---- 01 005,44.62,46.5005046043224,0.016098880439197497,0.09890162530581732,0.5293974781558826,-0.12891617295441868,0.3149671121436995,47.16397796082497,-2.543977960824975,98.59324161253355,0.03413384053224981,1.3726033443166243
1914139,M1-B15563---- 01 005,45.62,46.490637295890444,0.016098880439197497,0.09890162530581732,0.5949361351443107,-0.12712326906034904,-0.7234434167274557,45.99354993970376,-0.37354993970376427,98.8743175715003,0.03423841680121542,1.0914227441221935
1914139,M1-B15563---- 01 005,45.62,46.490637295890444,0.016098880439197497,-0.23051896038766767,0.46103209676603113,-0.18307533744636786,-0.7234434167274557,45.821045720177,-0.2010457201769995,98.51289870438943,0.034113263878637556,1.4529668418957793
1914139,M1-B15563---- 01 005,45.62,46.47950209646999,0.016098880439197497,0.07360063855875383,0.5321481192892693,-0.10724712467810714,-0.7234434167274557,45.94846876304795,-0.32846876304795103,98.80270354979864,0.03422181477366742,1.1630533781639392
1914139,M1-B15563---- 01 005,45.62,46.490637295890444,0.016098880439197497,-0.23051896038766767,0.5582378250061636,-0.15368962882603307,-0.7234434167274557,45.895006698421895,-0.2750066984218975,98.66753253446883,0.03416681082243313,1.2982794316113102
1914139,M1-B15563---- 01 005,45.18,46.47950209646999,0.016098880439197497,-0.04981834476903474,0.6115917650270056,-0.40061042888354537,-0.6829255326746498,45.879557949500956,-0.6995579495009565,98.65818358279355,0.03417175809136771,1.307623432944593
1914139,M1-B15563---- 01 005,45.18,46.47950209646999,0.016098880439197497,-0.3559168136875599,0.5637056176519882,-0.3495556719868991,-0.6829255326746498,45.81591695606424,-0.6359169560642428,98.52509051333486,0.034125659288328586,1.440762629841118
1914139,M1-B15563---- 01 005,45.18,46.490637295890444,0.016098880439197497,0.2673644872187576,0.5949361351443107,-0.10724712467810714,-0.7234434167274557,46.03541615979587,-0.8554161597958725,98.96243303210507,0.034268929617292616,1.0032767517479662
1914139,M1-B15563---- 01 005,45.18,46.490637295890444,0.016098880439197497,-0.04981834476903474,0.5609494723048798,-0.12712326906034904,-0.7234434167274557,45.94410549292101,-0.7641054929210114,98.77045416264505,0.03420245075087874,1.1953221413684954
1914139,M1-B15563---- 01 005,45.18,46.47950209646999,0.016098880439197497,-0.12328931180214307,0.7251450598909448,-0.15830188157475358,-0.7648294917164511,45.957062275182764,-0.7770622751827645,98.82075558725884,0.034228067370611175,1.144995084222916
1925692,M1-T33025W3-- 03 005,57.76,49.68615364736241,-0.012334072069548466,0.2278126685824938,-0.06907240975333773,-0.001403163842450376,0.5232524296296852,50.27988829815353,7.480111701846468,98.77066270784852,0.024518792113430925,1.2047986211270227
1925692,M1-T33025W3-- 03 005,57.76,49.076830391369874,-0.012334072069548466,0.13910153043848256,-0.23109846122389227,0.3483722604434139,0.42142379640626276,49.604120784756454,8.155879215243544,98.88780597266418,0.02485265075066557,1.087321226994152
1925692,M1-T33025W3-- 03 005,57.76,49.076830391369874,-0.012334072069548466,0.3109452915286047,-0.18718528737272122,-0.0932623449302716,0.4799993741764699,49.51958876457713,8.240411235422869,99.05652753282716,0.02489505413870309,0.9185572290640549
1935726,M1-T17771---- 05 002,35.37,34.34431008878096,0.016098880439197497,-0.15739111588276114,-0.20195291331930484,-0.7136766162263248,0.15845029458609097,34.04619399588165,1.323806004118346,99.04736166984515,0.04642840776882201,0.9061810828602442
1943609,M1-T02128W5-- 04 003,69.015,63.44394674207729,0.016098880439197497,0.1310166912687571,-0.12432504261651521,-0.3416036810436661,0.14618596800561132,63.41360708290085,5.601392917099147,99.90151019847649,0.025349975071993498,0.07312408003042
1943609,M1-T02128W5-- 04 003,69.015,63.44394674207729,0.016098880439197497,-0.14367952616275892,0.15482737252603593,0.026492528762236907,0.2809067848371359,63.865623274055906,5.149376725944094,99.33972856705404,0.025207423169382917,0.635048351903181
1943609,M1-T02128W5-- 04 003,69.015,62.806551536084584,0.016098880439197497,-0.4029288005698971,0.17206494742586828,-0.02200714671360228,0.2809067848371359,63.165799057426405,5.849200942573596,99.4312468617077,0.02548670028838133,0.5432506066543916
1943609,M1-T02128W5-- 04 003,69.015,63.44394674207729,0.016098880439197497,0.03427142968521229,-0.033818840142225595,-0.5583622851023448,0.29807354800672875,63.52233815222522,5.492661847774784,99.87657664990587,0.02534364819231505,0.09806395941071659
1943609,M1-T02128W5-- 04 003,69.015,63.44394674207729,0.016098880439197497,-0.22153647805676588,0.14897827808327582,-0.7409413094260331,0.29807354800672875,63.49802032757745,5.516979672422551,99.91482635725683,0.02535335404286657,0.05980454018031607
1953969,M1-T17771---- 05 002,32.3,34.276652251648656,0.016098880439197497,-0.14608762156933955,0.06497007269983873,0.7360223591739313,-0.5212497367839374,34.05531142263898,-1.7553114226389823,99.26571933058938,0.04662260875074897,0.6876291005039723
1953969,M1-T17771---- 05 002,32.3,34.276652251648656,0.016098880439197497,-0.21560490140648098,-0.14128916291396823,-0.2961527404943151,-0.41566733979884196,33.5409998631478,-1.240999863147806,97.80890046181176,0.04593837761236848,2.1451326254378142
1955968,M1-T17771---- 05 002,36.98,34.75260021180039,0.016098880439197497,-0.21560490140648098,0.19843313139623403,-0.5962312756784451,-0.31859703205957834,34.194141112206445,2.7858588877935517,98.32877119349352,0.04555006306088575,1.6256504495134587
1955968,M1-T17771---- 05 002,36.98,34.75260021180039,0.016098880439197497,-0.1869864781759454,-0.37190803056831667,-0.7509755412847503,-0.3349216831563272,33.75527738225335,3.22472261774665,97.12278009346107,0.04499139676219636,2.8322005628664306
1955968,M1-T17771---- 05 002,36.98,34.75260021180039,0.016098880439197497,-0.3821763979757255,-0.4469795090947341,-0.7632839929851705,-0.04077713673056818,34.00613035224531,2.9738696477546895,97.80847279371679,0.04530903874386595,2.146190023322161
1954540,M1-T17771---- 05 002,34.97,34.91917781987427,0.016098880439197497,-0.18224561743831727,-0.06298797551548124,-0.05371777174672949,-0.054938397236988415,34.7721454238939,0.1978545761060957,99.48932126519895,0.04586782358643501,0.464782419901963
1957653,M1-T02128W5-- 04 003,62.61,64.06556074093,0.016098880439197497,-0.4126230766548581,0.18358647805219624,0.9218315762657111,-0.2250502804598817,64.29823312548174,-1.6882331254817444,99.63812015190267,0.025037823207361358,0.3368264723654961
1962171,M1-T17771---- 05 002,32.54,34.36763472309475,0.016098880439197497,-0.31574778852823554,0.02927197620792459,0.1388126586883463,-0.11653144329261594,34.2730614997532,-1.7330614997531981,99.63245939488964,0.04667097589301579,0.32084063901764964
1967814,M1-T15760---- 06 001,50.96,56.84246290243694,-0.3188781376178079,-0.17545472236477577,-0.7753340140805824,-0.1179931863001013,-0.7693362382209312,55.06559756963553,-4.105597569635528,96.9687898459876,0.5439811284428965,2.4872119663526893
1967814,M1-T15760---- 06 001,50.96,59.06134558195789,-0.3188781376178079,-0.41240846992099217,-1.2361143178423057,0.09670476579171086,-0.1980315887512239,57.719795451860286,-6.759795451860285,97.77898080517366,0.5279185394456358,1.6930840998857513
1969488,M1-T15760---- 06 001,48.54,55.603328732337346,-0.3188781376178079,-0.19840403734532536,0.1269580394019616,-0.08297095860821292,-0.3610368420032543,54.86682518691653,-6.32682518691653,98.69273055151669,0.5659904691350096,0.7412612299198413
1969488,M1-T15760---- 06 001,48.54,55.91807985500828,-0.3188781376178079,-0.41240846992099217,0.2587067528870478,0.02691698392686986,-0.34726406392463927,55.29039427407106,-6.750394274071063,98.88993372873935,0.563929197467687,0.5461193890058579
1969488,M1-T15760---- 06 001,48.54,55.57811746125791,-0.3188781376178079,-0.09493290516581906,-0.0769206345487771,-0.09454805129646057,-0.14096056875799964,54.985095152586105,-6.445095152586106,98.9442403954685,0.5676902447678114,0.48805155703036074
1969488,M1-T15760---- 06 001,48.54,55.57811746125791,-0.3188781376178079,-0.1628996757446966,-0.03556045959127104,-0.08803265357930579,-0.14096056875799964,55.0006503027502,-6.460650302750203,98.971648038957,0.5678474954756677,0.46048665790261745
1969488,M1-T15760---- 06 001,48.54,55.603328732337346,-0.3188781376178079,-0.27345587882828876,-0.11321639916812645,-0.09454805129646057,-0.3154619492423075,54.75177202236052,-6.21177202236052,98.49159810977427,0.5648369997312966,0.943547177238706
1971355,M1-T33025W3-- 03 005,51.18,44.73869434011959,-0.012334072069548466,0.2690092227151829,-0.19273303745084494,0.49889999418215863,-0.27668668002564617,44.57894998840517,6.601050011594829,99.64418736867522,0.027471042828684077,0.3283193160116416
1971355,M1-T33025W3-- 03 005,51.18,44.33469099901558,-0.012334072069548466,0.2032078653529437,-0.13801744359467724,0.44163040129125747,3.921046536580625e-06,44.48869103495693,6.691308965043071,99.59859659384229,0.02770869133703023,0.37367224965979867
1977075,M1-T15760---- 06 001,51.09,59.5271824479815,-0.3188781376178079,0.11803091030219921,-0.15785733993020395,-0.6382240607268334,-1.1222142784874671,57.52820295701828,-6.438202957018277,96.75099323106447,0.5182804773458772,2.7307100383437746
1977075,M1-T15760---- 06 001,51.09,59.2501895882757,-0.3188781376178079,-0.07366776975913435,-0.11120952831268235,-0.22232531193683128,-0.023779969076460933,58.71432635585494,-7.62432635585494,99.10368201694784,0.5333653406382535,0.36293591610758524
1977075,M1-T15760---- 06 001,51.09,59.5271824479815,-0.3188781376178079,-0.07366776975913435,-0.1154651851647383,-0.12755351161832457,-0.019566425509228047,59.03913677319388,-7.949136773193878,99.18678040768705,0.5313286218501715,0.2818743080278352
1977075,M1-T15760---- 06 001,51.09,58.02298241874384,-0.3188781376178079,-0.1239599447908655,-0.08829287079823857,-0.16183871451598825,-0.14406967865077852,57.38144509385562,-6.291445093855614,98.90641358979296,0.5435620791836683,0.5500072849479123
1977075,M1-T15760---- 06 001,51.09,59.76736566724207,-0.3188781376178079,0.011496665045056777,-0.16393539928952675,-0.22051434489060356,-0.15157423137456125,59.06835479777582,-7.978354797775815,98.84395130996974,0.5273643025190886,0.6286678493970667
1977076,M1-T15760---- 06 001,51.46,59.75977823536588,-0.3188781376178079,-0.10747991357662699,0.2554426318180197,-0.2677669058862023,-0.1823085066230824,59.23780659492388,-7.777806594923881,99.13409687852945,0.5289794761711648,0.3369070565335204
1977076,M1-T15760---- 06 001,51.46,60.312767850442974,-0.3188781376178079,0.03164162754600422,-0.20328407157022496,-0.2819831976656933,-0.5232153989391659,59.133744893815155,-7.6737448938151545,98.08261761543297,0.5185701726613622,1.398795949574963
1977076,M1-T15760---- 06 001,51.46,60.312767850442974,-0.3188781376178079,-0.10905661403099713,-0.1338959426839051,-0.2677669058862023,-0.4335707955840654,59.26005144705925,-7.800051447059246,98.28449780094766,0.519637528378455,1.1958483748709594
1977076,M1-T15760---- 06 001,51.46,58.05292510450915,-0.3188781376178079,-0.13180739815038675,-0.4010644951489542,-0.9833169998762519,-0.8475028461205217,56.00834942491261,-4.548349424912608,96.59788624700029,0.5306012403131734,2.8714958730622455
1974947,M1-T15760---- 06 001,53.14,56.97069990666076,-0.3188781376178079,-0.18607212117736383,-0.6301753068462437,-0.16183871451598825,-0.25714560359683747,55.85283493374978,-2.7128349337497824,98.07556825894154,0.5489515593710135,1.375462966598195
1974947,M1-T15760---- 06 001,53.14,56.97069990666076,-0.3188781376178079,-0.07254037190100501,-0.06780583978239789,-0.1735287493140895,-0.6742610204646473,55.73241902136865,-2.5924190213686487,97.87268106104443,0.5478159529642478,1.5794858065146324
1974947,M1-T15760---- 06 001,53.14,56.9643025488002,-0.3188781376178079,-0.3431897283044852,0.13886120337640478,-1.311414071040706,-0.8146164137919604,55.091860227538376,-1.9518602275383756,96.81754657374113,0.5419709811019218,2.6404654489782473
1974947,M1-T15760---- 06 001,53.14,56.93909127772076,-0.3188781376178079,-0.17545472236477577,-0.013664211161386743,-0.38619721676160923,-1.0592321677425263,55.166627950800276,-2.0266279508002754,96.98104906783497,0.5431266220975485,2.4758072776479385
1974947,M1-T15760---- 06 001,53.14,56.78569594041549,-0.3188781376178079,-0.5496917459179905,-0.1761575183489251,-0.13912896436946035,-0.15968417093196743,56.00126629215058,-2.8612662921505816,98.63741914059491,0.5538950609671772,0.8086684283207444
1980528,M1-T15760---- 06 001,50.98,58.71187852249559,-0.3188781376178079,-0.15725068504198303,-0.3339950867678416,-0.12605686339071878,-0.16740448440299244,57.9029125972359,-6.9229125972359,98.64085297033198,0.5357418682517482,0.82338836058219
1980530,M1-T15760---- 06 001,51.69,57.69922636841166,-0.3188781376178079,-0.15195236065133408,-0.025859399893326838,-0.20309502259042506,-0.09861004042357821,57.123527816930256,-5.433527816930258,99.01208203445822,0.5471960424428615,0.4407047630625913
1980530,M1-T15760---- 06 001,51.69,57.69922636841166,-0.3188781376178079,-0.15195236065133408,0.08166274592955759,-0.12755351161832457,0.005340197720317776,57.34633075569166,-5.656330755691663,99.39208845450378,0.5492961700725324,0.058598149527473276
1980530,M1-T15760---- 06 001,51.69,57.69163893653546,-0.3188781376178079,-0.09078882566197995,0.014313595522025518,-0.2231551839189588,-0.20454329140046354,57.02015806615022,-5.330158066150226,98.84946048540115,0.54636915236166,0.6041532281320849
1980530,M1-T15760---- 06 001,51.69,57.69163893653546,-0.3188781376178079,-0.16561954196787945,-0.22126086945571893,-0.21233989548020005,0.01760963303882447,57.123099489039376,-5.433099489039378,99.02412013543726,0.5473345460469001,0.42852815413605366
1982586,M1-T15760---- 06 001,50.37,59.10979995292116,-0.3188781376178079,0.04459422813465855,-0.539642881412306,-0.09808886246587396,-0.18562161227047308,58.20532553874415,-7.835325538744151,98.49288477948946,0.5313370658013337,0.9757614920094674
1982586,M1-T15760---- 06 001,50.37,59.10979995292116,-0.3188781376178079,-0.15195236065133408,-0.21431003535141802,-0.1763172830770801,-0.1877286218842675,58.327837622608776,-7.957837622608778,98.69435767134362,0.5324239464977004,0.7732016853744242
1982586,M1-T15760---- 06 001,51.49,59.04423843011654,-0.3188781376178079,-0.013095447084439495,-0.8240567937634722,-0.2677669058862023,-0.3987811817318806,57.62536773119973,-6.135367731199729,97.65331210272363,0.5273928011178107,1.8192785571507288
1982586,M1-T15760---- 06 001,51.49,59.04423843011654,-0.3188781376178079,-0.04971021322045141,0.16122578652719646,-0.3976956027396318,-0.35411545772183306,58.21405644368596,-6.72405644368596,98.61344487011412,0.5325781563170938,0.8539602719485203
1982586,M1-T15760---- 06 001,51.49,58.763323877095765,-0.3188781376178079,-0.062393901160226986,-0.38957777005403,-0.2677669058862023,-0.1684857837630284,57.86896070937588,-6.378960709375875,98.50082518765679,0.5345129856056335,0.9646450644411702
1982586,M1-T15760---- 06 001,51.49,59.10979995292116,-0.3188781376178079,-0.1445609756316259,-0.20980501769753654,-0.17367644404872487,-0.4330533144071259,58.049380800063545,-6.559380800063543,98.23761822313591,0.5299599857883585,1.232405171561141
1982586,M1-T15760---- 06 001,51.49,58.456905660360285,-0.3188781376178079,-0.09078882566197995,-0.08850519413572643,-0.19812360370070903,-0.1877286218842675,57.753629184072835,-6.263629184072833,98.8112167136594,0.5390079479141409,0.6497584351682989
1985856,M1-T15760---- 06 001,55.45,57.291969682080406,-0.3188781376178079,-0.07366776975913435,0.5717168954338112,-0.25484136944339897,-0.305210349381716,56.83514090426155,-1.3851409042615472,99.2089208591445,0.5521813282766461,0.23888049620424834
1985856,M1-T15760---- 06 001,55.45,57.291969682080406,-0.3188781376178079,-0.16561954196787945,-0.0880991687531097,-0.14169598690959329,-0.05989521218081886,56.74966084335253,-1.2996608433525267,99.0622883887769,0.551365194893127,0.3863291255492498
1980587,M1-T17771---- 05 002,33.16,34.876781426118264,0.016098880439197497,-0.2783107597294732,0.001234001061556446,-0.06042813266431672,-0.1790195416646817,34.60402862815821,-1.4440286281582146,99.13318516471173,0.04575919079300049,0.8210272206611015
1985856,M1-T15760---- 06 001,55.45,57.291969682080406,-0.3188781376178079,0.06128531604930561,-0.06780583978239789,-0.12491267258996933,-0.07637819106655848,56.794664731138546,-1.3446647311385433,99.13943397275126,0.5517945751409992,0.3087541478616861
1991693,M1-T15760---- 06 001,61.33,59.25059100647056,-0.3188781376178079,-0.07366776975913435,-0.6776342559985101,-0.16136257962693004,-1.0039532184417876,57.26101206662449,4.06898793337551,96.75117065039626,0.5207008501564458,2.728112170298657
1991693,M1-T15760---- 06 001,60.4,59.0068176103484,-0.3188781376178079,-0.1445609756316259,-0.5832337317575961,0.04564955230462524,-0.1953130766616923,58.097116491842364,2.3028835081576347,98.48170256554275,0.5322039583782554,0.9860767861935574
1991693,M1-T15760---- 06 001,60.4,58.98146612366638,-0.3188781376178079,-0.10125826213927723,0.017074523972087773,-0.33547069447063693,0.03300997999351595,58.53060511137386,1.8693948886261396,99.24137088659141,0.5365397912727785,0.22207249627889486
1991693,M1-T15760---- 06 001,60.4,58.94956244116461,-0.3188781376178079,-0.10747991357662699,-0.08301598055310462,-0.1363594884524935,0.0037930419227797784,58.4978062254195,1.9021937745804962,99.23946782679825,0.5368198739452189,0.22369546461624823
1985904,M1-T15760---- 06 001,51.035,56.99224688232323,-0.3188781376178079,-0.10747991357662699,0.131868020514882,-0.1763172830770801,-0.24276502690412413,56.368206646483756,-5.3332066464837595,98.91688590372331,0.5534512864716643,0.5296454536045971
1985904,M1-T15760---- 06 001,51.035,57.001843132877035,-0.3188781376178079,-0.07064386316103265,-0.16393539928952675,-0.13647953596584417,-0.1578509937576417,56.32021264829947,-5.285212648299471,98.81830908636158,0.5528066573311423,0.6288669203223944
1985904,M1-T15760---- 06 001,49.85,58.93320281400969,-0.3188781376178079,-0.15195236065133408,-0.6796486938003201,-0.5478542835068769,-0.5266318569034397,57.29397601167437,-7.443976011674366,97.29375799832735,0.5264409682646513,2.1797845242495866
1989721,M1-T15760---- 06 001,56.08,57.779811839928506,-0.3188781376178079,-0.07366776975913435,0.22349420876860793,-0.19812360370070903,0.07872804316386238,57.58024074719524,-1.5002407471952424,99.2473201936756,0.5477311126348711,0.20493151687342162
1989721,M1-T15760---- 06 001,56.08,57.74585894606389,-0.3188781376178079,-0.09090325277553103,-0.0432034604729107,-0.2704077449145575,0.07349918962414413,57.33801753249803,-1.2580175324980303,99.29866656651198,0.5483367022427734,0.15297953543788356
1989721,M1-T15760---- 06 001,56.08,57.7873992718047,-0.3188781376178079,-0.07366776975913435,0.19312209958323365,-0.23473063667009458,-0.13479453467666455,57.30442229877009,-1.2244222987700937,99.1711279019068,0.5472387573989167,0.28161617931841915
1989721,M1-T15760---- 06 001,56.08,57.594565932912715,-0.3188781376178079,-0.07366776975913435,-0.21293939738359727,-0.2543057690759628,0.07539328721074014,57.09548386700607,-1.0154838670060684,99.14088373309735,0.5489035268260926,0.3101955264936199
1989721,M1-T15760---- 06 001,56.08,57.72183774900009,-0.3188781376178079,-0.5855468011516416,-0.32993985201442527,-0.42251111428366095,0.2449711787088568,57.167950685688986,-1.0879506856889876,99.04952367379829,0.5471885316329679,0.40327063476794867
1987717,M1-T15760---- 06 001,53.46,58.586538412565424,-0.3188781376178079,-0.1445609756316259,-1.150507900979526,-0.21987833691004902,-0.21751170072376974,57.17431618611641,-3.714316186116406,97.64623139539678,0.531474452262287,1.8222774853327715
1987717,M1-T15760---- 06 001,53.46,58.9070462096573,-0.3188781376178079,0.3021061256450203,0.023055264682490143,-0.2708963792162021,-0.6199301289098512,57.81261981348685,-4.352619813486847,98.17598441131827,0.5314504305045893,1.2925484919222987
1987718,M1-T15760---- 06 001,48.54,58.998764336814304,-0.3188781376178079,-0.13180739815038675,-0.9125000548457382,-0.3087755212351532,-0.4072985362428053,57.473112686844516,-8.933112686844517,97.47926291725108,0.5268585904266767,1.9938619700672369
1987718,M1-T15760---- 06 001,48.54,58.998764336814304,-0.3188781376178079,-0.13180739815038675,-0.06436242244911028,-0.33547069447063693,-0.13829355811785235,58.29366477228189,-9.753664772281894,98.8189885874114,0.5340995764273432,0.6468950868293506
1987718,M1-T15760---- 06 001,48.54,58.586538412565424,-0.3188781376178079,-0.05352280725818702,-0.48717205006152586,-0.14169598690959329,0.05960555115945911,57.95838365855151,-9.418383658551512,98.93917435970792,0.5385117556373771,0.5222969969571006
1987718,M1-T15760---- 06 001,48.54,58.643793581749215,-0.3188781376178079,-0.13180739815038675,-0.497328855617314,-0.19045975836834883,0.011320457591387788,57.915048388326916,-9.375048388326917,98.77257215926184,0.5370800886876475,0.6903309092499148
1987718,M1-T15760---- 06 001,48.54,58.93320281400969,-0.3188781376178079,-0.019618368528291193,-0.3871283845792527,-0.30360514090215457,-0.15506637824617786,58.04685314539351,-9.506853145393514,98.5182779147313,0.5330666497442599,0.9486387185850558
1989725,M1-T17771---- 05 002,34.08,34.89939097707799,0.016098880439197497,-0.2202588855576745,-0.000410919769624768,-0.39527122039262463,-0.36248569059016,34.2634596155471,-0.18345961554710044,98.12149136996466,0.04526285742689108,1.833217657077319
1989725,M1-T17771---- 05 002,34.08,34.34431008878096,0.016098880439197497,-0.2202588855576745,-0.30591520851984644,-0.5466238989195995,-0.38363753871173173,33.423087740469164,0.6569122595308343,97.29889192950378,0.0456088133373559,2.655470926733341
1989725,M1-T17771---- 05 002,34.08,34.89939097707799,0.016098880439197497,-0.2783107597294732,0.12309334966725402,-0.5962312756784451,-0.3942800147179961,34.19494152054307,-0.11494152054306994,97.9328313470875,0.04517582968609323,2.021964761753536
2020354,M1-T15760---- 06 001,53.05,56.83603807545513,-0.3188781376178079,-2.0000320747606697,-0.539642881412306,0.05714953381755201,-0.27720716560326775,55.5080436997745,-2.4580436997744997,97.71679491363362,0.5482392973041735,1.7349485963094693
2020354,M1-T15760---- 06 001,53.05,56.197640778063345,-0.3188781376178079,0.3337232758452362,0.002309721184192078,-0.19885964497561975,-0.19263682290694015,55.62565121715581,-2.5756512171558157,98.9924199669187,0.5617054040043061,0.4458570140279186
2020354,M1-T15760---- 06 001,53.05,54.87738278915984,-0.3188781376178079,-0.6728061684060078,-0.01191668776364047,-0.16621156015964736,-0.34444264822863074,53.94359403656675,-0.8935940365667534,98.32686080674621,0.5713517055345834,1.1017695701626729
2020354,M1-T15760---- 06 001,53.05,56.197640778063345,-0.3188781376178079,0.5850594433427942,-0.46578230013678534,-0.2819831976656933,-0.25684384675196265,55.27145912876187,-2.2214591287618717,98.37862480519112,0.5582225912858243,1.0631350976947815
2020354,M1-T15760---- 06 001,53.05,54.87738278915984,-0.3188781376178079,0.1835569235289222,-0.2230975251181406,-0.3658155497350775,-0.35036538326292255,53.875040619759645,-0.8250406197596476,98.20623313595969,0.5706507696471456,1.223098198817939
2020354,M1-T15760---- 06 001,48.33,54.61516741350752,-0.3188781376178079,0.02034431078039513,-0.02559547354812503,-0.2819831976656933,-0.17586400277861464,53.94534589540366,-5.615345895403664,98.78840276558121,0.5767896242745095,0.6347895220549339
2020354,M1-T15760---- 06 001,48.33,54.78770619357872,-0.3188781376178079,-0.5753981487321757,-0.20328407157022496,-0.1878927358282159,-0.3195143087315736,53.77323261201362,-5.443232612013624,98.18200040956638,0.571443771118543,1.2465378988713678
2020354,M1-T15760---- 06 001,48.33,56.84362550733133,-0.3188781376178079,-0.7572334096709856,-0.1523695626141785,-0.1878927358282159,-0.4335707955840654,55.693617248175215,-7.363617248175217,98.01699257976152,0.5498501506506075,1.433140026318868
2020354,M1-T15760---- 06 001,48.33,54.61516741350752,-0.3188781376178079,0.10575177200204851,0.032305483052952805,-0.13912896436946035,-0.007007148948135424,54.26146317648364,-5.931463176483639,99.35651913154673,0.5801066495132617,0.06335602682893413
2020354,M1-T15760---- 06 001,48.33,56.83603807545513,-0.3188781376178079,0.1255021862709435,0.14366917712530547,-0.13391251342571123,-0.35036538326292255,56.15980616753955,-7.829806167539552,98.82417823096021,0.5544522625602905,0.6213521188885178
2020354,M1-T15760---- 06 001,53.05,56.311476217661514,-0.3188781376178079,0.1242456875124441,0.18493708434397635,-0.6808779708386692,-0.6414378208413349,55.06059512969886,-2.0105951296988636,97.82689429480702,0.5539698114303435,1.6191185213013013
2020354,M1-T15760---- 06 001,50.63,56.57369159331383,-0.3188781376178079,0.418265245223055,-0.07969630913398015,1.0549834553670434,-0.3412981059006366,56.39816561661078,-5.76816561661078,99.18956299441362,0.5590828922064011,0.2513365805727309
2020354,M1-T15760---- 06 001,50.63,56.254221048477724,-0.3188781376178079,0.04322722840431702,-0.02559547354812503,-0.2819831976656933,-0.5157558867852364,55.1954276936667,-4.565427693666699,98.15259556473472,0.556379882125903,1.2910071050983605
2020354,M1-T15760---- 06 001,50.63,56.57369159331383,-0.3188781376178079,0.1915346012448831,-0.12543017120788436,-0.13391251342571123,-0.17586400277861464,55.946435507474625,-5.316435507474623,98.9033993288056,0.5574699280498645,0.539113260919734
2020354,M1-T15760---- 06 001,50.63,56.58127902519003,-0.3188781376178079,0.03555383237111023,-0.10695655127761092,-0.2819831976656933,-0.15157423137456125,55.89240446566106,-5.2624044656610565,98.7971318459569,0.556796275160094,0.646054417783931
2020354,M1-T15760---- 06 001,50.63,56.57369159331383,-0.3188781376178079,-0.36921469237163895,-0.053692377163100886,-0.3658155497350775,-0.4314120199181961,55.47580813429478,-4.845808134294778,98.09630087672674,0.5529207101355867,1.350761073576097
2020354,M1-T15760---- 06 001,48.33,56.52965083387103,-0.3188781376178079,0.2773780669102062,0.8833900624863964,-0.13391251342571123,-0.22003043759439542,56.488714757466504,-8.158714757466505,98.95524774493035,0.5581967099203359,0.4865380401326877
2020354,M1-T15760---- 06 001,50.63,56.57369159331383,-0.3188781376178079,0.9349511009197878,-0.21344510627557253,-0.16351112734251583,0.4771046647158689,56.776303793828056,-6.146303793828054,98.53628479092504,0.5554006835506136,0.9082971081909517
2018673,M1-T15760---- 06 001,61.66,56.83603807545513,-0.3188781376178079,-0.808960415449492,-0.10856120910463764,-0.34839623091344013,-0.23101751348249774,55.86033104819951,5.799668951800484,98.31225150400275,0.5515801017479506,1.1361510967291326
2018673,M1-T15760---- 06 001,61.66,56.83603807545513,-0.3188781376178079,-0.8050182951785649,-0.13508259005045237,-0.32882109850757185,-0.15157423137456125,55.94611334508894,5.713886654911057,98.45834606657951,0.5523997641242885,0.9892368460714704
2018673,M1-T15760---- 06 001,61.66,54.87738278915984,-0.3188781376178079,0.14532071074555106,-0.15256507144882467,-0.3658155497350775,-0.46537291026639716,53.778023026368004,7.881976973631993,98.03602439821509,0.5696617311300063,1.394296006095864
2018673,M1-T15760---- 06 001,61.66,56.197640778063345,-0.3188781376178079,-0.7076943840388737,-0.01923548409465486,-0.2677669058862023,-0.44988354597604424,55.08180571377754,6.578194286222455,98.05308463115446,0.5563754026320061,1.3905225183129963
1997943,M1-T15760---- 06 001,55.74,58.74721543750699,-0.3188781376178079,0.3537405320943005,-0.14409929997280393,-0.13912896436946035,-0.35131642341390534,57.934017769379885,-2.194017769379883,98.63465095490535,0.5353859509229104,0.8299463044991949
2014977,M1-T15760---- 06 001,50.43,56.83079204246748,-0.3188781376178079,0.056836453483330905,-0.1943527683450006,-0.1878927358282159,-0.2205297267886622,56.05763372903614,-5.627633729036141,98.65778618578581,0.5535698164634159,0.7886266378332625
2016772,M1-T15760---- 06 001,48.65,58.12344858793335,-0.3188781376178079,-0.4332455025946443,-0.592886150600164,-0.10966431521700971,-0.34828681503507697,56.90073271224461,-8.250732712244613,97.93967195570752,0.5373187749671602,1.5229924190395234
2016772,M1-T15760---- 06 001,48.65,58.34581702352725,-0.3188781376178079,-0.5924890482565839,0.078082123281167,0.09974547394136682,-0.3310879712948567,57.626142902234115,-8.976142902234116,98.78154911522958,0.5398720597256308,0.6785618946881271
2016772,M1-T15760---- 06 001,48.65,60.51437709801247,-0.3188781376178079,0.1255021862709435,-0.14364207031881487,-0.11488076616075883,-0.17586400277861464,59.872395271410085,-11.222395271410086,98.95024534992628,0.5214144384714484,0.5283238600755585
2016772,M1-T15760---- 06 001,48.65,60.11276338907679,-0.3188781376178079,0.24216560413824947,-0.08829287079823857,-0.16364453761951442,-0.17586400277861464,59.503784361628256,-10.853784361628257,98.99708258867246,0.5251464671678774,0.47775447559674744
2016832,M1-T15760---- 06 001,55.12,59.606008272391534,-0.3188781376178079,-0.5672919039461817,-0.7736523535877404,-0.22537672029094843,-0.3337728221155098,58.207483068054074,-3.087483068054077,97.70749009068324,0.522712111991213,1.769781405103864
2016832,M1-T15760---- 06 001,55.12,59.36246024410088,-0.3188781376178079,-0.6171318939507624,0.1410326670517686,-0.034588043339463165,-0.1895139968464573,58.776073789211225,-3.656073789211227,99.02183880197413,0.5319169625184486,0.446227554622159
2016832,M1-T15760---- 06 001,55.12,60.51437709801247,-0.3188781376178079,0.017096776488292404,-0.06780583978239789,-0.032448544413456855,-0.4304479695235825,59.643279172382776,-4.523279172382779,98.58092197969243,0.5194683034515315,0.8995934263599933
2016832,M1-T15760---- 06 001,55.12,59.281200236897284,-0.3188781376178079,-0.04368500715435187,-0.12543017120788436,0.14065693895634157,-0.2046012614385563,58.70756824036308,-3.5875682403630833,99.04161137991639,0.5327524486226125,0.4256194643749383
2016832,M1-T15760---- 06 001,55.12,59.51282658501673,-0.3188781376178079,0.3795166699966985,-0.19446577745332386,-0.21325191437835997,-0.35741811796139283,58.63087462593084,-3.510874625930846,98.53967208041162,0.5279894926446356,0.9323218692237037
2022233,M1-T15760---- 06 001,50.33,56.6044812996279,-0.3188781376178079,-1.7005762255999022,-1.6428836763607595,-0.33681352339071696,-1.0155900742266066,53.61089958265956,-3.280899582659565,94.97703270349913,0.5350477313738149,4.487902786061062
2022233,M1-T15760---- 06 001,50.33,54.86738718796453,-0.3188781376178079,-0.37220375468604905,-0.024591887098549873,-0.30167927028527763,-0.3777082466843659,53.87982789741922,-3.5498278974192203,98.231903929734,0.5709039228067361,1.1971742439451722
2022233,M1-T15760---- 06 001,50.33,54.86738718796453,-0.3188781376178079,-0.5691743433749487,-0.03537329777626537,-0.24657351014553278,-0.05769838089037696,54.232255490287926,-3.902255490287928,98.85565268749237,0.5745290242086676,0.5698002711019076
2022233,M1-T15760---- 06 001,50.33,54.73016474114693,-0.3188781376178079,-0.35619936773146454,0.1061068721923391,-0.2615458574189289,-0.11967709232660342,54.144041620628805,-3.8140416206288066,98.94039705624566,0.5764632666040993,0.48312159929545934
2022233,M1-T15760---- 06 001,50.33,56.147686757507756,-0.3188781376178079,-0.3205912493111423,0.05495058898426886,-0.37995918832707565,-0.26896183069607327,55.307209372640834,-4.977209372640836,98.52515474040786,0.5595514199510031,0.9152762921408794
2017066,M1-T17771---- 05 002,35.06,34.905759371168024,0.016098880439197497,-0.2202588855576745,0.007016186773577486,-0.1906423877461953,-0.16924280731568686,34.59641538485542,0.46358461514458327,99.03098495642949,0.045674066839135954,0.9233126057729022
2020312,M1-T33025W3-- 03 005,47.52,45.12798516664666,-0.012334072069548466,0.13805181824607332,-0.07190505546619982,0.016716547584239443,0.17261763947381228,45.30567746009066,2.2143225399093396,99.55356529882545,0.027209299166401368,0.4192033417355783
2020312,M1-T33025W3-- 03 005,47.52,45.14886331900082,-0.012334072069548466,1.2283038382943692,-0.06228382049063826,0.4146732972351475,0.054320068363477865,45.59599373370771,1.9240062662922952,98.9658009419298,0.027036147346917602,1.0071409908356763
2024404,M1-T33025W3-- 03 005,46.49333333333333,45.09869071690061,-0.012334072069548466,0.2689606787366999,-0.030604721530156843,-0.05544495488631986,-0.4004337625056035,44.62902325447456,1.8643100788587716,98.96929058205964,0.027067179629978837,1.0036202932629608
2024404,M1-T33025W3-- 03 005,46.49333333333333,45.09869071690061,-0.012334072069548466,0.4554687282718308,-0.05664510615633294,0.4146732972351475,-0.4421390867902382,44.82650546951885,1.6668278638144827,99.40006627246369,0.027184992771043307,0.572726694199402
2024~1362727,M1-B00458B1-- 02 002,42.55,41.115542742711035,-0.002970670219957061,0.6513709680686283,0.3963636898543846,-0.41135526374556897,0.45098531191854196,41.805657027650525,0.7443429723494717,98.33523355702664,0.007104893439651082,1.6576376327307032
2024~1362727,M1-B00458B1-- 02 002,42.55,40.99318539089516,-0.002970670219957061,0.6368377321925641,0.19253798987637022,0.23452869861373227,0.707517344283353,42.16243970026942,0.3875602997305805,97.21306499771443,0.007044779624361713,2.7798665082159566
2024~1362727,M1-B00458B1-- 02 002,42.55,41.115542742711035,-0.002970670219957061,0.6052085254011211,0.1358521323719801,0.010325839634459894,0.6559722945152682,42.07640096167222,0.4735990383277766,97.7025771932607,0.007059182905533447,2.290339860903562
2024~1362727,M1-B00458B1-- 02 002,42.55,40.99318539089516,-0.002970670219957061,0.3990061454165037,0.513514201006996,0.18178638090277083,0.2085612929333277,41.71159485901795,0.8384051409820472,98.26365432640875,0.007120913118316786,1.7292007897437764
2024~1357627,M1-B00460B--- 02 001,54.55,54.044572480255276,-0.2640595715877474,0.06157572840864248,-0.2994176120306098,0.013773953742673983,-0.2148629752900377,53.36597772991835,1.1840222700816483,98.75993174249108,0.48253698880650653,0.7575129949096594
2024~1356566,M1-T30087---- 08 001,55.34,56.255960154350134,0.016098880439197497,-0.30090643070031475,-0.5702600221953487,-0.4716359079344877,-0.7767747031743882,54.73762248791055,0.6023775120894541,97.31769735652436,0.02784959975906735,2.6544357446255855
2024~1384350,M1-B00458---- 12 003,41.8,40.27422750986475,-0.010387011838218047,0.4901694972010756,0.4028160986452863,-0.08342366745790915,0.10223580785593746,40.68401739837119,1.115982601628808,98.94220362920217,0.025517903233381094,1.0322539004380664
2024~1401516,M1-T02128W5-- 04 002,62.72,62.97632694756943,0.16083550877812589,-0.003285423639161087,0.18358647805219624,1.0882712319220336,-1.2196285705611898,62.361223956161865,0.3587760438381338,98.53428507086609,0.25164712900223035,1.2140521538896811
2024~1401516,M1-T02128W5-- 04 002,62.72,62.97632694756943,0.16083550877812589,-0.10761205388246382,0.10962465258035652,-0.05743295028920982,-1.2059447035738842,61.760737103669555,0.9592628963304435,97.6171366755784,0.24930481982144964,2.1335430039920036
2024~1401516,M1-T02128W5-- 04 002,62.72,62.97632694756943,0.16083550877812589,-0.34074708193088454,0.24997600283528135,0.13266485212451656,-0.41233492870975247,62.81225553569622,-0.0922555356962178,99.23457845346692,0.2534356112453807,0.5119701778462382
2024~1401516,M1-T02128W5-- 04 002,62.72,62.97632694756943,0.16083550877812589,-0.08261685920690988,0.0522552595394564,0.3515864423053399,-1.2832576767712016,61.83737523465843,0.8826247653415678,97.73323766706964,0.24960133063656417,2.0171454832499798
2024~1401516,M1-T02128W5-- 04 002,62.72,62.97632694756943,0.16083550877812589,-0.005772045682492461,0.08073825828988546,0.19489688988226025,-0.6770187116271141,62.49592654174006,0.2240734582599373,98.74239347786718,0.25217861794646323,1.0054122248988555
2024~1425828,M1-T19012---- 01 005,107.2775,108.0802243886623,0.016098880439197497,0.2660187558596719,-1.2909120957631135,1.4456083515349527,-1.1541603553795656,106.71197716946153,0.5655228305384696,98.72081997649803,0.014704768487026754,1.264466120983187
2024~1425828,M1-T19012---- 01 005,107.2775,108.0802243886623,0.016098880439197497,0.17144124087435927,0.06914361764114654,0.5721141046992114,-0.2754853782662042,108.1279825812231,-0.8504825812230905,99.9558225475009,0.0148887259024109,0.029279478297734026
2024~1425828,M1-T19012---- 01 005,107.2775,108.0802243886623,0.016098880439197497,0.17342333507667296,0.07172897143028659,1.133444942203035,-0.3481167571789633,108.3157518466587,-1.0382518466586959,99.78254553725075,0.014862915761039918,0.2025823147215106
2024~1425828,M1-T19012---- 01 005,107.2775,108.0802243886623,0.016098880439197497,0.19279260898208678,0.6904407865828185,1.039447231099451,-0.08885510786149656,108.95516689311738,-1.677666893117376,99.19696105370616,0.014775691158750671,0.7882540770489379
2024~1473889,M1-T02128W5-- 04 002,62.5,65.42786814127376,0.16083550877812589,-0.9145790898322528,0.29796733076094334,0.14977521981439876,-0.28373758375640623,65.34032999278462,-2.8403299927846177,99.37843670979063,0.24429317176102608,0.3772549294410521
2024~1484288,M1-T02128W5-- 04 002,62.15,63.2732943479808,0.16083550877812589,0.38150528189892674,1.331574182016098,0.9898461133535406,-0.29333644114399604,64.46331797702001,-2.313317977020013,98.15393702685743,0.24949923285912382,1.596548227587584
2024~1484288,M1-T02128W5-- 04 002,62.15,63.2732943479808,0.16083550877812589,-0.44688613663695154,-0.02629852408790897,-0.20176886340121788,-0.16907373023131664,63.03956037023931,-0.8895603702393089,99.1298351462652,0.2519798855921291,0.6181693012114302
2024~1484288,M1-T02128W5-- 04 002,62.15,62.6358991419881,0.16083550877812589,-1.024397980176449,0.1647835569521431,0.04755858411939961,-0.19137662242808112,62.50306853251784,-0.3530685325178382,99.27958683183952,0.25492861247483983,0.4654687054163457
2024~1484288,M1-T02128W5-- 04 002,62.15,63.5058673205446,0.16083550877812589,-1.1166784959349298,0.21805751539723348,0.015213978338881787,-0.19108760755882034,63.372914812228224,-1.2229148122282254,99.28919642614383,0.2514606775270978,0.4593272616797547
2024~1484288,M1-T02128W5-- 04 002,62.42,63.2732943479808,0.16083550877812589,-0.9651822569688236,0.04867004141933769,-0.1350719102629814,-0.45792204344340603,62.68407461808783,-0.2640746180878253,98.58080210230122,0.25058428876297856,1.168598028776254
2024~1484288,M1-T02128W5-- 04 002,62.42,63.2732943479808,0.16083550877812589,0.03214587548041535,0.2621816068477327,0.03366923456215112,-0.2393777406094145,63.34083037894179,-0.9208303789417869,99.59994454481821,0.25317486500764397,0.14686484894466484
2024~1484288,M1-T02128W5-- 04 002,62.42,63.2732943479808,0.16083550877812589,-0.7049015317333774,0.09468409096387677,-0.1736226024154147,-0.3540120851321209,62.86404287749363,-0.44404287749362936,98.85799341047266,0.25128888626399437,0.8907020792952188
2024~1484288,M1-T02128W5-- 04 002,62.42,63.2732943479808,0.16083550877812589,-0.5151438357355764,0.4298493890814274,0.12302170161926332,-0.2393777406094145,63.3820226957142,-0.9620226957141966,99.66456881635617,0.25333913458929497,0.08207629761153844
2024~1485706,M1-T02128W5-- 04 002,69.27,63.48179651304697,0.16083550877812589,-0.23118891749948187,0.11513909663595459,-0.5084393564991272,0.16496585436038927,63.615652224741936,5.65434777525806,99.70500012329975,0.2526094928529351,0.04237467777003592
2024~1485706,M1-T02128W5-- 04 002,69.27,63.48179651304697,0.16083550877812589,-0.005226644524349725,0.2831070044474223,0.032585009516315544,0.010162676140414422,63.843319710701714,5.426680289298282,99.43371813579745,0.25192218123166893,0.31434401962743264
2024~1504757,M1-T02128W5-- 04 002,66.6,63.574315744100815,0.16083550877812589,-0.6312865013638574,0.2519532812164043,0.03912759435626248,0.014148948863974015,63.804343814955864,2.7956561850441304,99.63946336401712,0.2520760718689791,0.10844489120224281
2024~1504757,M1-T02128W5-- 04 002,66.6,63.574315744100815,0.16083550877812589,-1.0578349786347363,0.3680667967492097,0.2911830826783418,0.02864299631211676,63.931952557536086,2.6680474424639087,99.44058214525575,0.2515729258794154,0.3078292872364613
2024~1504757,M1-T02128W5-- 04 002,66.6,62.93692053810811,0.16083550877812589,-0.31125881705985925,0.31153488129994894,0.10525859736894388,0.1909758503417758,63.501440034882286,3.0985599651177083,99.11099747098046,0.25327848212879633,0.6357082992188351
2024~1504757,M1-T02128W5-- 04 002,66.6,63.574315744100815,0.16083550877812589,-0.2090223275209802,-0.002889800488047392,-0.05699176857869011,0.19524390028282654,63.89184197654807,2.7081580234519222,99.50300981639441,0.2517308605127953,0.24524367164477476
2024~1528000,M1-T33025XA-- 01 001,49.25,47.804317884205204,0.016098880439197497,-0.7391949562470415,-0.4062394246686302,0.3376642303836357,-0.8195530649042397,46.64243440774752,2.6075655922524774,97.56299998562379,0.03285592476944299,2.4041236807808937
2024~1528000,M1-T33025XA-- 01 001,49.25,47.80115196970148,0.016098880439197497,-0.559291588609473,-0.37405002982207497,-0.23125772687137897,-0.0018409369704514844,47.3664309400383,1.883569059961701,99.03263443835503,0.033353056897297756,0.9339917871226076
2024~1546888,M1-T33025XA-- 01 001,47.97,48.35368952778995,0.016098880439197497,-0.519349298527464,-0.26847773058046387,0.06892542543646708,-0.16838116845447668,47.94318488342916,0.02681511657083746,99.09273555487393,0.032991941621623014,0.8742520101901845
2024~1546888,M1-T33025XA-- 01 001,47.97,48.907114666583475,0.016098880439197497,-0.3957410340005873,-0.17656361122591008,-0.13802454905927528,-0.22243380337002247,48.414849673040315,-0.4448496730403164,98.93899269316468,0.03256800211994927,1.0284190747358786
2024~1546888,M1-T33025XA-- 01 001,47.97,48.24072138640342,0.016098880439197497,-0.32461859165751317,-0.33234104347050053,-0.3152367799177058,-0.2538312863493134,47.544680387631225,0.42531961236877436,98.51283627677174,0.032875676966824606,1.4542676251662607
2024~1605749,M1-T01139B--- 14 003,61.09,63.68594021296608,0.016098880439197497,-0.4420410708685968,0.2549236782883745,-0.12172746744926946,0.2437471268364718,63.99774399991994,-2.907743999919937,99.5127738592916,0.025155383483016665,0.46205513167701495
2024~1605749,M1-T01139B--- 14 003,61.09,63.68594021296608,0.016098880439197497,-0.4311099952398454,0.5487490068949039,0.06550025471357748,0.07893713739346091,64.07997353661918,-2.989973536619175,99.38507580385392,0.025123103269834055,0.5897854873791055
2024~1605749,M1-T01139B--- 14 003,61.09,63.68594021296608,0.016098880439197497,-0.4102836794914634,0.5487490068949039,-0.2022487088909317,0.10348658312157175,63.9836614019738,-2.8936614019737945,99.53467629711768,0.02516092010109453,0.4401471537937287
2024~1605749,M1-T01139B--- 14 003,61.09,63.68594021296608,0.016098880439197497,-0.3589605710043158,0.5102067610478259,-0.00392758553352011,0.07893713739346091,64.03671056268772,-2.946710562687713,99.45221999715265,0.025140076346410897,0.5226243104607717
2024~1605749,M1-T01139B--- 14 003,61.09,63.68594021296608,0.016098880439197497,-0.4102836794914634,0.16917611597507035,-0.022619312189905677,0.07893713739346091,63.807962820092975,-2.7179628200929713,99.80875022080554,0.025230202007182397,0.1660039051645617
2024~1627908,M1-B00163RT-- 01 002,57.15,56.449084908629814,-0.3782179947331337,-0.278163080118835,0.20470299380675525,0.07031109067748303,0.2044287732172452,56.413907784470496,0.7360922155295029,98.73838656279966,0.661563152519022,0.6000327930980957
2025~1672855,M1-T17771---- 05 002,31.38,34.876781426118264,0.016098880439197497,-0.25176289727545864,0.013461170931647776,-0.4277868621683853,-0.006130501754214561,34.640128783712335,-3.260128783712336,99.23501068897995,0.04580619274885255,0.7191546652412425
2025~1672855,M1-T17771---- 05 002,31.38,34.301427970691506,0.016098880439197497,-0.26018080310163166,0.3343394825802722,-0.4098658186467178,-0.22143040007548934,34.02012072865364,-2.6401207286536383,99.09427843589023,0.046508470204536,0.8591842046477564
2025~1672855,M1-T17771---- 05 002,31.38,34.301427970691506,0.016098880439197497,-0.25176289727545864,0.024784573259469984,-0.7717527582871525,-0.2125177012242508,33.667532522420466,-2.2875325224204666,98.0950808173342,0.04603951121513157,1.8588510734923287
2025~1672855,M1-T17771---- 05 002,31.38,34.301427970691506,0.016098880439197497,-0.18224561743831727,0.004980155619462341,-0.5534190518950414,-0.022312567864989894,33.99376398324369,-2.6137639832436896,99.01888280438963,0.04647308435243086,0.9346152439807924
2025~1706951,M1-T02128W5-- 04 003,64.89,65.42369748096046,0.016098880439197497,0.3381785153034421,0.31902443330061264,0.00955505953251895,0.24455239417408012,65.98864775187265,-1.0986477518726474,99.1438524586505,0.02439643567191763,0.8317359515581583
2025~1706951,M1-T02128W5-- 04 003,64.89,65.42369748096046,0.016098880439197497,0.5679234821494543,0.08819970522966043,-0.063103614728232,0.2171514034062156,65.8239890596425,-0.9339890596424993,99.39186074319286,0.024457463340400293,0.583666601439291
2025~1706951,M1-T02128W5-- 04 003,64.89,65.42369748096046,0.016098880439197497,0.476548926902087,0.3424771430863205,0.2134884772863694,0.11080108558176739,65.97287036761544,-1.0828703676154419,99.16756266575779,0.024402270068384135,0.8080199064303132
2025~1706951,M1-T02128W5-- 04 003,64.89,65.42369748096046,0.016098880439197497,-0.002333129726862164,0.2187020024501387,0.00955505953251895,0.11080108558176739,65.70679367030466,-0.8167936703046621,99.56913717677587,0.024501085945340506,0.4063465181546717
2025~1706951,M1-T02128W5-- 04 003,64.89,65.42369748096046,0.016098880439197497,-0.04104703318863076,0.5324223625406188,0.3764265527103603,0.08347944210423383,66.0372265491364,-1.1472265491364055,99.07091952928793,0.024378488986617094,0.9046868387538021
2025~1744119,M1-T17771---- 05 002,29.02,34.34153909457454,0.016098880439197497,-0.26018080310163166,-0.01637964691744477,-0.5499301539345172,-0.22224329817123747,33.776074571481466,-4.7560745714814665,98.28939389187684,0.046076828308388246,1.6645006586765037
2025~1744119,M1-T17771---- 05 002,29.02,34.34153909457454,0.016098880439197497,-0.25176289727545864,0.0813729970213445,-0.5791844456271031,-0.20606123206046212,33.842523768908066,-4.822523768908066,98.47668193363678,0.04616462658043661,1.4771247641076284
2025~1744119,M1-T17771---- 05 002,29.02,34.34153909457454,0.016098880439197497,-0.26018080310163166,-0.19161129289527712,1.007219327734544,-0.06577137832815122,34.59788497697255,-5.577884976972552,99.25904196608309,0.046531387097141275,0.6943977433271968
2025~1744119,M1-T17771---- 05 002,29.02,34.324037521651235,0.016098880439197497,-0.2202588855576745,0.1911849442798099,0.4601508805751974,-0.20959561598993043,34.394219199091324,-5.374219199091325,99.79592019046629,0.046806923178911705,0.15724381170990442
2025~1750449,M1-B15563---- 01 005,44.44,46.48570861294217,0.016098880439197497,-0.4793357970153487,0.028270737426412968,-0.17593041470509202,-0.10718696144650944,46.21864766404759,-1.7786476640475897,99.36033161305463,0.03441036281400768,0.6052366497488897
2025~1750449,M1-B15563---- 01 005,44.44,46.47457341352172,0.016098880439197497,-0.7556706422595503,0.028270737426412968,-0.19468101620910988,-0.2548337706219249,45.97462431127181,-1.5346243112718128,98.86791346686658,0.03424803287625051,1.0978172267077355
2025~1750449,M1-B15563---- 01 005,44.44,46.48570861294217,0.016098880439197497,-0.5909188032739503,-0.038351768052556544,-0.1665698181292007,-0.29621984561092046,45.941967467411644,-1.5019674674116459,98.77618227498235,0.034208060845663725,1.1895884154516325
2025~1750449,M1-B15563---- 01 005,44.44,46.47457341352172,0.016098880439197497,-0.6910156698267786,0.5306347086559265,-0.06480677407290361,-0.2548337706219249,46.35868628733962,-1.918686287339625,99.68235433007459,0.03453015673707475,0.28309406439451723
2026133,M1-T15760---- 06 001,54.58,58.49415778110783,-0.3188781376178079,-0.045903143949780935,-0.9298528934351724,0.21826520861066745,-1.1529998059173807,56.364662669017804,-1.7846626690178056,96.48733677501204,0.5259961579351995,2.9866505718435805
2026133,M1-T15760---- 06 001,54.58,57.97018403717388,-0.3188781376178079,0.5007984080373111,0.3334271125723221,-0.3825025765387383,-0.5983598403357963,57.076222819579876,-2.4962228195798772,98.48129780555783,0.541718701708506,0.9769665044664267
2026133,M1-T15760---- 06 001,54.58,57.729931446489566,-0.3188781376178079,-1.674094667954973,-0.15721596885728198,-0.002716212136557726,-0.8442057294970384,56.01487682134662,-1.43487682134662,97.11487132899082,0.5364255340071902,2.348686314728184
2026133,M1-T15760---- 06 001,54.58,58.66778859479995,-0.3188781376178079,0.33556908198761515,-0.12242028927426715,0.6487273404735105,-0.8597824564435002,57.65475139517804,-3.0747513951780405,98.30255862516489,0.5343057505364431,1.1631188685011427
2026133,M1-T15760---- 06 001,54.58,57.97018403717388,-0.3188781376178079,-0.673967314469239,-0.18531936595188012,0.7301948759526676,-1.038113674255628,56.557582300592486,-1.9775823005924877,97.62117677658128,0.5369874110217269,1.8418189725027494
2033345,M1-T33025W3-- 03 005,49.06333333333333,45.22486396870459,-0.012334072069548466,0.18849787849390642,0.237189001062659,0.0016880555236590629,-0.3392185026710514,45.00291303272307,4.060420300610261,99.51160298558364,0.027139568265585643,0.4612354424133934
2041466,M1-T15760---- 06 001,62.91,57.33168117791497,-0.3188781376178079,-1.3909254573405103,-0.626020091496553,0.058053284085615414,0.009723124803032956,56.39984608794427,6.510153912055728,98.40063732894187,0.5473031895660779,1.0520423180955878
2041466,M1-T15760---- 06 001,62.91,57.53629576806754,-0.3188781376178079,-0.16740857888341415,-0.06761867796739221,0.6487273404735105,0.1603137159301879,57.641089688184756,5.26891031181524,98.72584973902214,0.5471592266978553,0.726973875398222
2041466,M1-T15760---- 06 001,62.91,57.470734245262925,-0.3188781376178079,0.15830846414553892,-0.18869548242071135,-0.07311212711643196,0.20547472632152639,57.2687199760923,5.641280023907697,99.24749016168288,0.550677753496907,0.20181481559762662
2041466,M1-T15760---- 06 001,62.91,57.543883199943735,-0.3188781376178079,0.09631870581975732,-0.1666922613213628,0.004503420263979886,0.0452514825702728,57.19540805854761,5.714591941452383,99.39804649320716,0.5508120444091471,0.05112418894975388
2041466,M1-T15760---- 06 001,62.91,57.33168117791497,-0.3188781376178079,-0.11872203178277646,-0.8202628643779538,-0.09454805129646057,0.14903149022661827,56.6121500417805,6.297849958219494,98.76050648470095,0.5493047775854215,0.6901715115474796
2037488,M1-T15760---- 06 001,51.34,57.307739574281904,-0.3188781376178079,-0.25247657289840475,-0.08202110939378693,-0.13360509584343697,0.06145425273563,56.89684171287495,-5.556841712874949,99.288084735761,0.5524698720168514,0.15942806679881658
2037488,M1-T15760---- 06 001,51.34,57.468620374472344,-0.3188781376178079,0.16524186326598198,-0.1752008952084902,-0.20309502259042506,0.20940069520775634,57.218297827235425,-5.878297827235421,99.33033168776831,0.5511576747651393,0.11849335319365495
2037488,M1-T15760---- 06 001,50.56,57.307739574281904,-0.3188781376178079,-0.011340663652182642,-0.044498767993835266,-0.20309502259042506,0.025770683513200512,56.89148409115379,-6.33148409115379,99.27886936688797,0.5524185948301132,0.16869471446663437
2037488,M1-T15760---- 06 001,52.89,57.49264157153615,-0.3188781376178079,-1.5839805518149135,-0.0880991687531097,-0.22232531193683128,0.06281214623632529,56.78154187851554,-3.8915418785155396,98.77824078762833,0.5478652675982916,0.6738767637501794
2037488,M1-T15760---- 06 001,52.89,57.307739574281904,-0.3188781376178079,-1.021478850612774,-0.14684471542110958,-0.12491267258996933,0.12466146569700375,56.78677584036755,-3.896775840367546,99.09910889571788,0.5514183515001573,0.3494554603342812
2037488,M1-T15760---- 06 001,52.89,57.49264157153615,-0.3188781376178079,0.12894675877499032,-0.5107294097229603,-0.12491267258996933,0.20017617459978598,57.055736128336015,-4.165736128336015,99.2457814875246,0.5504584430650674,0.2037428070653121
2037488,M1-T15760---- 06 001,52.89,57.3153270061581,-0.3188781376178079,0.13440043769128865,0.08341430977210475,-0.1878927358282159,-0.011340849245728684,56.97011890112239,-4.08011890112239,99.401292331923,0.5530265747624769,0.04566375043303222
2039468,M1-T15760---- 06 001,55.44,57.699561682708435,-0.3188781376178079,0.4245216305322747,0.06445454309500516,-0.21975828939669834,-0.17620103845531956,57.192214252674255,-1.752214252674257,99.12835546397591,0.5478354506277233,0.3237919053082343
2039468,M1-T15760---- 06 001,55.44,57.85285505102268,-0.3188781376178079,0.32627538027197356,-0.21338239850838944,-0.2225277653136652,-0.3339270232800259,56.971774770063746,-1.5317747700637483,98.49986191804628,0.5429196622420212,0.9572013937824077
2039468,M1-T15760---- 06 001,55.44,57.85285505102268,-0.3188781376178079,0.17813744782559077,0.20124805150643268,-0.27129153677242074,-0.24456213011753053,57.27856419849929,-1.8385641984992915,99.01706519230292,0.5457704259030252,0.43714726646497715
2039468,M1-T15760---- 06 001,55.44,57.85285505102268,-0.3188781376178079,-0.561970301981121,-0.06761867796739221,-0.21325191437835997,-0.25954712013434,56.981673959964915,-1.5416739599649176,98.51646616966761,0.5430111829254667,0.9405056186075487
2039468,M1-T15760---- 06 001,55.44,57.699561682708435,-0.3188781376178079,-1.0560830584301482,-0.8427759798889113,-0.341567351526376,-1.0921767562408446,55.23117150714747,0.20882849285252547,95.89748414384471,0.5299799557261915,3.5725192802882493
2037762,M1-T15760---- 06 001,56.54,59.08875733498363,-0.3188781376178079,-0.7327000491592782,-0.16161596123350463,-0.2883165975145918,-0.18284561704503485,58.17965222855507,-1.6396522285550716,98.48475442639017,0.531482408695728,0.9837464976564123
2037762,M1-T15760---- 06 001,56.54,58.8451872365564,-0.3188781376178079,-0.7167038487947611,-0.21160554364234663,-0.016932503916048728,0.15048685071771914,58.42461453151154,-1.884614531511538,99.2903446534833,0.5380477431273077,0.1715907302432086
2037762,M1-T15760---- 06 001,56.54,58.87220126500257,-0.3188781376178079,0.3120239774037195,-0.42854646974522775,-0.016932503916048728,0.2798277380735042,58.66508887147351,-2.1250888714735083,99.2738058215896,0.537711273477367,0.18846604233851016
2037762,M1-T15760---- 06 001,56.54,58.87978869687877,-0.3188781376178079,0.2845058003815545,-0.42854646974522775,-0.006565118100148672,-0.0959201743475858,58.23752504672722,-1.6975250467272218,98.92094859481361,0.5357309962794282,0.5433036084138217
2039523,M1-T17771---- 05 002,37.12,34.77249796109137,0.016098880439197497,-0.25176289727545864,-0.33660410894947074,-0.1906423877461953,-0.011026955355545709,34.428704361743094,2.6912956382569035,98.93024917852293,0.04580246881104626,1.023919901949247
2045000,M1-T15760---- 06 001,56.62,56.668321374237216,-0.3188781376178079,-1.0012247986199583,-0.07671677589245564,-0.6465448442886589,-0.3513214233445264,55.392778452954325,1.2272215470456729,97.79864060387568,0.5503224309639608,1.651019707080663
2045000,M1-T15760---- 06 001,56.62,56.77464695571027,-0.3188781376178079,-0.16116186511175448,-0.06857709235152662,-0.17012579296767483,-0.09490789016428251,56.191021772298285,0.42897822770171246,98.98247443674066,0.5559408785018534,0.4615672504836031
2045000,M1-T15760---- 06 001,56.62,56.611066205053426,-0.3188781376178079,-0.5674759442132168,-0.11852443823947172,-0.002716212136557726,-0.1595165602099722,55.92447426705268,0.695525732947317,98.80169305269715,0.5565289966455004,0.6417604979401124
2045000,M1-T15760---- 06 001,58.55,56.91186940252787,-0.3188781376178079,-0.41405116742965314,-0.17815066890091577,0.023936162987220004,-0.1405010568957633,56.252821515099,2.2971784849009964,98.85522447100857,0.5538874439381077,0.5908707151750254
2045000,M1-T15760---- 06 001,58.55,56.91186940252787,-0.3188781376178079,-0.5609934965025573,-0.16650509950635706,-0.016932503916048728,-0.1838063316140256,56.16204156493354,2.3879584350664587,98.69959133455455,0.5530154289221703,0.7473758939913244
2045000,M1-T15760---- 06 001,58.55,56.91186940252787,-0.3188781376178079,-0.3458897862154377,-0.22567570545795923,-0.08803265357930579,-0.09698543022938809,56.23317430124867,2.3168256987513303,98.82149968614337,0.553698483415421,0.6247844664887118
2045000,M1-T15760---- 06 001,58.55,57.07529737268867,-0.3188781376178079,-1.067119252819224,0.026363807201681622,-0.08803265357930579,-0.2647861755873736,56.2192142804124,2.3307857195875954,98.52222933817892,0.5504410217991492,0.9273123782232386
2045000,M1-T15760---- 06 001,58.55,56.668321374237216,-0.3188781376178079,0.4856540120867691,-0.12196442640314856,-0.08803265357930579,-0.285225251470359,55.99510160130656,2.554898398693439,98.82593030801904,0.5561030897113384,0.6179491629088079
2052905,M1-T15760---- 06 001,50.23,56.282132738732976,-0.3188781376178079,-0.48665275729504404,-0.9077799936141494,-0.11329768390799613,-1.7577925656737505,53.22235975901296,-2.992359759012963,94.8438082210943,0.5373573363062989,4.618817591104323
2052905,M1-T15760---- 06 001,50.23,54.43349937605748,-0.3188781376178079,-0.9817870231020297,-0.13508259005045237,-0.03568213652758423,-0.17586400277861464,53.62248378662189,-3.392483786621895,98.53193490225107,0.577212199429692,0.8908347969779504
2052905,M1-T15760---- 06 001,50.23,56.282132738732976,-0.3188781376178079,-1.0577822804500343,0.08000484418240694,-0.2628180401237424,-0.26359834936701937,55.37820684959674,-5.14820684959674,98.41930751522983,0.5576150717631339,1.0230599262305515
2052905,M1-T15760---- 06 001,50.23,56.27454530685677,-0.3188781376178079,-1.183957984415115,-0.13508259005045237,-0.03568213652758423,-0.17586400277861464,55.42475361195731,-5.19475361195731,98.51236514813317,0.5582175628335923,0.9293997833626619
2052905,M1-T15760---- 06 001,50.23,54.72096410869869,-0.3188781376178079,-0.9963891824145213,0.012438876287364519,-0.018687626106883053,-0.2682152882980617,53.89924404319932,-3.6692440431993205,98.52054338069703,0.5741135577934214,0.9053250573414818
2052578,M1-T15760---- 06 001,54.41,55.99351756201645,-0.3188781376178079,-1.0416119499632106,-0.06234633532853045,-0.792263898114986,-0.7001232548266667,54.24534855178497,0.1646514482150252,96.97241488558599,0.5522493389483616,2.47531845695823
2052578,M1-T15760---- 06 001,54.41,55.985930130140254,-0.3188781376178079,-1.0636718814369859,-0.09553104233797868,-0.5852478319519852,-0.7951479921977062,54.20265145814747,0.20734854185252516,96.91308155282353,0.551986238051801,2.5349148988680863
2052578,M1-T15760---- 06 001,53.34,56.029970889583055,-0.3188781376178079,-0.17669538816440547,-0.12296391195469016,-0.4918143673966493,0.653948702314898,56.121900436282296,-2.7819004362822923,98.7144113695319,0.5618041050848873,0.7237669072388792
2057951,M1-T15760---- 06 001,51.19,58.37385304533928,-0.3188781376178079,0.052023017902722894,-0.6590457393311799,0.03357196178063106,-0.5478046050963238,57.041442446814706,-5.851442446814708,97.76837421395244,0.5340781096469914,1.6975309277418453
2057951,M1-T15760---- 06 001,51.19,59.014029807166594,-0.3188781376178079,0.3403079187362642,-0.1344468811302359,-0.13912896436946035,-0.007007148948135424,58.60267028141422,-7.412670281414222,99.30775471369108,0.5366024312791852,0.1556260272084292
2057951,M1-T15760---- 06 001,51.19,58.691385965412955,-0.3188781376178079,-0.3076829064153707,-0.1666922613213628,-0.10397001216216849,-0.010341904901257673,58.14893738063123,-6.958937380631234,99.08420837968393,0.5383377358658377,0.3774370022098811
2057951,M1-T15760---- 06 001,51.19,58.691385965412955,-0.3188781376178079,-0.639192144455843,-0.14409929997280393,-0.11329768390799613,-0.46537291026639716,57.56816449771368,-6.3781644977136835,98.12214552913369,0.5331107199245967,1.3447270326202854
2057951,M1-T15760---- 06 001,51.19,59.014029807166594,-0.3188781376178079,0.18927788162138837,-0.12424897212688431,-0.13738602534356645,-0.29047205328474135,58.25276089937231,-7.062760899372314,98.72643249502157,0.5334612977715955,0.740089477891312
2057951,M1-T15760---- 06 001,48.02,59.538003551100545,-0.3188781376178079,-0.7875142910316855,-0.020394578421515697,-0.14438486983370383,-1.805893802835702,56.896134381544954,-8.87613438154495,95.75123166213699,0.5128316807067195,3.7359205747843682
2057951,M1-T15760---- 06 001,48.02,58.691385965412955,-0.3188781376178079,-0.9557998580535881,-0.08079313811120757,-0.02146584474809323,-0.5130140776920017,57.53541876722785,-9.51541876722785,98.06845759432184,0.5328190262052587,1.3987066702989697
2057951,M1-T15760---- 06 001,48.02,58.691385965412955,-0.3188781376178079,-0.6912536001602163,-0.031405371621164184,-0.1391070921469381,-0.40159122224097427,57.68895448568091,-9.668954485680906,98.32069491497553,0.5341894652522282,1.1450988676214164
2057951,M1-T15760---- 06 001,48.02,59.07959132997121,-0.3188781376178079,-0.9901415670310035,-0.09228529258309827,-0.1360333568059419,-0.47712092720754606,57.8964257881815,-9.8764257881815,98.0366391999433,0.5291461945256848,1.4341980115368744
2057951,M1-T15760---- 06 001,48.02,58.691385965412955,-0.3188781376178079,-0.7809695125742299,0.017513385477499626,-0.08253408798213982,-0.25530728488655113,57.89835161230694,-9.878351612306936,98.66680348309711,0.5360699193222891,0.7971097864588467
2054508,M1-T15760---- 06 001,48.47,53.32961045446332,-0.3188781376178079,-0.37832757080008644,-0.21179270545735235,-0.09429311721994645,-0.46537291026639716,52.22389069166553,-3.753890691665532,97.96872811231707,0.5857924949951788,1.4454610222689108
2054508,M1-T15760---- 06 001,48.47,53.622892138150036,-0.3188781376178079,-0.24336557915769785,-0.18466615223605248,-0.5687358160674264,0.19594263947608548,53.09701927243221,-4.627019272432214,99.02881853618986,0.5888926159364277,0.38227038023524784
2054508,M1-T15760---- 06 001,48.47,53.75495494757046,-0.3188781376178079,-1.6743207817992682,-0.5832337317575961,-0.059747820086360516,-0.16837789945298443,52.53235158698709,-4.062351586987091,97.77615962617604,0.5800149905329924,1.6438071940543235
2054508,M1-T15760---- 06 001,48.47,53.45620401595876,-0.3188781376178079,-0.833136908833541,0.28949724679289485,-0.17783063279705916,-0.004537130955221817,53.064987285125866,-4.5949872851258675,99.27345330054358,0.5921882125022415,0.134339915965994
2058014,M1-T15760---- 06 001,52.65,57.21215226731832,-0.3188781376178079,-1.065497959923954,0.0020733064259585935,-0.009060689892479875,-0.28023088158109277,56.36151908952137,-3.7115190895213743,98.53496000101988,0.5491952896398733,0.9158274866076421
2058014,M1-T15760---- 06 001,52.65,57.160312806912486,-0.3188781376178079,-1.3415270755772943,-0.11675012845166184,-0.006973840256977865,-0.3872130839964334,56.06078851518887,-3.4107885151888695,98.11270652691198,0.5473377523252597,1.3399385562824206
2058014,M1-T15760---- 06 001,52.65,57.27488316884893,-0.3188781376178079,-2.0257567548316597,-0.1611674141282938,0.012651276350302193,-0.25000252922451593,56.185013891218794,-3.535013891218796,98.1326416283634,0.5463538687580911,1.3209873692526939
2058014,M1-T15760---- 06 001,52.65,57.16597008243909,-0.3188781376178079,0.6413331281307266,-0.1930890695376776,-0.5771957276629508,-0.16310697183942385,56.384997303884276,-3.7349973038842776,98.65224530368616,0.5502931938159872,0.7974442453350397
2058014,M1-T15760---- 06 001,52.65,57.47423773424322,-0.3188781376178079,-1.6251914065540223,-0.06780583978239789,-0.061190337594452734,-0.19263682290694015,56.549555434909,-3.8995554349090042,98.41659376498414,0.5460342123296842,1.0373548990847774
2061760,M1-T15760---- 06 001,59.16,58.78268908558588,-0.3188781376178079,-1.065497959923954,0.5705087458024645,-0.045484130776201705,-0.2164383700802303,58.33826847319623,0.8217315268037666,99.24961636720477,0.5383988605961326,0.21196788804189065
2061760,M1-T15760---- 06 001,59.16,58.790276517462075,-0.3188781376178079,0.2978163559620097,-0.06780583978239789,-0.10842886368926194,-0.17586400277861464,58.231126269109474,0.9288737308905226,99.05785079214992,0.5372892397885096,0.4048431187019965
2061760,M1-T15760---- 06 001,59.16,59.05571933799409,-0.3188781376178079,-0.3242939223019767,-0.14295551501736328,-0.09084492760797862,-0.18337634605689299,58.330750750562295,0.8292492494377015,98.78726978340704,0.5334132064091927,0.679300282376379
2061760,M1-T15760---- 06 001,59.16,58.852288297204616,-0.3188781376178079,-0.946183937313489,-0.12322260083492749,0.14558295695927828,-0.2607654725020651,58.04428578514311,1.1157142148568866,98.64564458928103,0.5344896577663273,0.8198489913878041
2061760,M1-T15760---- 06 001,59.16,59.05571933799409,-0.3188781376178079,-0.2913437706160634,0.24848660162062347,-0.12491267258996933,-0.17339398478570106,58.57319393747495,0.5868060625250493,99.18953720991924,0.5355852955688617,0.2748606985879253
2065835,M1-T15760---- 06 001,51.83,56.48996008592158,-0.3188781376178079,-2.113971284456994,0.11182588621228923,-0.04863984778299151,-0.45933018820527693,55.27948735844221,-3.4494873584422123,97.90212575769309,0.5526441775309016,1.5452127338864878
2065835,M1-T15760---- 06 001,51.83,56.40672902927701,-0.3188781376178079,-0.6671460309373117,0.09467724714174497,-0.14304781114790488,-0.524181666560926,55.34276051754526,-3.51276051754526,98.14865945234354,0.5548533353104613,1.2964698121774072
2065835,M1-T15760---- 06 001,51.83,56.48996008592158,-0.3188781376178079,-0.9243719420639668,-0.03352839284553857,-0.08837003110163842,-0.18337634605689299,55.718443985805195,-3.8884439858051962,98.65262648334037,0.5568806520001917,0.7904754009143145
2065835,M1-T15760---- 06 001,51.83,56.48996008592158,-0.3188781376178079,-0.7157395807097503,-0.8509961851697664,-0.10258632288112941,-1.558587614410522,53.65689285865402,-1.8268928586540198,95.22432202466192,0.53752833984937,4.238132778630978
2065835,M1-T15760---- 06 001,51.83,56.48996008592158,-0.3188781376178079,-0.1744157059894367,0.008068876865669112,-0.08837003110163842,-0.17586400277861464,55.89658345798379,-4.066583457983789,98.96049082245956,0.558618504300812,0.48087315499555233
2063840,M1-T15760---- 06 001,52.07,57.08538339960194,-0.3188781376178079,-1.0636718814369859,-0.41951598784430827,-0.1940451342160532,-0.5460231374408445,55.57906115274572,-3.5090611527457227,97.42910370478754,0.5442375839306627,2.0266416440225656
2063840,M1-T15760---- 06 001,52.07,56.59476097671306,-0.3188781376178079,-0.6215326643160584,-0.07780005143876591,0.007192154698023281,-0.46537291026639716,55.5736608664879,-3.5036608664878983,98.22772772334834,0.5534553788775382,1.2187995414453636
2063840,M1-T15760---- 06 001,52.07,56.38508945869926,-0.3188781376178079,-0.4022996376451472,-0.17081983297086187,-0.02669184230408926,-0.16834705150288676,55.67624247188725,-3.6062424718872492,98.7584375736077,0.5585147944224446,0.6830301169781271
2063840,M1-T15760---- 06 001,52.07,56.59476097671306,-0.3188781376178079,-0.6889384555305839,-0.15009046517599,-0.056696742622158305,-0.4335707955840654,55.52232578338629,-3.452325783386293,98.14028584952682,0.5529626954313532,1.3067341141635889
2063840,M1-T15760---- 06 001,52.07,56.68443757229418,-0.3188781376178079,-2.039677997859536,0.2270513357042731,-0.11337770412521328,-0.17339398478570106,55.85893519147536,-3.7889351914753604,98.56457468404712,0.5544747263348072,0.880933201322647
2071476,M1-T15760---- 06 001,47.94,58.31546480609646,-0.3188781376178079,-0.4022485489742618,-0.47938854811949655,0.16095674374480112,-0.3201228280476671,57.33124965205411,-9.391249652054114,98.34025244532654,0.5377399744115989,1.121990716767283
2071476,M1-T15760---- 06 001,47.94,58.61665528961751,-0.3188781376178079,-0.6245825805258031,-0.09775158759567774,0.10114607034595689,-0.19263682290694015,57.94349732566448,-10.003497325664483,98.86461465558088,0.5378294623244715,0.5975390157937225
2071476,M1-T15760---- 06 001,47.94,58.61665528961751,-0.3188781376178079,-1.2591303047054723,0.17358627959718162,0.04524655538982931,-0.3262688113466303,57.80728438291436,-9.867284382914363,98.63800287128478,0.5365966805599447,0.8253836205143225
2071476,M1-T15760---- 06 001,47.94,58.61665528961751,-0.3188781376178079,-1.744254256445192,-0.4978397135982045,0.1343043686210234,-0.20766611746094638,57.481022431489336,-9.541022431489338,98.09941559850945,0.5336667333352406,1.3669009323973291
2067741,M1-T30087---- 08 001,53.67,57.26030631376576,0.016098880439197497,-0.9971750829379175,-0.5963329234293615,0.9993149568846923,-0.5282682037232347,56.58712239358207,-2.917122393582069,98.78308774764513,0.027773115818658767,1.1891218849540808
2067741,M1-T30087---- 08 001,53.67,57.346752934978035,0.016098880439197497,-0.8021306337400012,-0.3814720312401509,0.7618308071258085,-0.09327592105468772,57.23248695610501,-3.5624869561050048,99.74523305052941,0.02800135141184134,0.22674820470552312
2067741,M1-T30087---- 08 001,53.67,57.26030631376576,0.016098880439197497,-0.769544301467367,0.08069970373769537,0.030445998574650066,-0.3000010301134728,56.84592365044877,-3.175923650448766,99.22610563131944,0.027897671420974577,0.745979368308342
2067741,M1-T30087---- 08 001,53.67,57.4678276419486,0.016098880439197497,-0.7767525557405339,-0.7245021860718664,0.472138878358745,-0.16793821532800823,56.92160584745952,-3.2516058474595155,99.00350240774142,0.027734571041286484,0.9687457935776833
2067741,M1-T30087---- 08 001,53.67,57.26030631376576,0.016098880439197497,-0.5477319837459216,-0.1576655449354181,-0.015956035605094534,-0.022986429032376784,57.04002827036317,-3.3700282703631714,99.56099192026228,0.027991825551007956,0.41099886675057185
2067741,M1-T30087---- 08 001,53.67,57.26030631376576,0.016098880439197497,-0.6830061395974001,-0.29614616359966256,-0.036495395875411736,-0.19123825592767843,56.72424858298036,-3.0542485829803567,99.01732746647144,0.027838972910076202,0.9548162681284769
2071695,M1-T15760---- 06 001,57.89,58.999605004882994,-0.3188781376178079,-1.266500679459897,-0.5308827620274643,0.09118740668688603,-0.12459064721179805,58.010681366013536,-0.1206813660135353,98.35146236059802,0.5315651036467075,1.1169558659042826
2071695,M1-T15760---- 06 001,57.89,58.9796793182167,-0.3188781376178079,-0.7277349286600574,-0.7780122677016333,0.037657073975659254,-1.6067609561770118,56.200905169749625,1.6890948302503759,95.5005613927456,0.5163310738613663,3.9830913412803404
2071695,M1-T15760---- 06 001,57.89,60.40953958936762,-0.3188781376178079,-0.6209450654384238,-0.06780583978239789,0.006352226905936604,-0.20766611746094638,59.69254723965867,-1.8025472396586721,98.82701961052604,0.5216688651152989,0.6512951648531485
2071695,M1-T15760---- 06 001,57.89,58.9796793182167,-0.3188781376178079,-1.7404312937432396,-0.001963820902348927,0.0787513233425993,-0.18337634605689299,58.15141556847713,-0.2614155684771262,98.61511102244471,0.5331701241396531,0.8517021332313058
2071695,M1-T15760---- 06 001,57.89,58.65313734801362,-0.3188781376178079,-1.388374652313853,0.027495946158690904,0.0787513233425993,-0.46537291026639716,57.584173409405395,0.3058265905946058,98.21008682449629,0.5339364780448388,1.2559599532417132
2073276,M1-T15760---- 06 001,52.06,60.34109728883373,-0.3188781376178079,-1.7708184032344736,-0.8698595631731397,0.0023037531218876115,-0.2130969266720083,58.901632929512054,-6.841632929512052,97.67002097759861,0.5161463047539294,1.8138165313291092
2073276,M1-T15760---- 06 001,52.06,58.931162704349106,-0.3188781376178079,0.20040029199437362,-0.13169001909839984,-0.40759034886462797,0.1000943833575066,58.48955544028755,-6.429555440287551,99.25619574441939,0.5370779973372769,0.20670941550832334
2084848,M1-T15760---- 06 001,53.01,55.804288131935124,-0.3188781376178079,-1.4603280738434758,-0.19037623910476514,0.05909299815568786,-0.7967655808368698,54.19443940563414,-1.1844394056341443,97.19605913456145,0.5553999407239552,2.2485235074044865
2084848,M1-T15760---- 06 001,53.01,55.77907686085569,-0.3188781376178079,-0.8074676697800489,0.06959637642140788,0.013178478342059215,-0.5980086379856469,54.66242017775559,-1.6524201777555945,98.03734583020714,0.5604604452905217,1.4021761484950994
2084848,M1-T15760---- 06 001,53.01,55.81068548979569,-0.3188781376178079,-1.2044645684641733,-0.11981561795625512,0.061123918699779456,-0.556279720056798,54.57263731293677,-1.562637312936772,97.82982394127187,0.5589573356445261,1.611201194213802
2084848,M1-T15760---- 06 001,53.01,55.77907686085569,-0.3188781376178079,-1.0256130922165803,-1.6574314116766595,0.04690762692028846,-1.284812000259792,52.7788943496944,0.23110565030560082,94.89583224967816,0.5425010229365255,4.561649714584528
2084848,M1-T15760---- 06 001,53.01,55.804288131935124,-0.3188781376178079,-1.236074988832242,-0.14684471542110958,-0.009976230963477557,-0.6831389068683795,54.36254326830742,-1.3525432683074214,97.48147681798818,0.5570308809685314,1.961474832586997
2084848,M1-T15760---- 06 001,56.66,55.81173958951672,-0.3188781376178079,-1.7850636977775125,-0.010338248168368513,0.08560251433337952,-0.5660959775944205,54.530128470227105,2.129871529772892,97.7552186394732,0.5585205243814326,1.6862433209739398
2084848,M1-T15760---- 06 001,56.66,55.786528318437284,-0.3188781376178079,0.1125144328709556,-0.1308372406488918,0.04690762692028846,-0.5660959775944205,54.776095780173414,1.883904219826583,98.22095699291214,0.5614351131899938,1.2175902873251032
2084848,M1-T15760---- 06 001,56.66,55.81068548979569,-0.3188781376178079,0.34272470692104673,-0.10017587181267285,-0.10842886368926194,-0.3504730529461339,55.038146493219614,1.6218535067803828,98.6346680185592,0.5635558668789261,0.8017584414823999
2084848,M1-T15760---- 06 001,56.66,55.81068548979569,-0.3188781376178079,-0.5217729058143548,-1.3166560184592568,-0.11917519894060881,-1.490618667370456,52.7988746100035,3.861125389996495,94.87981545555266,0.5421022620394033,4.578065282112265
2084848,M1-T15760---- 06 001,56.66,55.81068548979569,-0.3188781376178079,-0.9922480434136748,-0.0762683219756927,-0.017223602451318237,-0.7100083000652665,54.4245685519636,2.235431448036394,97.57656610744527,0.5575103298305139,1.865906079232431
2080725,M1-T17771---- 05 002,34.12,34.34431008878096,0.016098880439197497,-0.21560490140648098,-0.457250105834745,-0.5956656009454251,-0.07574807104381082,33.66357523837321,0.4564247616267849,97.96634774154799,0.04592168295939141,1.9877020507246113
2080725,M1-T17771---- 05 002,34.12,34.34431008878096,0.016098880439197497,-0.21560490140648098,0.16770769498799135,-0.7632839929851705,-0.318119202396582,33.687182121497415,0.4328178785025827,98.03236085743448,0.04595262657879527,1.9216579719977533
2080725,M1-T17771---- 05 002,34.12,34.878396992049055,0.016098880439197497,-0.21560490140648098,-0.37190803056831667,-0.5466238989195995,-0.33444385349333083,33.974378431356904,0.14562156864309372,97.38591046072928,0.04495057870139711,2.5691110390136256
2080725,M1-T17771---- 05 002,34.12,34.34431008878096,0.016098880439197497,-0.14608762156933955,-0.1597257931299018,-0.5956656009454251,-0.09418634370408227,33.83870798434174,0.28129201565825923,98.45820762606941,0.04615224206665775,1.495611463881565
2086350,M1-T33025W3-- 03 005,44.09333333333333,43.85338240568314,-0.012334072069548466,-0.21232464493051612,-0.036351777185621145,-0.2572163706565721,-0.912255365202925,42.59853075843975,1.4948025748935763,97.21811018453515,0.027343276885432775,2.754524369682777
2086412,M1-T33025W3-- 03 005,46.15,44.64258128876401,-0.012334072069548466,-0.16876453205320296,0.043603087477138806,0.5641856115822573,-0.7486642138899257,44.02950750333211,2.120492496667886,98.6452883093713,0.027254205742699742,1.3274353882048788
2094369,M1-T10035B6-- 03 001,34.41,42.440609750063985,0.016098880439197497,-0.45800108426747055,-0.6641436856267456,0.07387386874882136,-2.3184030339267614,39.31245733331407,-4.902457333314075,93.06953298879482,0.035303811442442726,6.895141270404618
2092010,M1-T15760---- 06 001,53.11,57.92664223356049,-0.3188781376178079,-1.2289555737531086,-0.2506146499955328,0.1343043686210234,-0.5093154535483616,56.69291775433844,-3.582917754338439,97.91459326702446,0.5390062662479788,1.546383563522136
2092010,M1-T15760---- 06 001,53.11,57.58692238945433,-0.3188781376178079,1.4071956614507635,-0.3568215318820125,-0.007924882523886971,-0.6639542237156612,56.546092704944456,-3.436092704944457,98.22466413915517,0.5439029673612894,1.2314158367178647
2092010,M1-T15760---- 06 001,53.11,57.89962820511432,-0.3188781376178079,0.0024258236798491047,0.03887541433519295,0.06975148250685742,-0.1980761705885073,57.40944132779984,-4.2994413277998405,99.16047551671465,0.5461193575552732,0.293387999458526
2092010,M1-T15760---- 06 001,53.23,57.58692238945433,-0.3188781376178079,0.1988859140683744,-0.5337231763199889,0.0787513233425993,-0.3794532930214394,56.57637546471967,-3.346375464719671,98.27542594568574,0.5441840525392595,1.1803729361944941
2092010,M1-T15760---- 06 001,53.23,57.89962820511432,-0.3188781376178079,0.2921363640398141,-0.3099134007022452,0.00796202739831009,-0.09060811521947404,57.344983043538406,-4.114983043538409,99.05112999487736,0.5455171447701271,0.40333575296631685
2092010,M1-T15760---- 06 001,53.23,57.93422966543669,-0.3188781376178079,-0.41929707472866984,-0.33126238979506073,-0.0016764980664853298,-0.18516360226784925,57.115927628511166,-3.885927628511169,98.60718870500776,0.5427478171637756,0.850046457288222
2092010,M1-T15760---- 06 001,53.23,57.64574383336366,-0.3188781376178079,-1.5444921767228939,-0.20148922826078083,0.03244062303191013,-0.23670877773432086,56.648259278870434,-3.418259278870437,98.29904592257344,0.5437594279988419,1.1571775971634197
2092012,M1-T15760---- 06 001,58.49,59.142988731687,-0.3188781376178079,0.30596899334830496,-1.141357546213637,0.013735929825927622,0.34910982105266036,58.590875464008164,-0.10087546400816194,99.07509467829676,0.5341779702518952,0.3907105996609972
2092012,M1-T15760---- 06 001,58.49,60.97949860125361,-0.3188781376178079,0.05838440562758822,-0.4492482960889949,0.029087097859370966,0.284203205366077,60.73818297817062,-2.248182978170618,99.35406188095635,0.5195490114559993,0.126372814560605
2092012,M1-T15760---- 06 001,58.49,61.188302912968936,-0.3188781376178079,-1.0994290751357843,-0.04445108397397981,0.1343043686210234,-0.021667483728657115,60.67068399892605,-2.1806839989260496,99.16113589290893,0.516770638051071,0.3220772631425975
2094043,M1-T15760---- 06 001,54.0,58.601464081226574,-0.3188781376178079,-0.6077050870775144,-0.3974160581318501,0.008476558565622697,-0.5521040521772087,57.28652202430488,-3.2865220243048796,97.80535595805692,0.5322049584584232,1.662422393567864
2097894,M1-T17771---- 05 002,33.43,34.94671071999776,0.016098880439197497,-0.2687789299511701,0.08056853589310731,-0.3188720629254113,-0.3339028918667202,34.42112683139372,-0.9911268313937214,98.42895516833968,0.04534320822656046,1.525673457991822
2097894,M1-T17771---- 05 002,33.43,34.94671071999776,0.016098880439197497,-0.361961454827734,-0.38613392541276537,-0.5962312756784451,-0.3572739843148436,33.955594686803174,-0.5255946868031742,97.15506585440535,0.04475636639408823,2.800149978282012
2097894,M1-T17771---- 05 002,33.43,34.34736215596503,0.016098880439197497,-0.22690839571990257,-0.4469795090947341,-0.7136766162263248,-0.46966799551506644,33.15816051288789,0.2718394871121106,96.56606244638532,0.045261277612797746,3.388648161452079
2104004,M1-T15760---- 06 001,49.19,56.571990714994385,-0.3188781376178079,-1.6496764791888858,0.1895215494400254,0.037657073975659254,-0.23258971415548807,55.80228971570535,-6.6122897157053515,98.65767674087476,0.5561016295028747,0.7862041903073327
2104004,M1-T15760---- 06 001,49.19,56.89055401246699,-0.3188781376178079,-0.8255597873453392,-0.20514664302177,0.0787513233425993,-0.15157423137456125,56.14949902983995,-6.959499029839954,98.71413471363675,0.5533041465396847,0.7325437882374458
2104004,M1-T15760---- 06 001,49.19,56.838925821147996,-0.3188781376178079,-1.0959195152931522,-0.14244834635847684,0.058044022216867844,-0.17586400277861464,56.046543881244055,-6.856543881244058,98.62506711508955,0.553307038613839,0.8216084946198
2104004,M1-T15760---- 06 001,49.19,56.838925821147996,-0.3188781376178079,0.008062295452739357,-0.9238014195807498,0.05006294268253264,-1.3407538450796503,54.42535449217709,-5.235354492177095,95.9266173786436,0.5381681771033178,3.5351975673300964
2107747,M1-T15760---- 06 001,52.89,57.92474605416363,-0.3188781376178079,-0.5718794941967038,-0.28551881096384135,0.05046300633357841,-0.13904227958795218,57.183778285302516,-4.2937782853025155,98.73694941343194,0.5435510155465886,0.7194825252929791
2107747,M1-T15760---- 06 001,52.89,58.44871979809758,-0.3188781376178079,-0.937409769632037,-0.06780583978239789,-0.023112422246513956,-0.07583506662657839,57.80943467110059,-4.919434671100589,98.91806294760889,0.5396663570811226,0.5422537714041633
2107747,M1-T15760---- 06 001,52.89,57.99030757696824,-0.3188781376178079,-1.3982282060175086,-0.1790900956122364,-0.034169611216828544,-0.07583506662657839,57.188822515377765,-4.298822515377765,98.63672310488943,0.5423853722911212,0.8208745136454613
2107747,M1-T15760---- 06 001,52.89,57.68449346347931,-0.3188781376178079,-1.6946042680836133,0.07053950315665353,-0.018012590630857014,-0.30415052554257094,56.72335627321556,-3.833356273215557,98.36109354497705,0.5437371543104721,1.0951522491466814
2107747,M1-T15760---- 06 001,52.89,57.99030757696824,-0.3188781376178079,0.12792826339006466,0.2839875446252634,0.6688520625819377,-0.7516778575472476,57.32239109191471,-4.43239109191471,98.86132527558313,0.5436204187133299,0.5950372577985742
2101487,M1-T15760---- 06 001,48.98,55.53616462741561,-0.3188781376178079,0.22889802303499968,-0.01715240440850101,-0.008937111952042002,-0.6318591564832364,54.51507657417633,-5.53507657417633,98.1945766028232,0.5638146588145937,1.2415910571670246
2101547,M1-T15760---- 06 001,54.92,56.629245884178175,-0.3188781376178079,-1.1412471374841044,-0.12790678924305635,0.5264528779579741,-0.4335707955840654,55.76405749479141,-0.8440574947914072,98.49516174942042,0.5546242626514492,0.9501965949432497
2101547,M1-T15760---- 06 001,54.92,56.838925821147996,-0.3188781376178079,-1.2941719592650154,-0.09680150468536595,0.6667956203517467,-0.3041203802192961,56.18083619948449,-1.260836199484487,98.85541970807155,0.554599364335769,0.5899635353886091
2101547,M1-T15760---- 06 001,54.92,56.322827667442695,-0.3188781376178079,-1.6972018338211485,0.15048785754681593,0.061905272184360705,-0.14406967865077852,55.634086907360114,-0.7140869073601124,98.79191073273275,0.5593217139623222,0.6487500130082399
2101547,M1-T15760---- 06 001,54.92,56.838925821147996,-0.3188781376178079,-0.8289542856813035,-0.05961107761631391,0.007651173679342328,-0.4335707955840654,55.826264204391805,-0.9062642043918032,98.24953560211857,0.5512002291035786,1.1992468831704512
2101547,M1-T15760---- 06 001,54.92,56.629245884178175,-0.3188781376178079,0.2525030354578111,-0.23495514955984195,-0.023112422246513956,-0.5695731105267979,55.543888532175835,-0.6238885321758332,98.11942367600942,0.5525084891635511,1.3280505081926752
2115210,M1-T15760---- 06 001,53.44,58.925813724692325,-0.3188781376178079,-0.4298408536165542,-0.6559119474963206,-0.11779902149793063,-0.499100181315542,57.48650721345664,-4.046507213456643,97.61564912456855,0.5282489019265274,1.856085407649833
2115210,M1-T15760---- 06 001,53.44,58.401839980758375,-0.3188781376178079,-0.6938377738836436,-0.15215070420594226,0.10540369846637702,-0.35658547571474664,57.49422128511511,-4.054221285115112,98.46967319738543,0.5376513139202759,0.9926586279801024
2115210,M1-T15760---- 06 001,53.44,58.401839980758375,-0.3188781376178079,-1.064309094925084,-0.006539906153965111,0.08464014313779504,-0.6142922685201971,57.20456584395522,-3.764565843955225,97.99110447589554,0.5350382951749572,1.4738404501594264
2115210,M1-T15760---- 06 001,53.44,58.46740150356299,-0.3188781376178079,-0.4154741120267174,-0.10384332911375548,0.0787513233425993,-0.3322957043106933,57.65820564538566,-4.218205645385659,98.63486475661622,0.5379493729656762,0.8271690003567864
2115210,M1-T15760---- 06 001,53.44,58.401839980758375,-0.3188781376178079,-1.1908426449800487,-0.07690393770746132,-0.03316096103418091,-0.3322957043106933,57.40671097533126,-3.96671097533126,98.32459660000794,0.5368591855352987,1.1385273785836667
2113363,M1-T15760---- 06 001,56.8,59.05343472561882,-0.3188781376178079,-0.24480121918104078,-0.07324744732119054,-0.07792758260189332,-0.11521116938930162,58.47171909731077,-1.6717190973107705,99.02452575820105,0.5347149831161816,0.4407424900517405
2113363,M1-T15760---- 06 001,56.8,59.045847293742625,-0.3188781376178079,-0.487675698090914,0.3051832577749652,0.1340712445247405,-0.3322957043106933,58.501170249703534,-1.7011702497035373,99.08595039448447,0.535115419187695,0.3789174051391603
2113363,M1-T15760---- 06 001,56.8,59.05343472561882,-0.3188781376178079,0.06225592918666238,-0.22530273071727394,0.04690762692028846,-0.39584437565068215,58.172249463634174,-1.3722494636341764,98.52973938077717,0.532043223898709,0.9382007104793073
2113363,M1-T15760---- 06 001,56.8,58.98028577093801,-0.3188781376178079,0.49155878916766993,0.0035075046857473654,0.21121063619072458,-0.19106337783738975,58.63826474937839,-1.8382647493783963,99.42343617031007,0.5375348685945721,0.03901210403288906
2113363,M1-T15760---- 06 001,56.8,58.60824827087805,-0.3188781376178079,0.1991068343664389,-0.3963010895541008,0.04690762692028846,-1.606759031079501,56.2466490903657,0.5533509096342968,96.12659553551491,0.5230094852559574,3.350378577681844
2111561,M1-T15760---- 06 001,50.86,59.77777024964022,-0.3188781376178079,-1.674094667954973,-0.25385918199650825,-0.038659526631346856,-0.13233139325332208,58.80980866222008,-7.949808662220079,98.40651943963981,0.5249390788133623,1.0685250194875957
2111561,M1-T15760---- 06 001,50.86,59.63378285203328,-0.3188781376178079,-1.3289136396932026,-0.31181875472503223,-0.023112422246513956,-0.13233139325332208,58.703824170166115,-7.8438241701661156,98.4644797286928,0.5265164880668207,1.0089872717136814
2111561,M1-T15760---- 06 001,50.86,59.69934437483789,-0.3188781376178079,-1.4651605048772425,-0.31304395359392945,0.0004450549874962064,0.021460209781074047,58.931809399129556,-8.071809399129556,98.73063591669379,0.5273599172088506,0.7419876281207706
2111561,M1-T15760---- 06 001,50.86,59.589786743858866,-0.3188781376178079,-1.0960591586815225,-0.38957777005403,-0.037328714026004954,-0.15157423137456125,58.62752109093978,-7.7675210909397805,98.41082926851672,0.5266181282617647,1.0625360885073896
2117259,M1-T15760---- 06 001,52.82,59.31272010166154,-0.3188781376178079,-1.3025787374060969,-0.16064329282955925,0.0787513233425993,-0.4459675743082365,58.166862401022456,-5.346862401022456,98.10470647381631,0.5274323288207431,1.367844657115539
2117259,M1-T15760---- 06 001,52.82,60.36271662025573,-0.3188781376178079,-0.24348974420506866,-0.3693616981478066,-0.102930298092096,-0.16397101009873244,59.53053207531653,-6.710532075316529,98.64009191435427,0.5210860372964676,0.8388057071211861
2117259,M1-T15760---- 06 001,52.82,60.82112884138507,-0.3188781376178079,-0.11320720886165961,-0.1848533140510582,-0.05238043761978612,-0.47776968899056826,59.78864329255112,-6.968643292551121,98.33074365647485,0.5155367058300184,1.1537034704937714
2117259,M1-T15760---- 06 001,52.82,60.36271662025573,-0.3188781376178079,-0.5276103156709419,-0.21179270545735235,-0.019957106484269776,-0.32958009855081427,59.42125558437464,-6.601255584374641,98.46426309216929,0.5201571863351928,1.0155634093961592
2117259,M1-T15760---- 06 001,52.82,59.378281624466155,-0.3188781376178079,-0.11499153929375891,-0.07252287546983299,-0.088714006312605,-0.18826078150278583,58.732182687340384,-5.912182687340383,98.9235893424644,0.5312476055722752,0.5451463920690656
2109637,M1-T15760---- 06 001,53.84,58.13881785811279,-0.3188781376178079,-0.98668182442632,-0.9088719926239857,0.27633000011949577,-0.6081290113915095,56.50029662467659,-2.660296624676583,97.25894296361855,0.5334430891698563,2.2075972184670816
2109637,M1-T15760---- 06 001,53.84,57.68040563698345,-0.3188781376178079,-1.7686924033595697,-0.053853746704913406,-0.1284941418460812,-0.15662116465737552,56.74611374940939,-2.9061137494093856,98.40602823586107,0.5440241043328744,1.0499305992415255
2109637,M1-T15760---- 06 001,53.84,57.61484411417884,-0.3188781376178079,-0.35915736731868747,-0.18361982303705723,0.1343043686210234,0.012235689173103682,57.19278080873809,-3.352780808738089,99.27275030410546,0.5494401698013169,0.17779229568118704
2109637,M1-T15760---- 06 001,53.84,57.35262873852652,-0.3188781376178079,0.5899773617647865,-0.11365689840306915,-0.0016764980664853298,-0.30027147061033443,56.72863345376329,-2.8886334537632834,98.92369521743439,0.5500114709827956,0.526276063254821
2127227,M1-T15760---- 06 001,63.8,57.372144216672915,-0.3188781376178079,-0.40601302958690216,-0.9044171411783876,0.08334119636438934,-0.11431616093700311,56.32645415621666,7.473545843783334,98.20996465481413,0.5458574200463094,1.2441608070823558
2127227,M1-T15760---- 06 001,63.8,57.3065826938683,-0.3188781376178079,-1.0671778687064826,-0.15242077204492563,0.0857333013416526,-0.41056582724962,56.25526321152159,7.54473678847841,98.19847996074266,0.5464180018211368,1.255084901799189
2127227,M1-T15760---- 06 001,63.8,57.11027445733656,-0.3188781376178079,-0.9043780718321554,-0.3703296849002191,0.029087097859370966,-0.627367168895076,55.67790917107004,8.122090828929956,97.55327903239802,0.5446937216104598,1.9020101644278222
2127227,M1-T15760---- 06 001,63.8,57.372144216672915,-0.3188781376178079,-0.7619588442142688,-0.2785539736715966,0.05668882124061158,-0.5382446934931722,56.1399981412143,7.660001858785698,97.89749887070309,0.5441207147398053,1.5583633509628763
2127227,M1-T15760---- 06 001,63.8,57.16752962652035,-0.3188781376178079,-0.5402658740432937,-0.1848533140510582,-0.00625426438118091,-0.23606444676531205,56.35503780668,7.444962193319995,98.59865232982493,0.5499792422720794,0.8513511805856768
2121546,M1-T15760---- 06 001,56.57,61.132492943129336,-0.3188781376178079,-1.5218199723495776,-0.3404926796679945,0.04139948238263296,-0.15157423137456125,60.156628709328686,-3.5866287093286857,98.42875561191192,0.5134221878823672,1.0578060993155165
2121546,M1-T15760---- 06 001,56.57,59.86356115986682,-0.3188781376178079,-0.40352330328919966,-0.06287045662726497,0.12065027637520127,-0.4335707955840654,58.98481364536206,-2.4148136453620594,98.55330265014146,0.5249686620085333,0.9217122248630456
2121546,M1-T15760---- 06 001,56.57,61.12490551125315,-0.3188781376178079,-0.8920453972450808,-0.19708276804687436,-0.015892789845976328,-0.15157423137456125,60.330563003462494,-3.7605630034624937,98.71711559019917,0.5149902434550075,0.7678780162814797
2121546,M1-T15760---- 06 001,56.57,60.906898793068216,-0.3188781376178079,-0.10935841298522149,-0.1848533140510582,0.782926266711722,-0.09759798464398196,60.716694789755586,-4.1466947897555855,99.27053018777411,0.5197309732376729,0.20972254025485929
2119293,M1-T15760---- 06 001,53.51,57.784747499108285,-0.3188781376178079,-1.7098595418428164,-0.8037115754278832,-0.24962491849964985,-0.20078759947315633,56.29082497056716,-2.78082497056716,97.47981478696165,0.5379305636850774,1.9822377798818087
2119293,M1-T15760---- 06 001,53.51,57.22899487640176,-0.3188781376178079,-0.7504092834541188,-0.09904031795011375,0.07697252251127003,-0.17339398478570106,56.541558998887446,-3.031558998887448,98.81303845926024,0.5505831046709249,0.6363611698144321
2119293,M1-T15760---- 06 001,53.51,57.26193379495997,-0.3188781376178079,0.08474917248586379,-0.28767069942999807,0.061123918699779456,-0.4335707955840654,56.30984583822831,-2.7998458382283147,98.36448717245221,0.5477685156354795,1.0877271339232597
2119293,M1-T15760---- 06 001,53.51,57.56312427848103,-0.3188781376178079,-0.9271366633440015,-0.1848533140510582,-0.09908139212850513,-0.23853446475822562,56.62894678598809,-3.1189467859880935,98.40302491822115,0.5451158830447888,1.0518421039314074
2119293,M1-T15760---- 06 001,53.51,57.62868580128564,-0.3188781376178079,-0.34029014423238746,-0.33886361111869995,0.0400205578338333,-0.21970384911290233,56.80092999276494,-3.2909299927649442,98.58396158896883,0.5454969106683079,0.8705243936111998
2119294,M1-T15760---- 06 001,57.46,57.26952122683617,-0.3188781376178079,-1.8463387299661544,-1.1921844520628782,-0.15249020507827052,-0.49763222005045094,55.213456403157096,2.246543596842905,96.53425340736848,0.5375051560312785,2.928224580469558
2119294,M1-T15760---- 06 001,57.46,57.62868580128564,-0.3188781376178079,-0.7105563211452047,-0.31935181358352066,-0.18111849154791676,0.04918550245328866,56.94680182956687,0.5131981704331281,98.8305827615275,0.54686154529617,0.6225385436298106
2119294,M1-T15760---- 06 001,57.46,57.63627323316184,-0.3188781376178079,0.011958452012012155,-0.1620219814567465,-0.03402970727803294,-0.5642628967979222,56.55057026757946,0.9094297324205414,98.15109631696075,0.5430302315363904,1.3058564221061186
2119294,M1-T15760---- 06 001,57.46,57.22899487640176,-0.3188781376178079,0.04497652539510657,-0.08125036776519666,0.04690762692028846,-0.4335707955840654,56.38950429159761,1.0704957084023903,98.55429251587033,0.5491413805113003,0.8965488825763467
2119294,M1-T15760---- 06 001,57.46,57.56312427848103,-0.3188781376178079,-0.9029774950030913,-0.09474523118869205,-0.02146584474809323,-0.15157423137456125,56.826998707513084,0.6330012924869166,98.73731575174551,0.5469677289922265,0.7156993663858296
2121443,M1-T15760---- 06 001,52.17,60.93495767894614,-0.3188781376178079,-1.1088150998527613,-1.1444982255542024,-0.038311895906331876,-0.5142210227585129,59.08539345182488,-6.915393451824876,97.05409251137138,0.5078928327360708,2.437998728402611
2121443,M1-T15760---- 06 001,52.17,60.968910572810756,-0.3188781376178079,-0.8719754388022085,-0.15206099814738203,0.029397951578338716,-0.4335707955840654,59.90154546391975,-7.731545463919751,98.27943420989526,0.5140187458255004,1.20653092468102
2121443,M1-T15760---- 06 001,52.17,61.52325619200088,-0.3188781376178079,-0.6385409787464733,-0.1702220508770774,0.007651173679342328,-0.4335707955840654,60.479030049699986,-8.309030049699984,98.33102446119867,0.5096546556701096,1.1593049003906184
2121443,M1-T15760---- 06 001,54.98,60.90334905000614,-0.3188781376178079,-1.236074988832242,-0.3332521070608709,0.371165172504679,-0.4335707955840654,59.818921270049636,-4.838921270049639,98.25056219069216,0.514420910836058,1.2350007662616846
2121443,M1-T15760---- 06 001,54.98,60.90334905000614,-0.3188781376178079,-0.5756075123513775,-0.07840554828392393,-0.0869929395092333,-0.4335707955840654,59.8822109099981,-4.902210909998104,98.35097871384458,0.5149466722989066,1.1340584651585646
2121443,M1-T15760---- 06 001,54.98,61.52325619200088,-0.3188781376178079,-0.5737756460250751,-0.15215070420594226,-0.017223602451318237,-0.4335707955840654,60.490617265719,-5.510617265719006,98.34923829440352,0.5097490588855883,1.140996661009806
2121443,M1-T15760---- 06 001,54.98,61.815267618689155,-0.3188781376178079,-0.46281053155825935,-0.1752008952084902,-0.0869929395092333,-0.3412981059006366,60.8629705627438,-5.8829705627438,98.48280412158381,0.5080300446062515,1.009149902017046
2117334,M1-T17771---- 05 002,34.98,35.70899780739216,0.016098880439197497,-0.21462104021598555,-0.49259725133690285,-0.5445541467047156,-0.4151895101358456,34.63842599840675,0.34157400159324425,97.00427513031428,0.043732961530795686,2.9519647429357745
2117334,M1-T17771---- 05 002,34.98,35.10964924335943,0.016098880439197497,-0.18224561743831727,-0.18842472153628162,-0.4445354234798752,-0.5400147452421801,34.136138944373776,0.8438610556262205,97.21526282310778,0.04457626113568723,2.7401332267123903
2117334,M1-T17771---- 05 002,34.98,35.10964924335943,0.016098880439197497,-0.2202588855576745,-0.29564461177983553,-0.5791844456271031,-0.4151895101358456,34.14258021225392,0.8374197877460787,97.23260450613841,0.044584212843771516,2.722783587034366
2133380,M1-T15760---- 06 001,56.2,58.857974819075146,-0.3188781376178079,0.07289678284372475,0.026365974087415336,-0.09386494118475601,-0.1877286218842675,58.306922293400106,-2.1069222934001033,99.07242643492566,0.5367502182662219,0.3908065143522284
2133380,M1-T15760---- 06 001,56.2,59.213445143984835,-0.3188781376178079,0.3089184186662598,-0.1752008952084902,0.0428659832867968,-0.35658547571474664,58.45390089434206,-2.2539008943420598,98.73350631563797,0.5317028343453005,0.7347741758465176
2133380,M1-T15760---- 06 001,56.2,59.29714695931524,-0.3188781376178079,0.3738279856335248,-0.12543017120788436,0.015181659798847714,-0.3322957043106933,58.59549000296976,-2.3954900029697583,98.83053195462863,0.5314740689141777,0.6379773094610477
2133381,M1-T15760---- 06 001,56.74,59.042427048508294,-0.3188781376178079,-0.28971317442809863,-0.5385937276764589,0.008355408362725126,-0.7502945834629297,57.47214842375843,-0.7321484237584315,97.40930824941958,0.5260911577312719,2.064584094660785
2133381,M1-T15760---- 06 001,56.74,59.213445143984835,-0.3188781376178079,-0.4951787949702455,-0.35877474280594895,-0.041702198084918284,-0.48720879518818155,57.99485179091591,-1.2548517909159074,97.9835147353505,0.5276639557127608,1.4888047614255229
2133381,M1-T15760---- 06 001,56.74,59.29714695931524,-0.3188781376178079,-0.43071804043285317,-0.0015946047928317953,-0.014411328422645427,-0.35411545772183306,58.47792619422082,-1.7379261942208188,98.63725860388661,0.5304347162758787,0.8322900454354123
2133381,M1-T15760---- 06 001,56.74,58.880571823104276,-0.3188781376178079,0.3051382970124584,-0.1848533140510582,-0.0016764980664853298,-0.41381047628588685,58.02672054837962,-1.2867205483796198,98.5705710585279,0.5338263394842491,0.8955858612246378
2135405,M1-T15760---- 06 001,52.66,59.042427048508294,-0.3188781376178079,-1.3335063772189788,-0.49245785545149545,-1.4291110894428543,-0.7242004485440819,56.639498590916375,-3.9794985909163785,96.08930887171083,0.5189620649032515,3.391712788765508
2135405,M1-T15760---- 06 001,58.65,59.95078370390557,-0.3188781376178079,0.32942677633007883,-0.21179270545735235,-0.006565118100148672,-0.4304479695235825,59.06340371865132,-0.41340371865132397,98.54139279428705,0.5241415352917239,0.9344492333729226
2135405,M1-T15760---- 06 001,58.65,58.545016928946815,-0.3188781376178079,-1.2605659941211778,-0.31181875472503223,-0.07277664772974231,-0.3492302332841893,57.35327209448634,1.2967279055136558,98.0049895578882,0.5338054404425345,1.4611882615614535
2135405,M1-T15760---- 06 001,58.65,58.84920364526077,-0.3188781376178079,-0.09735462909716017,-0.2606693420972392,0.10018724752262796,-0.1484514053140784,58.22756013104778,0.4224398689522175,98.95469219058673,0.536192267689571,0.5090987267651182
2135405,M1-T15760---- 06 001,58.65,58.545016928946815,-0.3188781376178079,0.44222970339504,-0.3404926796679945,0.015181659798847714,-0.25372102069147984,57.81503502624007,0.8349649737599307,98.76846597394866,0.5379638803993281,0.6935532751357514
2135625,M1-T15760---- 06 001,57.42,58.02897717791183,-0.3188781376178079,0.03064550881859339,-0.9524424626859262,-0.05020629489923214,-0.5283616583445601,56.4940947368222,0.9259052631778033,97.42311496733251,0.5353549721626593,2.0415132718037903
2135625,M1-T15760---- 06 001,57.015,57.720199262514576,-0.3188781376178079,-0.4167796502274389,-0.08655635655002931,0.013178478342059215,-0.17027115872521822,57.077383121575004,-0.06238312157500303,98.89857296379716,0.546370129741313,0.5550397723257726
2135625,M1-T15760---- 06 001,57.015,58.70901261966842,-0.3188781376178079,0.24267408271276072,-0.1848533140510582,0.0645350315631083,-0.23447818257024078,58.082554709596444,-1.0675547095964433,98.94419341601527,0.5374156150264567,0.5183741156355895
2135625,M1-T15760---- 06 001,57.015,58.02138974603563,-0.3188781376178079,0.1861156282069837,-0.1009513525732518,-0.05591848986440928,-0.21447009464698083,57.40097767924247,-0.3859776792424725,98.94201415745235,0.5437726559943165,0.5141961338742003
2135625,M1-T15760---- 06 001,57.015,58.086951268840245,-0.3188781376178079,-0.5976777180065314,-0.14724273872391294,-0.05591848986440928,-0.4304479695235825,57.037760867503,-0.022760867503002657,98.22578850380899,0.5392270694182134,1.2349675166430085
2135625,M1-T15760---- 06 001,57.015,58.02138974603563,-0.3188781376178079,-0.4999758711005944,0.0002484464791088265,0.029397951578338716,-0.20865184930077582,57.37942751364877,-0.3644275136487707,98.9056675056861,0.5435728994446267,0.5507425484544988
2143725,M1-T15760---- 06 001,50.97,57.74664595607585,-0.3188781376178079,-0.9353156039231852,0.25284222857770083,-0.026889628960301136,-0.3722083999812012,56.96032225440263,-5.990322254402628,98.65659717603471,0.5447837090856047,0.7986020304939891
2143725,M1-T15760---- 06 001,50.97,57.55231359332384,-0.3188781376178079,-0.947483499930769,-0.11981561795625512,0.1343043686210234,-0.5310868561990547,56.427890865441476,-5.4578908654414775,98.08368255164143,0.5434489088270442,1.3728514970050818
2143725,M1-T15760---- 06 001,50.97,58.198422587298495,-0.3188781376178079,-0.7403259927147379,0.06356085878576558,-0.00867466202326066,-0.35411545772183306,57.36268312899239,-6.392683128992388,98.58429545236869,0.540158566755998,0.875529041533806
2143725,M1-T15760---- 06 001,50.97,57.81979491075666,-0.3188781376178079,-0.762838539275469,-0.1848533140510582,0.097842664396328,-0.6460943832025289,56.540125330198165,-5.570125330198167,97.83470226838217,0.5395617141480132,1.6257190968455744
2143725,M1-T15760---- 06 001,50.97,57.81220747888047,-0.3188781376178079,-1.8129335452779052,-0.06350616554748144,0.0632042189577664,-0.2515699425663096,56.84576073754555,-5.875760737545548,98.35576947153125,0.5425066082194806,1.101706907273333
2139521,M1-T15760---- 06 001,48.53,56.85857807756827,-0.3188781376178079,-1.7776594411334412,-1.3292711260433665,0.10138144480401311,-0.6604202035896017,54.66495361297319,-6.134953612973192,96.28526287134656,0.5399935478964968,3.174726646590415
2139521,M1-T15760---- 06 001,49.96,56.85099064569207,-0.3188781376178079,-0.3129809307892459,-0.06069538171420332,-0.9385361068034582,-1.359817022883808,54.40979808604231,-4.449798086042307,95.88275887991637,0.5378079648925502,3.5794162895643216
2147554,M1-T17771---- 05 002,34.85,34.8824472411825,0.016098880439197497,-0.31574778852823554,-0.12915721128956334,-0.2821402751456132,-0.4414706518264446,34.11192919706144,0.7380708029385588,97.7505340832715,0.04511363982560248,2.2043242540599484
2155119,M1-T15760---- 06 001,55.16,60.503082974707695,-0.3188781376178079,-0.6746602321841011,-0.3015422330343602,0.029087097859370966,-0.08431415581034857,59.78560014252398,-4.625600142523986,98.82802011786542,0.5208675897195871,0.65109595803742
2155119,M1-T15760---- 06 001,55.16,60.495495542831506,-0.3188781376178079,-0.11872203178277646,-0.07061384952733228,-0.06274474130053187,-0.26215644233478597,59.77682038983811,-4.616820389838111,98.82594989457661,0.5209220053149497,0.653111764024408
2155119,M1-T15760---- 06 001,55.16,58.92105636146035,-0.3188781376178079,0.18389686503834024,-0.14409929997280393,-0.06274474130053187,-0.14822271794163544,58.34704661508092,-3.1870466150809236,99.0351810873576,0.535973997309987,0.4288281072187825
2155119,M1-T15760---- 06 001,55.16,58.91144711178513,-0.3188781376178079,0.6244271237941917,-0.37036803860846756,-0.05591848986440928,-0.08678417380326217,58.357038071310434,-3.1970380713104376,99.06766843510674,0.5362372706408312,0.39607747788255615
2155119,M1-T15760---- 06 001,55.16,58.958998141169985,-0.3188781376178079,-0.15082361660868016,0.05985514977087137,0.007024595757383182,-0.17913545932270927,58.44409701811843,-3.2840970181184304,99.13422351175203,0.5361647511703748,0.32959492298192405
2158810,M1-T15760---- 06 001,53.41,58.60703423355253,-0.3188781376178079,-1.1487772011116564,-0.21179270545735235,0.0857333013416526,-0.19470024136374095,57.753341987814885,-4.343341987814888,98.56425887688931,0.536283531787184,0.899440773502885
2158810,M1-T15760---- 06 001,53.41,58.63083586539597,-0.3188781376178079,-0.9223993920184622,-0.9077799936141494,-0.0841806654805605,-1.405437949946861,55.90926905367294,-2.499269053672947,95.56402642868187,0.519748325621645,3.9162089464189713
2158810,M1-T15760---- 06 001,53.41,58.63587243064236,-0.3188781376178079,-0.7506849756153615,-0.21179270545735235,0.007651173679342328,-0.44201344283438937,57.53477803609373,-4.124778036093737,98.15674569911563,0.5338036080247996,1.3094339528092045
2158810,M1-T15760---- 06 001,53.41,58.63083586539597,-0.3188781376178079,-0.5284452739872987,-0.17103869137909808,-0.006565118100148672,-0.4269841482803831,57.60801169425757,-4.198011694257573,98.28537930606453,0.534549068686828,1.1800548618206883
2158810,M1-T15760---- 06 001,53.41,58.63587243064236,-0.3188781376178079,0.1991068343664389,-0.04521287843383907,-0.0699643737010695,-0.18671650199972797,58.07762845937119,-4.667628459371194,99.05690985710176,0.5386989503869083,0.4043742989433185
2155281,M1-T15760---- 06 001,55.24,58.91590773981635,-0.3188781376178079,-0.7111708430202865,-0.9538050960396955,-0.2350387035343717,-0.5488226066947426,57.1253709779361,-1.8853709779360983,97.05048371449496,0.5252788031112837,2.424221009680791
2160792,M1-T15760---- 06 001,61.88,58.933824911194684,-0.3188781376178079,-0.7705542459550659,-0.881642341558186,-0.1447852626161252,-0.11125064052558793,57.72611315435327,4.153886845646731,97.9918678122668,0.5302127319370796,1.4779028283554267
2151397,M1-T15760---- 06 001,52.21,60.76203365965053,-0.3188781376178079,-0.5394795947265817,-0.6352014500651394,-0.10497881521228118,-0.2654687880171704,59.590994214347674,-7.380994214347673,98.10916979004845,0.5148752841472931,1.3759387793450402
2151397,M1-T15760---- 06 001,58.8,61.61126760306982,-0.3188781376178079,-1.0607699597022768,-0.17081983297086187,-0.40758399688906005,-1.2565646412145248,59.33360979325814,-0.5336097932581438,96.43495732853853,0.4991132432510601,3.0659137760478865
2151398,M1-T15760---- 06 001,55.3,58.63334076436485,-0.3188781376178079,-0.4097989163689924,-0.9681179190290385,0.017977713100517073,-0.27722159338848307,57.32775894147068,-2.0277589414706796,97.82179667448449,0.5320050322110516,1.6461816096573392
2151398,M1-T15760---- 06 001,60.33,58.67631910932087,-0.3188781376178079,-0.7440428340382035,-0.22144803127072465,-0.27866088846274534,-0.12943017215528382,57.79466961214703,2.535330387852966,98.51966181894947,0.5354079253170535,0.9449134653718115
2151398,M1-T15760---- 06 001,60.33,58.807939646000236,-0.3188781376178079,0.10471305856832629,-0.23495514955984195,-0.015892789845976328,-0.44424744130826277,57.84274798331933,2.487252016680671,98.38522513364923,0.5334806413654148,1.08127749506321
2151398,M1-T15760---- 06 001,60.33,58.807939646000236,-0.3188781376178079,-0.5707340469736322,-0.08655635655002931,-0.05841780942553,-0.07785003690680659,58.20813600349552,2.12186399650448,98.99034451009818,0.536761819739628,0.47287683734248703
2151398,M1-T15760---- 06 001,60.33,58.645964761487434,-0.3188781376178079,0.1991068343664389,0.9540359222270822,-0.028953160273079426,0.06933767024582153,59.018849045158696,1.3111509548413025,98.30588686019306,0.5345226776699075,1.1595736995366923
2151398,M1-T15760---- 06 001,60.33,58.80035221412404,-0.3188781376178079,0.16749641399836993,-0.384401519688664,0.0781247454206402,-0.0774534602387303,58.224904972735935,2.1050950272640634,99.03082206934918,0.5370505944120731,0.43211049436308474
2163958,M1-T15760---- 06 001,53.13,59.112701666162934,-0.3188781376178079,-0.026267223554965274,-0.001963820902348927,-0.2376331827459865,-0.28642117028660585,58.341858168196175,-5.211858168196173,98.71274593525051,0.5324970048017728,0.7547403608723592
2160792,M1-T15760---- 06 001,61.88,58.9171389556706,-0.3188781376178079,-0.2062674139031217,0.19231571092794514,-0.034169611216828544,-0.41494903882187195,58.180425133700176,3.6995748662998267,98.76500231893355,0.5345473415634824,0.7004335761291685
2160792,M1-T15760---- 06 001,61.88,58.67423791018471,-0.3188781376178079,-0.5637681274267163,-0.07894383639420655,0.05782015998933252,-0.4823981057009762,57.668148423942284,4.211851576057718,98.3141859946947,0.5343102125908861,1.151487036776968
2160792,M1-T15760---- 06 001,61.88,58.933824911194684,-0.3188781376178079,0.5461513235959369,-0.09775158759567774,0.004503420263979886,-0.35054667107584303,58.25600109545631,3.62399890454369,98.86291737184605,0.5349257920812327,0.6021400608307322
2160792,M1-T15760---- 06 001,61.88,58.681825342060904,-0.3188781376178079,-0.9329406936484796,-0.1300658188926076,-0.460838399475535,-1.2983725980799325,56.379784342393,5.500215657607001,96.2251481247795,0.5228892565486403,3.2519462208949412
2160792,M1-T15760---- 06 001,57.69,58.933824911194684,-0.3188781376178079,0.907842785320973,-0.1300658188926076,0.0011357759621874965,-0.3840881289051607,58.26504541493645,-0.5750454149364543,98.877919193802,0.5350069636843553,0.5870570647261252
2160792,M1-T15760---- 06 001,57.69,58.933824911194684,-0.3188781376178079,-0.43437704242136366,-0.026452691182717303,0.05668882124061158,-0.27653495256280264,58.22256676683406,-0.5325667668340657,98.80749931314865,0.5346259369916564,0.6578579840211455
2160792,M1-T15760---- 06 001,57.69,58.67423791018471,-0.3188781376178079,-0.25404424435391254,-0.026040883373074048,-0.1374028918346505,-0.3981010897979865,57.76382307756083,-0.07382307756083151,98.4720483582266,0.5351681505595063,0.9927667083715508
2160792,M1-T15760---- 06 001,57.69,58.933824911194684,-0.3188781376178079,-0.9557561337386653,-0.19111316194157368,0.007952480786063202,-0.2522451811587493,58.025893074319015,-0.33589307431901716,98.48276231432463,0.5328688555608034,0.9843521193779851
2160792,M1-T15760---- 06 001,57.69,58.853206761364724,-0.3188781376178079,-0.9925714254132719,-0.14409929997280393,0.03244062303191013,-0.27653495256280264,57.950814366403016,-0.260814366403018,98.48984487364034,0.5336371633056103,0.9765012282233974
2162246,M1-T15760---- 06 001,55.72,57.0238956167733,-0.3188781376178079,-0.47005440869433823,-0.9350828073078172,-0.6699432422406536,-0.6269252287335813,54.99166340965979,0.7283365903402057,96.55879594907827,0.5399576561690244,2.901229461711751
2162246,M1-T15760---- 06 001,55.72,56.79932978029958,-0.3188781376178079,-0.8964162306619157,-0.5016908654969175,-0.13500953956323594,-0.3349181370461799,55.547200030412974,0.17279996958702526,97.84305244979973,0.5493024383336144,1.6076278857738764
2162246,M1-T15760---- 06 001,55.72,58.97473210033514,-0.3188781376178079,-0.4165867536084074,-0.19953208977014078,0.023810631209800665,-0.14364393643354642,58.29833912282079,-2.5783391228207932,98.86606855572558,0.5345717850995568,0.599342895034526
2162246,M1-T15760---- 06 001,55.72,58.97473210033514,-0.3188781376178079,-0.44346652788718605,-0.5526272087566552,0.05668882124061158,-0.16288677455478554,58.06937523101376,-2.3493752310137594,98.48803377933599,0.5325277397744372,0.9794217808503677
2165878,M1-T15760---- 06 001,48.6,53.698007346934965,-0.3188781376178079,-1.5736600210142762,0.19627884228354534,0.037657073975659254,-0.14406967865077852,53.049490829505125,-4.449490829505123,98.80668283455132,0.586749724303756,0.6065490407074097
2165878,M1-T15760---- 06 001,48.6,53.781238403579536,-0.3188781376178079,-1.537895147126433,-0.1344468811302359,0.0787513233425993,-0.15334893618653506,52.94502318076369,-4.34502318076369,98.46894167672092,0.5838391540827637,0.9472008600341152
2165878,M1-T15760---- 06 001,48.6,53.82527916302234,-0.3188781376178079,-0.31854642748174583,-0.19774806154754204,-0.023112422246513956,-0.39081845857643893,52.86017259126941,-4.260172591269409,98.23852965686764,0.5819964125855311,1.1794556791729094
2165878,M1-T15760---- 06 001,48.6,53.698007346934965,-0.3188781376178079,-0.3526776234548527,-0.34080524686857244,0.0428659832867968,-0.6291143751535713,52.39423293094332,-3.7942329309433163,97.62956010303931,0.5797595449113067,1.7906621708234938
2165878,M1-T15760---- 06 001,49.38,53.654644842084096,-0.3188781376178079,-0.9158730795627001,0.22090727321232723,-0.03211226308225585,-0.16837789945298443,53.08577755637022,-3.705777556370215,98.9508662230146,0.5880808274797282,0.46103450732484264
2173340,M1-T15760---- 06 001,53.705,54.01114994344033,-0.3188781376178079,-0.6514631203807693,-0.11050266128388181,-0.009859427175538726,-0.13991622948578486,53.33263676021183,0.37236323978817154,98.75932119459381,0.5830682821585752,0.6575922382599194
2173340,M1-T15760---- 06 001,53.705,54.01114994344033,-0.3188781376178079,-0.24348974420506866,-0.37787033203493403,-0.8444333607068546,-1.3001651144396784,51.50232657603828,2.20267342396172,95.56115692107649,0.5641865388814378,3.8746388471847624
2180462,M1-T15760---- 06 001,54.18,54.636186481551036,-0.3188781376178079,0.010107209909848631,-0.11499735853278613,0.08421112766835288,-1.679356855160284,52.345406307131796,1.8345936928682036,95.97591456812594,0.5601529474240315,3.463914918085899
2180462,M1-T15760---- 06 001,54.18,54.636186481551036,-0.3188781376178079,-1.1131833589194096,-0.16550268135641513,-0.03433802280913877,-0.5669040639296479,53.32933551789037,0.8506644821096288,97.66394391556778,0.5700049464235997,1.7660332626863715
2180462,M1-T15760---- 06 001,54.18,54.636186481551036,-0.3188781376178079,-0.6701192328053821,-0.5019082086352548,0.05429766726365686,-0.5411446713084364,53.279665841911665,0.9003341580883344,97.57730878338462,0.5694993099328067,1.8531740472170575
2180462,M1-T15760---- 06 001,54.18,54.592145722108235,-0.3188781376178079,-0.6261854068902772,-0.786223298835393,-0.037328714026004954,-1.5971095910992887,51.8029152873666,2.3770847126333976,95.13911980599885,0.55571703469513,4.30514573205187
2175240,M1-T15760---- 06 001,54.13,58.41876426358471,-0.3188781376178079,-0.9961616509189937,-0.08718602520715193,-0.08076242618093457,-0.18749730250915042,57.59933861366136,-3.469338613661357,98.61671075231897,0.5382981557228147,0.8449742109591105
2175240,M1-T15760---- 06 001,54.13,58.42635169546091,-0.3188781376178079,-0.40316127685164177,-0.17850134267023315,0.061123918699779456,-0.49842227393971456,57.37282800390164,-3.2428280039016357,98.22875635232953,0.5361108810868592,1.2351159541773065
2180513,M1-T15760---- 06 001,55.35,54.592145722108235,-0.3188781376178079,0.258529923659926,-0.02573315621761921,0.05212407786403756,-0.16837789945298443,54.137205989485054,1.2127940105149477,99.17352636162735,0.5792824035194388,0.24717306859044913
2169150,M1-T15760---- 06 001,53.41,54.27145634479545,-0.3188781376178079,-1.080742018329203,-0.7622539005571174,-0.5175400587521208,-0.7471066706226774,52.1626574307024,1.2473425692975937,96.2596683353479,0.5655846707240099,3.174729257225437
2182105,M1-T33025W3-- 03 005,43.626666666666665,46.544872489767265,-0.012334072069548466,-0.6089907644378174,-0.17444054630878958,-0.2572163706565721,-0.1073050994900275,46.06051972452203,-2.433853057855366,98.97008156178,0.026226393014191884,1.0036707818364456
2184041,M1-T15760---- 06 001,59.5,54.592145722108235,-0.3188781376178079,0.6540550223136801,0.08877569520974128,-0.021770304878588994,-0.267325081245896,54.13351520605062,5.3664847939493825,99.16687744644844,0.5792435665464386,0.253860821960289
2184041,M1-T15760---- 06 001,59.5,54.636186481551036,-0.3188781376178079,0.055689635843686025,-0.017975981804206967,-0.023112422246513956,-0.5435445964976401,53.676763149507764,5.823236850492236,98.27426452792479,0.5735670160472525,1.152150468999425
2184041,M1-T15760---- 06 001,59.5,54.76148867655934,-0.3188781376178079,0.15770437361849848,-0.31181875472503223,0.009955662242851694,-0.35143621715055207,53.87898591581335,5.621014084186648,98.41400198053634,0.573068308139362,1.0129117399352014
2184041,M1-T15760---- 06 001,59.5,54.592145722108235,-0.3188781376178079,-0.28791361836861556,-0.06981148559979793,0.008355408362725126,-0.26889860378721353,53.86789173648369,5.632108263516308,98.69068873151522,0.576462101034065,0.7328310896324617
2184041,M1-T15760---- 06 001,59.5,55.02158338069016,-0.3188781376178079,0.5802803923291788,-0.04326101586346947,0.003129410806729127,-0.2188186662385297,54.53563640110775,4.964363598892248,99.12452078325161,0.5744771531005054,0.30098404807749973
2192771,M1-T15760---- 06 001,51.37,59.44192080169335,-0.3188781376178079,-1.952282943793177,-1.2178407510957008,-0.2727863424935467,-0.2961262186822381,57.5251174231813,-6.155117423181302,96.87605455992208,0.5196947783852416,2.604234364094394
2192771,M1-T15760---- 06 001,51.37,58.65050061046693,-0.3188781376178079,-0.7766743833594795,-0.28610456218763525,-0.038197399283246364,-0.22676939516060696,57.725742621291566,-6.355742621291569,98.44773173346478,0.5352525387014748,1.0169989423449979
2192771,M1-T15760---- 06 001,51.37,58.97592114868782,-0.3188781376178079,-0.7293479113844545,-0.1887037184179109,-0.038659526631346856,-0.35521451181799546,57.971321310534506,-6.601321310534509,98.32510679444684,0.5316360698570095,1.1432404636196711
2187555,M1-T15760---- 06 001,57.09,60.779701233807074,-0.3188781376178079,0.11005544379894835,-0.021569106606208487,-0.12971353453668116,-0.5980293145455547,59.71419014699714,-2.6241901469971367,98.27711657129134,0.5156067447937772,1.2072605145171016
2194901,M1-T15760---- 06 001,57.26,57.956134173779915,-0.3188781376178079,-0.8026111223325452,-0.45433025125562637,0.052836833141866324,-0.22102714869685286,56.9732613056088,0.2867386943911967,98.33237315873197,0.5410306340718916,1.1265792405066655
2194901,M1-T15760---- 06 001,57.26,58.11219587160256,-0.3188781376178079,0.00933995999263357,-0.05431097635890249,0.0787513233425993,-0.19920739528571307,57.56899253665084,-0.30899253665084103,99.07389046926805,0.5436465995742739,0.3824458824316672
2194901,M1-T15760---- 06 001,57.26,57.55644324889603,-0.3188781376178079,-0.7359636288197767,-0.396043877437616,-0.0777902022927803,-0.3380491131571033,56.42400225357548,0.8359977464245176,98.07041688226704,0.5433364211819877,1.3862296575521422
2194901,M1-T15760---- 06 001,57.26,57.738171030752305,-0.3188781376178079,0.14919773843481485,-0.1848533140510582,0.05167747009884464,-1.3843539726684686,55.75683898394778,1.5031610160522177,96.68225351363567,0.5339597079495368,2.7837700334691493
2187531,M1-T33025W3-- 03 005,43.10666666666666,45.30739738538085,-0.012334072069548466,-0.5836833387381443,-0.5869166289747255,-0.2761458970950014,-1.015884190980033,43.51339369876732,-0.40672703210065464,96.19116785297282,0.02618620501771352,3.782624711223003
2187531,M1-T33025W3-- 03 005,43.10666666666666,45.35127160461109,-0.012334072069548466,-0.4922097469400369,-0.17444054630878958,-0.29717380701721047,-0.2951519876325156,44.652710747021644,-1.5460440803549815,98.48301140625428,0.026784178642245606,1.490182699502569
2204879,M1-T09170WS-- 02 004,51.24333333333334,54.4406666196709,-0.6889012801662121,0.6426404326083682,0.042278919762521724,0.5806357826180062,-1.6596749909148534,52.25942200340216,-1.016088670068818,96.14768526278081,1.2166688539154435,2.635628222299343
2204879,M1-T09170WS-- 02 004,51.24333333333334,54.4406666196709,-0.6889012801662121,0.5260305860151228,0.2667031632066555,0.1136690998502512,0.1266737471547349,54.218070236989085,-2.974736903655746,97.92211919385824,1.2391228369871337,0.8387399822111704
2204879,M1-T09170WS-- 02 004,51.24333333333334,54.4406666196709,-0.6889012801662121,1.0232099186262187,0.2132083780396388,-0.5939706295840972,0.2149307078186493,54.042449573045566,-2.7991162397122267,98.23242352887192,1.2430494798242882,0.5245089473617048
2204879,M1-T09170WS-- 02 004,51.24333333333334,54.4406666196709,-0.6889012801662121,0.5668740183229802,0.21472952977958806,-0.5211840030093907,0.20903368691151047,53.98402815832654,-2.7406948249931986,98.3360847706106,1.244361226475671,0.41953593993049676
2203433,M1-T15760---- 06 001,58.35,60.012634244642655,-0.3188781376178079,-0.5557713300543622,-0.29291472228836607,-0.1363154714593587,0.3365102949961179,59.730773825497735,-1.3807738254977338,99.41044481861442,0.5282190642439176,0.061319552222265136
2203433,M1-T15760---- 06 001,58.35,59.75707959725992,-0.3188781376178079,-1.0694681497302956,-0.09208148946689725,0.062262387517735926,0.2797067894576062,59.53003903801256,-1.1800390380125592,99.31736629938564,0.529981334631787,0.15263574579847589
2203433,M1-T15760---- 06 001,58.35,59.76466702913611,-0.3188781376178079,0.18130219262637579,-0.2606693420972392,-0.04320622905861762,0.27396454299385214,59.61640114266563,-1.2664011426656288,99.18760741415588,0.5292217140869009,0.28315427539479476
2203433,M1-T15760---- 06 001,58.35,61.48813035193189,-0.3188781376178079,-0.2909252091168228,-0.23304085029790386,0.03244062303191013,0.1951120149034658,61.21140799612944,-2.8614079961294365,99.41625102729897,0.5155737992858576,0.06815900505056507
2203433,M1-T15760---- 06 001,58.35,61.4957177838081,-0.3188781376178079,-0.7282193687746944,-0.0012830126544117308,-0.024778714238545496,0.21129408101424116,61.26899934982625,-2.918999349826251,99.33602113257977,0.5150941652308123,0.1488685488660943
2201547,M1-T15760---- 06 001,50.17,58.9647829946219,-0.3188781376178079,-0.6203361586064354,-1.6590691288962132,-0.5957838059261222,-0.961019574346917,56.10708438768789,-5.937084387687889,95.37755834017196,0.5157963216250938,4.10662916286005
2201547,M1-T15760---- 06 001,58.48,58.899221471817285,-0.3188781376178079,-2.0203975251845208,0.28414059797147,-0.1940451342160532,0.2594247471837631,58.57468370331936,-0.09468370331936171,99.4519974451795,0.5384293193563556,0.009556350351752776
2201547,M1-T15760---- 06 001,58.48,58.9647829946219,-0.3188781376178079,-0.40095399137869414,-0.02689085700634296,-0.027765706764634975,0.14545445209927782,58.70743801193757,-0.22743801193757207,99.35896877073601,0.5373275590639931,0.1036868196387311
2201547,M1-T15760---- 06 001,58.48,59.36241493311724,-0.3188781376178079,-1.5074430072998877,0.009061096579048702,-0.4279461965441807,0.1495381928753195,58.72731972782665,-0.24731972782664968,98.94144757345722,0.5314855295388714,0.527050229648342
2201547,M1-T15760---- 06 001,58.48,58.899221471817285,-0.3188781376178079,-1.0390952236434525,-0.08491126565869339,-0.043810461503497836,-0.24740715031718818,58.021391410713235,0.4586085892867615,98.5314767260338,0.5334456553074133,0.9350608898338149
2199910,M1-T15760---- 06 001,60.49,60.05827008078097,-0.3188781376178079,-0.6901720228374633,-0.1337039014232651,-0.023112422246513956,-0.2776865887184722,59.192236816744675,1.2977631832553271,98.57849318853263,0.523400462165298,0.8980899354937651
2199910,M1-T15760---- 06 001,60.49,59.30712769071097,-0.3188781376178079,-0.763830285220332,-0.2606693420972392,0.016617761072132975,-0.04157441876773629,58.64116974719211,1.8488302528078933,98.88955549738412,0.5317019811060198,0.5787258473663931
2199910,M1-T15760---- 06 001,60.49,61.2637949945796,-0.3188781376178079,-0.5665778849041629,-0.23495514955984195,-0.0016764980664853298,0.036716091783431035,60.73330960556886,-0.24330960556886083,99.14151390732434,0.5160317169084071,0.3424381930423791
2206504,M1-T15760---- 06 001,50.5,58.51356325793308,-0.3188781376178079,-0.9512470850144538,-0.1658895590440943,-0.19620970244937425,-0.16294946786666145,57.62721618070998,-7.127216180709979,98.5078143670531,0.536832601489329,0.9553361964181492
2206504,M1-T15760---- 06 001,50.5,58.24188812111587,-0.3188781376178079,-0.09431646318706557,-0.7148111395479397,-0.12467376453777479,0.33560702557847244,57.79339106359402,-7.293391063594022,99.23580842119615,0.5433225260236005,0.22085201421717368
2206504,M1-T15760---- 06 001,50.5,58.45558916700466,-0.3188781376178079,-0.6451243098112311,-0.03540694392223629,0.012056533984669889,0.04578048375813278,58.04996103660883,-7.549961036608828,99.31085682541698,0.5417456486366716,0.14738053683405974
2206504,M1-T15760---- 06 001,50.5,57.59704037859741,-0.3188781376178079,-0.9870567702975104,-0.15714901894187042,0.09921435219517266,0.04231407793781849,57.088781550365475,-6.588781550365475,99.12526267363499,0.5487934613388632,0.3259266548948529
2206504,M1-T15760---- 06 001,50.5,57.551433190165355,-0.3188781376178079,-0.5748658865407297,-0.03728086016577598,0.02721462547591412,0.1006764839959661,57.22894593970002,-6.728945939700019,99.44275903155365,0.5509875261451707,0.0062361633641431395
2211317,M1-T15760---- 06 001,47.26,59.848685020535534,-0.3188781376178079,-1.7511995902238275,0.17140087813173055,-0.3153014281841749,-0.7830196275505008,58.24165754050139,-10.981657540501395,97.38504826784967,0.5188746053955382,2.09606085487709
2214827,M1-T15760---- 06 001,54.95,57.31655669771724,-0.3188781376178079,-0.7200554213426431,-0.03540694392223629,-0.0631381222649469,-0.1317665108089358,56.654930561180265,-1.7049305611802623,98.85881897280166,0.5499966832864285,0.5911670960476474
2214827,M1-T15760---- 06 001,54.95,57.06038223230352,-0.3188781376178079,-0.44605966365559335,-0.2606693420972392,-0.12464215374733584,0.03752619639077597,56.47900683441974,-1.5290068344197394,98.99138173275016,0.5532067296472181,0.45539418907149565
2214827,M1-T15760---- 06 001,54.95,57.11720213232295,-0.3188781376178079,-1.2241737676407634,-0.03728086016577598,-0.023112422246513956,0.1901879603135864,56.74957691321886,-1.799576913218857,99.36046575750646,0.5547169519996769,0.0847998946022478
2214827,M1-T15760---- 06 001,54.95,57.31655669771724,-0.3188781376178079,-0.4185249669668527,-0.1003320801088392,-0.00625426438118091,0.03752619639077597,56.8960704185712,-1.9460704185711961,99.27170463772276,0.5522937544900163,0.17598428788692946
2218267,M1-T15760---- 06 001,49.99,59.0096651849164,-0.3188781376178079,-0.7644192478386951,-0.9691496187593753,-0.34804963350376855,-1.5326396878529827,56.006558562788584,-6.016558562788582,95.15726188276449,0.5142135674706753,4.32850842405702
2216715,M1-T15760---- 06 001,49.83,57.72515116522599,-0.3188781376178079,-1.9764295706896873,-0.9723535875311863,-0.08912950591651174,0.0307533012446309,56.42141657002081,-6.591416570020812,97.79134510579965,0.54020684871351,1.6684311046312148
2216715,M1-T15760---- 06 001,49.83,55.9018186703372,-0.3188781376178079,-1.0854842791676576,-0.15877177327873734,0.16813771569388936,-0.9653928589343374,54.240586297138634,-4.410586297138636,97.11404789272386,0.553963135102624,2.331971599921546
2212765,M1-T15760---- 06 001,55.99,58.899458777781106,-0.3188781376178079,-1.038079442769964,0.7693826316747575,-0.10384093020898297,-0.08540746770108863,58.70630096212403,-2.7163009621240306,99.25079543705651,0.5373378544183443,0.2118498576410143
2212765,M1-T15760---- 06 001,55.99,58.96502030058572,-0.3188781376178079,-0.47246043871462257,-0.14295551501736328,-0.0738163617998148,0.08591225141356323,58.53147067701184,-2.541470677011837,99.27008419371734,0.5368447158584483,0.19305425500489537
2212765,M1-T15760---- 06 001,55.99,58.586538412565424,-0.3188781376178079,-1.2072463321111746,0.13375582707296116,0.015884868464429595,-0.10456561505585898,58.00506578615065,-2.0150657861506502,99.01723495867523,0.5389366282974537,0.4438115120057264
2212765,M1-T15760---- 06 001,55.99,58.643793581749215,-0.3188781376178079,0.06639858762647395,-0.22144803127072465,-0.45872404629339,-0.13539966546123525,57.82411327422349,-1.8341132742234905,98.62152323760235,0.5362587537110687,0.8422011916429957
2212765,M1-T15760---- 06 001,55.99,58.643793581749215,-0.3188781376178079,-0.9229362526482606,-0.04950288218526518,-0.057393992182824115,0.06062363711483487,58.15999531620936,-2.1699953162093593,99.18175564300849,0.5393050413940103,0.2789224030225181
2212765,M1-T15760---- 06 001,54.09,58.97260773246192,-0.3188781376178079,-1.2107270151769767,-0.35306825085290106,0.04524655538982931,-0.12145137687615316,58.0853808854133,-3.9953808854132973,98.51780963802851,0.5327079277565597,0.9494657285250431
2212765,M1-T15760---- 06 001,54.09,58.3565681414691,-0.3188781376178079,-0.4964331161070833,0.04907194721527961,0.0400205578338333,-0.08387105948799059,57.89485519769428,-3.8048551976942733,99.21500109021247,0.5421411124571192,0.24284079581639914
2212765,M1-T15760---- 06 001,54.09,58.899458777781106,-0.3188781376178079,-0.5616709509876643,0.12342259998245594,0.08127609383338501,-0.09893631028407361,58.473397191970825,-4.383397191970822,99.2818073716341,0.5375057511723591,0.18067002104418184
2208304,M1-T15760---- 06 001,54.08,60.007374932087274,-0.3188781376178079,-0.6869118434673481,-0.12870682164224745,0.05668882124061158,-0.2156955689137298,59.255149525717925,-5.175149525717927,98.76194827093346,0.5248192604289632,0.7132160103358355
2208304,M1-T15760---- 06 001,54.08,60.39964720905214,-0.3188781376178079,-1.0459975680288993,-0.08655635655002931,0.023810631209800665,-0.23123548294450713,59.5707045649816,-5.490704564981598,98.64613490091384,0.5207993296968149,0.833049437152404
2208304,M1-T15760---- 06 001,54.08,60.007374932087274,-0.3188781376178079,-0.4828342083385834,-1.9034002329242485,-0.00625426438118091,-1.4798749633521324,56.70858718676497,-2.6285871867649746,94.78913728976785,0.5037078125741721,4.70713910141002
2208304,M1-T15760---- 06 001,54.08,60.43156650955159,-0.3188781376178079,-0.8223224623750487,-0.3611655293752851,-0.01920514796142111,-0.4602430769222541,59.190778826920514,-5.110778826920516,97.98808153557317,0.5170519110052662,1.494850338703445
2208304,M1-T15760---- 06 001,54.08,60.126824006181316,-0.3188781376178079,-0.4321926592882787,-0.08655635655002931,0.0011357759621874965,-0.0774534602387303,59.58268122865373,-5.502681228653735,99.10310859265134,0.5255859630455656,0.371288961957609
2220164,M1-T15760---- 06 001,54.21,59.562822815122864,-0.3188781376178079,-1.261281024223577,0.31358062135558734,-0.12749696606137628,-1.2671247727762944,57.66730334658743,-3.4573033465874303,96.91574961237701,0.5188524029183861,2.5653817135231787
2220164,M1-T15760---- 06 001,52.65,59.62838433792748,-0.3188781376178079,-0.31870326887256806,-0.28246553957956916,-0.9042679705116751,-1.4288235656003687,56.986197782351844,-4.336197782351846,95.7569103778004,0.5120847325371225,3.730988830714801
2220164,M1-T15760---- 06 001,52.65,59.29537636783039,-0.3188781376178079,-0.19742872310980158,-0.06765232411336314,-0.8747002124171263,-1.5694206184616581,56.660176192641785,-4.0101761926417865,95.74489711419396,0.5148960399338456,3.7401906987620843
2212792,M1-T33025W3-- 03 005,42.99666666666667,45.63445506647652,-0.012334072069548466,-0.2830218449575746,-0.5598683899313084,-0.3643258488088591,-0.49770274581679863,44.47207267198055,-1.4754060053138787,97.51608824618927,0.026356630283342914,2.4575337545665588
2208289,M1-T33025W3-- 03 005,39.806666666666665,46.15842507021094,-0.012334072069548466,-0.15068646373800468,-0.2293361340382164,-0.3199429255019986,-0.6864131934853972,45.0278203401364,-5.221153673469736,97.60914001457962,0.026082306009254194,2.3647565328620574
2223196,M1-T15760---- 06 001,53.73,60.88846015524298,-0.3188781376178079,-1.7094589368248345,-1.479297138622479,-0.4428723389991642,0.09962329193650993,59.233531170952034,-5.503531170952037,97.35393501622963,0.5098509866826918,2.13619800819015
2223196,M1-T15760---- 06 001,53.73,60.89604758711917,-0.3188781376178079,-1.075798504967523,-0.46782277608532946,-0.17196150424067277,0.154736420601328,60.17927821480988,-6.44927821480988,98.83663936929678,0.5175515446285016,0.6457928556881409
2223196,M1-T15760---- 06 001,53.73,59.939707288939864,-0.3188781376178079,-0.5105196075921433,0.30433952269103265,-0.01920514796142111,0.11490587849288968,59.83399467687506,-6.103994676875061,99.12016178329559,0.5273174331244243,0.3525042469357117
2223196,M1-T15760---- 06 001,53.73,60.17892106893551,-0.3188781376178079,-0.999813972418663,-0.3262068371913845,0.09921435219517266,0.11375310693612052,59.64683070174961,-5.9168307017496105,99.12355227337795,0.5252392894646376,0.3511919656835785
2223196,M1-T15760---- 06 001,53.73,60.03614215989585,-0.3188781376178079,-1.077204679484693,0.00502697227331836,-0.007554013099097995,0.026364428082570977,59.54063231555246,-5.810632315552461,99.18138734682572,0.5267956092060974,0.29180052368827625
2235613,M1-T15760---- 06 001,56.77,56.53483129258108,-0.3188781376178079,0.19651128473528,-0.04710672544089327,0.3914008967564823,-0.5972797150694698,55.72157154966978,1.0484284503302206,98.58187153850487,0.5560395756094108,0.8620714485167025
2235615,M1-T15760---- 06 001,49.12,57.515037438444836,-0.3188781376178079,-0.23218846283151004,0.005723126700137244,-0.5452311864378019,-1.2175885908349593,55.483904485008814,-6.363904485008817,96.58896181070084,0.5355140086555191,2.875507386955217
2228783,M1-T15760---- 06 001,57.08,57.57717799201893,-0.3188781376178079,0.4638929850106158,-0.11547938606862312,-0.13431229000257022,-0.1399369607956277,57.04967155699981,0.030328443000186667,99.09212768396618,0.5487992678770948,0.3590558378433369
2228783,M1-T15760---- 06 001,56.99,57.35860357849313,-0.3188781376178079,-0.44254988946403817,-0.09751204848286647,-0.01956226329479641,-0.09453680235121703,56.77600948149965,0.21399051850035278,98.99449093250439,0.550347758375628,0.45514405024603116
2228783,M1-T15760---- 06 001,56.99,57.333392307413696,-0.3188781376178079,-1.03653730239955,-0.034117856883474594,-0.0777902022927803,-0.021349863481665288,56.732601462849836,0.25739853715016636,98.9629598482751,0.5504143930706027,0.48660849769067627
2228783,M1-T15760---- 06 001,56.99,57.57717799201893,-0.3188781376178079,-0.5924890482565839,-0.11330858614131781,0.009955662242851694,-1.1637920333933611,55.73283159359982,1.257168406400183,96.89614814336416,0.5366373333993222,2.5671976943206953
2228784,M1-T15760---- 06 001,52.95,57.365000936353695,-0.3188781376178079,1.4805090805451768,-0.1456329207618203,0.2915734319621691,0.35984627560331417,57.797064939626885,-4.847064939626883,98.16919077839879,0.5456987399267158,1.2850933685934922
2225180,M1-T15760---- 06 001,51.07,58.803567809122455,-0.3188781376178079,-0.6927606033449161,-0.28982612765988314,-0.18472121288988064,-0.6914883879674043,57.28434898070817,-6.214348980708166,97.48150133432486,0.5286196187717552,1.9898624694226312
2225181,M1-T15760---- 06 001,51.48,57.38738554214892,-0.3188781376178079,-0.23023990229592445,-0.14391361492155075,-0.0676935817364831,0.0672434672213732,56.9810416026539,-5.501041602653906,99.29688934625163,0.5517520417918066,0.15134130904436274
2227366,M1-T33025W3-- 03 005,42.23666666666667,48.084727878016686,-0.012334072069548466,-0.0733843671832678,-0.1507794670774088,-0.2461661074180386,0.06793487575675429,47.92578755185411,-5.689120885187435,99.67052610398017,0.02556619339294073,0.3038869745224574
2227366,M1-T33025W3-- 03 005,42.23666666666667,48.06384972566253,-0.012334072069548466,-0.03961649466575909,-0.01118869946639117,-0.24094965647428945,0.13139248344995902,48.07325776998925,-5.836591103322576,99.9291317021864,0.025643661905926905,0.0452038449946887
2227366,M1-T33025W3-- 03 005,42.23666666666667,48.084727878016686,-0.012334072069548466,-0.05365955791355914,-0.23155418915741888,-0.26238558065431805,-0.034226357569066695,47.75382090578574,-5.5171542391190656,99.31650817983629,0.025475385296836295,0.6579957803862048
2234134,M1-T33025W3-- 03 005,41.34,45.21732366325845,-0.012334072069548466,-0.4922097469400369,-0.20440620017369202,-0.24094965647428945,-0.37616993519471303,44.43358400294667,-3.0935840029466632,98.2962361447549,0.026812574530144018,1.6769295420917416
2237504,M1-T15760---- 06 001,55.3,56.727050627334805,-0.3188781376178079,-0.9353156039231852,-0.3974160581318501,-0.1695573273255965,0.010158541402430853,55.914398021820865,-0.6143980218208682,98.58764919069843,0.5541879159657753,0.8581455140347161
2240408,M1-T15760---- 06 001,49.655,58.97045407584631,-0.3188781376178079,-1.4856701050058827,-0.672609166784817,-0.052177541239075,-0.12526606483039235,57.782552614491486,-8.127552614491485,98.02535948118431,0.530064496883011,1.4445593991406331
2237504,M1-T15760---- 06 001,55.3,56.4395858946936,-0.3188781376178079,-0.9353156039231852,0.10476560706321797,-0.08527751781776649,0.04256368533053179,56.01406603784882,-0.7140660378488235,99.25168558751545,0.5607623116623679,0.18753451534843069
2240408,M1-T15760---- 06 001,49.655,58.70143132273527,-0.3188781376178079,-1.9448863220144486,-0.13418676204294677,-0.13500953956323594,-0.040305675760720805,57.81537848866458,-8.160378488664577,98.513005377036,0.5351427210190652,0.9518351199000703
2240408,M1-T15760---- 06 001,49.655,58.70143132273527,-0.3188781376178079,-0.9073135318769173,-0.3070106605513947,0.023810631209800665,-0.4696897191514868,57.48742373436136,-7.832423734361356,97.97378203712529,0.5322135499491908,1.493987722739289
2244627,M1-T15760---- 06 001,56.08,58.675399982680354,-0.3188781376178079,-0.8708096566215501,-0.942239749446592,-0.3233205811291276,-0.043355224470038756,57.40390608610656,-1.323906086106561,97.87894984679296,0.5319342901513254,1.5890991816270572
2244627,M1-T15760---- 06 001,56.08,58.855887207602755,-0.3188781376178079,-0.8727233954332363,-0.04133049865418665,-0.08912950591651174,0.1622225239269582,58.4890751112595,-2.4090751112595044,99.38060568208618,0.5384389558762741,0.0809384766229381
2244627,M1-T15760---- 06 001,56.08,58.68298741455655,-0.3188781376178079,-0.6292360826366149,-0.44288247891162325,-0.08527751781776649,0.16225337187705588,58.11759186052441,-2.037591860524415,99.04570313943891,0.5382055472574004,0.41607443520877063
2243071,M1-T15760---- 06 001,62.18,60.77494876036024,-0.3188781376178079,-1.9724103256653351,0.7721917370397856,-0.21652638155941767,-0.31335168188280565,60.086341747273636,2.093658252726364,98.87963380513128,0.5188083925901479,0.6015415324773159
2237504,M1-T15760---- 06 001,55.3,56.727050627334805,-0.3188781376178079,-0.8409619668082319,-0.45433025125562637,0.061123918699779456,-0.07843858049801346,55.90582543809452,-0.60582543809452,98.57296324714548,0.5541053622938051,0.8729140138485121
2244627,M1-T15760---- 06 001,56.08,57.989904695419796,-0.3188781376178079,-0.6146055635357682,0.01343813995562426,-0.016724847661520555,-0.059082678609404575,57.48500041637501,-1.4050004163750103,99.1368222213574,0.5451391135290314,0.3180215695824057
2240408,M1-T15760---- 06 001,49.655,60.34340574800781,-0.3188781376178079,0.3308016676583603,-0.13238890328717468,0.014923305466587922,-0.11763682231260288,59.87751599047687,-10.222515990476872,99.23383476647582,0.524390362571668,0.24175842610098525
2244627,M1-T15760---- 06 001,56.08,58.224131799201,-0.3188781376178079,-0.8186093037732618,-0.15561605452388677,0.0815295419838095,0.16225337187705588,57.87942985396001,-1.7994298539600138,99.41144143677295,0.5444501158486137,0.04409137345421374
2237504,M1-T15760---- 06 001,55.3,56.79261215013942,-0.3188781376178079,0.21022165805146437,-0.08655635655002931,-0.07670289656782121,0.17725148719340755,56.62903621632048,-1.3290362163204819,99.1719629509844,0.5568289545497603,0.27119063234195206
2244627,M1-T15760---- 06 001,56.42,58.03140462847537,-0.3188781376178079,-0.8626601558363571,-0.057555100116748054,-0.050032480494740225,0.13549358248008891,57.64439758943756,-1.224397589437558,99.33750856666325,0.5458520249531799,0.1166222904955522
2244627,M1-T15760---- 06 001,56.42,58.192523170261,-0.3188781376178079,0.23049633443644332,-0.367385227426835,-0.050032480494740225,-0.059082678609404575,57.599283703307464,-1.179283703307462,98.99082815392312,0.542441007938613,0.4667138272195488
2243071,M1-T15760---- 06 001,62.18,59.642530901880924,-0.3188781376178079,-0.30989785176634743,0.09556942614865402,0.4438655606020589,-0.5632136414766921,58.88461252233997,3.2953874776600287,98.74516123129202,0.5279399219997144,0.7268822905427584
2243071,M1-T15760---- 06 001,62.18,59.642530901880924,-0.3188781376178079,-0.3107976725194773,-0.03634627074055768,-0.23292661710142845,-1.077884988825772,57.88224362515674,4.29775637484326,97.1331983738535,0.5193215802540446,2.3474637599976447
2237504,M1-T15760---- 06 001,55.3,56.447173326569796,-0.3188781376178079,-0.4323645282931961,-0.35944916021794937,0.04690762692028846,0.0897797776593645,55.95056636577568,-0.6505663657756813,99.12788214783743,0.5599875526525468,0.31211273833267966
2244784,M1-T15760---- 06 001,56.9,58.18055387145778,-0.3188781376178079,-0.7995395222546308,-0.03976663729781553,0.0218342120158821,0.051303732208764864,57.75371820381164,-0.8537182038116384,99.27168638942707,0.5440919408223301,0.1842046070587144
2244627,M1-T15760---- 06 001,56.42,58.192523170261,-0.3188781376178079,-0.877158949738497,-0.16044825217210806,-0.09049396876151557,0.07529313849339157,57.65027822278416,-1.2302782227841575,99.0767736512261,0.5429119643196662,0.3802973587663457
2244627,M1-T15760---- 06 001,56.42,58.01422094604537,-0.3188781376178079,-1.8626571660095395,-0.21456723036763042,0.21236183868893832,0.154736420601328,57.487182274226654,-1.0671822742266528,99.09969723024612,0.5447065629073768,0.3555791248801112
2244627,M1-T15760---- 06 001,55.06,58.224131799201,-0.3188781376178079,-1.5059699462095633,-0.5019606567485435,0.09172703667018647,0.17725148719340755,57.55666578033881,-2.496665780338809,98.86660248617383,0.5414661773251873,0.5919143561528969
2244784,M1-T15760---- 06 001,56.9,58.18814130333398,-0.3188781376178079,0.006732117604866282,-0.07690393770746132,-0.023112422246513956,0.16047866706508207,57.997829587504405,-1.0978295875044068,99.23688920898238,0.5438303012461394,0.21926343528459405
2243071,M1-T15760---- 06 001,62.18,60.77494876036024,-0.3188781376178079,-1.2072463321111746,0.13695411380850323,-0.37561459392149693,-0.5632136414766921,59.47643632139518,2.703563678604823,97.90808792568511,0.513710819544556,1.5781851448286692
2243071,M1-T15760---- 06 001,62.18,59.61821465125535,-0.3188781376178079,-0.9735609866070934,0.3128520026013128,-0.07951066485465598,-0.7852980426489632,58.35812353778655,3.821876462213453,97.93013144723204,0.5237959257121586,1.5460562008457859
2240408,M1-T15760---- 06 001,55.4,58.70143132273527,-0.3188781376178079,-0.461219337663068,0.004559578577196628,0.024073543296332992,-0.13532816485907123,58.151854887915995,-2.7518548879159965,99.07244389106008,0.5381817050343422,0.389357526558352
2244784,M1-T15760---- 06 001,56.9,58.18055387145778,-0.3188781376178079,-0.875130618313268,-0.009873941920588665,0.333670617838282,0.08226829105469369,57.94336833180528,-1.0433683318052829,99.3161949862013,0.5443358851903864,0.13945205826636306
2244784,M1-T15760---- 06 001,56.9,57.98023926885596,-0.3188781376178079,-1.887660286151199,-0.03593499705808648,0.20432356710426947,0.06702970050804932,57.45299208713614,-0.5529920871361398,99.09882115334531,0.5450209921171045,0.3561407627106967
2244784,M1-T15760---- 06 001,56.9,57.97823045017835,-0.3188781376178079,-0.9610233387115096,0.04116310643648825,0.018584633653804656,0.08226829105469369,57.60451137640162,-0.7045113764016193,99.35952609505203,0.5464737435028204,0.09398302406007786
2240408,M1-T15760---- 06 001,55.4,58.70143132273527,-0.3188781376178079,-0.28463409290263264,-0.12490363875074356,-0.09049396876151557,-0.07900280846357571,58.11614249895513,-2.7161424989551293,99.01276588819506,0.5378575219610927,0.4493597226629809
2240408,M1-T15760---- 06 001,55.4,58.67607983605325,-0.3188781376178079,-0.9782550438074404,-0.16407132601262847,0.09921435219517266,-0.14103111836318874,57.953060722853444,-2.553060722853445,98.78276101108264,0.5368399345691158,0.6803822190788574
2244620,M1-T15760---- 06 001,61.1,59.51738483211261,-0.3188781376178079,-0.98668182442632,-0.08655635655002931,0.0011357759621874965,0.15245023963897542,59.13296198416147,1.9670380158385328,99.35822840968798,0.5323346602284081,0.10942023609936175
2241387,M1-T33025W3-- 03 005,45.07333333333333,45.015850610268025,-0.012334072069548466,-0.20792780275982273,-0.044876380827550855,-0.044415501655911425,0.06942143041832215,44.99500290298834,0.07833043034499099,99.95368731850334,0.02738670859908899,0.01890376878813694
2244620,M1-T15760---- 06 001,61.1,59.51738483211261,-0.3188781376178079,-0.7852590180356941,0.05720821629574729,-0.03210607990405021,0.11406954906341785,59.19968836756914,1.9003116324308635,99.46510122697768,0.532907256034414,0.001974805047086586
2241387,M1-T33025W3-- 03 005,45.07333333333333,45.01551903885709,-0.012334072069548466,-0.2211893461606872,-0.9897207479954035,-0.09545546655055019,0.044735252590549765,44.35743124258149,0.7159020907518396,98.55912922628588,0.027004806985333703,1.4138440722507701
2244620,M1-T15760---- 06 001,61.1,58.96271294454002,-0.3188781376178079,-1.261281024223577,0.07459909924628516,-0.0028589400717003444,0.04256368533053179,58.49572667551482,2.6042733244851846,99.21420401478488,0.5365635165265487,0.24921564208763014
2244620,M1-T15760---- 06 001,61.1,59.24993838482014,-0.3188781376178079,-1.0184843832560206,0.11509883415372317,0.024073543296332992,-0.19872342774140214,58.588152624251514,2.511847375748488,98.89538206495135,0.5322465493053185,0.5723546945222441
2244620,M1-T15760---- 06 001,61.1,59.24993838482014,-0.3188781376178079,-0.26270739935368626,0.04235371905515834,0.07475660730871148,0.035113869534535255,58.98332002474863,2.1166799752513725,99.37748884128565,0.5348412070410267,0.08765317908390778
2239717,M1-T15760---- 06 001,54.15,56.13865468227747,-0.3188781376178079,-0.9512470850144538,0.3721030326572506,-0.11455357232135459,-0.9173281778351747,54.749668203249186,-0.5996682032491876,97.58551505060831,0.5543041149441048,1.8601634515025203
2239717,M1-T15760---- 06 001,54.15,56.5172823588193,-0.3188781376178079,-0.009459854660474679,-0.05266002274457536,-0.1010684020400602,0.08277891053146488,56.21138869534353,-2.061388695343531,99.41622243649601,0.5609197494366192,0.022840223656369747
2239717,M1-T15760---- 06 001,54.15,55.920571986396595,-0.3188781376178079,-0.9654301412410392,0.13375582707296116,-0.08939241800304398,0.12209797648952447,55.5971885961554,-1.4471885961553994,99.42501673188298,0.5669552910831233,0.008010197348675507
2239717,M1-T15760---- 06 001,54.15,56.5172823588193,-0.3188781376178079,0.4610148149652319,0.08145213125863332,0.1320020937504914,-0.2644155847207052,56.094410966954506,-1.944410966954507,99.25732318980252,0.5600232184333624,0.18263602946828222
2239717,M1-T15760---- 06 001,54.15,55.920571986396595,-0.3188781376178079,-0.9953252028978539,0.13375582707296116,0.1286502870933254,0.16047866706508207,55.74069527743017,-1.5906952774301715,99.18782890902148,0.565602765375087,0.24655058833333868
2239921,M1-T33025W3-- 03 005,49.39333333333334,43.75918197187844,-0.012334072069548466,-0.39825447255354585,-0.992328724602201,0.15464556054666195,-0.26694528173262116,42.8250504433771,6.568282889956237,97.90988573831748,0.027597124365664274,2.062494762610254
2239921,M1-T33025W3-- 03 005,49.6,43.71012751957447,-0.012334072069548466,-0.43830348482507736,-0.2251311404593322,-0.12361925663989355,-0.09030334232844103,43.31121218027595,6.28878781972405,99.09559305076243,0.027962677205995233,0.8764216009485352
2239921,M1-T33025W3-- 03 005,41.64,43.75918197187844,-0.012334072069548466,-0.5167007522289724,-0.17031282697930278,0.05900447305271422,-0.12915580294694284,43.421803384572485,-1.781803384572484,99.23488701495928,0.02797059252713142,0.7371197150130931
2239921,M1-T33025W3-- 03 005,41.64,43.71012751957447,-0.012334072069548466,-0.10866231118725964,-0.14934795603789516,-0.20157510324118874,-0.2020017467142557,43.25433809001183,-1.6143380900118274,98.9679840070207,0.027926668637007837,1.0040666824536284
2239921,M1-T33025W3-- 03 005,41.64,43.75918197187844,-0.012334072069548466,-0.09556571260564618,-0.188998743025017,-0.6326889996967542,0.026118459464027237,43.33824970809505,-1.698249708095048,99.04721349007974,0.02791769439976473,0.9248461809078086
2246491,M1-T15760---- 06 001,49.09,58.36552631227188,-0.3188781376178079,-1.188559275304593,-0.4919214174331866,-0.0676935817364831,-0.44767899124860644,56.96523955926078,-7.875239559260777,97.65702757664437,0.5335459653412506,1.8094097260436908
2246491,M1-T15760---- 06 001,49.09,57.926138461857725,-0.3188781376178079,-0.9240627033131397,0.21578399177550756,-0.15404128682818838,0.04256368533053179,57.5380556295199,-8.4480556295199,99.33448006820171,0.5468273019137753,0.11867548141186425
2246491,M1-T15760---- 06 001,49.09,57.926138461857725,-0.3188781376178079,-0.9166285471166039,0.16815358628259014,-0.0777902022927803,-0.11009807859227862,57.37014288492364,-8.280142884923634,99.04927292582624,0.5452572624668014,0.40545271247065945
2246491,M1-T15760---- 06 001,49.09,57.716362119597676,-0.3188781376178079,-0.5850325027687653,0.07655669224081561,0.025064844197007052,-0.2772464893573046,57.02358849675893,-7.933588496758929,98.81391242067863,0.5459387114202067,0.6401317472946471
2246494,M1-T15760---- 06 001,56.52,53.86246145938955,-0.3188781376178079,-0.9720147181738625,-0.22803795135321625,-0.08301619984877631,-0.11009807859227862,53.04945861909852,3.47054138090148,98.51302096469279,0.5832197007931046,0.9037410447779248
2248089,M1-T33025W3-- 03 005,45.18666666666667,46.228208946921434,-0.012334072069548466,-0.17440196252763165,-0.25966216077694626,0.10798675120348537,-0.39684255899057463,45.61523552070607,-0.4285688540394048,98.69135819316396,0.02633167826150813,1.282288779843865
2273329,M1-B15563R1-- 03 002,38.89,40.06782217751914,0.016098880439197497,-0.19999598742243554,0.20989685899225052,0.02779838158792061,0.5249153695553089,40.79561647974371,-1.9056164797437063,98.21597468888989,0.03946227041565617,1.7445385282629444
2273329,M1-B15563R1-- 03 002,38.89,40.06782217751914,0.016098880439197497,-0.08614146934447166,-0.29954300055447175,0.02779838158792061,0.2607967490881105,40.19820528262198,-1.3082052826219766,99.67562464107901,0.040048744268895875,0.2843017379257763
2273329,M1-B15563R1-- 03 002,38.89,40.06782217751914,0.016098880439197497,-0.15962051298417668,-0.3231279571154384,0.5131575740582218,0.36122746593469307,40.519156361216524,-1.6291563612165234,98.88609706410595,0.03973151938931982,1.0741467368261988
2278098,M1-T33025W3-- 03 005,41.60666666666666,44.6557735492205,-0.012334072069548466,0.36688852512265885,-1.0190800029481217,-0.09578105365078082,-0.20926333768365868,43.79829446637652,-2.191627799709856,98.11595778185351,0.027099951434505613,1.8569202950944232
2278098,M1-T33025W3-- 03 005,41.60666666666666,44.678041300097696,-0.012334072069548466,0.27164697192422427,-0.7081257851938086,-0.15437956588689292,0.37631873065404237,44.643230004020026,-3.036563337353364,99.92212241834713,0.02758506468472786,0.050270152039078995
2291876,M1-T33025W3-- 03 005,44.51666666666667,44.76695077762424,-0.012334072069548466,0.3057314103363963,-0.9336305553894367,-0.07144782353657694,-0.3119341362622857,43.84321533940601,0.6734513272606648,97.97826359691595,0.026994712471183215,1.9947198043190877
2291876,M1-T33025W3-- 03 005,44.51666666666667,44.787828929978396,-0.012334072069548466,0.07235240232305636,0.6402934835832457,-0.3095811180086138,-0.14739894228177008,44.86408363430854,-0.3474169676418697,99.7751489582907,0.02747697102990798,0.1973517933885829
2313107,M1-T33025W3-- 03 005,44.79333333333333,47.84470222204849,-0.012334072069548466,-0.255721986567052,-0.7960716359731749,-0.24527959861538515,0.15567230659581832,47.355552067485526,-2.5622187341521965,98.98795558535858,0.025518490480737722,0.9865052347319639
2313107,M1-T33025W3-- 03 005,44.79333333333333,48.298161294192596,-0.012334072069548466,-0.2264533089380879,-0.01118869946639117,-0.24094965647428945,-0.148366252950007,47.94796632931189,-3.1546329959785595,99.28013006024557,0.025353517534102317,0.6944958665454564
2309645,M1-T33025W3-- 03 005,42.59666666666666,45.6297859739788,-0.012334072069548466,0.13855906543557409,0.6402934835832457,-0.2035757716821179,-0.1258300978770382,45.794662024777764,-3.1979953581111076,99.58630090647473,0.026918921189344646,0.3867583474908516
2309645,M1-T33025W3-- 03 005,38.54,46.47078149783563,-0.012334072069548466,-0.27345760640826533,-0.18329210730075535,-0.1862567068318895,0.19988686037442624,46.43496500964794,-7.89496500964794,99.92296473611134,0.026521117328649806,0.05049264423928832
2315865,M1-T33025W3-- 03 005,45.26666666666667,46.06194469496071,-0.012334072069548466,0.4142714454643239,-0.1964355439626997,-0.1428137539584586,0.12794268047344112,46.08756634925545,-0.8208996825887738,99.8909187809302,0.026747932582885412,0.08231160027294708
2315865,M1-T33025W3-- 03 005,40.76,46.052373470975866,-0.012334072069548466,0.12596075978749646,-0.8305150801413265,-0.3310642831346456,-0.12081676498411704,45.2540040163218,-4.494004016321803,98.2959090200292,0.026326304913663515,1.6777433306829774
2323549,M1-T01139-A-- 02 001,55.735,58.70517466719504,0.016098880439197497,0.06364720025476965,0.03099066469836128,-0.20043091038664507,-0.1347190427909353,58.50028972940179,-2.7652897294017933,99.5977543632654,0.027312964293125103,0.3749157066876159
2323549,M1-T01139-A-- 02 001,55.735,58.70517466719504,0.016098880439197497,-0.037360007312616295,0.09652704090885526,-0.06386917314733132,0.179473540064316,58.95052648189617,-3.2155264818961697,99.58378357629284,0.027309133046043602,0.3888903272870764
2323549,M1-T01139-A-- 02 001,55.735,58.70517466719504,0.016098880439197497,0.0813781837370217,0.25773396915093133,-0.2120106405639564,-0.057145647934714584,58.72746990561479,-2.99246990561479,99.96201907785657,0.027412857601026266,0.010551036738699412
2341958,M1-T33025W3-- 03 005,45.0325,45.98791278936833,-0.012334072069548466,-0.3782324890711709,-0.04932285809789584,-0.09545546655055019,0.10478027533095688,45.94804807885016,-0.9155480788501578,99.91336817891089,0.026797012716674416,0.059813082366153646
2400178,M1-T33025W3-- 03 005,41.78,48.088058373889226,-0.012334072069548466,0.05184924686056589,-1.5994364317909555,-1.165042611589852,-0.4711260557159904,45.99582759666572,-4.215827596665719,95.83055339920764,0.024579510840311444,4.144847161812578
7422141,M1-T33025W3-- 03 005,44.0,46.289781311173336,-0.012334072069548466,0.2207963039661279,-0.6743497867612664,-0.16930578811438451,-0.36008943047472175,45.406578221878675,-1.406578221878675,98.12771459492954,0.026146468390028894,1.8461177381109226
7422141,M1-T33025W3-- 03 005,44.0,46.80795035553492,-0.012334072069548466,0.01687718009474201,-0.6176465327303395,0.053323219563466445,-0.47103509847619596,45.89916725383784,-1.8991672538378381,98.09544190183132,0.02584852019627735,1.8786886209680493
7422141,M1-T33025W3-- 03 005,44.0,46.26890315881918,-0.012334072069548466,0.281597791084398,-0.18340466144416262,0.12017240727637293,-0.5332497733748851,45.63832194275312,-1.638321942753123,98.655441333705,0.026298944655900987,1.3182383994476048
7422141,M1-T33025W3-- 03 005,44.0,46.26890315881918,-0.012334072069548466,-0.2754661571687834,-0.08995208234746994,-0.21980720744382212,-0.42659686227809923,45.54899014238879,-1.5489901423887886,98.46788465465094,0.026248946980601935,1.5058451167131817
7410630,M1-T33025W3-- 03 005,48.38,45.39903456004767,-0.012334072069548466,0.09824934435092673,0.6338275745368483,0.09173777129349413,-0.24902744285990366,45.55159091765723,2.828409082342773,99.61112547078315,0.027062487394097223,0.36179010057961863
7410630,M1-T33025W3-- 03 005,48.38,45.009938653850774,-0.012334072069548466,0.056692076719365124,-0.34947295154451535,0.09741352083756522,-0.26093196252176215,44.53821445721605,3.8417855427839527,98.96280376892581,0.027118773995175958,1.0100554702008333
7410630,M1-T33025W3-- 03 005,48.38,45.33150440515161,-0.012334072069548466,-0.45688146686664666,-0.2589952587081525,-0.021624596909426887,-0.25369026615616574,44.76812458295023,3.6118754170497738,98.7724346429246,0.026874606156511098,1.2006689620027848
7410630,M1-T33025W3-- 03 005,48.38,45.33150440515161,-0.012334072069548466,0.18100460461663911,-0.2892186182517057,-0.08307114964035867,-0.26093196252176215,44.833945747487185,3.5460542525128176,98.91429473822778,0.026913204316052073,1.0587702372461287
7521257,M1-B00460B--- 04 009,58.64,52.30413967657581,0.4848854907699028,0.030830010022553336,0.46492786962403654,-0.20502987173809042,-0.18595460001509084,52.767346561589974,5.872653438410026,99.04077400146092,0.9181574270198063,0.04104963596757546
7521257,M1-B00460B--- 04 009,58.64,52.30413967657581,0.4848854907699028,1.666037749308142,1.1157903241342764,-0.18515372735584854,0.051944098123076925,53.76648742993041,4.873512570069593,97.28016920711569,0.9018357414890479,1.8179764524526547
7511035,M1-T19327---- 01 003,34.15,31.830289831301258,-0.3365671686358123,-0.18930478422514602,0.31394751296127815,-0.03531506664907034,-0.40643996156892775,31.16330666671148,2.9866933332885175,97.94754175395491,1.0356778709111403,1.0167496033306604
7511035,M1-T19327---- 01 003,34.15,31.830289831301258,-0.3365671686358123,-0.19732816737427805,0.46158879683120574,0.20122148946804666,-0.5969460341425395,31.14588498675318,3.0041150132468175,97.89506055376712,1.0351229451141266,1.0697857458032662
7555805,M1-B00460B--- 04 009,56.95,52.1482870875629,0.4848854907699028,-0.059249649368716115,-0.14878319203547746,0.18623684995977507,-0.12525629196412774,52.474797689543585,4.475202310456417,98.78149005177627,0.9184905959099311,0.300000409891014
7555805,M1-B00460B--- 04 009,56.95,52.1482870875629,0.4848854907699028,-0.06941028713698294,-0.02891436215003508,0.10557349568058452,-0.12525629196412774,52.50785481431376,4.442145185686243,98.84338400290142,0.9190660985878351,0.23753094421913173
7528260,M1-B00460B--- 04 009,50.79,52.82846733320788,0.4848854907699028,1.1599005335481594,1.0141219198666374,0.12613004176658715,-0.15671902364323717,54.03931637677401,-3.2493163767740114,97.75930026380463,0.897282633371806,1.3433985977816387
7550793,M1-T33025W3-- 03 005,50.58,46.04081657528085,-0.012334072069548466,-0.48683464075265803,-0.26892528928099374,-0.09013291366525886,-0.6572106447197835,44.96564594427042,5.614354055729578,97.7180136370607,0.026178098312437986,2.2557870404130242
7550793,M1-T33025W3-- 03 005,50.58,46.0380496376543,-0.012334072069548466,0.25751103914277723,-1.3544683777726045,-0.05882295143165718,-0.656823165873748,44.45294818702693,6.127051812973072,96.6715534743925,0.025899314089386293,3.3025262133319884
7550793,M1-T33025W3-- 03 005,50.58,46.03124535129601,-0.012334072069548466,-0.07240720538504043,-0.20588820736057245,-0.3618430223908967,-0.555670790252888,45.061254191476465,5.5187458085235335,97.93622247956733,0.026242010553127606,2.0375142338480603
7550793,M1-T33025W3-- 03 005,50.58,46.03124535129601,-0.012334072069548466,0.07859943875162641,-0.3226386762188134,-0.12014520229181151,-0.555670790252888,45.134546504564824,5.445453495435174,98.08917976064492,0.026282995456185856,1.8845159346384057
7555609,M1-T33025W3-- 03 005,43.88,48.45863853500189,-0.012334072069548466,-0.16352438180682677,-0.43266801016928197,-0.007721505792785425,-0.2877335491772456,47.81190669174316,-3.9319066917431584,98.68295115875928,0.025117557331882246,1.2919109195415837
7555609,M1-T33025W3-- 03 005,43.88,48.43776038264773,-0.012334072069548466,-0.2078218615313898,-0.20588820736057245,-0.2539477235598931,-0.20508754772332596,47.89940057212754,-4.019400572127537,98.90075061382596,0.025183843682425208,1.0740451243818816
7555609,M1-T33025W3-- 03 005,43.88,48.50669460254682,-0.012334072069548466,0.24024792688209265,-0.26541579720870206,-0.4590970409553698,0.1767337242323778,48.360894692514464,-4.480894692514461,99.70030338315952,0.02535136103087863,0.2743247018831328
7555609,M1-T33025W3-- 03 005,43.88,48.43776038264773,-0.012334072069548466,-0.12828317543992954,-0.14900230361070613,-0.32937268940042463,0.253504333337771,48.44414527672835,-4.564145276728347,99.93591130127093,0.025447434451726827,0.03862063245815758
7555805,M1-B00460B--- 04 009,56.95,52.1482870875629,0.4848854907699028,0.07856142970463029,0.3080771018904914,0.025844778124669412,-0.10601345384288864,52.72760854219131,4.2223914578086905,98.90127513692876,0.9196043822497115,0.1791015154286653
7569403,M1-T10035B6-- 03 002,44.73,42.18225188722451,0.016098880439197497,-0.32670735738095213,0.2092730639199872,0.06641967797044049,0.09676117778931287,42.40841828078933,2.32158171921067,99.46667112474131,0.037961511642463204,0.4953437833978361
7569403,M1-T10035B6-- 03 002,44.73,42.18225188722451,0.016098880439197497,-0.2536030229575517,0.1358621752235895,-0.19045229670642783,0.30679898469803146,42.49684243313415,2.2331575668658488,99.25970859511385,0.03788252427524596,0.7023853494564021
7660102,M1-B00460B--- 04 009,52.35,53.41668229910783,0.4848854907699028,-0.15546702181859423,0.16995525941037895,-0.22669892001440195,-0.2084799515168771,53.62610405040866,-1.2761040504086552,98.59652869781176,0.8950017887323142,0.5084510554528257
7660102,M1-B00460B--- 04 009,52.35,53.41668229910783,0.4848854907699028,-0.05793388114350859,0.795666320978798,-0.18078167352938895,0.28312120032887433,54.620971166072685,-2.270971166072684,97.79517166983281,0.8877275369617214,1.3170824852223633
7660102,M1-B00460B--- 04 009,52.35,53.41668229910783,0.4848854907699028,1.5032229251202476,0.9007501908819353,0.04686940416277047,-0.3487128420683322,54.36329472433077,-2.0132947243307697,98.2587106688544,0.8919352736716316,0.8493356627129127
7717432,M1-B00460B--- 04 009,57.78,52.33629023929739,0.4848854907699028,-0.07580225635351755,1.0141219198666374,-0.2740903395806604,-0.0033259207967496086,53.29525440596889,4.484745594031111,98.20063906735379,0.9098097104394836,0.8895324588135483
7717432,M1-B00460B--- 04 009,57.78,52.33629023929739,0.4848854907699028,1.0110798170172763,0.5227153521722495,-0.21827424646090762,-0.17831527292897686,53.02555215373438,4.75444784626562,98.70011389518395,0.9144372470094675,0.3854299989777554
7748652,M1-T33025W3-- 03 005,46.92,46.3453811266773,-0.012334072069548466,-0.5704468203370385,-0.4727292445828413,0.03409244517082103,0.048006384594614974,46.00460015829195,0.9153998417080516,99.27003874361034,0.02641911194696741,0.7035207248240848
7753081,M1-B00460B--- 04 009,55.89,53.46407486702674,0.4848854907699028,-0.3888866695160805,1.0777662451267744,-0.22982337555521445,1.2706126860246065,55.89779015048165,-0.007790150481646663,95.6461161675359,0.8674500417986927,3.486415900873719
7753081,M1-B00460B--- 04 009,55.89,53.46407486702674,0.4848854907699028,-0.23295180781577174,0.9007501908819353,-0.21827424646090762,0.44500967746049047,54.86881007142,1.0211899285800001,97.43981153127628,0.8837177291925571,1.6764525142440403
7775201,M1-T19012W--- 01 001,85.31,97.01385148308006,0.016098880439197497,-0.6565761851898453,0.1365777453244017,-0.06065783982557245,0.3746414355171533,97.39250518464485,-12.082505184644845,99.61119835456874,0.01652989493974552,0.3722614827620248
7775201,M1-T19012W--- 01 001,85.31,96.72894176590177,0.016098880439197497,-0.30495230503443327,-0.059091282705673334,0.3787918577478349,0.5963178451896622,97.52240441657496,-12.212404416574955,99.18636894357043,0.016507877225465126,0.7971129251511568
7775201,M1-T19012W--- 01 001,85.31,103.76788151434124,0.016098880439197497,-0.8850164247427306,0.13993496326524857,-0.033181418829197444,0.4952035184920828,104.2575241213064,-18.9475241213064,99.53034319189302,0.015441455214609262,0.45420576125940626
7775201,M1-T19012W--- 01 001,85.31,103.76788151434124,0.016098880439197497,-0.2160026214301785,0.027847601747966425,0.7712923784071956,0.4550798500494992,104.65715380306735,-19.347153803067343,99.15029009347181,0.015382492563519728,0.8343178589570335
7775201,M1-T19012W--- 01 001,85.31,97.01385148308006,0.016098880439197497,-0.40856344612304124,-0.2626010296616883,0.7737639115678765,0.2613204324935868,97.46435617976721,-12.154356179767206,99.53776470894378,0.01651770905635817,0.44570732183977313
7765906,M1-T33025W3-- 03 005,44.14,48.63853861116323,-0.012334072069548466,0.2600979162303934,-0.6123126097959155,-0.256474070528623,0.40097818893463666,48.639946750534406,-4.499946750534406,99.94639579865921,0.025345047036206516,0.028238605497258668
7765906,M1-T33025W3-- 03 005,44.14,48.09410131940627,-0.012334072069548466,0.149787860122186,-0.3229775683236318,-0.42780936711693196,0.44388028489359344,48.21973272628222,-4.0797327262822165,99.68844152451408,0.025565805130621864,0.28597194256564484
7765906,M1-T33025W3-- 03 005,44.14,48.11497947176043,-0.012334072069548466,-0.6780557240115251,-0.4118540034341604,0.038848634295253065,0.5422932779240229,48.36536078775112,-4.2253607877511214,99.43157834504545,0.02548886577030631,0.5429121237741071
7765906,M1-T33025W3-- 03 005,44.14,48.07183356852907,-0.012334072069548466,0.08813483338529286,-0.3812736134545765,-0.4492452912969606,0.36939007838547594,48.05324294205368,-3.913242942053678,99.96132156677984,0.025647662109962197,0.013009976953993363
7765906,M1-T33025W3-- 03 005,44.14,48.66681783224965,-0.012334072069548466,-0.16268955428918394,-0.5712329712948756,0.29514830570188,0.5320269940633431,49.02927396254894,-4.889273962548941,99.21079901249055,0.025143890634383423,0.7640367111577587
7803398,M1-T33025W3-- 03 005,42.44,46.361192896602475,-0.012334072069548466,0.1797186708304445,-1.4935297463116588,0.07876772219622424,-0.7996376695732607,44.576437728194755,-2.136437728194757,96.29301141749468,0.02561808418661874,3.681349728143158
1827617,M1-T15215---- 08 005,78.63,65.59245679187605,0.016098880439197497,-0.26852416500490955,0.1262761550891405,0.00101591280593849,0.43615882470228867,66.22785323132403,12.402146768675962,99.0405753583977,0.024308319268834797,0.9351012229485286
1827617,M1-T15215---- 08 005,78.63,65.59245679187605,0.016098880439197497,0.19121050603076448,0.1262761550891405,-0.09398474281886028,0.08682979187084587,66.8069913161132,11.823008683886798,98.18201011823558,0.024097594746128208,1.7938773185272476
1827617,M1-T15215---- 08 005,78.63,65.59245679187605,0.016098880439197497,0.38037264357103634,0.1262761550891405,-0.24961345089518097,0.07934368854521569,67.24717400179377,11.38282599820623,97.53933605625244,0.023939858119215923,2.436709215117192
1827617,M1-T15215---- 08 005,78.63,65.59245679187605,0.016098880439197497,-0.14122019113978265,0.3040616165263092,-0.33251656685491504,0.15942416066262202,66.68682205973681,11.943177940263183,98.35893348947742,0.024141018461900275,1.6169104965965064
1895567,M1-T15215---- 08 005,75.67,67.9146356689265,0.016098880439197497,0.7941475682865081,0.2044004195937238,-0.3621520111464819,0.5551229501132202,67.7550481156841,7.914951884315897,99.71838883442807,0.02363782715791516,0.257958655512748
1895567,M1-T15215---- 08 005,75.67,67.9146356689265,0.016098880439197497,0.735586217927367,0.1262761550891405,-0.2257498797080961,0.5693593047520923,67.84619559577152,7.823804404228483,99.85202173857145,0.023669504279132954,0.12429405457156242
1899501,M1-T25045---- 08 004,66.37,62.03227235520454,0.016098880439197497,0.2857475361609486,-0.12048021931540417,-0.3076505472845347,0.9707125222739555,61.46294702443586,4.907052975564142,99.03960315462949,0.025703181092610324,0.9346776984589275
1905456,M1-T25045---- 08 004,66.27,61.592175192567474,0.016098880439197497,-0.3344386764092748,-0.13850592664616113,-0.203544617993476,-0.30215605728226347,60.828560789531494,5.441439210468502,98.72439860608591,0.025804451371005406,1.2497809138189442
1911891,M1-T25045---- 08 004,65.67,63.51052067293127,0.016098880439197497,-0.19387130373529274,-0.1400270783861104,-0.26044651536364527,-0.0715697868260306,63.595793603139626,2.074206396860376,99.86589849427715,0.025314375362972406,0.10877140605192709
1919824,M1-T25045---- 08 004,65.6,62.268898901877776,0.016098880439197497,-0.08607845398076357,-0.1400270783861104,0.08982553230992278,-0.167066633489211,62.330904228052404,3.2690957719475904,99.90050631064429,0.02582808328511905,0.07364956266720354
1923756,M1-T11923---- 09 002,50.97,57.68005760752865,0.016098880439197497,0.9979669600611277,0.001168133343388421,-0.47097932321885816,0.7632435335315649,57.29166885277018,-6.3216688527701805,99.27608987887596,0.027708604459202903,0.6961843051546578
1923756,M1-T11923---- 09 002,50.97,57.68005760752865,0.016098880439197497,0.9865473495084491,0.001168133343388421,0.0012360553628677148,0.641427087579766,57.60359857146625,-6.633598571466251,99.81195847795459,0.02785816888173498,0.16016604874988663
1923756,M1-T11923---- 09 002,50.97,57.68005760752865,0.016098880439197497,0.9215436573194927,0.001168133343388421,0.05167541002030888,1.3135080352285444,57.02163148749665,-6.05163148749665,98.81681394669243,0.02758041754976649,1.1555885038723566
1931932,M1-T25045---- 08 004,68.65,63.058870177650164,0.016098880439197497,-0.3374667898588265,-0.13850592664616113,0.004453724228380419,-0.7883761936403126,61.86199837992714,6.788001620072869,98.08816494592864,0.02504183210888655,1.8867776669478038
1935851,M1-T25045---- 08 004,69.03,57.902486870587836,0.016098880439197497,-0.06787973807419743,-0.1400270783861104,0.1631620200479094,0.0522367659842574,57.86215103561049,11.167848964389513,99.87487096553104,0.027768645069562597,0.09734314059431284
1939667,M1-T25045---- 08 004,61.37,62.37601566320741,0.016098880439197497,-0.08893487394641267,-0.1800496722545097,-0.09659517986536241,-0.6095283415165565,61.98811573694556,-0.6181157369455619,99.33099741715517,0.02563674249344943,0.6433499158014712
1955921,M1-T25045---- 08 004,54.6,60.45213667999116,0.016098880439197497,-0.01103814993790012,-0.1400270783861104,-0.4943561034162756,-0.9265587037655988,61.26398226131525,-6.6639822613152475,98.67482422976745,0.026277883378101413,1.298881564052686
1978715,M1-T25045---- 08 004,56.71,60.36750784530298,0.016098880439197497,0.060195417391929656,-0.1400270783861104,-0.02269587928735134,-0.724692251648896,58.54558455291975,-1.835584552919748,97.02011858561895,0.025873443265360348,2.953991899536467
1978715,M1-T25045---- 08 004,56.71,60.345847874641976,0.016098880439197497,0.36614775663837656,-0.1400270783861104,0.1131778374349036,-0.7260501451495912,59.550180188726564,-2.8401801887265634,98.64668128430935,0.02631665944968943,1.3269857093530208
1978715,M1-T25045---- 08 004,56.71,60.345847874641976,0.016098880439197497,-0.13584316112619185,-0.13850592664616113,-0.11637854615764971,-0.8646926227915223,59.08962176123483,-2.37962176123483,97.90954994894872,0.026120009810088572,2.0643138165043706
1978715,M1-T25045---- 08 004,56.71,60.345847874641976,0.016098880439197497,-0.030319741930902946,-0.1400270783861104,-0.2055262208777266,-0.7298646600407828,61.20573086054929,-4.495730860549287,98.59507789005202,0.0263028928542456,1.3786028787570532
1978715,M1-T25045---- 08 004,56.71,60.345847874641976,0.016098880439197497,0.18647110432540787,-0.1400270783861104,-0.13434274492467108,-0.7530417574522599,58.95804125493877,-2.2480412549387694,97.70097214102843,0.026064366061425794,2.2729473027370775
1984422,M1-T25045---- 08 004,56.74,60.867985532985195,0.016098880439197497,-0.1460773297636788,-0.14853571227323778,0.18115952330671542,-0.9803655769982901,59.41460376978402,-2.674603769784021,97.61747498404064,0.025818696721822475,2.3566902816647315
1984422,M1-T25045---- 08 004,56.74,60.84632556232419,0.016098880439197497,-0.13584316112619185,-0.1641353016472824,-0.03097442423334118,-0.9993898153880029,58.5816749970478,-1.8416749970477966,96.36246038810555,0.02549583256306922,3.612027942309274
1984422,M1-T25045---- 08 004,56.74,60.84632556232419,0.016098880439197497,-0.15885121140793246,-0.14853571227323778,0.18115952330671542,-0.9993898153880029,58.86121075891732,-2.1212107589173215,96.79095530659897,0.02560920487270135,3.1834195810837342
1984422,M1-T25045---- 08 004,56.74,60.84632556232419,0.016098880439197497,0.051357919022603164,-0.1641353016472824,0.18115952330671542,-0.9417235567885613,58.806389467151845,-2.0663894671518435,96.70662068673022,0.025586891397736268,3.267776528287717
1984422,M1-T25045---- 08 004,56.74,60.50921001792566,0.016098880439197497,-0.12442355057351323,-0.14853571227323778,-0.3105335360542675,-0.9911357510696485,59.517807606768706,-2.777807606768704,98.33648097247078,0.02616307913321354,1.6373396969062122
1993355,M1-T25045---- 08 004,54.73,60.96252214499706,0.016098880439197497,0.12043302312291991,-0.18157082399445895,-0.3109692869164001,-0.9905570021030168,59.48145122264785,-4.751451222647852,97.57781626939314,0.025768185802789282,2.396399538606687
2022369,M1-T25045-M-- 01 001,60.26,60.65746953442842,0.016098880439197497,-0.021242581594320076,-0.1318993009030177,0.2894957535729848,-0.3688002199684225,60.67121770023517,-0.41121770023517,99.96957674099683,0.02653256517067552,0.0038742128322989972
2024~1403506,M1-T25045---- 08 004,54.33,62.38047714722004,0.016098880439197497,0.0625020602688031,-0.029128967134837994,0.7688930883241607,-1.2082475281871825,61.59024572488629,-7.260245724886289,98.69873222477213,0.025471736707576405,1.275780216465587
2024~1403506,M1-T25045---- 08 004,54.33,62.06830374196211,0.016098880439197497,0.019098780772521216,-0.029128967134837994,0.9602190884188512,-1.157826159569789,60.749534999572745,-6.419534999572747,97.86977004777758,0.02538483624687366,2.104829347900029
2024~1403506,M1-T25045---- 08 004,54.33,62.38047714722004,0.016098880439197497,0.17097964904428256,-0.0566945143083165,1.1899271774668,-1.1225069576449007,61.74232580771838,-7.412325807718382,98.93679586144177,0.025533175128680818,1.0376551032116745
2024~1403506,M1-T25045---- 08 004,54.33,62.38047714722004,0.016098880439197497,-0.3154792452764195,-0.0566945143083165,0.9356323565073718,-1.011728358594709,61.53366988232398,-7.203669882323979,98.61046145711914,0.02544895617431168,1.364073778802222
2024~1403506,M1-T25045---- 08 004,54.33,62.38047714722004,0.016098880439197497,0.25353975562421716,-0.0566945143083165,0.9602190884188512,-1.1225069576449007,61.30691687861471,-6.976916878614709,98.25825574278963,0.02535806046552107,1.7163704453014037
2024~1415992,M1-T25045---- 08 004,61.195,61.49752030212489,0.016098880439197497,0.012106447632606161,-0.029128967134837994,0.38249716738726314,-0.6798791753687274,58.991834094212585,2.203165905787415,96.03673373915628,0.025140589191923895,3.9381100552930732
2024~1415992,M1-T25045---- 08 004,61.195,61.475860331463885,0.016098880439197497,-0.27950454011430986,-0.0566945143083165,0.22388252425409888,-0.6885700685396225,60.75396082694066,0.4410391730593375,98.7881927397314,0.02586998043047092,1.1859212104098735
2024~1415992,M1-T25045---- 08 004,61.195,61.475860331463885,0.016098880439197497,-0.007082422041867452,0.001168133343388421,0.9200223752797885,-0.12176283644977508,60.40801151193202,0.7869884880679834,98.24204480781404,0.025726958922343238,1.7322122526747665
2024~1412499,M1-T25045---- 08 004,61.3,63.446618304995056,0.016098880439197497,0.1308132101476153,-0.04337315113388196,0.5687388008872705,-0.6891015892500729,63.14002923935319,-1.8400292393531927,99.46884906867547,0.025239124658833344,0.5058961291005671
2024~1461982,M1-T11923---- 09 002,44.8,57.92322934132718,0.016098880439197497,1.3073700782151791,0.014489496517822964,0.9739622825656084,0.7026294976244165,57.787072829023664,-12.987072829023667,99.71017446293665,0.027712926152496882,0.2620953967162036
2025~1696714,M1-T11923---- 09 002,49.21,57.703933228014975,0.016098880439197497,-0.2433996483830423,-0.22255684903801404,1.0018996287107786,0.1506146835904761,56.28987840913562,-7.079878409135617,97.55493188144662,0.02721695206473348,2.4178342603738656
2025~1733855,M1-T11923---- 09 002,45.49,55.99123359706405,0.016098880439197497,0.007685555131468201,0.014489496517822964,-0.7976048005396357,0.75049684858855,55.6128442256173,-10.1228442256173,99.27201453035248,0.028543187749416235,0.6994245519771635
2025~1733855,M1-T11923---- 09 002,45.49,58.24907141280065,0.016098880439197497,0.3815708444316454,0.014489496517822964,-0.10590888185803189,1.4986001136851521,58.35290663565717,-12.862906635657168,99.8220393617942,0.027588818806976487,0.15035468229484802
2025~1733855,M1-T11923---- 09 002,45.49,58.24907141280065,0.016098880439197497,1.486885666649492,0.014489496517822964,-0.4696526171315619,0.9635010696762192,59.20703259263832,-13.717032592638319,98.3819979213811,0.02719082010220047,1.5907943686340773
2025~1733855,M1-T11923---- 09 002,45.49,58.24907141280065,0.016098880439197497,1.2937097173325705,0.014489496517822964,-0.4696526171315619,0.964577907090291,58.89867706453795,-13.408677064537947,98.89706259321963,0.027333173694614323,1.0755872547785945
2029840,M1-T25045---- 08 004,55.28,60.35626865603416,0.016098880439197497,0.45560483629042514,-0.1400270783861104,0.13972738450073566,-0.48610028621404167,59.77797837004638,-4.497978370046376,98.99863797953856,0.02640599347780671,0.9749396246048663
2029840,M1-T25045---- 08 004,55.28,60.334608685373155,0.016098880439197497,-0.13584316112619185,-0.1400270783861104,0.10326676145832071,-0.5407864760168491,58.19955280191255,-2.919552801912552,96.53248204644788,0.025757437080079937,3.441744516951348
2029840,M1-T25045---- 08 004,55.28,60.334608685373155,0.016098880439197497,-0.16383557698666038,-0.1400270783861104,0.1987649280567953,-0.5045980034050783,58.84703928114107,-3.5670392811410707,97.54297590346442,0.026027063752782572,2.4309808657804717
2029840,M1-T25045---- 08 004,55.28,60.334608685373155,0.016098880439197497,0.046608299863237515,-0.1400270783861104,0.25297583483910707,-0.473490697177877,59.974429289037055,-4.694429289037053,99.35385053752435,0.026510253332682403,0.6196227420020259
2029840,M1-T25045---- 08 004,55.28,60.35626865603416,0.016098880439197497,0.08336209453242069,-0.1400270783861104,0.25297583483910707,-0.5459588844087359,58.877775760586815,-3.5977757605868135,97.55814666029886,0.02602176996567574,2.4158154060214336
2033291,M1-T25045---- 08 004,56.9,60.33173371804273,0.016098880439197497,-0.02101369970700161,-0.1400270783861104,-0.05383554461268972,-0.4532233503127411,58.82131301153671,-1.9213130115367107,97.50683738320986,0.02601866083233608,2.467127794175059
2028005,M1-T25045-M-- 01 001,58.97,59.32595093297579,0.016098880439197497,1.2450121109164236,-0.05377503639843455,0.3897731552894879,-0.7565152185759566,59.48670639480441,-0.5167063948044088,99.72974561116865,0.02706298383045997,0.2431745945251927
2028005,M1-T25045-M-- 01 001,58.97,59.32595093297579,0.016098880439197497,0.20900540149320312,-0.05377503639843455,0.2249781549915958,-0.7238823272790137,59.72429636280688,-0.7542963628068833,99.33300953315187,0.02695532425508925,0.6400183989912928
2042770,M1-T25045---- 08 004,53.835,60.282629399258546,0.016098880439197497,-0.09170503014702505,-0.1400270783861104,-0.03836573187120424,-0.32341934598682526,58.664216853341536,-4.829216853341535,97.33483982411785,0.025993921707008115,2.6391501077593786
2042770,M1-T25045---- 08 004,53.835,60.282629399258546,0.016098880439197497,0.5157706836996285,-0.1400270783861104,0.19194020302580278,-0.37471917909169966,59.230319607914666,-5.395319607914665,98.23273916729462,0.026233711747958365,1.7410108255933783
2042770,M1-T25045---- 08 004,53.835,60.282629399258546,0.016098880439197497,-0.05438555107361821,-0.1400270783861104,0.021276934814322135,-0.3409561416629036,60.13293716318344,-6.297937163183441,99.69916246968278,0.026625329924764213,0.27419566177040017
2042770,M1-T25045---- 08 004,53.835,60.282629399258546,0.016098880439197497,0.3227786636560746,-0.1400270783861104,0.10647326814870149,-0.29101420205872447,59.4934076076942,-5.658407607694201,98.65568741825805,0.026346662914688852,1.3179495533023338
2042770,M1-T25045---- 08 004,53.835,60.282629399258546,0.016098880439197497,-0.09996677631264607,-0.1400270783861104,0.18115952330671542,-0.2896563085580291,58.48048657339859,-4.645486573398593,97.0469417747742,0.025917036602273142,2.9271250899658012
2043067,M1-T25045---- 08 004,56.95,60.31400266832438,0.016098880439197497,-0.16383557698666038,-0.1400270783861104,0.1266728440750478,-0.3986165788431286,58.48650332267935,-1.5365033226793443,97.00885291667804,0.025893388857600796,2.965237610495699
2043067,M1-T25045---- 08 004,56.95,60.31400266832438,0.016098880439197497,-0.16245319130855473,-0.1400270783861104,0.09596318997233598,-0.42156690614463926,58.31831251883448,-1.368312518834479,96.74713492603819,0.025823531669324502,3.227025501716395
2043067,M1-T25045---- 08 004,56.95,60.31400266832438,0.016098880439197497,0.06258710451951259,-0.1400270783861104,0.10647326814870149,-0.4742246327502088,60.67417804409,-3.724178044089996,99.40636144071036,0.026533326539943072,0.5670887512765631
2043067,M1-T25045---- 08 004,56.95,60.349741832467586,0.016098880439197497,0.10890129327548902,-0.1400270783861104,0.028580506300306854,-0.5368950947298194,60.44195251752455,-3.4919525175245454,99.84742274867361,0.026635270875808817,0.12592543565357692
2043067,M1-T25045---- 08 004,56.95,60.31400266832438,0.016098880439197497,-0.11184999264797235,-0.1400270783861104,0.10326676145832071,-0.5201517486670181,58.63353542782815,-1.6835354278281471,97.23880906455305,0.02595476824492577,2.7352200451068556
2048636,M1-T25045---- 08 004,55.14,59.12664908551761,0.016098880439197497,-0.3296496088542706,-0.1806705674053067,-0.3638547566319514,-0.6165625773774829,57.945242073756674,-2.8052420737566734,97.9887148397425,0.026680162481624962,1.9845884250939594
2048636,M1-T25045---- 08 004,55.14,59.11822804918248,0.016098880439197497,-0.11168509286569217,-0.14853571227323778,0.10326676145832071,-0.7981616585300058,57.38623969189583,-2.2462396918958305,97.10228995922404,0.0264425746171777,2.8712510410572287
2048636,M1-T25045---- 08 004,55.14,59.12664908551761,0.016098880439197497,-0.06558811140244358,-0.14853571227323778,0.10326676145832071,-0.9092262685225119,57.037824436071766,-1.8978244360717653,96.5369588553842,0.02628488139635206,3.4367399360708033
2084739,M1-T25045---- 08 004,56.98,60.7974404141223,0.016098880439197497,0.3030135579199459,-0.1800496722545097,-0.48618371216498485,-0.9224641153317068,58.71227367741513,-1.7322736774151366,96.63453750828481,0.025588377652846987,3.3398582195547992
2084739,M1-T25045---- 08 004,56.98,60.7974404141223,0.016098880439197497,0.20101359886714107,-0.1400270783861104,0.09201184858663845,-0.8745019857823558,59.626994340128974,-2.646994340128977,98.06023869892547,0.025965896720324275,1.9137792753464646
2084739,M1-T25045---- 08 004,56.98,60.7974404141223,0.016098880439197497,-0.17700799046670354,-0.1400270783861104,-0.25739765920358815,-0.9905570021030168,57.56460471176032,-0.5846047117603206,94.90334550641093,0.025129966034436343,5.071508917794604
2084739,M1-T25045---- 08 004,56.98,60.7974404141223,0.016098880439197497,-0.17700799046670354,-0.1400270783861104,-0.04505592307360244,-0.970850405314895,57.82430974413045,-0.8443097441304559,95.28964335836902,0.025232255915231178,4.6851087124172315
2084739,M1-T25045---- 08 004,56.98,60.7974404141223,0.016098880439197497,-0.1436906144857131,-0.1400270783861104,-0.22511877794698937,-0.9195505722100208,58.937034139045565,-1.957034139045568,96.98099793889588,0.025680118769106627,2.993305990841445
2101459,M1-T25045---- 08 004,58.07,56.370358554015816,0.016098880439197497,-0.05994508317300713,-0.14853571227323778,-0.15191475457742196,-1.2414373736391895,55.0884873252145,2.981512674785499,97.72195232260988,0.027908533262550612,2.2501218084293697
2111618,M1-T25045---- 08 004,56.66,61.309220386280714,0.016098880439197497,0.09708417042975788,-0.1800496722545097,-0.2944074710161287,-0.9212884428794799,58.79664676131432,-2.1366467613143243,96.01468770128724,0.025212014897123054,3.960084623090051
2111618,M1-T25045---- 08 004,56.66,61.28756041561971,0.016098880439197497,-0.14873874568580067,-0.1400270783861104,-0.31062401362776454,-0.9247229806019073,60.66628033789344,-4.006280337893443,98.94498421156428,0.025990649000841793,1.029008995051996
2121469,M1-T13127---- 19 001,62.99,62.71673533810799,0.016098880439197497,-0.7224952298233863,-0.045788934058723384,0.7743487345246324,-0.3218288924455369,63.092301422982324,-0.10230142298232181,99.40471972510817,0.025516390311440127,0.5697480347885895
2133133,M1-T14885---- 17 002,65.07,66.63315157403764,0.016098880439197497,0.10928398366140664,-0.05685057838071775,0.946694676947819,-0.2225499239016973,66.19576672682912,-1.1257667268291272,99.30018866767595,0.023991389078669097,0.6758050407251758
2133133,M1-T14885---- 17 002,65.07,66.63315157403764,0.016098880439197497,-0.01406883427562277,-0.02662318146986262,0.9473726790376137,-0.3212566952882991,67.23674727007987,-2.166747270079881,99.10226828218731,0.023943570589715878,0.8737732744057699
2133133,M1-T14885---- 17 002,65.07,66.39286686507505,0.016098880439197497,-0.4264825460535847,0.0009423657036158961,0.9035731437103839,-0.35109372645926706,67.00343883354454,-1.9334388335445425,99.08873053686185,0.024026942970042715,0.8872275955632185
2133133,M1-T14885---- 17 002,62.83,66.19983168508202,0.016098880439197497,0.1154665929397789,-0.02662318146986262,1.0573958015168055,-0.30901630723573814,65.98798843715626,-3.1579884371562628,99.63269604528,0.024229289118106928,0.34305961530741175
2135375,M1-T25045---- 08 004,58.16,61.460217580642436,0.016098880439197497,-0.19191822204969042,-0.1400270783861104,0.01590300643484283,-0.9109099114255361,60.76696403709135,-2.606964037091352,98.83339489503646,0.025888405060191667,1.1407006190304203
2143714,M1-T14885---- 17 002,66.67,65.04512710435006,0.016098880439197497,0.005292896795892158,0.17872782714078464,0.9464731069255518,-0.2841294772065359,65.47424618491303,1.1957538150869738,99.34458349652569,0.024588107413898497,0.6308131228819408
2147532,M1-T14885---- 17 002,63.66,65.78752915779698,0.016098880439197497,0.3366075827987052,0.0009423657036158961,0.9967396297768264,-0.18304345927843702,64.30008485612615,-0.6400848561261512,97.74221407731473,0.0239185182729521,2.2338525471566277
2147532,M1-T14885---- 17 002,63.66,65.56276367354188,0.016098880439197497,-0.19273173422164463,0.0009423657036158961,0.9298089626271472,-0.11907242041826063,65.3977370496118,-1.737737049611809,99.7000693573113,0.024481266597533337,0.27543416927803965
2147532,M1-T14885---- 17 002,63.66,65.56276367354188,0.016098880439197497,0.0411618320505564,0.0009423657036158961,0.9862956518535485,-0.1282948342996062,65.52878478323218,-1.8687847832321864,99.89915022126574,0.024530150733084625,0.07630439082312246
2147532,M1-T14885---- 17 002,63.66,65.56276367354188,0.016098880439197497,-0.011043696349509916,-0.08099486697204682,0.9464731069255518,-0.11907242041826063,64.9117081791942,-1.2517081791942104,98.9685973832653,0.024301654281105884,1.0070858672086684
2147532,M1-T14885---- 17 002,63.66,65.56276367354188,0.016098880439197497,0.08268621554422965,0.0009423657036158961,1.0447086476176342,-0.11636355402121218,63.60991608300401,0.050083916995987465,97.06125914934009,0.023833309012166834,2.9148927373207494
2143697,M1-T15215---- 08 005,70.74,66.73813115000618,0.016098880439197497,0.23866314892599252,0.14582301415984678,-0.2983979125469059,0.184290488436945,66.48495917729336,4.255040822706633,99.57420951270836,0.02401975102014144,0.40175581613394173
2143697,M1-T15215---- 08 005,70.74,66.73813115000618,0.016098880439197497,0.29096211881448614,0.3236084755970153,-0.2532035102495181,0.08456879347198974,66.64048000163406,4.099519998365935,99.80579809691386,0.02407561588875496,0.17011133235875286
2143697,M1-T15215---- 08 005,70.74,66.73813115000618,0.016098880439197497,0.11447581167915714,0.3236084755970153,-0.4338825236557841,0.12596972570836468,67.13255162207294,3.6074483779270565,99.4124602688525,0.02398073311998308,0.5635441021263926
2143697,M1-T15215---- 08 005,70.74,66.73813115000618,0.016098880439197497,0.2804397875126242,0.14582301415984678,-0.2413536875103193,0.046101577063644615,66.3078675707651,4.432132429234898,99.3118047711143,0.023956452535619805,0.6642238955311011
2143794,M1-T25045---- 08 004,57.79,62.459924620391234,0.016098880439197497,-0.17195985926661597,-0.13850592664616113,-0.2321334097418174,-0.9260808741026025,61.333388776286974,-3.5433887762869745,98.17861071709689,0.025305277347469783,1.7960682868990423
2143794,M1-T25045---- 08 004,59.08,62.46834565672637,0.016098880439197497,-0.42692293539654175,-0.1400270783861104,-0.009031948930930744,-0.9154949340852836,62.52993219651635,-3.4499321965163503,99.90149272872124,0.025745874494178558,0.07274540444611972
2157638,M1-T14885---- 17 002,72.53,66.35312888697828,0.016098880439197497,0.41960648617789426,0.0009423657036158961,1.4114809070440086,-0.5508384388324274,66.72474241283501,5.805257587164988,99.44304997408241,0.02412729887642229,0.5328077400990807
2157638,M1-T14885---- 17 002,71.64,66.35312888697828,0.016098880439197497,0.025788049062714258,0.0009423657036158961,0.9600598329367852,-0.0514553933768147,66.98286134709593,4.657138652904067,99.0598455284868,0.024034324171884683,0.916105218151503
2157638,M1-T14885---- 17 002,71.64,66.35312888697828,0.016098880439197497,0.10759273981031107,-0.02662318146986262,0.7417732884658877,0.005984221243386918,65.46223835272718,6.177761647272817,98.62789824311818,0.02392952327070894,1.3481573695195437
2157638,M1-T14885---- 17 002,71.64,66.35312888697828,0.016098880439197497,0.21522491864299886,0.0009423657036158961,1.7306674556045605,-0.039215005324253795,66.28313018152227,5.356869818477733,99.84620276793272,0.024225113534687762,0.12955707083181703
2157638,M1-T14885---- 17 002,71.64,66.76379666055313,0.016098880439197497,-0.005773805264702977,-0.08267549453467574,1.6519554962431082,-0.039215005324253795,66.1592069014534,5.480793098546599,99.05520488695917,0.023885368719564908,0.9208949076567762
2157638,M1-T14885---- 17 002,71.64,66.35312888697828,0.016098880439197497,0.2835214367746842,-0.02662318146986262,0.9742761247162761,-0.039215005324253795,66.05585224333066,5.5841477566693385,99.50589158363414,0.024142545776994276,0.4699508741759881
2160815,M1-T14885---- 17 002,69.69,65.38376466110854,0.016098880439197497,0.19899021702623634,0.0009423657036158961,0.9074836370547597,-0.2735132213002367,65.61811457208915,4.071885427910843,99.64284271684244,0.024534197745183957,0.33260784572049157
2165532,M1-T14885---- 17 002,67.95,66.08446387232738,0.016098880439197497,-0.44031436505605825,0.0009423657036158961,-0.4674598098583764,-0.5347395990262481,66.59079291206797,1.3592070879320346,99.23962616818241,0.02417583169924501,0.7361829830295563
2165532,M1-T14885---- 17 002,67.95,66.03711579058545,0.016098880439197497,-0.4172228513936763,0.0009423657036158961,0.519052082705113,-0.4188175816651117,66.58393491401709,1.3660650859829104,99.17873727046694,0.02417832175607306,0.79706938914147
2165532,M1-T14885---- 17 002,67.95,66.08446387232738,0.016098880439197497,-0.06500276603688163,0.0009423657036158961,0.40700593280217895,-0.17959466740448066,66.62019734103748,1.329802658962521,99.19582437507651,0.02416516111513319,0.779995453347708
2165532,M1-T14885---- 17 002,67.95,66.03711579058545,0.016098880439197497,-0.4858701875409751,0.0009423657036158961,0.4387318999236197,-0.17037225352313512,66.38215669489097,1.5678433051090366,99.4802054203933,0.024251815270194443,0.4955277000496572
2165532,M1-T14885---- 17 002,66.96,66.03711579058545,0.016098880439197497,-0.22893895355257285,0.0009423657036158961,-0.3302303785958353,-0.17959466740448066,65.73024752218427,1.2297524778157225,99.48916016423512,0.02425399830542769,0.48657077181658204
2165532,M1-T14885---- 17 002,66.96,66.03711579058545,0.016098880439197497,-0.23216811400488638,0.0009423657036158961,-0.03705614598483499,-0.17959466740448066,66.84313788154638,0.11686211845361072,98.79414402746363,0.024084563563233935,1.1817564485765584
2165532,M1-T14885---- 17 002,66.96,66.03711579058545,0.016098880439197497,-0.12077674553783238,-0.08404188007955617,0.45485932521192307,-0.17959466740448066,66.67742010008764,0.2825798999123492,99.0396835802744,0.02414442250553435,0.9361569996414432
2165532,M1-T14885---- 17 002,66.96,66.08446387232738,0.016098880439197497,-0.10911508273298615,0.10937522852049286,0.4675464791110947,-0.17959466740448066,66.71379959875355,0.2462004012464405,99.05664849569925,0.024131256386081542,0.9192052585143287
2165532,M1-T14885---- 17 002,66.96,66.03711579058545,0.016098880439197497,-0.5422192017806748,0.0009423657036158961,0.009156699075721846,-0.17037225352313512,66.43589007208529,0.5241099279147079,99.39974579848072,0.024232200394259197,0.5760069490221794
2165532,M1-T14885---- 17 002,71.34,66.03711579058545,0.016098880439197497,0.35994507831097694,0.0009423657036158961,0.1668039286241976,-0.17959466740448066,66.43883599453935,4.901164005460657,99.3953383778115,0.024231125929731943,0.5804154448233448
2165532,M1-T14885---- 17 002,71.34,66.03711579058545,0.016098880439197497,-0.23651122101872582,0.0009423657036158961,-0.2642165053618393,-0.17959466740448066,66.6711761183884,4.668823881611601,99.04895898105512,0.02414668371222708,0.9268793362494572
2165532,M1-T14885---- 17 002,71.34,66.03711579058545,0.016098880439197497,-0.06225791180907762,0.17872782714078464,0.36534297805256116,-0.17959466740448066,66.75899257754858,4.581007422451421,98.91866750686609,0.024114920561457937,1.0572025933192954
2165532,M1-T14885---- 17 002,71.34,66.08446387232738,0.016098880439197497,-0.2681652892544641,0.0009423657036158961,-0.24434036097959752,-0.17959466740448066,66.90347587120142,4.436524128798581,98.77581565712319,0.024062842510463648,1.2001065534620556
2165532,M1-T14885---- 17 002,71.34,66.03711579058545,0.016098880439197497,-0.02995346844507372,0.17872782714078464,-0.38359592235282636,-0.17959466740448066,66.79261978519513,4.547380214804875,98.86886622515176,0.024102779739278782,1.1070160233972064
2162260,M1-T25045---- 08 004,62.05,59.959144753253305,0.016098880439197497,-0.17195985926661597,-0.13850592664616113,-0.21445815066595275,-0.8762866168364435,57.62371610360313,4.426283896396868,96.20125351202253,0.02582979601801186,3.7729006474922007
2162260,M1-T25045---- 08 004,62.05,59.96756578958844,0.016098880439197497,-0.10899053326463386,-0.1400270783861104,-0.037752351587617736,-0.8762866168364435,58.60705357327506,3.4429464267249372,97.73025832623196,0.026236645149252634,2.2434887314326377
2162260,M1-T25045---- 08 004,62.05,59.96756578958844,0.016098880439197497,-0.45281671884081176,-0.1400270783861104,0.005187156950017751,-0.8762866168364435,57.603706639450685,4.446293360549312,96.15790997532298,0.025814532832756913,3.816259456857908
2162260,M1-T25045---- 08 004,62.05,59.959144753253305,0.016098880439197497,-0.1436906144857131,-0.1400270783861104,0.005187156950017751,-0.8591198536668506,58.61061863160388,3.43938136839612,97.74904366745453,0.026245373804516477,2.224694656132894
2162260,M1-T25045---- 08 004,62.05,59.96756578958844,0.016098880439197497,0.34168018306509507,-0.1400270783861104,0.18115952330671542,-0.8571128724442977,59.14587257574166,2.904127424258334,98.59605330132192,0.026469076291075828,1.377461180823646
2165885,M1-T25045---- 08 004,59.04,61.512647219482936,0.016098880439197497,0.007068945356028453,-0.1400270783861104,-0.17309360593417825,-0.920908465710716,60.796497675482826,-1.7564976754828265,98.79803207385501,0.025857084321372202,1.176094780405919
2163945,M1-T25045---- 08 004,58.28,60.603443181155804,0.016098880439197497,-0.153660106616289,-0.8146013846235286,-0.24594415708597328,-1.455339270992619,59.30675227026209,-1.0267522702620866,97.85427349909055,0.025994302746419406,2.119716051510573
2184034,M1-T14885---- 17 002,61.99,65.85017890109884,0.016098880439197497,-0.15822936080567881,0.0009423657036158961,1.0576173715390729,-0.10134550948762659,64.59149615095882,-2.601496150958816,98.07734591909039,0.02397769439801633,1.8986614924979976
2184034,M1-T14885---- 17 002,61.99,65.85017890109884,0.016098880439197497,0.020060419005260663,0.0009423657036158961,1.0311599826000424,-0.29936714502817285,67.11335415719452,-5.12335415719452,98.11783350163013,0.02398759269687378,1.8581640055109574
2184034,M1-T14885---- 17 002,61.99,65.85017890109884,0.016098880439197497,-0.025727721614396095,0.10937522852049286,0.6813914045696373,-0.051050864846910786,65.9917267106653,-4.001726710665302,99.78549161361352,0.024395297413949805,0.19009793556014876
2184034,M1-T14885---- 17 002,61.99,65.85017890109884,0.016098880439197497,-0.1463619488978863,0.0009423657036158961,0.6582602727471879,-0.1282948342996062,66.8042788607082,-4.8142788607081926,98.57178337516811,0.024098573181079486,1.4041030825520115
2184034,M1-T14885---- 17 002,61.99,65.85017890109884,0.016098880439197497,-0.025727721614396095,0.10937522852049286,0.9600598329367852,-0.1282948342996062,66.49996532227021,-4.509965322270212,99.02286216194464,0.02420885174946243,0.9529139487063193
2184034,M1-T14885---- 17 002,65.24,65.85017890109884,0.016098880439197497,-0.17303922619915002,0.0009423657036158961,0.39311662212350984,-0.1282948342996062,66.84224614403432,-1.602246144034325,98.51579330177348,0.02408488487358505,1.4601068527567713
2184034,M1-T14885---- 17 002,65.24,65.85017890109884,0.016098880439197497,0.03543420199310289,0.0009423657036158961,0.6582602727471879,-0.32531128137599363,66.03285555304903,-0.7928555530490371,99.72333980901765,0.024380102702440027,0.2522649443059035
2184034,M1-T14885---- 17 002,65.24,65.85017890109884,0.016098880439197497,-0.06676494109820276,0.0009423657036158961,1.0898509161578924,-0.1282948342996062,64.52679651155064,0.7132034884493521,97.98292591609614,0.02395461084130259,1.993104593387573
2184034,M1-T14885---- 17 002,65.24,65.46580324778925,0.016098880439197497,-0.08476024987923733,0.0009423657036158961,0.5690892208319845,-0.1282948342996062,64.55849113110911,0.6815088688908872,98.58517384851045,0.0242433583356096,1.3905677341201956
2184034,M1-T14885---- 17 002,62.69,65.46580324778925,0.016098880439197497,-0.1849066381069425,0.0009423657036158961,0.4241910717683339,-0.1282948342996062,65.35415827265929,-2.664158272659293,99.78074456594636,0.02453736450496423,0.19470282788970364
2184034,M1-T14885---- 17 002,62.69,65.85017890109884,0.016098880439197497,-0.17969717598847454,0.0009423657036158961,1.1114696743688626,-0.1282948342996062,64.94927502457469,-2.2592750245746913,98.60277678760886,0.024106150369928674,1.373102088215746
2180290,M1-T14885---- 17 002,64.18,66.28018960671895,0.016098880439197497,-0.26347303797090305,0.0009423657036158961,0.009834701165516366,-0.1282948342996062,65.69092199973846,-1.510921999738457,99.07106143308235,0.024063497441080064,0.904860122165446
2174970,M1-T14885---- 17 002,64.48,65.69628924170695,0.016098880439197497,0.18106123365256738,0.0009423657036158961,0.20821136025660103,-0.07899123051977741,66.33360297190673,-1.8536029719067244,99.03921450732723,0.024269566691649393,0.9365008506677825
2175190,M1-T25045---- 08 004,59.76,61.512647219482936,0.016098880439197497,0.23289746626492777,-0.17547510367953192,-0.04505592307360244,-0.8630296404761201,60.43203661622884,-0.6720366162288443,98.22305773895336,0.025706603997542838,1.7512196891039504
2175190,M1-T25045---- 08 004,59.76,61.47690805533973,0.016098880439197497,0.30683652062189826,-0.1400270783861104,0.05774581501085689,-0.9079443363221732,61.64728998666023,-1.8872899866602353,99.72360195603477,0.02611449397245477,0.25026732868218643
2175190,M1-T25045---- 08 004,59.76,61.47690805533973,0.016098880439197497,0.12530055252417344,-0.14853571227323778,-0.0476634275642006,-0.7700305862824149,61.98035112384067,-2.220351123840672,99.18772162767007,0.02597416366618277,0.7862880745208964
2175190,M1-T25045---- 08 004,59.76,61.47690805533973,0.016098880439197497,0.008907710572916196,-0.14853571227323778,0.03211044453479209,-0.45901979195115244,61.250170361941535,-1.4901703619415372,99.58055904380385,0.026077035505291665,0.39334772264801376
2184034,M1-T14885---- 17 002,64.72,65.85017890109884,0.016098880439197497,-0.24007682237113284,-0.02662318146986262,0.48934334812045566,-0.1282948342996062,65.36781437466622,-0.6478143746662255,99.22463012654089,0.024258179456580337,0.7510966257624868
2184034,M1-T14885---- 17 002,64.72,65.85017890109884,0.016098880439197497,-0.20962720341956542,-0.02662318146986262,0.43840736354782495,-0.1282948342996062,65.57234595653286,-0.8523459565328579,99.53137896565607,0.024333172614809943,0.44427274690623014
2184034,M1-T14885---- 17 002,64.72,65.85017890109884,0.016098880439197497,-0.03513862305364972,0.10937522852049286,0.6582602727471879,-0.1282948342996062,65.60336191144076,-0.8833619114407583,99.57806122691817,0.024344585372606982,0.39757906579717567
2184034,M1-T14885---- 17 002,64.72,65.46580324778925,0.016098880439197497,0.05504054081847973,0.0009423657036158961,1.1025917284345117,-0.1282948342996062,64.53021698531028,0.18978301468972347,98.54321598842922,0.024233040359820383,1.4325359185863478
2184034,M1-T14885---- 17 002,64.72,65.85017890109884,0.016098880439197497,0.12226092527293696,0.0009423657036158961,1.1425441240136867,-0.1282948342996062,64.38975235928375,0.33024764071625157,97.78352843951366,0.02390586266492785,2.1925508484269027
2194889,M1-T25045---- 08 004,57.94,61.350849497601345,0.016098880439197497,-0.3032100252023157,-0.1800496722545097,-0.2676845050901291,-0.5819351389463211,61.92254945474726,-3.9825494547472644,99.07673396871827,0.02599840927273442,0.8972514728057231
2212746,M1-T25045---- 08 004,61.09,62.98705812518376,0.016098880439197497,0.29526453160822574,-0.1400270783861104,-0.037752351587617736,-0.5820754244807131,63.14396502455592,-2.0539650245559145,99.75149347295425,0.025495513123677812,0.22299517709837569
2212746,M1-T25045---- 08 004,61.09,63.00871809584476,0.016098880439197497,-0.10297889874593241,-0.1400270783861104,0.22409903184435082,-0.6932712663229345,62.73464727849153,-1.6446472784915258,99.51626219012812,0.025426646584329683,0.458295369241073
2212746,M1-T25045---- 08 004,61.09,62.98705812518376,0.016098880439197497,-0.31445773414328226,-0.1400270783861104,-0.02269587928735134,-0.6670941184611955,63.316502952391204,-2.2265029523912006,99.47966997573734,0.02542603767725258,0.49488819291716046
2212746,M1-T25045---- 08 004,61.09,62.98705812518376,0.016098880439197497,-0.37994500481005566,-0.14853571227323778,0.005187156950017751,-0.7256764102510354,62.5662797634057,-1.4762797634056994,99.28596184314316,0.025376527759508265,0.6886458661827396
2212746,M1-T25045---- 08 004,61.09,63.00871809584476,0.016098880439197497,-0.26804208268641283,-0.1400270783861104,-0.002116414535966985,-0.3535089844023051,63.23030756787569,-2.1403075678756878,99.64953604448839,0.02546069837766649,0.3249874419358134
2225200,M1-T14885---- 17 002,71.55,65.73433443634322,0.016098880439197497,0.19047213509182098,-0.04222277084390726,1.1503988342162546,-0.06661132443158305,65.82987811358905,5.720121886410951,99.85484757762165,0.024455275408366155,0.12068195630159584
2225229,M1-T25045---- 08 004,61.1,60.95214666466007,0.016098880439197497,-0.44395310403478,-0.14853571227323778,-0.23444316476713226,-0.5047590722127067,60.74605558639675,0.35394441360325146,99.6105620131056,0.026309467608300496,0.36311217686544356
2225229,M1-T25045---- 08 004,58.61,65.1780778484786,0.016098880439197497,-0.20585291502804007,-0.1470145605332885,-0.304329662371591,-0.7113898172751354,63.64955053140776,-5.039550531407762,97.66142817123557,0.024122215744149866,2.314434629235629
2225200,M1-T14885---- 17 002,71.55,65.81973394610168,0.016098880439197497,0.28978276461102576,-0.02662318146986262,0.38608967678882256,0.08808820512584922,65.9008765933481,5.649123406651896,99.87685651674583,0.024428928458183268,0.09869938049329868
2228771,M1-T25045---- 08 004,62.82,62.63291300105077,0.016098880439197497,-0.25781163075404534,-0.14853571227323778,0.10065943419992376,-0.35933672508741116,63.87355050899298,-1.053550508992977,98.0576509309082,0.025204294720553237,1.9171291184411208
2225200,M1-T14885---- 17 002,71.55,65.73433443634322,0.016098880439197497,0.47444257777922483,-0.02662318146986262,1.0453762743795334,0.4663627507846681,65.37204191505994,6.177958084940059,99.40343681566297,0.02434472119118187,0.5722033411494419
2243166,M1-T14885---- 17 002,75.63,66.51409627746898,0.016098880439197497,0.25125049881482103,0.0009423657036158961,0.8332905594431623,0.27364968567141135,67.67565041087346,7.954349589126537,98.28363088538423,0.023788287164776434,1.692566051089826
2243166,M1-T14885---- 17 002,75.63,66.51409627746898,0.016098880439197497,0.06423128256702099,0.0009423657036158961,1.071833663318564,0.4120449435085783,66.92902725485992,8.700972745140078,99.38002846834493,0.024053656080386107,0.5959029343766336
2243166,M1-T14885---- 17 002,75.63,66.51409627746898,0.016098880439197497,0.03859631055806566,-0.0263974138300901,0.7164917799990097,0.1684216049475904,66.89104565081301,8.738954349186983,99.43645773014579,0.024067314056512166,0.5394600061158541
2263738,M1-T18191---- 01 003,95.83666666666666,92.77744410124589,0.016098880439197497,0.018623538122807294,-0.265071151436065,-0.070176340101709,0.06795069690663388,90.47787740917755,5.358789257489107,97.54831919724151,0.01692672979961922,2.4347435587309394
2263738,M1-T18191---- 01 003,95.83666666666666,92.77744410124589,0.016098880439197497,0.2324990980722338,-0.265071151436065,-0.15860505432102553,0.10207784929006493,91.24501112306733,4.59165554359933,98.34152410167158,0.017064367897369242,1.6414009307076796
2263738,M1-T18191---- 01 003,95.83666666666666,92.77744410124589,0.016098880439197497,0.04472303430560433,-0.265071151436065,-0.12168301775622876,0.07239587385939766,90.64008750773901,5.196579158927648,97.71497344711064,0.01695564789355161,2.268060372805099
2263738,M1-T18191---- 01 003,95.83666666666666,92.77744410124589,0.016098880439197497,0.3090289349884965,-0.2783925146104996,-0.4926841101969795,0.08749496320747147,91.18132036811166,4.655346298555003,98.27517809821964,0.017052855439922947,1.7077584537681663
2263738,M1-T18191---- 01 003,95.83666666666666,92.77744410124589,0.016098880439197497,0.7534999020031893,0.17895359478055722,-0.26020588782360654,0.17140257452972224,91.26856221698255,4.568104449684114,98.36607972587278,0.017068628825895077,1.6168410429312354
2259899,M1-T25045---- 08 004,60.22,62.345814672830265,0.016098880439197497,-0.2568696767883984,-0.1400270783861104,-0.14499171462957555,-0.5251242363311307,62.72816923702193,-2.5081692370219315,99.3904421125522,0.025664510966222978,0.5838774346829838
2259899,M1-T25045---- 08 004,60.22,62.345814672830265,0.016098880439197497,-0.2681435453873057,-0.1400270783861104,-0.24048988122804998,-0.483708707710884,62.77875267217321,-2.5587526721732132,99.31035913911879,0.025643832012530808,0.663981099915042
2259899,M1-T25045---- 08 004,60.22,62.345814672830265,0.016098880439197497,-0.3933682542016188,-0.14853571227323778,-0.2747367962997419,-0.14819861115018745,62.89876393423622,-2.6787639342362226,99.12087434011973,0.02559490341740154,0.853514857901781
2259899,M1-T25045---- 08 004,60.22,62.345814672830265,0.016098880439197497,-0.44843884322986044,-0.1400270783861104,-0.24048988122804998,-0.5298361324238714,61.00179786701651,-0.7817978670165147,97.84026910764877,0.025264226680951015,2.1344509725127607
2259899,M1-T25045---- 08 004,60.22,62.3542357091654,0.016098880439197497,-0.22070861310520498,-0.1400270783861104,-0.021241241475280722,-0.20809461988753447,62.71607278639702,-2.496072786397022,99.423039416438,0.025669461044032726,0.5512751776445644
2291891,M1-T11923---- 09 002,44.8,57.93448427364797,0.016098880439197497,0.9691605503795886,0.014489496517822964,0.8362568550615942,0.12729481189305117,57.48939612389694,-12.689396123896941,99.18287730809838,0.02756101661070554,0.789544555456579
2290372,M1-T25045---- 08 004,63.11,62.17058993675498,0.016098880439197497,-0.4313902550808995,-0.1641353016472824,-0.42481220272266607,-0.24542456854013794,61.86112087695028,1.2488791230497185,99.45342436227936,0.025753154179586617,0.5208064866807244
2310797,M1-T25045---- 08 004,60.88,61.568650922848654,0.016098880439197497,0.2019915946383668,-0.1641353016472824,-0.29641024314489894,-0.5451424214520448,61.0242035184014,-0.14420351840139745,99.07208572678448,0.025905223503695916,0.9019929583919432
2320641,M1-T14885---- 17 002,65.49,66.10787859710368,0.016098880439197497,-0.017184376204946252,-0.2783925146104996,1.3759789842811165,0.12691615587320873,65.89424605149188,-0.40424605149188153,99.6295003346423,0.024262212736844115,0.3462223818755036
2336094,M1-T14885---- 17 002,76.15,67.78667423280962,0.016098880439197497,0.24090722248599092,-0.2783925146104996,0.730394731365832,-0.34494767038727536,67.80194193138495,8.34805806861506,99.97501598922243,0.02374339569735578,0.0012258666038818713
2336094,M1-T14885---- 17 002,76.15,67.78667423280962,0.016098880439197497,-0.11820313459781946,-0.2783925146104996,0.5858107713101581,-0.29391815799315457,68.21800872029509,7.931991279704917,99.36769713401667,0.023599161542942945,0.6086890455567285
2336094,M1-T14885---- 17 002,76.15,67.78667423280962,0.016098880439197497,0.037655460970506704,-0.2783925146104996,0.957376523208173,-0.31538095992706083,67.95190460169258,8.19809539830743,99.75682750095926,0.02369157739493112,0.21946620535699657
2336094,M1-T14885---- 17 002,76.15,67.78667423280962,0.016098880439197497,0.11914822485652145,-0.2783925146104996,1.780229589277781,-0.30584943827154853,68.89167702285751,7.258322977142498,98.39601432654528,0.023368393393902613,1.5806027645213667
2336094,M1-T14885---- 17 002,76.15,67.86057175101513,0.016098880439197497,0.09810386030704982,-0.2783925146104996,0.7204171200051656,-0.37446605204479044,68.69823676562059,7.451763234379413,98.78064571652988,0.023434194025536665,1.1959055330323374
2348105,M1-T18191---- 01 003,97.9,93.01084356714449,0.016098880439197497,1.8089362623061829,0.1106765657150959,-0.9975096905408518,0.19256765611473287,91.73857722195028,6.161422778049726,98.61690111611313,0.017069210851811747,1.3660190703034318
2348131,M1-T14885---- 17 002,65.25,65.51908795191117,0.016098880439197497,0.25926209607067247,-0.0263974138300901,-0.5552365240624461,-0.32281624730587444,65.53310083987267,-0.28310083987267376,99.97223737064971,0.024564461242965376,0.00318290961691825
2348131,M1-T14885---- 17 002,65.25,65.51908795191117,0.016098880439197497,0.029471320444514264,-0.0263974138300901,1.0212606980493966,0.12019673821350257,65.16147540025129,0.08852459974870897,99.40854685230987,0.024425955251152376,0.567012019983127
2348131,M1-T14885---- 17 002,65.25,65.51908795191117,0.016098880439197497,0.03134209881799069,-0.0263974138300901,1.4348448322443634,0.12019673821350257,65.24277691014673,0.007223089853269471,99.5313230757527,0.02445612294432041,0.4442056101081214
2348131,M1-T14885---- 17 002,65.25,65.51908795191117,0.016098880439197497,-0.046236055766830375,-0.2783925146104996,1.0218064054889833,0.11097432433215704,65.19676663685321,0.05323336314678784,99.46180414567718,0.024439041251358377,0.5137416324870935
2348131,M1-T14885---- 17 002,65.25,65.51908795191117,0.016098880439197497,0.19602642757537247,-0.2783925146104996,0.5641378250567834,0.11097432433215704,65.33730732444783,-0.08730732444783484,99.67445858271704,0.02449129317463427,0.30103491106708163
2348131,M1-T14885---- 17 002,62.54,65.51908795191117,0.016098880439197497,-0.022429315729549478,-0.265071151436065,1.5340041385012584,0.11097432433215704,65.15537173930285,-2.6153717393028515,99.3993417251675,0.024423693433323027,0.5762194103482727
2348131,M1-T14885---- 17 002,62.54,65.51908795191117,0.016098880439197497,-0.012381648577443668,-0.2783925146104996,0.6813479568879226,0.11097432433215704,65.0658501814993,-2.525850181499301,99.26452698675034,0.024390567722586447,0.7110672950525752
2348131,M1-T14885---- 17 002,62.54,65.51908795191117,0.016098880439197497,0.23524024995132803,-0.265071151436065,1.4414680646579727,0.12019673821350257,65.00509678930636,-2.465096789306365,99.17324369677921,0.024368138247188066,0.8023730284314208
2348131,M1-T14885---- 17 002,62.54,65.51908795191117,0.016098880439197497,0.1040521151817366,-0.265071151436065,1.5380108881137784,0.11097432433215704,65.18806567633689,-2.6480656763368913,99.44866840217,0.024435813630663206,0.5268806056198421
2348131,M1-T14885---- 17 002,62.54,65.51908795191117,0.016098880439197497,0.07121452749819634,-0.2783925146104996,1.1136249953683115,0.07562898427604542,65.26208290181762,-2.722082901817622,99.56052229335926,0.02446329756667643,0.4149992134226111
2372755,M1-T14885---- 17 002,67.46,65.66034846005326,0.016098880439197497,-0.14376099721545635,-0.0263974138300901,1.0434147711727986,0.1542198417080382,66.0391480787653,1.4208519212347,99.42638635965008,0.02437777965006196,0.5492207181688237
2372755,M1-T14885---- 17 002,67.46,65.66034846005326,0.016098880439197497,-0.3217404833759496,-0.0263974138300901,-0.025735043516418137,0.023913545902769843,65.94925015123773,1.5107498487622593,99.56191822240017,0.024411009922293045,0.41365560450515576
2372755,M1-T14885---- 17 002,67.46,65.66034846005326,0.016098880439197497,0.27008269171555754,-0.0263974138300901,1.0177493491739644,0.061646053833736156,66.06562349927133,1.3943765007286686,99.38654181039142,0.0243680103958665,0.5890750427499697
2372755,M1-T14885---- 17 002,67.46,65.66034846005326,0.016098880439197497,0.3527041567169998,-0.0263974138300901,0.7901862782625717,0.10663411359936566,65.42301731532632,2.0369826846736743,99.59117341713261,0.024418182834001084,0.3843932324054611
2372755,M1-T14885---- 17 002,67.46,65.66034846005326,0.016098880439197497,-0.20516692182489438,-0.0263974138300901,0.7862579717074274,0.14197945365547732,65.31836891871542,2.1416310812845722,99.43334605461095,0.024379486057348795,0.5422593157407035
2377578,M1-T18191---- 01 003,102.46,92.21110753917253,0.016098880439197497,1.8161153869616886,0.1262761550891405,-1.4891657474503412,0.08122866400346737,90.68576303770567,11.774236962294324,98.33894153372547,0.01716872190908386,1.6438790798214098
2392855,M1-T16734---- 06 002,69.35,64.90768648494752,0.016098880439197497,-0.1599429375618046,0.014489496517822964,-0.25755890218349214,0.26974320887212366,64.72945937804005,4.620540621959947,99.67684131019998,0.02472258121820299,0.29842075187341305
2392855,M1-T16734---- 06 002,69.35,65.17902659565567,0.016098880439197497,0.2579086085359828,0.014489496517822964,-0.33167366186309527,0.2706127886015806,65.29163869928429,4.058361300715703,99.82750917479916,0.02465687535835493,0.14781863394802155
2392855,M1-T16734---- 06 002,69.35,65.21985989020546,0.016098880439197497,0.3067315182623607,0.014489496517822964,-0.22542702587638372,0.2463045677993747,65.78100446730426,3.5689955326957374,99.14693535567513,0.024473445065520037,0.8285759973046826
2392855,M1-T16734---- 06 002,69.35,65.17902659565567,0.016098880439197497,-0.16710260637854193,0.014489496517822964,-0.38616034109476277,0.283388092561284,64.76773005008027,4.58226994991972,99.32415848587829,0.024532550357151784,0.6512937250959565
2382448,M1-T16734---- 06 002,62.56,61.063959254492495,0.016098880439197497,-0.2519371830862199,0.014489496517822964,-0.07672592328741698,-0.4774011974364472,62.68554719815993,-0.12554719815992854,97.41312350699654,0.02568196113868166,2.5611785792268043
2382448,M1-T16734---- 06 002,62.56,61.22695118913458,0.016098880439197497,-0.3201859687808836,0.014489496517822964,-0.1913506666086689,-0.2839755578088862,61.82833767080853,0.7316623291914723,99.02731270633988,0.0260380247017314,0.9466330951475307
2382448,M1-T16734---- 06 002,62.56,61.22695118913458,0.016098880439197497,-0.25656869854193176,0.014489496517822964,-0.20010737917163635,-0.18388316735561455,62.41657648645483,0.1434235135451729,98.09403979889477,0.02579263196761193,1.880151547755211
2382448,M1-T16734---- 06 002,62.56,61.22695118913458,0.016098880439197497,0.2324874696755816,0.001168133343388421,-0.32220609211073686,0.16177726354849792,61.52779930682351,1.0322006931764918,99.51102091708054,0.026165209879188907,0.4627976202269118
2382448,M1-T16734---- 06 002,62.56,61.22695118913458,0.016098880439197497,-0.18280202384657793,0.014489496517822964,-0.39295948552468707,-0.5405239025873724,62.53138315116806,0.028616848831944708,97.91394066836153,0.02574527709670383,2.0602980625743714
2382448,M1-T16734---- 06 002,62.56,61.22695118913458,0.016098880439197497,-0.1625477092006607,-0.013076050655655555,-0.12301543741108235,-0.20819138815782046,62.49484330425879,0.06515669574121574,97.97118954907955,0.02576032999200659,2.0030341196107786
2382448,M1-T16734---- 06 002,62.56,61.063959254492495,0.016098880439197497,-0.1599429375618046,0.014489496517822964,-0.27286149567814666,-0.4016170277853812,62.01810705732256,0.5418929426774426,98.46148537217253,0.025958350886915036,1.512540152619984
2382448,M1-T16734---- 06 002,62.56,61.063959254492495,0.016098880439197497,-0.1625477092006607,-0.013076050655655555,-0.17750211664274992,-0.18390161675376707,62.23722403097277,0.3227759690272336,98.11483464079333,0.025866960011728325,1.8592823316428309
2382448,M1-T16734---- 06 002,62.56,61.22695118913458,0.016098880439197497,-0.1352137779885458,0.001168133343388421,0.11870968156593904,-0.5017094182386529,62.62000276421907,-0.060002764219071025,97.77537321761696,0.02570884247471179,2.1989019705727078
2382448,M1-T16734---- 06 002,62.56,61.22695118913458,0.016098880439197497,0.3587047501263269,0.001168133343388421,-0.18892243257259217,-0.2291717290861011,61.86037116890317,0.699628831096831,98.9760328536627,0.026024541289587626,0.9979264396122339
2382448,M1-T16734---- 06 002,62.56,61.22695118913458,0.016098880439197497,-0.1599429375618046,0.001168133343388421,-0.3875892296756932,-0.3267048033766403,61.73242712071583,0.827572879284169,99.18116640917191,0.026078478657365567,0.7927389132314555
2382448,M1-T16734---- 06 002,62.56,61.063959254492495,0.016098880439197497,-0.1599429375618046,0.001168133343388421,-0.27757793573253975,-0.4016170277853812,62.25641641768263,0.3035835823173727,98.08458783806543,0.025858985755444753,1.889537113580321
2382448,M1-T16734---- 06 002,62.56,61.22695118913458,0.016098880439197497,-0.11129575973052296,0.001168133343388421,-0.29759730259538053,0.03737665229302041,60.942042084832714,1.6179579151672883,99.48473203802453,0.026158297538910916,0.48909341591689165
2382448,M1-T16734---- 06 002,62.56,61.22695118913458,0.016098880439197497,-0.09062643214368314,0.001168133343388421,-0.28136375972954303,-0.18390161675376707,61.74329156722993,0.8167084327700707,99.16371433825397,0.026073889848063986,0.8101955758090758
2382448,M1-T16734---- 06 002,62.56,61.063959254492495,0.016098880439197497,-0.1599429375618046,0.001168133343388421,-0.18892243257259217,-0.2023226415193153,61.73766151132159,0.8223384886784117,98.90875013531155,0.026076267609550598,1.065157399513043
2411205,M1-T11923---- 09 002,47.31,57.803824200758754,0.016098880439197497,0.9865473495084491,0.014489496517822964,-0.16256342387978945,0.38680876901698413,57.30924148062216,-9.99924148062216,99.09688851405232,0.02759936703397681,0.8754949752575795
2411205,M1-T11923---- 09 002,47.31,57.951773196407466,0.016098880439197497,0.9979669600611277,0.014489496517822964,0.039373471143878215,0.32615943810960146,56.98452979882817,-9.674529798828168,98.30461339964485,0.027308814389143187,1.668060822789916
2409698,M1-T14885---- 17 002,68.14,67.0963647093519,0.016098880439197497,-0.12250567369803592,-0.833061667850487,0.06963241249842922,-0.575703372046784,66.30629119028268,1.8337088097173222,98.78931438050579,0.023703182247970384,1.1869677137489358
2409698,M1-T14885---- 17 002,68.14,67.48611154951145,0.016098880439197497,-0.3354560675809962,-0.2783925146104996,0.5462077968175498,0.1892252113274014,66.73872421463405,1.4012757853659537,98.85799893670352,0.023582676032129823,1.1184037386208332
2412936,M1-T14885---- 17 002,69.09,66.74133937935274,0.016098880439197497,0.029766071990668486,-0.2783925146104996,-0.08531590254201293,0.15545916904729873,66.00217139222194,3.0878286077780643,98.85743634135584,0.023845701374662756,1.1187031452448535
2412936,M1-T14885---- 17 002,69.09,66.74133937935274,0.016098880439197497,-0.3930180218347315,-0.2783925146104996,0.07898710672842324,0.0746021672214959,65.35210057958237,3.7378994204176337,97.9146296017009,0.02361828410794141,2.061737443429288
2397376,M1-T16734---- 06 002,62.07,65.57806627494283,0.016098880439197497,-0.1870736722977814,0.014489496517822964,-0.07261561889599005,-0.43603734167307984,65.8807103099815,-3.810710309981495,99.5406030267814,0.024436406225446777,0.43494538804557714
7433850,M1-T11923---- 09 002,47.35,59.27090518536855,0.016098880439197497,0.9979669600611277,0.014489496517822964,0.21232357129846607,0.20300037996609152,58.313294431381514,-10.963294431381513,98.3574400470375,0.02671537852628708,1.6158279798794557
7433850,M1-T11923---- 09 002,47.35,59.27090518536855,0.016098880439197497,0.9316723730193958,0.014489496517822964,0.11033998286576939,0.30936944718078907,59.38187948715479,-12.03187948715479,99.81310075724308,0.027110758142311942,0.15977164446336503
7481946,M1-T14885---- 17 002,75.82,64.76241419042768,0.016098880439197497,-0.07175590005419427,-0.801280021449094,-0.13161301483719692,-1.3589599346177057,64.8362759463333,10.983724053666691,99.88606417713875,0.02483004725551825,0.08909035214361216
7534451,M1-T18191---- 01 003,106.18,91.9750796416771,0.016098880439197497,1.938475695277372,0.12650192272891309,0.17423866779448793,0.04110604176921911,90.76008828089923,15.419911719100782,98.66212332695429,0.017269348757359044,1.3205965972388227
7534451,M1-T18191---- 01 003,106.18,91.9750796416771,0.016098880439197497,0.0012130395182474007,-0.265071151436065,-0.011415016607551641,-0.04186811712523296,90.59155514286486,15.588444857135144,98.48407757586921,0.017238184476005957,1.4986735319633033
7534451,M1-T18191---- 01 003,106.18,91.9750796416771,0.016098880439197497,1.0086809195949722,-0.0263974138300901,-0.20668005906940998,-0.008990987851999931,90.62115590135716,15.558844098642851,98.51530257134617,0.017243649950685145,1.4674430676167256
7534451,M1-T18191---- 01 003,106.18,91.9750796416771,0.016098880439197497,0.8151855397702051,-0.0263974138300901,-0.17758742128596222,-0.0020369816192755755,90.42181561721068,15.758184382789324,98.30540568523529,0.017206910598164624,1.6773767159011774
7566595,M1-T18191---- 01 003,99.06,93.2486746616118,0.016098880439197497,-0.07385045924115881,-0.2783925146104996,-0.0907974760787114,0.28835213929823106,91.18023107386232,7.879768926137686,97.79688914801316,0.01688410512463257,2.1862162591110716
7566595,M1-T18191---- 01 003,99.06,93.2486746616118,0.016098880439197497,1.017844188680948,-0.0263974138300901,-0.1298057495484353,0.28835213929823106,91.62198449008622,7.438015509913782,98.25209107443911,0.016962693280612447,1.7309356957132433
7566595,M1-T18191---- 01 003,99.06,93.2486746616118,0.016098880439197497,1.1563422087088835,-0.0263974138300901,-0.12168301775622876,0.26893475569420683,91.49604131717926,7.56395868282074,98.12188248439801,0.01694021347024694,1.86116677952828
7566595,M1-T18191---- 01 003,99.06,93.2486746616118,0.016098880439197497,-0.11514243273555567,-0.2783925146104996,-0.1659772429144062,0.344893217854509,91.37913693999108,7.680863060008917,98.00132728828856,0.016919400266246637,1.9817428017700878
7566595,M1-T18191---- 01 003,99.06,93.2486746616118,0.016098880439197497,1.6009200086505686,-0.0263974138300901,-0.1559183730096507,0.28086603597260085,91.26200490650602,7.797995093493981,97.88083406171639,0.016898597760952507,2.1022568437692755
7646653,M1-T26104---- 06 003,63.08,63.09722926739091,0.14634060780247404,0.0928585001821767,-0.0013358604959942072,1.1844688530711545,0.18955027689159815,64.30820388110338,-1.2282038811033829,98.11690522776544,0.22756130044761735,1.655517921673822
7646653,M1-T26104---- 06 003,59.67,63.09722926739091,0.14634060780247404,0.181849837754478,-0.0013358604959942072,0.02937684886460837,-0.1738054468055651,63.896992825875984,-4.226992825875982,98.74833947898226,0.22902577794026258,1.0226190928911436
7646653,M1-T26104---- 06 003,59.67,63.067296841883405,0.14634060780247404,-0.204619949691412,-0.22255684903801404,-0.4229725127694012,0.4021532436409768,63.41558830614895,-3.745588306148946,99.4507637338939,0.2307643729796435,0.31845612413545155
7646653,M1-T26104---- 06 003,59.67,63.09722926739091,0.14634060780247404,-0.03229690123693459,-0.0013358604959942072,-0.006879437796227744,0.37121792527489894,63.25998082203176,-3.5899808220317553,99.74271011973627,0.23133200922234015,0.02594206326166484
7646653,M1-T26104---- 06 003,59.67,63.09722926739091,0.14634060780247404,-0.2595869303487895,0.014489496517822964,9.893285148104966e-06,0.4071649095352531,63.5274569996252,-3.8574569996251995,99.3227532080937,0.2303580084553622,0.44687304222832297
7663509,M1-T26104---- 06 003,64.04,63.04344642576085,0.14634060780247404,-0.1087283561256206,-0.0013358604959942072,0.024297346971721843,-0.18060320731829504,63.21051746526571,0.8294825347342965,99.7356752961812,0.23151303061485834,0.032795853054349115
7663509,M1-T26104---- 06 003,64.04,63.09765578133063,0.14634060780247404,-0.08547092978162368,-0.0013358604959942072,-0.1286323564483656,-0.29126901050651766,63.11420462562384,0.9257953743761647,99.56426412908594,0.23091658077680227,0.2048035107453171
7663509,M1-T26104---- 06 003,64.04,63.04344642576085,0.14634060780247404,-0.019156661617620432,-0.0013358604959942072,-0.03188190254514909,-0.2820465966251722,63.315519212193855,0.7244807878061508,99.57027479700729,0.23112909206212634,0.19858031701694853
7663509,M1-T26104---- 06 003,64.04,63.09765578133063,0.14634060780247404,-0.20562321647807003,-0.0013358604959942072,9.893285148104966e-06,-0.20136958778824782,63.19678196510639,0.8432180348936171,99.69416764388129,0.2312178623232469,0.07459869381583786
7663509,M1-T26104---- 06 003,64.04,63.09765578133063,0.14634060780247404,-0.17784917368461023,0.014489496517822964,0.024297346971721843,-0.24886053863720906,63.255295442303556,0.7847045576964504,99.75077242948937,0.23134914420096234,0.017862617359041703
7663509,M1-T26104---- 06 003,64.04,62.770149905825164,0.14634060780247404,-0.16190238467030982,0.014489496517822964,0.7262513009316959,-0.25211557924198075,62.829588339607966,1.2104116603920403,99.62977748522799,0.23227413371304492,0.13793250890036554
7685672,M1-T26104---- 06 003,57.0,62.38280712316739,0.14634060780247404,-0.08042674018145066,-0.0013358604959942072,0.03831756746474605,-0.5341547902908537,62.72459369161166,-5.724593691611659,99.4550837337694,0.23330654829158307,0.3115937752316699
7685672,M1-T26104---- 06 003,57.0,62.38280712316739,0.14634060780247404,0.11115813222810705,0.014489496517822964,0.004739058560087999,-0.23628460776339827,62.69951555716569,-5.6995155571656895,99.4948631091163,0.23339986467529072,0.27172107712441196
7685672,M1-T26104---- 06 003,57.0,62.41273954867489,0.14634060780247404,0.07221910297364943,-0.1538609515803572,-0.08868930371850466,-0.5499936366962291,62.6862934620701,-5.686293462070097,99.56359858807,0.23344909449162377,0.20293636499032686
7685672,M1-T26104---- 06 003,57.0,62.38280712316739,0.14634060780247404,0.11434743420189698,-0.0013358604959942072,-0.8662424792044492,-0.5098465694886478,62.61664080153934,-5.61664080153934,99.62654713182742,0.23370877542827068,0.13972812255127243
7685672,M1-T26104---- 06 003,57.0,62.38280712316739,0.14634060780247404,-0.0865263580062032,-0.0013358604959942072,0.05181257410489027,-0.5341547902908537,62.827804850309434,-5.827804850309434,99.29170268263778,0.23292328111543942,0.4753581197295136
7694101,M1-T26104---- 06 003,64.27,62.26297039936634,0.14634060780247404,0.09045123314697684,-0.0013358604959942072,-0.10665619630434446,-0.5178155765101913,62.94021339226977,1.3297866077302274,98.92397427844749,0.2325072901162397,0.8435025433452161
7694101,M1-T26104---- 06 003,64.27,62.233037973858835,0.14634060780247404,0.07221910297364943,-0.177753329879142,9.893285148104966e-06,-0.3469766195871084,62.2280463982208,2.0419536017791984,99.5239415320971,0.23402993922332369,0.24201253654023003
7694101,M1-T26104---- 06 003,64.27,62.26297039936634,0.14634060780247404,0.07971826056286253,-0.0013358604959942072,-0.009905742401127966,-0.28802514158340115,62.61838305560402,1.6516169443959754,99.43239895038177,0.23370227286498105,0.3338828070045744
7694101,M1-T26104---- 06 003,64.27,62.26297039936634,0.14634060780247404,0.16688268803566286,-0.0013358604959942072,0.004739058560087999,-0.2561650568629767,62.70490855074185,1.5650914492581478,99.29519380362821,0.2333797909075551,0.47141045775194396
7694101,M1-T26104---- 06 003,64.27,62.233037973858835,0.14634060780247404,-0.04658010252373604,-0.0013358604959942072,0.07337612886927823,-0.24462109027436948,62.44664016747049,1.8233598325295048,99.6579284989046,0.23434500875549819,0.10771047867067171
7680927,M1-T26104---- 06 003,59.11,63.860106097421934,0.14634060780247404,-0.11898636215597978,0.014489496517822964,0.3724665135560772,-0.5736282242064129,64.05516209640716,-4.945162096407159,99.69547189930012,0.22846025233094683,0.07605223682707674
7709963,M1-T14885---- 17 002,70.25,63.81305803585789,0.016098880439197497,-0.17048272162726508,-0.02662318146986262,0.0005042082752248149,-0.3164722430354681,65.44654181439812,4.803458185601883,97.50407969059593,0.024598515877280756,2.4713065138829897
7709963,M1-T14885---- 17 002,70.25,63.67201643836476,0.016098880439197497,-0.08666697100156998,0.0009423657036158961,0.02080328964408058,0.5788825684328722,63.94982277784295,6.300177222157053,99.56557143715557,0.025174233832829296,0.40923869175412025
7709963,M1-T14885---- 17 002,70.25,63.67201643836476,0.016098880439197497,-0.2696446820175414,-0.02662318146986262,0.5265527522426215,0.243146613925944,64.95120730268883,5.298792697311171,98.03052056997996,0.024786110419105323,1.9446779234306746
7709963,M1-T14885---- 17 002,70.25,63.67201643836476,0.016098880439197497,0.04109443631929882,0.0009423657036158961,-0.1843978335712532,0.5578820406518864,63.67713817573171,6.572861824268287,99.95747817086175,0.025273323825610653,0.017232806504316807
7717067,M1-T18191---- 01 003,107.57,93.07843203357838,0.016098880439197497,1.866121340156743,0.12650192272891309,-0.04433038246234924,-0.10932815869064416,92.31271764153499,15.257282358465005,99.15002860961494,0.017149026055288143,0.8328117120200413
7717067,M1-T18191---- 01 003,107.57,93.07843203357838,0.016098880439197497,0.9567915044911717,0.12650192272891309,-0.13106116506657278,-0.12874554229466834,92.38852870566998,15.18147129433001,99.23016321148079,0.01716288616601729,0.7526632414341101
7717067,M1-T18191---- 01 003,107.57,93.07843203357838,0.016098880439197497,0.22255979529896883,0.12650192272891309,-0.6378897233380489,0.04447622375398027,92.19670171805672,15.373298281943278,99.02764652563746,0.017127858804241818,0.9552149763968414
7717067,M1-T18191---- 01 003,107.57,93.07843203357838,0.016098880439197497,0.6478575222171882,-0.0263974138300901,-0.07092133169646951,-0.12874554229466834,92.19703510783856,15.372964892161434,99.02799777672875,0.017127919556762024,0.9548636645152819
7717067,M1-T18191---- 01 003,107.57,93.07843203357838,0.016098880439197497,0.3626401157857656,-0.0263974138300901,-0.19511163924142194,-0.12874554229466834,91.92878381634343,15.641216183656567,98.74617826547828,0.017079175948624986,1.2367319496515399
7752876,M1-T26104---- 06 003,64.49,62.22981929456923,0.14634060780247404,-0.1482600245848988,-0.06981437811956508,2.492017362991722,0.555851956879673,63.31999638405513,1.1700036159448644,98.27828967218736,0.2311127496021931,1.4905817854135524
7752876,M1-T26104---- 06 003,64.0,62.506910251802026,0.14634060780247404,-0.09504561764471699,-0.0013358604959942072,0.02270595114592779,0.1963637018731813,63.161552846183156,0.8384471538168441,98.96352692225902,0.23169250602436192,0.8047647393027935
7752876,M1-T26104---- 06 003,64.0,62.22981929456923,0.14634060780247404,-0.11503675385026799,-0.0013358604959942072,0.22252269990785734,0.2229934753826489,63.43453639189562,0.5654636081043805,98.10083437834703,0.2306954429821074,1.6684544143900921
7752876,M1-T26104---- 06 003,64.0,62.506910251802026,0.14634060780247404,-0.11575660314162083,-0.0013358604959942072,0.6956310018923045,-0.17377348027417375,62.965034084752034,1.034965915247966,99.27239972653183,0.23241563621474964,0.49516875542542066
7752876,M1-T26104---- 06 003,64.0,62.506910251802026,0.14634060780247404,-0.03343986290442188,-0.15081393847284785,0.24947595256949354,0.1963637018731813,63.282089791294034,0.7179102087059661,98.7750255727155,0.23125118838519748,0.993707436642369
7752876,M1-T26104---- 06 003,64.0,62.56111960737181,0.14634060780247404,-0.08760078307270967,-0.0013358604959942072,0.049459469341063274,0.21144950879404167,63.656256454760616,0.3437435452393842,98.27959302613654,0.2298919115944001,1.4904993528965869
7753006,M1-T14885---- 17 002,73.49,66.43001142174342,0.016098880439197497,0.1273997415288099,-0.2783925146104996,-0.014215752878755959,0.37569137144005826,66.98133300595472,6.508666994045271,99.17688783253824,0.02403487257304812,0.7990623653582595
7753006,M1-T14885---- 17 002,73.49,66.43001142174342,0.016098880439197497,-0.0028188385359206283,-0.02662318146986262,0.9137992784909238,0.4061481218158484,66.45071373748914,7.039286262510856,99.96883056409204,0.02422679473408817,0.006927592428806471
7753006,M1-T14885---- 17 002,73.49,66.04026458158387,0.016098880439197497,0.4451407579771728,-0.02662318146986262,0.4864303073440134,0.24680624739015544,64.10592845927005,9.384071540729948,97.10831322982787,0.023672453983097676,2.867999611778932
7753006,M1-T14885---- 17 002,73.49,66.43001142174342,0.016098880439197497,-0.03171093343099582,-0.02662318146986262,-0.17018154179176218,0.5345225732198784,66.42716278255376,7.06283721744623,99.94725590266147,0.024221566255461513,0.02850748558572947
7753006,M1-T14885---- 17 002,73.49,66.04026458158387,0.016098880439197497,-0.099594231121688,-0.02662318146986262,0.018019384757185546,0.4061481218158484,66.78740224336234,6.702597756637658,98.88130467002377,0.024104662687836783,1.0945756944070306
7770764,M1-T26104---- 01 005,54.58,62.153258792957246,0.016098880439197497,-0.1457793290167683,0.016010648257772205,0.11329229306839583,-0.5258597501800916,62.27385359405353,-7.693853594053529,99.80633159059718,0.02585174503406717,0.16780060626760618
7779082,M1-T26104---- 06 003,63.79,64.35158149070446,0.14634060780247404,0.00608897010664808,0.014489496517822964,0.03309149577008523,0.28165148898161524,65.08222174138469,-1.2922217413846866,98.87734296884042,0.22485493180993443,0.8977867341727989
7779082,M1-T26104---- 06 003,63.79,64.35158149070446,0.14634060780247404,-0.11657909512077991,0.014489496517822964,0.015096722347793377,0.24002393117216886,65.02594795463474,-1.2359479546347458,98.96291191219241,0.22504952238391984,0.8120231869497192
7779082,M1-T26104---- 06 003,63.79,64.35158149070446,0.14634060780247404,-0.06026284100463962,0.1177198718062787,0.03309149577008523,0.28165148898161524,64.84101323548322,-1.051013235483218,99.24516653137744,0.22569139180763495,0.5291266544796451
7779082,M1-T26104---- 06 003,63.79,64.35158149070446,0.14634060780247404,-0.38569568925363606,0.014489496517822964,0.2228936496002583,0.29673729590247566,64.89313947022598,-1.103139470225976,99.1654466088597,0.22551010237161856,0.6090278788215878
7800536,M1-T26104---- 06 003,63.56,62.46253081763965,0.14634060780247404,-0.16190238467030982,0.014489496517822964,1.1844688530711545,-0.9537400087826949,63.496500678672795,0.06349932132720681,98.37159577749767,0.23047031441308305,1.397918159192337
7788995,M1-T26104---- 06 003,56.045,62.03842496381108,0.14634060780247404,-0.11657909512077991,0.014489496517822964,-0.34768379201252214,-0.2804241718330626,62.07945469585579,-6.034454695855786,99.59598469369139,0.23493402585998452,0.1690652265296583
7788995,M1-T26104---- 06 003,56.045,62.03842496381108,0.14634060780247404,-0.08547092978162368,0.014489496517822964,1.1844688530711545,-0.18991683239294752,62.380774081825486,-6.335774081825484,99.45117855914518,0.23459244694731254,0.3142129633298993
7788995,M1-T26104---- 06 003,56.045,62.00849253830358,0.14634060780247404,-0.2580414805298234,0.014489496517822964,0.6681456813039379,-0.27087722949013177,62.310821779460234,-6.265821779460232,99.51478862900315,0.23485580857020893,0.2503395138525513
7788995,M1-T26104---- 06 003,56.045,62.00849253830358,0.14634060780247404,-0.1715460757781575,0.014489496517822964,0.6835274158599467,-0.2729380685074324,62.01422911343056,-5.969229113430558,99.53936498817572,0.23491380900195086,0.2257051502848572
7788995,M1-T26104---- 06 003,56.045,62.03842496381108,0.14634060780247404,-0.1715460757781575,0.014489496517822964,0.004739058560087999,-0.2729380685074324,62.050519899621364,-6.005519899621362,99.54974215866163,0.23482494571027837,0.21541684916299347
7786722,M1-T26104---- 06 003,59.78,63.07180840492005,0.14634060780247404,-0.08787819681682356,0.014489496517822964,-0.754618314128078,-0.4409795611750391,63.2375575529303,-3.4575575529302967,99.73787867809509,0.23141403672743405,0.03069147179250717
7786722,M1-T26104---- 06 003,59.78,63.188132682063205,0.14634060780247404,-0.03470416827213446,0.014489496517822964,-0.0856629991136045,-0.5704444753784318,62.9090148088605,-3.1290148088604965,99.10318442437962,0.22951810139408046,0.6672817903976745
7806413,M1-T26104---- 06 003,54.11,63.911572821967574,0.14634060780247404,-0.11136374209162367,-0.23838220605183125,0.17972722712975095,-0.3298192939456101,63.62256431440765,-9.512564314407648,99.0980458888052,0.2269083301674058,0.6750302755341554
7806413,M1-T26104---- 06 003,57.16,63.911572821967574,0.14634060780247404,-0.13435971846408967,-0.0013358604959942072,0.00044572747926051293,-0.2568159083687319,64.1675053394988,-7.007505339498806,99.60113381953924,0.22806026854587116,0.17079032770541758
7806413,M1-T26104---- 06 003,57.16,63.911572821967574,0.14634060780247404,-0.1497658338379174,0.014489496517822964,-0.20768022864129101,-0.46062006387591553,64.23276481078801,-7.072764810788016,99.49994066149779,0.22782856296268222,0.272215207163364
7806413,M1-T26104---- 06 003,57.16,63.911572821967574,0.14634060780247404,-0.15446102011534069,0.29464015780591835,0.05852529750860204,-1.552777630742621,64.13420230756265,-6.974202307562649,99.65285379271927,0.22817869361313992,0.11895192136569092
7806413,M1-T26104---- 06 003,57.16,63.911572821967574,0.14634060780247404,0.11434743420189698,0.014489496517822964,0.26364553843859495,-1.2337991439116616,64.22252591557675,-7.062525915576757,99.51580377639097,0.22786488530263735,0.2563157674481972
7806413,M1-T26104---- 06 003,57.16,63.911572821967574,0.14634060780247404,-0.135079406570092,0.014489496517822964,-0.1792801925429925,-1.1300091882925267,64.22011878710777,-7.060118787107768,99.51953387361917,0.22787342623930085,0.25257712869968474
7806413,M1-T26104---- 06 003,61.58,63.911572821967574,0.14634060780247404,-0.129239383937591,0.014489496517822964,-0.07702924688106229,-1.9680307364646177,64.08609689083323,-2.506096890833234,99.72765693325236,0.22834997303199633,0.04397748970957578
7806413,M1-T26104---- 06 003,61.58,63.911572821967574,0.14634060780247404,0.05105621893252513,0.014489496517822964,-0.0856629991136045,-0.8706477700533124,64.47964220854182,-2.8996422085418203,99.1189788295741,0.2269562610684923,0.654049400588892
7806413,M1-T26104---- 06 003,61.58,63.994980600523014,0.14634060780247404,-0.015258049231478162,0.014489496517822964,0.7863441875190232,-1.1206483433410455,64.47479241736481,-2.894792417364812,99.2557994769247,0.22697333270626752,0.5172116804339502
7806413,M1-T26104---- 06 003,61.58,63.911572821967574,0.14634060780247404,-0.0016696311861790457,0.014489496517822964,0.07681503885381166,-1.0640734096808742,64.25468959059734,-2.674689590597339,99.4659896150538,0.22775082404071917,0.306243997841496
