OrderID,CompoundName,material_system,MNY,stage1_pred,stage1b_bias,stage2_residual_pred,uncalibrated_pred,stage3_offset_k3,calibrated_pred_k3
1778363,M1-T17771---- 05 002,Silica,36.27,34.353508519681135,0.016098880440327687,-0.9730248214007293,33.39658257872073,0.0,33.39658257872073
1778363,M1-T17771---- 05 002,Silica,36.27,34.907867990078955,0.016098880440327687,-0.7836609957196623,34.140305874799616,0.0,34.140305874799616
1782804,M1-T33025W3-- 04 004,Silica,49.79,49.98831425824427,-0.007564000878118119,0.6823022536846393,50.66305251105079,0.0,50.66305251105079
1782804,M1-T33025W3-- 04 004,Silica,49.79,49.98831425824427,-0.007564000878118119,0.6511002487999956,50.63185050616615,0.0,50.63185050616615
1782804,M1-T33025W3-- 04 004,Silica,49.79,49.98831425824427,-0.007564000878118119,0.6080129574954908,50.58876321486164,0.0,50.58876321486164
1782804,M1-T33025W3-- 04 004,Silica,49.79,49.98831425824427,-0.007564000878118119,0.9325566749696549,50.91330693233581,-0.2619157533152382,50.65139117902057
1782804,M1-T33025W3-- 04 004,Silica,49.79,49.98831425824427,-0.007564000878118119,-0.24478667416003902,49.735963583206114,-0.4358961791705127,49.3000674040356
1786357,M1-A00268XM-- 02 004,CarbonBlack,47.29,45.0098096153327,-0.23653063681139205,-0.11492004325680566,44.6583589352645,0.0,44.6583589352645
1786357,M1-A00268XM-- 02 004,CarbonBlack,47.29,45.0098096153327,-0.23653063681139205,0.2623990125690291,45.03567799109033,0.0,45.03567799109033
1786357,M1-A00268XM-- 02 004,CarbonBlack,47.29,46.41403934851286,-0.23653063681139205,-0.07080760131780711,46.10670111038365,0.0,46.10670111038365
1792998,M1-T02128W5-- 04 003,Silica,61.135000000000005,63.466888075759584,0.016098880440327687,-0.029182078243441913,63.453804877956465,0.0,63.453804877956465
1792998,M1-T02128W5-- 04 003,Silica,61.135000000000005,63.466888075759584,0.016098880440327687,0.053199230192800775,63.53618618639271,0.0,63.53618618639271
1792998,M1-T02128W5-- 04 003,Silica,61.135000000000005,62.82949286976688,0.016098880440327687,0.09272374682886864,62.93831549703607,0.0,62.93831549703607
1792998,M1-T02128W5-- 04 003,Silica,61.135000000000005,63.466888075759584,0.016098880440327687,0.11671590094059484,63.59970285714051,-0.6956414633869379,62.904061393753565
1796439,M1-T02128W5-- 04 003,Silica,66.37,65.6947402530379,0.016098880440327687,-0.19434386702346837,65.51649526645477,-1.2073048802886683,64.3091903861661
1796439,M1-T02128W5-- 04 003,Silica,70.12,65.56816511283894,0.016098880440327687,-0.1534956055359688,65.4307683877433,-1.3861080653128879,64.04466032243042
1808244,M1-T17771---- 05 002,Silica,33.2,34.878396992050355,0.016098880440327687,-0.3863290360003426,34.50816683649034,0.0,34.50816683649034
1808244,M1-T17771---- 05 002,Silica,33.2,34.34431008878226,0.016098880440327687,-0.3790498037413354,33.981359165481244,0.8620252263837812,34.84338439186502
1812722,M1-S00211---- 10 001,CarbonBlack,29.98,26.79025850855541,-0.23653063681139205,-0.10719660589873425,26.446531265845284,0.0,26.446531265845284
1818453,M1-T30087---- 08 001,Silica,57.73,59.61577863325095,0.016098880440327687,0.6465064038213133,60.278383917512585,0.0,60.278383917512585
1818453,M1-T30087---- 08 001,Silica,57.73,59.61577863325095,0.016098880440327687,0.7245890540615952,60.35646656775287,0.0,60.35646656775287
1818453,M1-T30087---- 08 001,Silica,57.73,59.61577863325095,0.016098880440327687,0.5665027501714994,60.198380263862774,0.0,60.198380263862774
1818453,M1-T30087---- 08 001,Silica,57.73,59.70222525446322,0.016098880440327687,0.6103303943138184,60.32865452921737,-0.7645151752537763,59.56413935396359
1826654,M1-T17771---- 05 002,Silica,35.64,34.34153909457522,0.016098880440327687,-0.8413617778593427,33.5162761971562,1.242325896028763,34.75860209318496
1826654,M1-T17771---- 05 002,Silica,35.64,34.34153909457522,0.016098880440327687,-0.8286050493282968,33.52903292568725,0.4771780762730332,34.00621100196028
1826654,M1-T17771---- 05 002,Silica,35.64,34.34153909457522,0.016098880440327687,-0.5715984020484296,33.78603957296711,0.09961690374675086,33.88565647671386
1827617,M1-T15215---- 08 005,Silica,78.63,65.5924567918759,0.016098880440327687,1.6598243816434348,67.26838005395966,0.0,67.26838005395966
1827617,M1-T15215---- 08 005,Silica,78.63,65.5924567918759,0.016098880440327687,1.28984603484213,66.89840170715836,0.0,66.89840170715836
1827617,M1-T15215---- 08 005,Silica,78.63,65.5924567918759,0.016098880440327687,1.404889077349641,67.01344474966587,0.0,67.01344474966587
1827617,M1-T15215---- 08 005,Silica,78.63,65.5924567918759,0.016098880440327687,1.138696075166297,66.74725174748252,3.4084859838121004,70.15573773129462
1832453,M1-T17771---- 05 002,Silica,35.23,34.34153909457522,0.016098880440327687,-0.5917884225019255,33.765849552513615,0.7068489734758652,34.47269852598948
1832453,M1-T17771---- 05 002,Silica,35.23,34.77249796109204,0.016098880440327687,-0.6126126593308355,34.17598418220153,1.1280844037269318,35.30406858592846
1832453,M1-T17771---- 05 002,Silica,35.23,34.34153909457522,0.016098880440327687,-0.6844912895581363,33.673146685457404,1.3458472107187185,35.01899389617612
1839985,M1-T17771---- 05 002,Silica,36.48,34.86145325615515,0.016098880440327687,0.17877443157492068,35.0563265681704,1.3813381817490176,36.43766474991941
1855572,M1-T02128W5-- 04 003,Silica,61.86,64.32867625466277,0.016098880440327687,0.34741353769045724,64.69218867279355,-1.7096865028611719,62.982502169932374
1860389,M1-A06441XZ-- 01 002,CarbonBlack,57.76,55.99101359804214,-0.23653063681139205,0.5796090501890205,56.33409201141976,0.0,56.33409201141976
1860389,M1-A06441XZ-- 01 002,CarbonBlack,57.76,55.99101359804214,-0.23653063681139205,1.6227558380465115,57.37723879927725,0.0,57.37723879927725
1860389,M1-A06441XZ-- 01 002,CarbonBlack,57.76,55.99101359804214,-0.23653063681139205,0.3677588961129736,56.12224185734372,0.0,56.12224185734372
1868173,M1-T02128W5-- 04 003,Silica,59.17,64.96736701474526,0.016098880440327687,-0.39408497635246736,64.58938091883311,-0.9407291319392495,63.648651786893865
1868173,M1-T02128W5-- 04 003,Silica,59.17,64.96736701474526,0.016098880440327687,-0.471218322948255,64.51224757223733,0.7482590913195369,65.26050666355687
1868173,M1-T02128W5-- 04 003,Silica,59.17,64.96736701474526,0.016098880440327687,-0.6337237301912527,64.34974216499434,-0.325875237914389,64.02386692707995
1871615,M1-T17771---- 05 002,Silica,34.62,34.34153909457522,0.016098880440327687,0.1135561381886132,34.471194113204156,1.2831414725638517,35.754335585768004
1874237,M1-T02128W5-- 04 003,Silica,66.35,64.99548417186419,0.016098880440327687,-0.21302537809661873,64.7985576742079,-1.8539269421900062,62.94463073201789
1874237,M1-T02128W5-- 04 003,Silica,66.35,64.99548417186419,0.016098880440327687,0.02360592664040606,65.03518897894492,-2.900423131204202,62.13476584774072
1874237,M1-T02128W5-- 04 003,Silica,66.35,64.99548417186419,0.016098880440327687,-0.272972120957927,64.73861093134659,-3.584218841341243,61.154392090005345
1874237,M1-T02128W5-- 04 003,Silica,66.35,64.99548417186419,0.016098880440327687,0.2192882133442428,65.23087126564876,-2.0435204912012415,63.187350774447516
1879790,M1-T15611W6-- 01 004,CarbonBlack,30.84,51.586758277316534,-0.23653063681139205,-0.05394421983099601,51.29628342067414,0.0,51.29628342067414
1879790,M1-T15611W6-- 01 004,CarbonBlack,30.84,51.586758277316534,-0.23653063681139205,0.2604120741813954,51.610639714686535,0.0,51.610639714686535
1879790,M1-T15611W6-- 01 004,CarbonBlack,30.84,51.586758277316534,-0.23653063681139205,0.12869205189311028,51.47891969239825,0.0,51.47891969239825
1889370,M1-T02128W5-- 04 003,Silica,62.18,65.4003891888872,0.016098880440327687,0.29235739789194676,65.70884546721948,-1.0360210375243453,64.67282442969513
1890960,M1-A00205W3-- 03 003,CarbonBlack,39.05,41.20075641655693,-0.26882008647059225,-0.33403120755838545,40.597905122527955,0.0,40.597905122527955
1893903,M1-A00205W3-- 03 003,CarbonBlack,43.29,40.221757408049164,-0.26882008647059225,0.5807736810895768,40.53371100266815,0.0,40.53371100266815
1895567,M1-T15215---- 08 005,Silica,75.67,67.91463566892726,0.016098880440327687,0.30802105023395665,68.23875559960155,4.0,72.23875559960155
1895567,M1-T15215---- 08 005,Silica,75.67,67.91463566892726,0.016098880440327687,0.27056267074021134,68.20129722010779,4.0,72.20129722010779
1899501,M1-T25045---- 08 004,Silica,66.37,62.03227235520485,0.016098880440327687,-0.2440560189808331,61.80431521666434,0.0,61.80431521666434
1899529,M1-T02128W5-- 04 003,Silica,61.93,64.99548417186419,0.016098880440327687,-0.5096446767652105,64.50193837553931,-0.24179800567101895,64.2601403698683
1901977,M1-T09170WS-- 02 004,CarbonBlack,59.123333333333335,57.08706822685224,-0.6889012801640951,1.1960501865555917,57.59421713324373,0.0,57.59421713324373
1901977,M1-T09170WS-- 02 004,CarbonBlack,59.123333333333335,57.08706822685224,-0.6889012801640951,0.9412571624253879,57.33942410911353,0.0,57.33942410911353
1901977,M1-T09170WS-- 02 004,CarbonBlack,59.123333333333335,57.186142831321376,-0.6889012801640951,0.9817413818811681,57.47898293303845,0.0,57.47898293303845
1901977,M1-T09170WS-- 02 004,CarbonBlack,59.123333333333335,57.08706822685224,-0.6889012801640951,0.42408246294793617,56.82224940963608,0.4587348600268811,57.28098426966296
1902317,M1-T17771---- 04 003,Silica,39.24,34.84487275131299,0.016098880440327687,-0.31462662314681666,34.5463450086065,0.0,34.5463450086065
1902317,M1-T17771---- 04 003,Silica,39.24,34.84487275131299,0.016098880440327687,-0.7493954224457846,34.11157620930753,0.0,34.11157620930753
1905456,M1-T25045---- 08 004,Silica,66.27,61.592175192558244,0.016098880440327687,-0.29548875193922725,61.312785321059344,0.0,61.312785321059344
1905483,M1-T09170WS-- 02 004,CarbonBlack,60.93,57.08706822685224,-0.6889012801640951,1.5841153895473217,57.982282336235464,0.8562871692847582,58.83856950552022
1905483,M1-T09170WS-- 02 004,CarbonBlack,60.93,57.08706822685224,-0.6889012801640951,1.5247756641116361,57.92294261079978,1.0927061385877956,59.01564874938757
1905483,M1-T09170WS-- 02 004,CarbonBlack,60.93,57.08706822685224,-0.6889012801640951,1.395497759127943,57.793664705816084,1.4552194741206337,59.24888417993672
1905483,M1-T09170WS-- 02 004,CarbonBlack,60.93,57.08706822685224,-0.6889012801640951,2.0439889280472454,58.44215587473539,1.9029689310138043,60.345124805749194
1907516,M1-T33025W3-- 03 005,Silica,53.02333333333333,49.188614592803276,-0.01233407206863151,1.0019386662725576,50.1782191870072,0.0,50.1782191870072
1907516,M1-T33025W3-- 03 005,Silica,53.02333333333333,49.188614592803276,-0.01233407206863151,1.1757084149453418,50.351988935679984,0.0,50.351988935679984
1907568,M1-C10430---- 05 005,CarbonBlack,25.3,29.51637080803644,-0.5517508355659966,-0.39205738509187527,28.57256258737857,0.0,28.57256258737857
1907568,M1-C10430---- 05 005,CarbonBlack,25.3,29.51637080803644,-0.5517508355659966,-0.4269432579194734,28.537676714550972,0.0,28.537676714550972
1907568,M1-C10430---- 05 005,CarbonBlack,25.3,29.51637080803644,-0.5517508355659966,-0.865153783487092,28.099466188983353,0.0,28.099466188983353
1907568,M1-C10430---- 05 005,CarbonBlack,26.1,29.51637080803644,-0.5517508355659966,-0.8486261233644361,28.115993849106008,-0.9817687762135708,27.134225072892438
1911891,M1-T25045---- 08 004,Silica,65.67,63.510520672932785,0.016098880440327687,0.572954564611561,64.09957411798467,0.0,64.09957411798467
1913900,M1-T02128W5-- 04 003,Silica,61.88,64.83267955457049,0.016098880440327687,-0.0349314906849425,64.81384694432587,0.16648001633565745,64.98032696066153
1913932,M1-T09170WS-- 02 004,CarbonBlack,55.47,57.69092069005033,-0.6889012801640951,1.432252796749926,58.434272206636166,2.234195468469729,60.668467675105894
1913932,M1-T09170WS-- 02 004,CarbonBlack,55.47,57.69092069005033,-0.6889012801640951,0.24564312511675748,57.247662535002995,2.504837416183985,59.75249995118698
1913932,M1-T09170WS-- 02 004,CarbonBlack,55.47,57.69092069005033,-0.6889012801640951,0.6364149742921533,57.63843438417839,2.4997394289081716,60.13817381308656
1913932,M1-T09170WS-- 02 004,CarbonBlack,55.47,57.69092069005033,-0.6889012801640951,0.8510768071951321,57.85309621708137,0.8605359382448698,58.713632155326245
1913944,M1-B15563---- 01 005,Silica,43.49,46.50050460432089,0.016098880440327687,0.6572808150086015,47.17388429976982,0.0,47.17388429976982
1913944,M1-B15563---- 01 005,Silica,44.62,46.51163980374134,0.016098880440327687,0.4057246746769708,46.93346335885863,0.0,46.93346335885863
1913944,M1-B15563---- 01 005,Silica,43.49,46.51163980374134,0.016098880440327687,0.45917716576785406,46.98691584994952,0.0,46.98691584994952
1913944,M1-B15563---- 01 005,Silica,43.49,46.50050460432089,0.016098880440327687,0.5417793145701817,47.0583827993314,-1.1051652899309445,45.95321750940045
1913944,M1-B15563---- 01 005,Silica,44.62,46.51163980374134,0.016098880440327687,0.6562388557190083,47.183977539900674,-1.4676547106092515,45.71632282929142
1913944,M1-B15563---- 01 005,Silica,44.62,46.50050460432089,0.016098880440327687,0.8224573710567147,47.33906085581793,-2.076433052411331,45.262627803406595
1913944,M1-B15563---- 01 005,Silica,44.62,46.50050460432089,0.016098880440327687,0.679938594772143,47.19654207953336,-2.5240179764873503,44.67252410304601
1914139,M1-B15563---- 01 005,Silica,45.62,46.47950209647036,0.016098880440327687,-0.481847509220659,46.01375346769003,-2.536005845511348,43.47774762217868
1914139,M1-B15563---- 01 005,Silica,45.62,46.490637295890814,0.016098880440327687,-0.5414853331304516,45.965250843200685,-2.590922348603322,43.374328494597364
1914139,M1-B15563---- 01 005,Silica,45.62,46.490637295890814,0.016098880440327687,-0.4432192359753826,46.063516940355754,-2.5866082678823337,43.47690867247342
1914139,M1-B15563---- 01 005,Silica,45.18,46.47950209647036,0.016098880440327687,-0.4536996529172047,46.041901323993486,-1.9287518278246434,44.113149496168845
1914139,M1-B15563---- 01 005,Silica,45.18,46.47950209647036,0.016098880440327687,-0.6142922751902877,45.8813087017204,-1.4537015324374567,44.42760716928294
1914139,M1-B15563---- 01 005,Silica,45.18,46.490637295890814,0.016098880440327687,-0.4029834256456336,46.1037527506855,-1.1506461548129465,44.953106595872555
1914139,M1-B15563---- 01 005,Silica,45.18,46.490637295890814,0.016098880440327687,-0.49373929806442635,46.01299687826671,-1.0640227055671083,44.94897417269961
1914139,M1-B15563---- 01 005,Silica,45.18,46.47950209647036,0.016098880440327687,-0.5519064929588671,45.94369448395182,-0.9552085044130958,44.98848597953873
1914139,M1-B15563---- 01 005,Silica,45.62,46.490637295890814,0.016098880440327687,-0.6249791223711127,45.88175705396002,-0.9457717782948174,44.9359852756652
1919824,M1-T25045---- 08 004,Silica,65.6,62.2688989018787,0.016098880440327687,0.3836083986553791,62.6686061809744,1.3697054350006985,64.0383116159751
1923756,M1-T11923---- 09 002,Silica,50.97,57.68005760752911,0.016098880440327687,-0.16599232464603064,57.5301641633234,0.0,57.5301641633234
1923756,M1-T11923---- 09 002,Silica,50.97,57.68005760752911,0.016098880440327687,0.027768632302935928,57.72392512027237,0.0,57.72392512027237
1923756,M1-T11923---- 09 002,Silica,50.97,57.68005760752911,0.016098880440327687,-0.6401959511849139,57.05596053678452,0.0,57.05596053678452
1925692,M1-T33025W3-- 03 005,Silica,57.76,49.68615364736556,-0.01233407206863151,0.5809969492875882,50.25481652458451,0.0,50.25481652458451
1925692,M1-T33025W3-- 03 005,Silica,57.76,49.07683039137302,-0.01233407206863151,0.5146441454731955,49.57914046477759,0.8535342438978396,50.43267470867543
1925692,M1-T33025W3-- 03 005,Silica,57.76,49.07683039137302,-0.01233407206863151,0.41700568801347926,49.48150200731787,1.3988772900244926,50.880379297342365
1931896,M1-A00268R2-- 05 003,CarbonBlack,44.86,45.10321046291894,-0.3344135119178328,-0.4700995125274363,44.298697438473674,0.0,44.298697438473674
1931896,M1-A00268R2-- 05 003,CarbonBlack,44.86,45.10321046291894,-0.3344135119178328,-0.2708510153454012,44.49794593565571,0.0,44.49794593565571
1931896,M1-A00268R2-- 05 003,CarbonBlack,44.86,45.558570489581946,-0.3344135119178328,-0.24557056712448408,44.978586410539634,0.0,44.978586410539634
1931896,M1-A00268R2-- 05 003,CarbonBlack,44.86,45.558570489581946,-0.3344135119178328,-0.08170090958542389,45.142456068078694,0.1683907684578976,45.31084683653659
1931932,M1-T25045---- 08 004,Silica,68.65,63.058870177650434,0.016098880440327687,-0.6905258772957052,62.38444318079505,2.4459582081826845,64.83040138897773
1935726,M1-T17771---- 05 002,Silica,35.37,34.34431008878226,0.016098880440327687,-0.3559484574752205,34.00446051174736,1.365255025157474,35.369715536904835
1935851,M1-T25045---- 08 004,Silica,69.03,57.902486870586245,0.016098880440327687,0.05204144142836735,57.970627192454934,2.1832985103324773,60.15392570278741
1939667,M1-T25045---- 08 004,Silica,61.37,62.37601566320612,0.016098880440327687,-0.14290602709193803,62.2492085165545,2.407727102940412,64.65693561949492
1943437,M1-T09170WS-- 02 004,CarbonBlack,59.42333333333334,56.72624467789182,-0.6889012801640951,1.5666279197689408,57.603971317496665,0.0690763962705101,57.673047713767176
1943437,M1-T09170WS-- 02 004,CarbonBlack,59.42333333333334,56.72624467789182,-0.6889012801640951,0.7557472701621895,56.79309066788991,-0.60217683786416,56.19091383002576
1943437,M1-T09170WS-- 02 004,CarbonBlack,59.42333333333334,56.72624467789182,-0.6889012801640951,1.056029056280799,57.093372454008524,-1.136452651629324,55.9569198023792
1943437,M1-T09170WS-- 02 004,CarbonBlack,59.42333333333334,56.72624467789182,-0.6889012801640951,1.2001188857613982,57.23746228348912,-0.24970825138952457,56.987754032099595
1943437,M1-T09170WS-- 02 004,CarbonBlack,63.66,56.72624467789182,-0.6889012801640951,1.3176023761947933,57.354945773922516,0.6142770236603605,57.96922279758288
1943437,M1-T09170WS-- 02 004,CarbonBlack,63.66,56.72624467789182,-0.6889012801640951,1.3827213242635894,57.42006472199132,1.1289821803596969,58.549046902351016
1943437,M1-T09170WS-- 02 004,CarbonBlack,63.66,56.72624467789182,-0.6889012801640951,1.3024069813699504,57.33975037909767,1.4460488412050527,58.78579922030273
1943437,M1-T09170WS-- 02 004,CarbonBlack,63.66,56.72624467789182,-0.6889012801640951,1.0361841417825823,57.07352753951031,2.903750456666781,59.97727799617709
1943609,M1-T02128W5-- 04 003,Silica,69.015,63.443946742075255,0.016098880440327687,-0.07372830574932973,63.38631731676625,-0.9421176287308827,62.44419968803537
1943609,M1-T02128W5-- 04 003,Silica,69.015,63.443946742075255,0.016098880440327687,0.41353032967710285,63.87357595219268,-1.4310638527734112,62.44251209941927
1943609,M1-T02128W5-- 04 003,Silica,69.015,62.80655153608255,0.016098880440327687,0.3546209112666749,63.17727132778955,-1.8818987802391491,61.2953725475504
1943609,M1-T02128W5-- 04 003,Silica,69.015,63.443946742075255,0.016098880440327687,0.0333640150554772,63.493409637571055,0.37127565880271995,63.86468529637378
1943609,M1-T02128W5-- 04 003,Silica,69.015,63.443946742075255,0.016098880440327687,0.023342469249289344,63.483388091764866,1.8023201755040996,65.28570826726896
1953969,M1-T17771---- 05 002,Silica,32.3,34.27665225164839,0.016098880440327687,-0.7576135396340975,33.53513759245462,1.3827805471591113,34.91791813961373
1953969,M1-T17771---- 05 002,Silica,32.3,34.27665225164839,0.016098880440327687,-0.1922678431742404,34.100483288914475,1.0125881490501303,35.11307143796461
1954540,M1-T17771---- 05 002,Silica,34.97,34.91917781987463,0.016098880440327687,-0.1662651433443887,34.76901155697057,1.118473550810882,35.88748510778145
1955921,M1-T25045---- 08 004,Silica,54.6,60.45213667998965,0.016098880440327687,0.4831670245464863,60.951402584976464,3.565076017819774,64.51647860279624
1955968,M1-T17771---- 05 002,Silica,36.98,34.75260021180013,0.016098880440327687,-0.818612267134551,33.9500868251059,0.41239020783123126,34.36247703293713
1955968,M1-T17771---- 05 002,Silica,36.98,34.75260021180013,0.016098880440327687,-1.056050371832585,33.71264872040787,-0.25147184119248156,33.46117687921539
1955968,M1-T17771---- 05 002,Silica,36.98,34.75260021180013,0.016098880440327687,-0.5618928710786467,34.206806221161806,-0.1157337559259079,34.0910724652359
1957653,M1-T02128W5-- 04 003,Silica,62.61,64.06556074092796,0.016098880440327687,0.2723046853926163,64.3539643067609,3.0129427245160056,67.36690703127691
1962171,M1-T17771---- 05 002,Silica,32.54,34.367634723095115,0.016098880440327687,-0.0962930631207432,34.2874405404147,0.8279603233200938,35.11540086373479
1963909,M1-T09170WS-- 02 004,CarbonBlack,54.41333333333333,56.57200640161975,-0.6889012801640951,0.6658843368038756,56.548989458259534,3.90460590306935,60.45359536132889
1963909,M1-T09170WS-- 02 004,CarbonBlack,54.41333333333333,56.57200640161975,-0.6889012801640951,0.3088224940987775,56.191927615554434,4.0,60.191927615554434
1963909,M1-T09170WS-- 02 004,CarbonBlack,54.41333333333333,54.64673221388326,-0.6889012801640951,0.5780600920883584,54.53589102580752,4.0,58.53589102580752
1963909,M1-T09170WS-- 02 004,CarbonBlack,54.41333333333333,54.64673221388326,-0.6889012801640951,0.47670173796736276,54.434532671686526,3.0108188982504007,57.445351569936925
1967814,M1-T15760---- 06 001,Silica,50.96,59.06134558195796,-0.3188781376186559,-1.118633783788331,57.62383366055097,0.0,57.62383366055097
1967814,M1-T15760---- 06 001,Silica,50.96,56.84246290243813,-0.3188781376186559,-1.504951942966768,55.018632821852705,0.0,55.018632821852705
1969488,M1-T15760---- 06 001,Silica,48.54,55.60332873232862,-0.3188781376186559,-0.3951807071743998,54.88926988753557,0.0,54.88926988753557
1969488,M1-T15760---- 06 001,Silica,48.54,55.60332873232862,-0.3188781376186559,-0.5323888785958018,54.75206171611416,-1.9991500981652912,52.75291161794887
1969488,M1-T15760---- 06 001,Silica,48.54,55.578117461249185,-0.3188781376186559,-0.25793036620189824,55.001308957428634,-2.616994915271515,52.38431404215712
1969488,M1-T15760---- 06 001,Silica,48.54,55.578117461249185,-0.3188781376186559,-0.278259160101468,54.98098016352906,-3.736677406950731,51.24430275657833
1969488,M1-T15760---- 06 001,Silica,48.54,55.918079854999554,-0.3188781376186559,-0.26898652980664856,55.330215187574254,-4.0,51.330215187574254
1971355,M1-T33025W3-- 03 005,Silica,51.18,44.73869434009518,-0.01233407206863151,-0.14507021266714532,44.5812900553594,3.23076914564179,47.81205920100119
1971355,M1-T33025W3-- 03 005,Silica,51.18,44.33469099899117,-0.01233407206863151,0.16433998550140577,44.486696912423945,4.0,48.486696912423945
1974947,M1-T15760---- 06 001,Silica,53.14,56.964302548790414,-0.3188781376186559,-1.5505146204562168,55.09490979071554,-4.0,51.09490979071554
1974947,M1-T15760---- 06 001,Silica,53.14,56.78569594040682,-0.3188781376186559,-0.4732802545412533,55.99353754824691,-4.0,51.99353754824691
1974947,M1-T15760---- 06 001,Silica,53.14,56.93909127771098,-0.3188781376186559,-1.4317157362513808,55.18849740384094,-4.0,51.18849740384094
1974947,M1-T15760---- 06 001,Silica,53.14,56.97069990665098,-0.3188781376186559,-0.9091413003963312,55.742680468635996,-4.0,51.742680468635996
1974947,M1-T15760---- 06 001,Silica,53.14,56.97069990665098,-0.3188781376186559,-0.8496960144219945,55.80212575461033,-4.0,51.80212575461033
1977075,M1-T15760---- 06 001,Silica,51.09,59.25018958827687,-0.3188781376186559,-0.2317500332749725,58.699561417383244,-3.5165907552691924,55.18297066211405
1977075,M1-T15760---- 06 001,Silica,51.09,59.52718244798156,-0.3188781376186559,-0.1816531055353629,59.026651204827544,-3.242417669279233,55.78423353554831
1977075,M1-T15760---- 06 001,Silica,51.09,59.52718244798156,-0.3188781376186559,-1.6804493935908997,57.52785491677201,-3.068330094878562,54.459524821893446
1977075,M1-T15760---- 06 001,Silica,51.09,59.76736566724208,-0.3188781376186559,-0.39678888108496635,59.05169864853846,-4.0,55.05169864853846
1977075,M1-T15760---- 06 001,Silica,51.09,58.02298241874495,-0.3188781376186559,-0.3292910356895858,57.37481324543671,-4.0,53.37481324543671
1977076,M1-T15760---- 06 001,Silica,51.46,59.75977823536588,-0.3188781376186559,-0.18124254441453339,59.259657553332694,-4.0,55.259657553332694
1977076,M1-T15760---- 06 001,Silica,51.46,60.312767850442974,-0.3188781376186559,-0.8711067480719955,59.122782964752325,-4.0,55.122782964752325
1977076,M1-T15760---- 06 001,Silica,51.46,60.312767850442974,-0.3188781376186559,-0.739064188031307,59.25482552479301,-4.0,55.25482552479301
1977076,M1-T15760---- 06 001,Silica,51.46,58.052925104510265,-0.3188781376186559,-1.762931965858047,55.97111500103357,-4.0,51.97111500103357
1978715,M1-T25045---- 08 004,Silica,56.71,60.34584787464038,0.016098880440327687,0.8010024425925416,61.16294919767324,4.0,65.16294919767324
1978715,M1-T25045---- 08 004,Silica,56.71,60.34584787464038,0.016098880440327687,-0.8959718741122573,59.465974880968446,3.8055929833498015,63.27156786431825
1978715,M1-T25045---- 08 004,Silica,56.71,60.34584787464038,0.016098880440327687,-0.9005887730825011,59.4613579819982,0.7584943128519224,60.21985229485012
1978715,M1-T25045---- 08 004,Silica,56.71,60.36750784530138,0.016098880440327687,-1.4717566792962438,58.911850046445466,-0.8049387403056268,58.106911306139835
1978715,M1-T25045---- 08 004,Silica,56.71,60.34584787464038,0.016098880440327687,-1.208938307502727,59.153008447577974,-1.390249582504472,57.7627588650735
1980528,M1-T15760---- 06 001,Silica,50.98,58.71187852249651,-0.3188781376186559,-0.5164333617772937,57.87656702310056,-4.0,53.87656702310056
1980530,M1-T15760---- 06 001,Silica,51.69,57.69922636841251,-0.3188781376186559,-0.028649742930940997,57.35169848786292,-4.0,53.35169848786292
1980530,M1-T15760---- 06 001,Silica,51.69,57.69922636841251,-0.3188781376186559,-0.26010883576817223,57.120239395025685,-4.0,53.120239395025685
1980530,M1-T15760---- 06 001,Silica,51.69,57.691638936536314,-0.3188781376186559,-0.350488537593456,57.022272261324204,-4.0,53.022272261324204
1980530,M1-T15760---- 06 001,Silica,51.69,57.691638936536314,-0.3188781376186559,-0.2739937617196626,57.098767037197995,-4.0,53.098767037197995
1980587,M1-T17771---- 05 002,Silica,33.16,34.876781426119855,0.016098880440327687,-0.28142794482053024,34.61145236173965,1.5597776102017038,36.17122997194136
1982586,M1-T15760---- 06 001,Silica,50.37,59.10979995292204,-0.3188781376186559,-0.47968725104676213,58.31123456425662,-4.0,54.31123456425662
1982586,M1-T15760---- 06 001,Silica,51.49,58.456905660361166,-0.3188781376186559,-0.3912275638874818,57.74679995885503,-4.0,53.74679995885503
1982586,M1-T15760---- 06 001,Silica,51.49,59.10979995292204,-0.3188781376186559,-0.7503186704876303,58.040603144815755,-4.0,54.040603144815755
1982586,M1-T15760---- 06 001,Silica,51.49,58.763323877096646,-0.3188781376186559,-0.6121686726527275,57.83227706682526,-4.0,53.83227706682526
1982586,M1-T15760---- 06 001,Silica,51.49,59.044238430117424,-0.3188781376186559,-0.49722246637186035,58.22813782612691,-4.0,54.22813782612691
1982586,M1-T15760---- 06 001,Silica,51.49,59.044238430117424,-0.3188781376186559,-1.1690836937901423,57.55627659870863,-4.0,53.55627659870863
1982586,M1-T15760---- 06 001,Silica,50.37,59.10979995292204,-0.3188781376186559,-0.6315600238689839,58.1593617914344,-4.0,54.1593617914344
1984422,M1-T25045---- 08 004,Silica,56.74,60.84632556232407,0.016098880440327687,-1.443298524608326,59.41912591815607,-1.7985821023525896,57.62054381580348
1984422,M1-T25045---- 08 004,Silica,56.74,60.84632556232407,0.016098880440327687,-1.6235898839645355,59.23883455879986,-1.919562485580452,57.31927207321941
1984422,M1-T25045---- 08 004,Silica,56.74,60.50921001792554,0.016098880440327687,-0.6387184406055904,59.88659045776027,-2.0765962741797086,57.809994183580564
1984422,M1-T25045---- 08 004,Silica,56.74,60.867985532985074,0.016098880440327687,-1.110981241009284,59.773103172416114,-2.257355167372616,57.5157480050435
1984422,M1-T25045---- 08 004,Silica,56.74,60.84632556232407,0.016098880440327687,-1.7508075809479469,59.111616861816444,-2.3297989848007883,56.781817877015655
1985856,M1-T15760---- 06 001,Silica,55.45,57.29196968207168,-0.3188781376186559,-0.1866351197822011,56.786456424670824,-4.0,52.786456424670824
1985856,M1-T15760---- 06 001,Silica,55.45,57.29196968207168,-0.3188781376186559,-0.08423019292838108,56.888861351524646,-4.0,52.888861351524646
1985856,M1-T15760---- 06 001,Silica,55.45,57.29196968207168,-0.3188781376186559,-0.23145912977532151,56.7416324146777,-4.0,52.7416324146777
1985904,M1-T15760---- 06 001,Silica,51.035,56.992246882314504,-0.3188781376186559,-0.2898081389821658,56.38356060571368,-4.0,52.38356060571368
1985904,M1-T15760---- 06 001,Silica,51.035,57.00184313286831,-0.3188781376186559,-0.37566710991707286,56.30729788533258,-4.0,52.30729788533258
1985904,M1-T15760---- 06 001,Silica,49.85,58.93320281400946,-0.3188781376186559,-1.3790928238767701,57.23523185251404,-3.215502745281851,54.01972910723219
1987717,M1-T15760---- 06 001,Silica,53.46,58.907046209657075,-0.3188781376186559,-0.7666209951093785,57.82154707692904,-3.8554201034114017,53.96612697351764
1987717,M1-T15760---- 06 001,Silica,53.46,58.586538412566306,-0.3188781376186559,-1.1939110450830337,57.07374922986462,-4.0,53.07374922986462
1987718,M1-T15760---- 06 001,Silica,48.54,58.99876433681408,-0.3188781376186559,-1.2831386135909821,57.39674758560444,-4.0,53.39674758560444
1987718,M1-T15760---- 06 001,Silica,48.54,58.99876433681408,-0.3188781376186559,-0.3958968261726541,58.28398937302277,-4.0,54.28398937302277
1987718,M1-T15760---- 06 001,Silica,48.54,58.586538412566306,-0.3188781376186559,-0.3579935273310898,57.90966674761656,-4.0,53.90966674761656
1987718,M1-T15760---- 06 001,Silica,48.54,58.643793581750096,-0.3188781376186559,-0.45842940374731705,57.866486040384125,-4.0,53.866486040384125
1987718,M1-T15760---- 06 001,Silica,48.54,58.93320281400946,-0.3188781376186559,-0.6059600835304557,58.00836459286035,-4.0,54.00836459286035
1989721,M1-T15760---- 06 001,Silica,56.08,57.77981183992723,-0.3188781376186559,0.131992281465927,57.5929259837745,-4.0,53.5929259837745
1989721,M1-T15760---- 06 001,Silica,56.08,57.74585894606261,-0.3188781376186559,-0.10180218264084784,57.32517862580311,-4.0,53.32517862580311
1989721,M1-T15760---- 06 001,Silica,56.08,57.78739927180342,-0.3188781376186559,-0.14872028128356143,57.31980085290121,-4.0,53.31980085290121
1989721,M1-T15760---- 06 001,Silica,56.08,57.594565932912545,-0.3188781376186559,-0.20799036072735222,57.06769743456654,-4.0,53.06769743456654
1989721,M1-T15760---- 06 001,Silica,56.08,57.72183774899881,-0.3188781376186559,-0.2765904801020541,57.1263691312781,-4.0,53.1263691312781
1989725,M1-T17771---- 05 002,Silica,34.08,34.89939097707929,0.016098880440327687,-0.7114813232419805,34.204008534277634,1.92380246079265,36.127810995070284
1989725,M1-T17771---- 05 002,Silica,34.08,34.34431008878226,0.016098880440327687,-0.9661403311976586,33.394268638024926,0.8224295604304448,34.21669819845537
1989725,M1-T17771---- 05 002,Silica,34.08,34.89939097707929,0.016098880440327687,-0.6497959793855463,34.26569387813407,0.14026498377941482,34.40595886191349
1991693,M1-T15760---- 06 001,Silica,60.4,58.94956244116573,-0.3188781376186559,-0.14299297053433108,58.48769133301275,-3.799588298571815,54.688103034440935
1991693,M1-T15760---- 06 001,Silica,61.33,59.25059100647057,-0.3188781376186559,-1.704447954953359,57.22726491389856,-2.9560210393702326,54.271243874528324
1991693,M1-T15760---- 06 001,Silica,60.4,59.00681761034952,-0.3188781376186559,-0.6336666082587757,58.05427286447209,-2.3831254669425945,55.671147397529495
1991693,M1-T15760---- 06 001,Silica,60.4,58.9814661236675,-0.3188781376186559,-0.1399947951853145,58.52259319086353,-1.094495226763641,57.42809796409989
1993355,M1-T25045---- 08 004,Silica,54.73,60.962522144995546,0.016098880440327687,-0.9530065434322514,60.02561448200362,-2.5748364266886323,57.450778055314984
1997943,M1-T15760---- 06 001,Silica,55.74,58.74721543751653,-0.3188781376186559,-0.5052530497235423,57.923084250174334,0.4646738670958832,58.38775811727022
2014977,M1-T15760---- 06 001,Silica,50.43,56.83079204246836,-0.3188781376186559,-0.47119368607658,56.040720218773124,1.0289898476254908,57.06971006639861
2016772,M1-T15760---- 06 001,Silica,48.65,58.345817023527076,-0.3188781376186559,-0.37306473282639074,57.65387415308203,1.2835149360787836,58.93738908916081
2016772,M1-T15760---- 06 001,Silica,48.65,58.123448587934284,-0.3188781376186559,-0.9436723942541839,56.860898056061444,0.24353518020284892,57.10443323626429
2016772,M1-T15760---- 06 001,Silica,48.65,60.51437709801253,-0.3188781376186559,-0.33560591162496495,59.85989304876891,-1.512741439489943,58.34715160927897
2016772,M1-T15760---- 06 001,Silica,48.65,60.112763389076854,-0.3188781376186559,-0.30063481787805285,59.493250433580144,-3.760081253567569,55.733169180012574
2016830,M1-T09170WS-- 02 004,CarbonBlack,52.55666666666667,54.26928099804131,-0.6889012801640951,0.07863332878857603,53.65901304666579,1.5739949441089482,55.23300799077474
2016830,M1-T09170WS-- 02 004,CarbonBlack,52.55666666666667,54.26928099804131,-0.6889012801640951,0.33906361728312645,53.91944333516034,1.0650291531340048,54.984472488294344
2016830,M1-T09170WS-- 02 004,CarbonBlack,52.55666666666667,54.26928099804131,-0.6889012801640951,0.023380907956731044,53.60376062583394,0.7391606056878436,54.342921231521785
2016830,M1-T09170WS-- 02 004,CarbonBlack,52.55666666666667,54.26928099804131,-0.6889012801640951,0.45458909765859973,54.03496881553581,0.18670850998175476,54.22167732551757
2016830,M1-T09170WS-- 02 004,CarbonBlack,52.55666666666667,54.26928099804131,-0.6889012801640951,0.27563422979731755,53.85601394767453,-0.27813704356087143,53.577876904113666
2016832,M1-T15760---- 06 001,Silica,55.12,59.512826585016796,-0.3188781376186559,-0.5808323063497474,58.613116141048394,-4.0,54.613116141048394
2016832,M1-T15760---- 06 001,Silica,55.12,59.6060082723916,-0.3188781376186559,-1.1376827829177274,58.149447351855216,-4.0,54.149447351855216
2016832,M1-T15760---- 06 001,Silica,55.12,59.28120023689846,-0.3188781376186559,-0.2550217026597,58.707300396620106,-4.0,54.707300396620106
2016832,M1-T15760---- 06 001,Silica,55.12,60.51437709801253,-0.3188781376186559,-0.5463857473752836,59.649113213018595,-4.0,55.649113213018595
2016832,M1-T15760---- 06 001,Silica,55.12,59.36246024410205,-0.3188781376186559,-0.2420845810707229,58.80149752541268,-4.0,54.80149752541268
2016836,M1-T09170WS-- 02 004,CarbonBlack,52.31666666666666,54.26928099804131,-0.6889012801640951,0.2543282106109098,53.83470792848812,-0.5088241182427911,53.32588381024533
2016836,M1-T09170WS-- 02 004,CarbonBlack,52.31666666666666,54.26928099804131,-0.6889012801640951,0.28438527413890446,53.86476499201612,-0.7996675274306959,53.06509746458542
2016836,M1-T09170WS-- 02 004,CarbonBlack,52.31666666666666,54.26928099804131,-0.6889012801640951,0.42500761266892856,54.00538733054614,-0.9495714535038455,53.0558158770423
2016836,M1-T09170WS-- 02 004,CarbonBlack,52.31666666666666,54.26928099804131,-0.6889012801640951,0.3733957751252571,53.953775493002475,-1.1201123959991295,52.833663097003345
2017066,M1-T17771---- 05 002,Silica,35.06,34.905759371169324,0.016098880440327687,-0.32239224067929706,34.59946601093035,0.060982928362299765,34.66044893929265
2018673,M1-T15760---- 06 001,Silica,61.66,56.836038075455214,-0.3188781376186559,-0.6591098755190736,55.85805006231749,-4.0,51.85805006231749
2018673,M1-T15760---- 06 001,Silica,61.66,54.87738278915992,-0.3188781376186559,-0.7926350647270803,53.76586958681418,-4.0,49.76586958681418
2018673,M1-T15760---- 06 001,Silica,61.66,56.19764077806343,-0.3188781376186559,-0.7835920128130706,55.0951706276317,-4.0,51.0951706276317
2018673,M1-T15760---- 06 001,Silica,61.66,56.836038075455214,-0.3188781376186559,-0.577579282915406,55.93958065492115,-1.4151794146377112,54.52440124028344
2018858,M1-T09170WS-- 02 004,CarbonBlack,52.82,55.246977098591735,-0.6889012801640951,0.466521362685907,55.02459718111355,-1.2485081748042277,53.77608900630932
2018858,M1-T09170WS-- 02 004,CarbonBlack,52.82,55.246977098591735,-0.6889012801640951,0.18384336610653249,54.74191918453417,-1.380571921526803,53.36134726300737
2018858,M1-T09170WS-- 02 004,CarbonBlack,52.82,55.246977098591735,-0.6889012801640951,-0.019189751334197567,54.53888606709344,-1.4575329929695056,53.08135307412394
2018858,M1-T09170WS-- 02 004,CarbonBlack,52.82,55.246977098591735,-0.6889012801640951,0.39966884540662745,54.95774466383427,-1.6816522494127184,53.27609241442155
2018858,M1-T09170WS-- 02 004,CarbonBlack,52.82,55.246977098591735,-0.6889012801640951,0.3803824807781938,54.938458299205834,-1.7537323299491532,53.18472596925668
2020312,M1-T33025W3-- 03 005,Silica,47.52,45.12798516664662,-0.01233407206863151,0.1770532012570485,45.29270429583503,4.0,49.29270429583503
2020312,M1-T33025W3-- 03 005,Silica,47.52,45.148863319000775,-0.01233407206863151,0.44830620067819554,45.58483544761034,4.0,49.58483544761034
2020354,M1-T15760---- 06 001,Silica,53.05,54.87738278915992,-0.3188781376186559,-0.6015646012972196,53.95694005024404,1.377613533709346,55.33455358395339
2020354,M1-T15760---- 06 001,Silica,50.63,56.57369159331367,-0.3188781376186559,-0.3206838264878717,55.93412962920714,2.93377828530703,58.86790791451417
2020354,M1-T15760---- 06 001,Silica,48.33,54.61516741350871,-0.3188781376186559,-0.037213920016080586,54.259075355873975,3.769770603238575,58.02884595911255
2020354,M1-T15760---- 06 001,Silica,48.33,56.8436255073314,-0.3188781376186559,-0.8271329588605546,55.697614410852196,2.3667574071937882,58.064371818045984
2020354,M1-T15760---- 06 001,Silica,48.33,54.7877061935788,-0.3188781376186559,-0.7019899574687911,53.766838098491355,0.06549129627350991,53.83232939476486
2020354,M1-T15760---- 06 001,Silica,48.33,54.61516741350871,-0.3188781376186559,-0.3564493120204152,53.93983996386964,-1.732878699370736,52.2069612644989
2020354,M1-T15760---- 06 001,Silica,53.05,54.87738278915992,-0.3188781376186559,-0.7058995527726234,53.85260509876864,-3.423299412815174,50.429305685953466
2020354,M1-T15760---- 06 001,Silica,53.05,56.19764077806343,-0.3188781376186559,-0.6570326215710827,55.22173001887369,-4.0,51.22173001887369
2020354,M1-T15760---- 06 001,Silica,53.05,56.19764077806343,-0.3188781376186559,-0.2572958260327531,55.621466814412024,-4.0,51.621466814412024
2020354,M1-T15760---- 06 001,Silica,53.05,56.836038075455214,-0.3188781376186559,-1.0208548968163513,55.49630504102021,-3.392254821117051,52.10405021990316
2020354,M1-T15760---- 06 001,Silica,50.63,56.57369159331367,-0.3188781376186559,0.17212214507684587,56.42693560077186,-3.0260973804440443,53.40083822032782
2020354,M1-T15760---- 06 001,Silica,50.63,56.25422104847867,-0.3188781376186559,-0.7354096495755988,55.199933261284414,-2.889708210634439,52.310225050649976
2020354,M1-T15760---- 06 001,Silica,50.63,56.581279025189865,-0.3188781376186559,-0.38369499591945694,55.878705891651755,-2.75668725975017,53.12201863190158
2020354,M1-T15760---- 06 001,Silica,48.33,56.836038075455214,-0.3188781376186559,-0.3394990168472756,56.17766092098928,-3.668761762056677,52.50889915893261
2020354,M1-T15760---- 06 001,Silica,50.63,56.57369159331367,-0.3188781376186559,-0.7766069060978837,55.47820654959713,-3.9391132118249974,51.53909333777214
2020354,M1-T15760---- 06 001,Silica,50.63,56.57369159331367,-0.3188781376186559,0.4708798438241588,56.72569329951917,-4.0,52.72569329951917
2020354,M1-T15760---- 06 001,Silica,48.33,56.52965083387087,-0.3188781376186559,0.35581342927460735,56.56658612552682,-4.0,52.56658612552682
2020354,M1-T15760---- 06 001,Silica,53.05,56.31147621766246,-0.3188781376186559,-0.9177035644181161,55.07489451562569,-4.0,51.07489451562569
2022233,M1-T15760---- 06 001,Silica,50.33,56.604481299627984,-0.3188781376186559,-2.7779472523552053,53.507655909654126,-4.0,49.507655909654126
2022233,M1-T15760---- 06 001,Silica,50.33,54.86738718796461,-0.3188781376186559,-0.6633917550231208,53.885117295322836,-4.0,49.885117295322836
2022233,M1-T15760---- 06 001,Silica,50.33,56.14768675750783,-0.3188781376186559,-0.5154960478618189,55.31331257202736,-4.0,51.31331257202736
2022233,M1-T15760---- 06 001,Silica,50.33,54.73016474114701,-0.3188781376186559,-0.25715896441771635,54.154127639110634,-4.0,50.154127639110634
2022233,M1-T15760---- 06 001,Silica,50.33,54.86738718796461,-0.3188781376186559,-0.3174247435963566,54.2310843067496,-4.0,50.2310843067496
2022369,M1-T25045-M-- 01 001,Silica,60.26,60.657469534428316,0.016098880440327687,0.24790646237131592,60.92147487723996,0.0,60.92147487723996
2024404,M1-T33025W3-- 03 005,Silica,46.49333333333333,45.09869071690183,-0.01233407206863151,-0.453079986704018,44.633276658129176,4.0,48.633276658129176
2024404,M1-T33025W3-- 03 005,Silica,46.49333333333333,45.09869071690183,-0.01233407206863151,-0.2452831651076285,44.841073479725566,4.0,48.841073479725566
2024~1284387,M1-T09170XT-- 02 001,CarbonBlack,56.875,61.100181652014065,-0.23653063681139205,-0.9017926593667972,59.96185835583587,0.0,59.96185835583587
2024~1284387,M1-T09170XT-- 02 001,CarbonBlack,56.875,61.100181652014065,-0.23653063681139205,-0.48334926972514597,60.380301745477524,0.0,60.380301745477524
2024~1284387,M1-T09170XT-- 02 001,CarbonBlack,56.875,61.14175124176495,-0.23653063681139205,-0.47192391335530964,60.433296691598244,0.0,60.433296691598244
2024~1284387,M1-T09170XT-- 02 001,CarbonBlack,56.875,61.100181652014065,-0.23653063681139205,-0.5556833178346418,60.30796769736803,-0.9260575067507616,59.38191019061727
2024~1301112,M1-A00205W3-- 03 002,CarbonBlack,39.66,40.58956922473946,-0.31409317234430123,0.5504825392695756,40.82595859166474,0.0,40.82595859166474
2024~1301112,M1-A00205W3-- 03 002,CarbonBlack,39.66,40.628630142249,-0.31409317234430123,-0.6821583620108902,39.63237860789381,0.0,39.63237860789381
2024~1301112,M1-A00205W3-- 03 002,CarbonBlack,39.66,40.58956922473946,-0.31409317234430123,-0.5810292013956753,39.69444685099949,0.0,39.69444685099949
2024~1301112,M1-A00205W3-- 03 002,CarbonBlack,39.66,40.58956922473946,-0.31409317234430123,-0.2130623705601643,40.062413681835,-0.349787577499422,39.71262610433558
2024~1323971,M1-A00205W4-- 01 001,CarbonBlack,38.08,43.42254977896627,-0.19142072170576507,-0.4416923608412929,42.78943669641921,0.0,42.78943669641921
2024~1323971,M1-A00205W4-- 01 001,CarbonBlack,38.08,43.42254977896627,-0.19142072170576507,-0.5478496359952211,42.68327942126528,0.0,42.68327942126528
2024~1330226,M1-A00205W4-- 01 001,CarbonBlack,41.58,43.69542889015843,-0.19142072170576507,0.13535461282552272,43.63936278127819,0.0,43.63936278127819
2024~1356566,M1-T30087---- 08 001,Silica,55.34,56.25596015435017,0.016098880440327687,-1.5716366079103747,54.70042242688012,-1.3231005930035047,53.377321833876614
2024~1357627,M1-B00460B--- 02 001,Silica,54.55,54.04457248025432,-0.26405957158687465,-0.435122608721716,53.34539029994573,0.0,53.34539029994573
2024~1360197,M1-A00205W3-- 03 002,CarbonBlack,40.72,41.73856313033696,-0.31409317234430123,0.0852425167464568,41.50971247473912,-0.23656488661774022,41.273147588121375
2024~1360197,M1-A00205W3-- 03 002,CarbonBlack,40.72,41.73856313033696,-0.31409317234430123,0.6429514845701005,42.06742144256276,-0.17592947593226632,41.8914919666305
2024~1360197,M1-A00205W3-- 03 002,CarbonBlack,40.72,41.73856313033696,-0.31409317234430123,0.3354333822340372,41.7599033402267,-0.24387473770308643,41.51602860252361
2024~1360197,M1-A00205W3-- 03 002,CarbonBlack,40.72,41.73856313033696,-0.31409317234430123,0.45349552137050675,41.87796547936317,-0.40762605881389613,41.47033942054927
2024~1362727,M1-B00458B1-- 02 002,Silica,42.55,40.99318539089631,-0.002970670219913041,0.7609466274689594,41.75116134814535,0.0,41.75116134814535
2024~1362727,M1-B00458B1-- 02 002,Silica,42.55,41.11554274271219,-0.002970670219913041,0.9483884921376897,42.06096056462996,0.0,42.06096056462996
2024~1362727,M1-B00458B1-- 02 002,Silica,42.55,40.99318539089631,-0.002970670219913041,1.166452653516103,42.156667374192494,0.0,42.156667374192494
2024~1362727,M1-B00458B1-- 02 002,Silica,42.55,41.11554274271219,-0.002970670219913041,0.694089835526996,41.806661908019265,0.23965159555639345,42.04631350357566
2024~1364335,M1-B00163R4-- 01 003,CarbonBlack,34.45,33.44696724899234,0.3703565076549384,-1.515267217196365,32.30205653945091,0.0,32.30205653945091
2024~1364335,M1-B00163R4-- 01 003,CarbonBlack,34.45,33.44696724899234,0.3703565076549384,-1.3705088600338873,32.44681489661339,0.0,32.44681489661339
2024~1364335,M1-B00163R4-- 01 003,CarbonBlack,34.45,33.44696724899234,0.3703565076549384,-0.42956773144739324,33.387756025199884,0.0,33.387756025199884
2024~1377067,M1-A00205W3-- 03 002,CarbonBlack,45.76,41.41946747349402,-0.31409317234430123,0.45279458250392995,41.55816888365364,-0.6895646739385559,40.86860420971509
2024~1377067,M1-A00205W3-- 03 002,CarbonBlack,45.76,41.41946747349402,-0.31409317234430123,1.0187616976633336,42.12413599881305,-0.7946662738249994,41.32946972498805
2024~1377067,M1-A00205W3-- 03 002,CarbonBlack,45.76,41.41946747349402,-0.31409317234430123,0.5232531284490847,41.6286274295988,-0.9036560354864507,40.72497139411235
2024~1377067,M1-A00205W3-- 03 002,CarbonBlack,45.76,41.41946747349402,-0.31409317234430123,0.8623731700976168,41.967747471247336,0.6279901100633911,42.59573758131073
2024~1378927,M1-A00205W3-- 03 002,CarbonBlack,41.31,41.658302019023346,-0.31409317234430123,0.5714685803997424,41.91567742707879,1.5303522774004572,43.44602970447925
2024~1378927,M1-A00205W3-- 03 002,CarbonBlack,41.31,41.658302019023346,-0.31409317234430123,0.8332207342925122,42.177429580971555,2.310658365300679,44.48808794627224
2024~1378927,M1-A00205W3-- 03 002,CarbonBlack,41.31,41.658302019023346,-0.31409317234430123,0.723397139990629,42.067605986669676,2.7551366143362737,44.82274260100595
2024~1384350,M1-B00458---- 12 003,Silica,41.8,40.274227509863515,-0.010387011838136713,0.4441003787965173,40.7079408768219,0.0,40.7079408768219
2024~1393672,M1-A03391---- 09 001,CarbonBlack,46.71,44.706450366202716,-0.23653063681139205,-0.3312183065779631,44.138701422813355,0.0,44.138701422813355
2024~1393736,M1-A03391---- 09 001,CarbonBlack,47.71,44.9627176724095,-0.23653063681139205,-0.14048348926950804,44.585703546328595,0.0,44.585703546328595
2024~1393736,M1-A03391---- 09 001,CarbonBlack,47.71,44.9627176724095,-0.23653063681139205,-0.9113915209971264,43.81479551460097,0.0,43.81479551460097
2024~1393736,M1-A03391---- 09 001,CarbonBlack,47.71,44.9627176724095,-0.23653063681139205,-0.3793958611096167,44.34679117448849,0.7713895731559937,45.11818074764448
2024~1393736,M1-A03391---- 09 001,CarbonBlack,47.71,44.9627176724095,-0.23653063681139205,-0.6910121134634489,44.03517492213465,1.477261637310617,45.51243655944527
2024~1401516,M1-T02128W5-- 04 002,Silica,62.72,62.9763269475685,0.1608355087789259,-1.3303345972686362,61.80682785907879,0.0,61.80682785907879
2024~1401516,M1-T02128W5-- 04 002,Silica,62.72,62.9763269475685,0.1608355087789259,-0.6905193836006559,62.44664307274677,0.0,62.44664307274677
2024~1401516,M1-T02128W5-- 04 002,Silica,62.72,62.9763269475685,0.1608355087789259,-1.2447685207690142,61.89239393557841,0.0,61.89239393557841
2024~1401516,M1-T02128W5-- 04 002,Silica,62.72,62.9763269475685,0.1608355087789259,-0.6076881737053463,62.52947428264208,0.27395164227636354,62.80342592491844
2024~1401516,M1-T02128W5-- 04 002,Silica,62.72,62.9763269475685,0.1608355087789259,-0.28172304601751724,62.85543941032991,0.27377322776942414,63.12921263809933
2024~1403506,M1-T25045---- 08 004,Silica,54.33,62.06830374196203,0.016098880440327687,-1.2924664354939215,60.79193618690844,-2.712316450406876,58.07961973650156
2024~1403506,M1-T25045---- 08 004,Silica,54.33,62.38047714721996,0.016098880440327687,-0.7703236134139432,61.626252414246345,-2.6101065738297455,59.0161458404166
2024~1403506,M1-T25045---- 08 004,Silica,54.33,62.38047714721996,0.016098880440327687,-1.119576324059148,61.27699970360114,-3.4157589462819082,57.86124075731924
2024~1403506,M1-T25045---- 08 004,Silica,54.33,62.38047714721996,0.016098880440327687,-0.9550712076366678,61.44150482002362,-4.0,57.44150482002362
2024~1403506,M1-T25045---- 08 004,Silica,54.33,62.38047714721996,0.016098880440327687,-0.598397407075818,61.79817862058447,-4.0,57.79817862058447
2024~1403604,M1-A00205W3-- 03 002,CarbonBlack,40.01,41.73856313033696,-0.31409317234430123,-0.1828580071837243,41.24161195080894,1.7468924019117549,42.988504352720696
2024~1403604,M1-A00205W3-- 03 002,CarbonBlack,40.01,41.73856313033696,-0.31409317234430123,-0.13967516703653643,41.28479479095613,0.9625958070467625,42.24739059800289
2024~1403604,M1-A00205W3-- 03 002,CarbonBlack,40.01,41.73856313033696,-0.31409317234430123,-0.8130908015755615,40.6113791564171,0.4465352689318316,41.05791442534893
2024~1409876,M1-A00205W3-- 03 002,CarbonBlack,37.53,40.20829937444957,-0.31409317234430123,-0.23685004214203595,39.65735615996323,-0.056908896990399915,39.60044726297283
2024~1412499,M1-T25045---- 08 004,Silica,61.3,63.446618304996576,0.016098880440327687,-0.5420347652043056,62.920682420232595,-4.0,58.920682420232595
2024~1415992,M1-T25045---- 08 004,Silica,61.195,61.497520302123775,0.016098880440327687,-2.2516312920878954,59.261987890476206,-4.0,55.261987890476206
2024~1415992,M1-T25045---- 08 004,Silica,61.195,61.47586033146277,0.016098880440327687,-0.32263457622042746,61.16932463568266,-4.0,57.16932463568266
2024~1415992,M1-T25045---- 08 004,Silica,61.195,61.47586033146277,0.016098880440327687,-0.6333937572520227,60.85856545465107,-4.0,56.85856545465107
2024~1418382,M1-T09170WS-- 01 009,CarbonBlack,59.07333333333333,58.35531237735611,0.6217278299956274,0.06967767156921309,59.046717878920944,0.0,59.046717878920944
2024~1418382,M1-T09170WS-- 01 009,CarbonBlack,59.07333333333333,58.35531237735611,0.6217278299956274,-0.03169786899352367,58.94534233835821,0.0,58.94534233835821
2024~1418382,M1-T09170WS-- 01 009,CarbonBlack,59.07333333333333,58.35531237735611,0.6217278299956274,-0.09107075762701365,58.88596944972472,0.0,58.88596944972472
2024~1418382,M1-T09170WS-- 01 009,CarbonBlack,59.07333333333333,58.35531237735611,0.6217278299956274,-0.08939462914885987,58.88764557820287,0.007984636323715932,58.89563021452659
2024~1418382,M1-T09170WS-- 01 009,CarbonBlack,59.07333333333333,58.35531237735611,0.6217278299956274,-0.2608336370690448,58.71620657028269,0.04398654391913758,58.760193114201826
2024~1420092,M1-A00205W3-- 03 002,CarbonBlack,37.03,41.79759667098668,-0.31409317234430123,-0.38620657360024857,41.09729692504213,-0.42227466518011864,40.67502225986201
2024~1420092,M1-A00205W3-- 03 002,CarbonBlack,37.03,41.79759667098668,-0.31409317234430123,-0.3131219512702239,41.17038154737215,-0.4760060125512139,40.694375534820935
2024~1420092,M1-A00205W3-- 03 002,CarbonBlack,37.03,41.79759667098668,-0.31409317234430123,-0.6341773801900165,40.84932611845236,-0.971411056774818,39.87791506167754
2024~1420092,M1-A00205W3-- 03 002,CarbonBlack,37.03,41.79759667098668,-0.31409317234430123,-0.5393946021860443,40.944108896456335,-1.9001768172550113,39.043932079201326
2024~1425828,M1-T19012---- 01 005,Silica,107.2775,108.08022438865358,0.016098880440327687,0.26743561513128605,108.36375888422519,0.0,108.36375888422519
2024~1425828,M1-T19012---- 01 005,Silica,107.2775,108.08022438865358,0.016098880440327687,0.06075250404841559,108.15707577314231,0.0,108.15707577314231
2024~1425828,M1-T19012---- 01 005,Silica,107.2775,108.08022438865358,0.016098880440327687,-1.425441324206427,106.67088194488747,0.0,106.67088194488747
2024~1425828,M1-T19012---- 01 005,Silica,107.2775,108.08022438865358,0.016098880440327687,0.9511422888486334,109.04746555794253,-0.3258776652675564,108.72158789267498
2024~1431870,M1-A00205W3-- 03 002,CarbonBlack,41.97,39.67673675585041,-0.31409317234430123,-0.4147251228446011,38.94791846066151,-2.5722382362901532,36.37568022437136
2024~1431870,M1-A00205W3-- 03 002,CarbonBlack,41.97,39.67673675585041,-0.31409317234430123,-0.7917410036365473,38.57090257986957,-2.946364600938815,35.62453797893075
2024~1431870,M1-A00205W3-- 03 002,CarbonBlack,41.97,39.67673675585041,-0.31409317234430123,-0.6293842630944111,38.733259320411705,-3.2366878895940707,35.49657143081763
2024~1431870,M1-A00205W3-- 03 002,CarbonBlack,41.97,39.67673675585041,-0.31409317234430123,-0.32468054561762244,39.03796303788849,-1.3590570609143036,37.678905976974185
2024~1433857,M1-A00205W3-- 03 002,CarbonBlack,39.29,40.43066687141994,-0.31409317234430123,-0.4654570021618962,39.65111669691374,0.06838928339911687,39.71950598031285
2024~1433857,M1-A00205W3-- 03 002,CarbonBlack,39.29,40.039373148733254,-0.31409317234430123,-0.5236887102758855,39.20159126611307,1.01889470225587,40.22048596836894
2024~1433857,M1-A00205W3-- 03 002,CarbonBlack,39.29,40.43066687141994,-0.31409317234430123,0.19531799483653803,40.31189169391217,1.5928373802125622,41.90472907412474
2024~1433857,M1-A00205W3-- 03 002,CarbonBlack,39.29,40.43066687141994,-0.31409317234430123,-0.36295617303354694,39.75361752604209,1.0066511570746715,40.76026868311676
2024~1436586,M1-A00205W3-- 03 002,CarbonBlack,44.28,39.97275487220747,-0.31409317234430123,-0.43388186786731864,39.224779831995846,0.7311784301183487,39.955958262114194
2024~1436586,M1-A00205W3-- 03 002,CarbonBlack,44.28,39.97275487220747,-0.31409317234430123,-0.5341477216222562,39.12451397824091,0.20525739290919187,39.3297713711501
2024~1436586,M1-A00205W3-- 03 002,CarbonBlack,44.28,39.97275487220747,-0.31409317234430123,-0.31964776786594024,39.33901393199723,0.004594917223806477,39.343608849221035
2024~1436586,M1-A00205W3-- 03 002,CarbonBlack,44.28,39.97275487220747,-0.31409317234430123,-0.6354028151078189,39.02325888475535,1.5197824924579109,40.543041377213264
2024~1440863,M1-R00218W1-- 01 003,CarbonBlack,74.04,71.18395318930693,-0.23653063681139205,0.6502169138987721,71.59763946639431,0.0,71.59763946639431
2024~1440863,M1-R00218W1-- 01 003,CarbonBlack,74.04,72.25745763698234,-0.23653063681139205,0.8901351481668535,72.91106214833779,0.0,72.91106214833779
2024~1440863,M1-R00218W1-- 01 003,CarbonBlack,74.04,72.25745763698234,-0.23653063681139205,1.2012193725188853,73.22214637268983,0.0,73.22214637268983
2024~1440863,M1-R00218W1-- 01 003,CarbonBlack,74.04,72.4730606554707,-0.23653063681139205,0.36752492475518767,72.6040549434145,0.7327081600817081,73.33676310349621
2024~1440863,M1-R00218W1-- 01 003,CarbonBlack,74.04,71.4485073776955,-0.23653063681139205,0.5656289406415015,71.77760568152561,0.8515770675558602,72.62918274908148
2024~1442732,M1-A00205W3-- 03 002,CarbonBlack,43.9,41.012811225517126,-0.31409317234430123,-0.32750861392330693,40.37120943924952,2.610493551248264,42.98170299049778
2024~1442732,M1-A00205W3-- 03 002,CarbonBlack,43.9,41.012811225517126,-0.31409317234430123,-0.31800070128829194,40.380717351884535,3.3096413062746164,43.69035865815915
2024~1442732,M1-A00205W3-- 03 002,CarbonBlack,43.9,41.012811225517126,-0.31409317234430123,-0.3460216047114753,40.35269644846135,3.893771248965627,44.24646769742698
2024~1442732,M1-A00205W3-- 03 002,CarbonBlack,43.9,41.012811225517126,-0.31409317234430123,-0.08610459934252562,40.6126134538303,3.784277042501082,44.39689049633138
2024~1443625,M1-A03391---- 09 001,CarbonBlack,44.94,44.9627176724095,-0.23653063681139205,-0.36726358183552427,44.35892345376258,2.20264449173714,46.56156794549972
2024~1443625,M1-A03391---- 09 001,CarbonBlack,44.94,44.9627176724095,-0.23653063681139205,-0.21554616549927072,44.51064087009883,2.5508137918694525,47.061454661968284
2024~1443625,M1-A03391---- 09 001,CarbonBlack,44.94,44.9627176724095,-0.23653063681139205,-0.2731763653292271,44.453010670268874,2.8880171776682215,47.3410278479371
2024~1443625,M1-A03391---- 09 001,CarbonBlack,44.94,44.9627176724095,-0.23653063681139205,-0.40201697688579263,44.32417005871231,2.1959349882389807,46.520105046951294
2024~1444897,M1-A00205W3-- 03 002,CarbonBlack,39.73,40.8191401178804,-0.31409317234430123,-0.3961901163285201,40.10885682920758,3.704778724185396,43.81363555339298
2024~1444897,M1-A00205W3-- 03 002,CarbonBlack,39.73,40.8191401178804,-0.31409317234430123,-0.2556637263915826,40.24938321914452,3.6575361723913713,43.906919391535894
2024~1451752,M1-T09170---- 24 001,CarbonBlack,58.61666666666667,58.73790019825825,-0.5186302794618762,0.34183523722831294,58.56110515602469,0.0,58.56110515602469
2024~1451752,M1-T09170---- 24 001,CarbonBlack,58.61666666666667,58.82065718422694,-0.5186302794618762,0.06432044582383348,58.366347350588896,0.0,58.366347350588896
2024~1451752,M1-T09170---- 24 001,CarbonBlack,58.61666666666667,58.06162413094332,-0.5186302794618762,0.19017380560953046,57.73316765709098,0.0,57.73316765709098
2024~1451752,M1-T09170---- 24 001,CarbonBlack,58.61666666666667,58.73790019825825,-0.5186302794618762,0.4586706832770062,58.677940602073384,0.016668453192593802,58.69460905526598
2024~1451752,M1-T09170---- 24 001,CarbonBlack,58.61666666666667,58.06162413094332,-0.5186302794618762,0.10728240633026803,57.65027625781172,0.08676371205814704,57.73703996986987
2024~1455858,M1-T09170---- 24 001,CarbonBlack,59.63,58.73790019825825,-0.5186302794618762,0.15671128519555944,58.37598120399194,0.32578430131340885,58.70176550530535
2024~1455858,M1-T09170---- 24 001,CarbonBlack,59.63,58.91224621776677,-0.5186302794618762,0.4461131608090063,58.8397290991139,0.209666830297371,59.049395929411276
2024~1455858,M1-T09170---- 24 001,CarbonBlack,59.63,58.48883611827279,-0.5186302794618762,0.4801476610041994,58.450353499815115,0.43668390386464423,58.88703740367976
2024~1455858,M1-T09170---- 24 001,CarbonBlack,59.63,58.89296505581608,-0.5186302794618762,0.06812346331523259,58.442458239669435,0.6818843715076695,59.124342611177106
2024~1455858,M1-T09170---- 24 001,CarbonBlack,59.63,58.91224621776677,-0.5186302794618762,0.09874831410368828,58.492364252408585,0.7144003303211984,59.20676458272978
2024~1461982,M1-T11923---- 09 002,Silica,44.8,57.92322934131165,0.016098880440327687,-0.26862288276760177,57.67070533898437,-1.9680492489970198,55.70265608998735
2024~1466107,M1-T09170---- 24 001,CarbonBlack,53.86666666666667,58.64631160044334,-0.5186302794618762,-0.26805883593469554,57.85962248504677,0.853974181280305,58.71359666632708
2024~1466107,M1-T09170---- 24 001,CarbonBlack,53.86666666666667,58.75952831951037,-0.5186302794618762,-0.12011302197307507,58.12078501807542,0.9540444549953837,59.07482947307081
2024~1466107,M1-T09170---- 24 001,CarbonBlack,53.86666666666667,58.666582104538946,-0.5186302794618762,-0.3000553704573937,57.84789645461968,1.009121842774194,58.85701829739387
2024~1466107,M1-T09170---- 24 001,CarbonBlack,53.86666666666667,58.75952831951037,-0.5186302794618762,-0.0337648608157948,58.207133179232706,-0.49150145557209524,57.71563172366061
2024~1469949,M1-R00218W1-- 01 003,CarbonBlack,69.53,71.91336755224975,-0.23653063681139205,1.4386830187655955,73.11551993420396,0.8414600354821535,73.95697996968612
2024~1469949,M1-R00218W1-- 01 003,CarbonBlack,69.53,72.69309473371742,-0.23653063681139205,1.4386830187655955,73.89524711567162,1.0198055418131604,74.91505265748478
2024~1469949,M1-R00218W1-- 01 003,CarbonBlack,69.53,72.69309473371742,-0.23653063681139205,0.4305413093134326,72.88710540621945,1.39258217481153,74.27968758103098
2024~1469949,M1-R00218W1-- 01 003,CarbonBlack,69.53,73.16026423428204,-0.23653063681139205,0.36752492475518767,73.29125852222583,-0.10084845789311647,73.19041006433271
2024~1469949,M1-R00218W1-- 01 003,CarbonBlack,69.53,71.91336755224975,-0.23653063681139205,0.36752492475518767,72.04436184019355,-1.380168055226668,70.66419378496688
2024~1469979,M1-T09170---- 24 001,CarbonBlack,54.48,58.628187039413525,-0.5186302794618762,0.8819459187992067,58.991502678750855,-1.6202865243230935,57.37121615442776
2024~1469979,M1-T09170---- 24 001,CarbonBlack,54.48,58.74521955489721,-0.5186302794618762,-0.3104493058339998,57.91613996960134,-2.3285695034120693,55.58757046618927
2024~1469979,M1-T09170---- 24 001,CarbonBlack,54.48,58.61142519512721,-0.5186302794618762,-0.2855528478053595,57.807242067859974,-2.9321386061582597,54.87510346170171
2024~1469979,M1-T09170---- 24 001,CarbonBlack,54.48,58.57708204704207,-0.5186302794618762,-0.28105736061455394,57.77739440696564,-3.405947827936039,54.3714465790296
2024~1469979,M1-T09170---- 24 001,CarbonBlack,54.48,58.74140375848056,-0.5186302794618762,-0.13820387585340113,58.084569603165285,-3.41500547043563,54.669564132729654
2024~1470072,M1-A00205W3-- 03 002,CarbonBlack,38.69,40.068030478537096,-0.31409317234430123,-0.7146516313996885,39.039285674793106,3.5464912845248695,42.585776959317975
2024~1473889,M1-T02128W5-- 04 002,Silica,62.5,65.42786814127263,0.1608355087789259,-0.19676404661861313,65.39193960343295,0.4399230787650731,65.83186268219802
2024~1477317,M1-T09170---- 24 001,CarbonBlack,55.91666666666666,58.64631160044334,-0.5186302794618762,-0.09315814418627569,58.03452317679519,-3.388676449662934,54.64584672713226
2024~1477317,M1-T09170---- 24 001,CarbonBlack,55.91666666666666,58.64631160044334,-0.5186302794618762,0.45140725625090805,58.579088577232376,-3.3612918368537468,55.21779674037863
2024~1477317,M1-T09170---- 24 001,CarbonBlack,55.91666666666666,58.64631160044334,-0.5186302794618762,0.3099073032496675,58.43758862423113,-3.434275166747209,55.00331345748393
2024~1477317,M1-T09170---- 24 001,CarbonBlack,55.91666666666666,58.629549756157026,-0.5186302794618762,0.21928139032936597,58.330200867024516,-3.039349569761606,55.29085129726291
2024~1477317,M1-T09170---- 24 001,CarbonBlack,55.91666666666666,58.75952831951037,-0.5186302794618762,-0.11001129688850046,58.13088674316,-2.9262712720028397,55.204615471157155
2024~1479551,M1-T09170---- 24 001,CarbonBlack,54.31999999999999,58.64631160044334,-0.5186302794618762,-0.004742271111075084,58.12293904987039,-2.80466647767133,55.31827257219906
2024~1479551,M1-T09170---- 24 001,CarbonBlack,54.31999999999999,58.772100720829116,-0.5186302794618762,0.06890057784288042,58.322371019210124,-2.6873267944772885,55.63504422473284
2024~1479551,M1-T09170---- 24 001,CarbonBlack,54.31999999999999,58.64631160044334,-0.5186302794618762,0.029851014032355298,58.15753233501382,-2.545394779082104,55.61213755593172
2024~1479551,M1-T09170---- 24 001,CarbonBlack,54.31999999999999,58.64631160044334,-0.5186302794618762,0.08059239497666937,58.208273715958136,-2.922658060318591,55.285615655639546
2024~1479551,M1-T09170---- 24 001,CarbonBlack,54.31999999999999,58.64631160044334,-0.5186302794618762,0.18823622103575252,58.31591754201722,-3.2465719479860526,55.06934559403116
2024~1483322,M1-T09170---- 24 001,CarbonBlack,55.36333333333334,58.64631160044334,-0.5186302794618762,0.2335374965007085,58.361218817482175,-3.4238600640943844,54.93735875338779
2024~1483322,M1-T09170---- 24 001,CarbonBlack,55.36333333333334,58.763344115927026,-0.5186302794618762,-0.07490018111746605,58.16981365534769,-3.5631841596535114,54.60662949569418
2024~1483322,M1-T09170---- 24 001,CarbonBlack,55.36333333333334,58.63921192367666,-0.5186302794618762,-0.3289575180067002,57.791624126208085,-3.693004174362625,54.09861995184546
2024~1483322,M1-T09170---- 24 001,CarbonBlack,55.36333333333334,58.763344115927026,-0.5186302794618762,0.22273081874154332,58.4674446552067,-3.4844685672984888,54.98297608790821
2024~1483322,M1-T09170---- 24 001,CarbonBlack,55.36333333333334,58.64631160044334,-0.5186302794618762,0.5432203305970562,58.670901651578525,-3.281072093713248,55.389829557865276
2024~1484288,M1-T02128W5-- 04 002,Silica,62.42,63.273294347979615,0.1608355087789259,-0.062088176103358234,63.37204168065518,0.3651038703429276,63.73714555099811
2024~1484288,M1-T02128W5-- 04 002,Silica,62.42,63.273294347979615,0.1608355087789259,-0.7231035159474217,62.71102634081112,0.2149408861410767,62.925967226952196
2024~1484288,M1-T02128W5-- 04 002,Silica,62.15,63.505867320543416,0.1608355087789259,-0.25341533778583514,63.41328749153651,-0.7171232607311299,62.69616423080538
2024~1484288,M1-T02128W5-- 04 002,Silica,62.15,62.63589914198691,0.1608355087789259,-0.2582977782060866,62.53843687255975,-0.7875987867083443,61.750838085851406
2024~1484288,M1-T02128W5-- 04 002,Silica,62.15,63.273294347979615,0.1608355087789259,-0.3918425675531616,63.042287289205376,-0.6386270529391754,62.4036602362662
2024~1484288,M1-T02128W5-- 04 002,Silica,62.15,63.273294347979615,0.1608355087789259,1.1809269851538722,64.6150568419124,-0.8260251845183755,63.78903165739403
2024~1484288,M1-T02128W5-- 04 002,Silica,62.42,63.273294347979615,0.1608355087789259,0.003879476806616697,63.438009333565155,-0.6947486909307881,62.74326064263437
2024~1484288,M1-T02128W5-- 04 002,Silica,62.42,63.273294347979615,0.1608355087789259,-0.5467399938461613,62.88738986291238,-0.7540102704131648,62.13337959249921
2024~1484337,M1-T09170---- 24 001,CarbonBlack,56.85999999999999,58.64631160044334,-0.5186302794618762,0.8540720732071378,58.9817533941886,-3.0252377034616975,55.9565156907269
2024~1484337,M1-T09170---- 24 001,CarbonBlack,56.85999999999999,58.64631160044334,-0.5186302794618762,0.7270019482855473,58.854683269267014,-3.0488997889851963,55.80578348028182
2024~1484337,M1-T09170---- 24 001,CarbonBlack,56.85999999999999,58.64631160044334,-0.5186302794618762,0.6122396680957239,58.73992098907719,-3.126500347763194,55.613420641314
2024~1484337,M1-T09170---- 24 001,CarbonBlack,56.85999999999999,58.64631160044334,-0.5186302794618762,0.2547093241103882,58.38239064509185,-2.8250762616908185,55.557314383401035
2024~1484337,M1-T09170---- 24 001,CarbonBlack,56.85999999999999,58.64631160044334,-0.5186302794618762,0.09921206412766027,58.22689338510913,-2.575958363963679,55.65093502114545
2024~1485706,M1-T02128W5-- 04 002,Silica,69.27,63.481796513045786,0.1608355087789259,0.2266534955239475,63.86928551734866,-1.2673242418629376,62.60196127548572
2024~1485706,M1-T02128W5-- 04 002,Silica,69.27,63.481796513045786,0.1608355087789259,-0.03362775729136169,63.60900426453335,-1.192529769373602,62.41647449515975
2024~1488386,M1-T09170---- 24 001,CarbonBlack,56.06,59.803652247620754,-0.5186302794618762,0.8284374606361963,60.113459428795075,-2.367147151497735,57.74631227729734
2024~1488386,M1-T09170---- 24 001,CarbonBlack,56.06,59.9452492827006,-0.5186302794618762,0.24592015702757553,59.672539160266304,-2.1137201995759725,57.55881896069033
2024~1488386,M1-T09170---- 24 001,CarbonBlack,56.06,59.83559329607446,-0.5186302794618762,0.129200675212696,59.44616369182528,-1.8896721552359217,57.556491536589355
2024~1488386,M1-T09170---- 24 001,CarbonBlack,56.06,59.87811879651693,-0.5186302794618762,0.5715276511403747,59.93101616819543,-2.5388083373036667,57.39220783089176
2024~1488386,M1-T09170---- 24 001,CarbonBlack,56.06,59.803652247620754,-0.5186302794618762,0.4658756346220882,59.75089760278097,-2.8609275841924573,56.88997001858851
2024~1490313,M1-T09170---- 24 001,CarbonBlack,54.626666666666665,59.83559329607446,-0.5186302794618762,0.1645195645679324,59.481482581180515,-3.018498416482302,56.46298416469821
2024~1490313,M1-T09170---- 24 001,CarbonBlack,54.626666666666665,59.9452492827006,-0.5186302794618762,0.015316217848565834,59.44193522108729,-3.2742537419962385,56.16768147909105
2024~1490313,M1-T09170---- 24 001,CarbonBlack,54.626666666666665,59.82006810014875,-0.5186302794618762,-0.15757740420685948,59.14386041648002,-3.399246900231656,55.744613516248364
2024~1490313,M1-T09170---- 24 001,CarbonBlack,54.626666666666665,59.9452492827006,-0.5186302794618762,0.5809890139598357,60.007608017198564,-3.835917604516314,56.17169041268225
2024~1490313,M1-T09170---- 24 001,CarbonBlack,54.626666666666665,59.949065079117254,-0.5186302794618762,0.21886409472167084,59.649298894377054,-4.0,55.649298894377054
2024~1492294,M1-T09170---- 24 001,CarbonBlack,56.23,60.67473726318617,-0.5186302794618762,-0.34688592361178344,59.809221060112506,-4.0,55.809221060112506
2024~1492294,M1-T09170---- 24 001,CarbonBlack,56.23,60.81594488957345,-0.5186302794618762,0.34342358466400286,60.64073819477558,-4.0,56.64073819477558
2024~1492294,M1-T09170---- 24 001,CarbonBlack,56.23,60.67117653074528,-0.5186302794618762,-0.05511448764577979,60.09743176363762,-4.0,56.09743176363762
2024~1492294,M1-T09170---- 24 001,CarbonBlack,56.23,60.67473726318617,-0.5186302794618762,-0.18280855615279065,59.9732984275715,-4.0,55.9732984275715
2024~1492294,M1-T09170---- 24 001,CarbonBlack,56.23,60.8121290931568,-0.5186302794618762,-0.2963611743112794,59.997137639383645,-4.0,55.997137639383645
2024~1493574,M1-T09170---- 24 001,CarbonBlack,56.046666666666674,60.68694791060495,-0.5186302794618762,0.33101526938012527,60.4993329005232,-4.0,56.4993329005232
2024~1493574,M1-T09170---- 24 001,CarbonBlack,56.046666666666674,60.64279621473246,-0.5186302794618762,-0.3672075624290711,59.75695837284152,-4.0,55.75695837284152
2024~1493574,M1-T09170---- 24 001,CarbonBlack,56.046666666666674,60.67473726318617,-0.5186302794618762,-0.23234171509794527,59.92376526862635,-3.9892609394996414,55.9345043291267
2024~1493574,M1-T09170---- 24 001,CarbonBlack,56.046666666666674,60.74499860697313,-0.5186302794618762,0.1762256209691755,60.40259394848043,-4.0,56.40259394848043
2024~1493574,M1-T09170---- 24 001,CarbonBlack,56.046666666666674,60.68694791060495,-0.5186302794618762,0.3096203524963702,60.47793798363944,-4.0,56.47793798363944
2024~1495526,M1-T09170---- 24 001,CarbonBlack,56.21333333333333,59.81390800260375,-0.5186302794618762,-0.013588968990092596,59.28168875415179,-3.965149277509905,55.31653947664188
2024~1495526,M1-T09170---- 24 001,CarbonBlack,56.21333333333333,60.02218904122917,-0.5186302794618762,0.10150869716173595,59.60506745892903,-4.0,55.60506745892903
2024~1495526,M1-T09170---- 24 001,CarbonBlack,56.21333333333333,59.80194353911894,-0.5186302794618762,-0.04826090681717149,59.235052352839894,-4.0,55.235052352839894
2024~1495526,M1-T09170---- 24 001,CarbonBlack,56.21333333333333,59.927124721670786,-0.5186302794618762,0.390994307850898,59.79948875005981,-3.8514411154223374,55.94804763463747
2024~1495526,M1-T09170---- 24 001,CarbonBlack,56.21333333333333,59.927124721670786,-0.5186302794618762,0.3193895171276757,59.72788395933659,-3.713529018474345,56.01435494086224
2024~1497445,M1-T09170---- 24 001,CarbonBlack,54.49,60.67473726318617,-0.5186302794618762,0.37046867890810803,60.5265756626324,-3.50598601878401,57.020589643848396
2024~1497445,M1-T09170---- 24 001,CarbonBlack,54.49,60.64279621473246,-0.5186302794618762,0.2018429798734855,60.32600891514407,-3.5300368381667497,56.79597207697732
2024~1497445,M1-T09170---- 24 001,CarbonBlack,54.49,60.67117653074528,-0.5186302794618762,-0.11454995195886537,60.03799629932454,-3.5253909745177014,56.51260532480684
2024~1497445,M1-T09170---- 24 001,CarbonBlack,54.49,60.67473726318617,-0.5186302794618762,0.13906825812817786,60.29517524185247,-4.0,56.29517524185247
2024~1497445,M1-T09170---- 24 001,CarbonBlack,54.49,60.67117653074528,-0.5186302794618762,0.2887823291462741,60.441328580429676,-4.0,56.441328580429676
2024~1500310,M1-T09170---- 24 001,CarbonBlack,55.73333333333333,59.927124721670786,-0.5186302794618762,0.027391469070369143,59.43588591127928,-4.0,55.43588591127928
2024~1500310,M1-T09170---- 24 001,CarbonBlack,55.73333333333333,59.81746873504464,-0.5186302794618762,-0.09753487419602277,59.201303581386746,-4.0,55.201303581386746
2024~1500310,M1-T09170---- 24 001,CarbonBlack,55.73333333333333,59.80194353911894,-0.5186302794618762,0.35996361747700656,59.64327687713407,-4.0,55.64327687713407
2024~1500310,M1-T09170---- 24 001,CarbonBlack,55.73333333333333,59.78552768659094,-0.5186302794618762,0.2127984665539537,59.47969587368302,-4.0,55.47969587368302
2024~1500310,M1-T09170---- 24 001,CarbonBlack,55.73333333333333,59.927124721670786,-0.5186302794618762,-0.1418433532421686,59.266651088966746,-4.0,55.266651088966746
2024~1500389,M1-T09170---- 24 001,CarbonBlack,56.1,59.787735629863924,-0.5186302794618762,0.5064341152531334,59.775539465655186,-4.0,55.775539465655186
2024~1500389,M1-T09170---- 24 001,CarbonBlack,56.1,59.67807964323778,-0.5186302794618762,0.10392670140260787,59.26337606517851,-4.0,55.26337606517851
2024~1500389,M1-T09170---- 24 001,CarbonBlack,56.1,59.79155142628058,-0.5186302794618762,-0.1516712277314978,59.121249919087205,-3.9606695642685157,55.16058035481869
2024~1500389,M1-T09170---- 24 001,CarbonBlack,56.1,59.662554447312075,-0.5186302794618762,0.06596141724227378,59.20988558509247,-3.875130534684516,55.334755050407956
2024~1500389,M1-T09170---- 24 001,CarbonBlack,56.1,59.64613859478408,-0.5186302794618762,0.19783131470416218,59.32533963002636,-3.6616041938327144,55.66373543619365
2024~1500390,M1-T09170---- 24 001,CarbonBlack,56.580000000000005,59.882799949422306,-0.5186302794618762,0.16641007751970238,59.53057974748013,-3.469497911409061,56.06108183607107
2024~1500390,M1-T09170---- 24 001,CarbonBlack,56.580000000000005,59.88685015149309,-0.5186302794618762,0.08154810348679452,59.449767975518014,-3.3616142135140836,56.088153762003934
2024~1500390,M1-T09170---- 24 001,CarbonBlack,56.580000000000005,59.67807964323778,-0.5186302794618762,-0.06405155625339067,59.09539780752252,-3.3207318384677667,55.77466596905475
2024~1500390,M1-T09170---- 24 001,CarbonBlack,56.580000000000005,59.67807964323778,-0.5186302794618762,0.023795470308309242,59.18324483408421,-3.2096862111714746,55.97355862291274
2024~1500390,M1-T09170---- 24 001,CarbonBlack,56.580000000000005,59.79155142628058,-0.5186302794618762,0.37323904697509375,59.6461601937938,-3.1077107404754347,56.538449453318364
2024~1500391,M1-T09170---- 24 001,CarbonBlack,56.23333333333333,59.859994235487115,-0.5186302794618762,0.3925720472602872,59.73393600328553,-2.930016860589557,56.803919142695975
2024~1500391,M1-T09170---- 24 001,CarbonBlack,56.23333333333333,59.859994235487115,-0.5186302794618762,0.0019139045477038165,59.34327786057295,-2.8319852526379523,56.511292607935
2024~1500391,M1-T09170---- 24 001,CarbonBlack,56.23333333333333,59.78552768659094,-0.5186302794618762,0.3701724966228505,59.637069903751915,-2.9022377349847037,56.73483216876721
2024~1500391,M1-T09170---- 24 001,CarbonBlack,56.23333333333333,60.026239243299955,-0.5186302794618762,0.4780683669868567,59.985677330824934,-3.0817472154749526,56.90393011534998
2024~1500391,M1-T09170---- 24 001,CarbonBlack,56.23333333333333,60.026239243299955,-0.5186302794618762,0.34147986699797,59.84908883083605,-3.0902064090043524,56.7588824218317
2024~1500392,M1-T09170---- 24 001,CarbonBlack,57.38666666666666,59.64613859478408,-0.5186302794618762,0.2806285061961328,59.40813682151833,-3.184265457428623,56.22387136408971
2024~1500392,M1-T09170---- 24 001,CarbonBlack,57.38666666666666,59.787735629863924,-0.5186302794618762,0.27115512647409484,59.54026047687614,-3.354689019447518,56.18557145742862
2024~1500392,M1-T09170---- 24 001,CarbonBlack,57.38666666666666,59.64613859478408,-0.5186302794618762,0.1548887000467998,59.282397015369,-3.43300896286408,55.84938805250492
2024~1500392,M1-T09170---- 24 001,CarbonBlack,57.38666666666666,59.67451891079689,-0.5186302794618762,0.1703138191827902,59.326202450517805,-3.009547320460357,56.31665513005745
2024~1500393,M1-T09170---- 24 001,CarbonBlack,52.98,59.78552768659094,-0.5186302794618762,-0.13257946513524643,59.13431794199382,-2.752761267385093,56.38155667460873
2024~1500393,M1-T09170---- 24 001,CarbonBlack,52.98,59.859994235487115,-0.5186302794618762,0.43219388556427984,59.77355784158952,-2.495651991780266,57.27790584980926
2024~1500393,M1-T09170---- 24 001,CarbonBlack,52.98,59.80194353911894,-0.5186302794618762,-0.3828680509371753,58.90044520871989,-2.3288171294015285,56.57162807931836
2024~1500393,M1-T09170---- 24 001,CarbonBlack,52.98,59.927124721670786,-0.5186302794618762,-0.36362810195750656,59.0448663402514,-3.476467373179217,55.568398967072184
2024~1500552,M1-A03391---- 09 001,CarbonBlack,47.5,44.71842164999555,-0.23653063681139205,0.04869231297495668,44.53058332615911,1.6659622307376358,46.196545556896744
2024~1500552,M1-A03391---- 09 001,CarbonBlack,47.55,44.71842164999555,-0.23653063681139205,-0.3564935561011166,44.12539745708304,1.3122703604356822,45.43766781751872
2024~1500552,M1-A03391---- 09 001,CarbonBlack,47.5,44.71842164999555,-0.23653063681139205,-0.525851906260774,43.95603910692338,1.1033382346912832,45.05937734161466
2024~1500552,M1-A03391---- 09 001,CarbonBlack,47.5,44.71842164999555,-0.23653063681139205,-0.7699211385332929,43.71196987465086,1.663161766436165,45.37513164108703
2024~1500552,M1-A03391---- 09 001,CarbonBlack,47.5,44.71842164999555,-0.23653063681139205,-0.7509551872070356,43.73093582597712,2.1915939993804026,45.92252982535752
2024~1503267,M1-T09170---- 24 001,CarbonBlack,57.28333333333333,59.787735629863924,-0.5186302794618762,0.09467917329974375,59.363784523701796,-4.0,55.363784523701796
2024~1503267,M1-T09170---- 24 001,CarbonBlack,57.28333333333333,59.67807964323778,-0.5186302794618762,-0.006734376564808377,59.1527149872111,-4.0,55.1527149872111
2024~1503267,M1-T09170---- 24 001,CarbonBlack,57.28333333333333,59.787735629863924,-0.5186302794618762,-0.22218864631969082,59.046916704082356,-4.0,55.046916704082356
2024~1503267,M1-T09170---- 24 001,CarbonBlack,57.28333333333333,59.67451891079689,-0.5186302794618762,0.09353042200529661,59.24941905334031,-4.0,55.24941905334031
2024~1503267,M1-T09170---- 24 001,CarbonBlack,57.28333333333333,59.64613859478408,-0.5186302794618762,0.3027913064718484,59.43029962179405,-3.5720882528748645,55.858211368919186
2024~1503273,M1-T00011B8-- 02 001,CarbonBlack,44.79666666666666,42.32260678137064,-0.23653063681139205,0.41982308150463976,42.50589922606388,0.0,42.50589922606388
2024~1503273,M1-T00011B8-- 02 001,CarbonBlack,44.79666666666666,42.32260678137064,-0.23653063681139205,0.22744253664211678,42.31351868120136,0.0,42.31351868120136
2024~1503273,M1-T00011B8-- 02 001,CarbonBlack,44.79666666666666,42.32260678137064,-0.23653063681139205,-0.025578260485419915,42.060497884073826,0.0,42.060497884073826
2024~1503273,M1-T00011B8-- 02 001,CarbonBlack,44.79666666666666,42.32260678137064,-0.23653063681139205,0.3427763273007943,42.42885247186004,0.6872302321808333,43.11608270404087
2024~1504757,M1-T02128W5-- 04 002,Silica,66.6,63.57431574409955,0.1608355087789259,0.1006826405874668,63.83583389346594,-0.9749877974352346,62.860846096030706
2024~1504757,M1-T02128W5-- 04 002,Silica,66.6,63.57431574409955,0.1608355087789259,0.251226170690173,63.98637742356865,0.9377228865907372,64.92410031015939
2024~1504757,M1-T02128W5-- 04 002,Silica,66.6,62.93692053810685,0.1608355087789259,0.4328595677678616,63.530615614653634,2.354704741253511,65.88532035590714
2024~1504757,M1-T02128W5-- 04 002,Silica,66.6,63.57431574409955,0.1608355087789259,0.1515815894460123,63.886732842324484,2.477543150837674,66.36427599316215
2024~1504958,M1-T09170---- 24 001,CarbonBlack,56.54,59.88685015149309,-0.5186302794618762,0.2227491911003797,59.590969063131595,-3.0295367882371127,56.561432274894486
2024~1504958,M1-T09170---- 24 001,CarbonBlack,56.54,59.67451891079689,-0.5186302794618762,-0.07243128601849783,59.08345734531652,-2.7105014677680725,56.37295587754844
2024~1504958,M1-T09170---- 24 001,CarbonBlack,56.54,59.72060514368025,-0.5186302794618762,-0.13450679546134423,59.06746806875704,-2.541440913975866,56.52602715478117
2024~1504958,M1-T09170---- 24 001,CarbonBlack,56.54,59.787735629863924,-0.5186302794618762,0.4504172789969096,59.71952262939896,-2.694299358722585,57.02522327067638
2024~1504958,M1-T09170---- 24 001,CarbonBlack,56.54,59.72060514368025,-0.5186302794618762,0.07907503038476826,59.28104989460315,-2.649046754700765,56.63200313990239
2024~1506771,M1-T09170---- 24 001,CarbonBlack,56.13666666666666,59.787735629863924,-0.5186302794618762,0.09256748319077973,59.36167283359283,-2.6125731489176465,56.74909968467518
2024~1506771,M1-T09170---- 24 001,CarbonBlack,56.13666666666666,59.787735629863924,-0.5186302794618762,0.345914392197014,59.61501974259907,-2.7826579930620405,56.83236174953703
2024~1506771,M1-T09170---- 24 001,CarbonBlack,56.13666666666666,59.787735629863924,-0.5186302794618762,0.14080679157821357,59.409912141980264,-2.7701755635243734,56.63973657845589
2024~1506771,M1-T09170---- 24 001,CarbonBlack,56.13666666666666,59.64613859478408,-0.5186302794618762,0.15066254511859115,59.278170860440795,-2.9066247445449105,56.37154611589588
2024~1506771,M1-T09170---- 24 001,CarbonBlack,56.13666666666666,59.662554447312075,-0.5186302794618762,-0.18581246949907235,58.95811169835113,-3.078143243961158,55.879968454389974
2024~1528000,M1-T33025XA-- 01 001,Silica,49.25,47.80431788420772,0.016098880440327687,-1.1696977597671048,46.65071900488094,0.0,46.65071900488094
2024~1528000,M1-T33025XA-- 01 001,Silica,49.25,47.801151969703994,0.016098880440327687,-0.4835683378293224,47.333682512314994,0.0,47.333682512314994
2024~1546888,M1-T33025XA-- 01 001,Silica,47.97,48.2407213864042,0.016098880440327687,-0.7390780436187088,47.51774222322582,0.0,47.51774222322582
2024~1546888,M1-T33025XA-- 01 001,Silica,47.97,48.907114666584256,0.016098880440327687,-0.5162165899810872,48.406996957043496,0.7797842985357178,49.18678125557921
2024~1546888,M1-T33025XA-- 01 001,Silica,47.97,48.353689527790735,0.016098880440327687,-0.43658262305033535,47.933205785180725,1.1207442552805045,49.05395004046123
2024~1605749,M1-T01139B--- 14 003,Silica,61.09,63.68594021296686,0.016098880440327687,0.32686670459217315,64.02890579799936,0.0,64.02890579799936
2024~1605749,M1-T01139B--- 14 003,Silica,61.09,63.68594021296686,0.016098880440327687,0.3823803105286272,64.08441940393581,0.0,64.08441940393581
2024~1605749,M1-T01139B--- 14 003,Silica,61.09,63.68594021296686,0.016098880440327687,0.31327587808085,64.01531497148804,0.0,64.01531497148804
2024~1605749,M1-T01139B--- 14 003,Silica,61.09,63.68594021296686,0.016098880440327687,0.12334484867152905,63.825383942078716,-0.8816717393998061,62.94371220267891
2024~1605749,M1-T01139B--- 14 003,Silica,61.09,63.68594021296686,0.016098880440327687,0.43207053310781596,64.134109626515,-1.5154960387606067,62.61861358775439
2024~1627908,M1-B00163RT-- 01 002,Silica,57.15,56.44908490862932,-0.37821799473282813,0.3608183550810843,56.431685268977574,0.0,56.431685268977574
2024~1657849,M1-A00205W3-- 03 002,CarbonBlack,37.14,40.10519085076164,-0.31409317234430123,-0.4388785384000318,39.352219140017304,2.3688868504051332,41.72110599042244
2024~1657849,M1-A00205W3-- 03 002,CarbonBlack,37.14,40.10519085076164,-0.31409317234430123,-0.46070999249151434,39.33038768592582,1.5024058295402365,40.83279351546606
2024~1657849,M1-A00205W3-- 03 002,CarbonBlack,37.14,40.10519085076164,-0.31409317234430123,-0.5036854867600348,39.2874121916573,0.9468983782402329,40.23431056989754
2024~1657849,M1-A00205W3-- 03 002,CarbonBlack,37.14,40.10519085076164,-0.31409317234430123,0.23808590492925355,40.029183583346594,-0.0008368772370280775,40.028346706109566
2025~1667184,M1-T00011-M-- 01 003,CarbonBlack,41.153333333333336,41.21641983820745,0.33825826563588246,-0.3126586048551798,41.24201949898815,0.0,41.24201949898815
2025~1667184,M1-T00011-M-- 01 003,CarbonBlack,41.153333333333336,41.31127952059818,0.33825826563588246,-0.15030096628911377,41.49923681994494,0.0,41.49923681994494
2025~1672855,M1-T17771---- 05 002,Silica,31.38,34.876781426119855,0.016098880440327687,-0.26063391817073406,34.63224638838945,0.24840745844613163,34.88065384683558
2025~1672855,M1-T17771---- 05 002,Silica,31.38,34.3014279706931,0.016098880440327687,-0.26950296870035084,34.04802388243307,0.1181770574720698,34.16620093990514
2025~1672855,M1-T17771---- 05 002,Silica,31.38,34.3014279706931,0.016098880440327687,-0.6607192799977393,33.65680757113568,0.22088413695134465,33.87769170808703
2025~1672855,M1-T17771---- 05 002,Silica,31.38,34.3014279706931,0.016098880440327687,-0.33651876748208265,33.98100808365134,-0.8210550206508932,33.159953063000444
2025~1686795,M1-T00011-M-- 01 003,CarbonBlack,39.92,43.2424499112724,0.33825826563588246,0.4597597527726914,44.04046792968097,0.0,44.04046792968097
2025~1696714,M1-T11923---- 09 002,Silica,49.21,57.70393322801536,0.016098880440327687,-1.1447180005877433,56.57531410786794,-3.403812010379625,53.171502097488315
2025~1706951,M1-T02128W5-- 04 003,Silica,64.89,65.42369748095933,0.016098880440327687,0.6539867860585047,66.09378314745817,3.7655370158898873,69.85932016334806
2025~1706951,M1-T02128W5-- 04 003,Silica,64.89,65.42369748095933,0.016098880440327687,0.283450916864753,65.72324727826441,4.0,69.72324727826441
2025~1706951,M1-T02128W5-- 04 003,Silica,64.89,65.42369748095933,0.016098880440327687,0.5602662845108479,66.0000626459105,2.483562346487153,68.48362499239765
2025~1706951,M1-T02128W5-- 04 003,Silica,64.89,65.42369748095933,0.016098880440327687,0.37614760005979064,65.81594396145945,1.3773586983035566,67.193302659763
2025~1706951,M1-T02128W5-- 04 003,Silica,64.89,65.42369748095933,0.016098880440327687,0.5657167878368506,66.0055131492365,0.7141769053331669,66.71969005456967
2025~1733855,M1-T11923---- 09 002,Silica,45.49,55.99123359708072,0.016098880440327687,0.009464727515651028,56.016797205036696,-4.0,52.016797205036696
2025~1733855,M1-T11923---- 09 002,Silica,45.49,58.24907141281732,0.016098880440327687,0.4990367530087296,58.76420704626638,-4.0,54.76420704626638
2025~1733855,M1-T11923---- 09 002,Silica,45.49,58.24907141281732,0.016098880440327687,1.0762000583744484,59.341370351632094,-4.0,55.341370351632094
2025~1733855,M1-T11923---- 09 002,Silica,45.49,58.24907141281732,0.016098880440327687,0.8313496196991697,59.096519912956815,-4.0,55.096519912956815
2025~1735670,M1-T00011B2-- 16 002,CarbonBlack,43.81,42.98493953537968,-0.23653063681139205,0.5843116113271961,43.33272050989548,0.0,43.33272050989548
2025~1735670,M1-T00011B2-- 16 002,CarbonBlack,42.29,42.92060028884477,-0.23653063681139205,0.3378831790399014,43.02195283107327,0.0,43.02195283107327
2025~1735670,M1-T00011B2-- 16 002,CarbonBlack,43.81,43.050848024409284,-0.23653063681139205,0.5468637808672365,43.36118116846512,0.0,43.36118116846512
2025~1735670,M1-T00011B2-- 16 002,CarbonBlack,43.81,43.050848024409284,-0.23653063681139205,0.6984387409179397,43.512756128515825,0.14318384703135648,43.655939975547184
2025~1735670,M1-T00011B2-- 16 002,CarbonBlack,43.81,43.050848024409284,-0.23653063681139205,0.4020858600914017,43.21640324768929,-0.11935715640003211,43.09704609128926
2025~1735670,M1-T00011B2-- 16 002,CarbonBlack,42.29,43.050848024409284,-0.23653063681139205,0.43687785991992045,43.251195247517806,0.05109563998044131,43.302290887498245
2025~1735670,M1-T00011B2-- 16 002,CarbonBlack,42.29,43.050848024409284,-0.23653063681139205,0.24080527285821518,43.05512266045611,0.12494010943156207,43.18006276988767
2025~1735670,M1-T00011B2-- 16 002,CarbonBlack,42.29,43.050848024409284,-0.23653063681139205,0.4040363028450939,43.21835369044298,0.2655371022953063,43.483890792738286
2025~1744119,M1-T17771---- 05 002,Silica,29.02,34.34153909457522,0.016098880440327687,0.25819234368184435,34.615830318697384,-1.3751456791855468,33.24068463951184
2025~1744119,M1-T17771---- 05 002,Silica,29.02,34.34153909457522,0.016098880440327687,-0.5890309980360331,33.76860697697951,-1.645644246770587,32.122962730208926
2025~1744119,M1-T17771---- 05 002,Silica,29.02,34.324037521652535,0.016098880440327687,0.09391807558038132,34.43405447767324,-1.9322533978348129,32.50180107983843
2025~1744119,M1-T17771---- 05 002,Silica,29.02,34.34153909457522,0.016098880440327687,-0.5153261406765426,33.842311834339,-3.031326474093584,30.810985360245418
2025~1750449,M1-B15563---- 01 005,Silica,44.44,46.48570861294143,0.016098880440327687,-0.2762577138270185,46.22554977955473,-0.9119393082863858,45.31361047126835
2025~1750449,M1-B15563---- 01 005,Silica,44.44,46.47457341352098,0.016098880440327687,-0.0697532199414582,46.42091907401984,-0.8674658609860171,45.553453213033826
2025~1750449,M1-B15563---- 01 005,Silica,44.44,46.47457341352098,0.016098880440327687,-0.5015845001655347,45.98908779379577,-0.6857532188782195,45.30333457491755
2025~1750449,M1-B15563---- 01 005,Silica,44.44,46.48570861294143,0.016098880440327687,-0.5514017036200325,45.950405789761724,-1.0156921870811741,44.93471360268055
2025~1753546,M1-T00011-M-- 01 004,CarbonBlack,34.05,43.12637270076289,-0.9336844777005137,-1.0060306285489966,41.18665759451338,0.0,41.18665759451338
2025~1760767,M1-T00011-M-- 01 004,CarbonBlack,40.83,40.83835104621359,-0.9336844777005137,-0.16300875570884263,39.74165781280423,0.0,39.74165781280423
2025~1771771,M1-A00205W3-- 03 003,CarbonBlack,42.25,41.571420415753416,-0.26882008647059225,0.48736596286681527,41.78996629214964,0.0,41.78996629214964
2026133,M1-T15760---- 06 001,Silica,54.58,58.66778859479972,-0.3188781376186559,-0.6643268567725744,57.68458360040849,-4.0,53.68458360040849
2026133,M1-T15760---- 06 001,Silica,54.58,57.72993144649044,-0.3188781376186559,-1.3626533806075567,56.04839992826423,-4.0,52.04839992826423
2026133,M1-T15760---- 06 001,Silica,54.58,57.970184037173645,-0.3188781376186559,-0.545025559068496,57.10628034048649,-4.0,53.10628034048649
2026133,M1-T15760---- 06 001,Silica,54.58,58.494157781107596,-0.3188781376186559,-1.8515369504153496,56.32374269307359,-3.8330665074959347,52.490676185577655
2026133,M1-T15760---- 06 001,Silica,54.58,57.970184037173645,-0.3188781376186559,-1.048421737957434,56.60288416159756,-3.1236665337264244,53.47921762787114
2028005,M1-T25045-M-- 01 001,Silica,58.97,59.325950932974145,0.016098880440327687,0.5259243340180427,59.86797414743251,0.0,59.86797414743251
2028005,M1-T25045-M-- 01 001,Silica,58.97,59.325950932974145,0.016098880440327687,0.6732628727539027,60.01531268616837,0.0,60.01531268616837
2029840,M1-T25045---- 08 004,Silica,55.28,60.35626865603262,0.016098880440327687,-0.5761518331942851,59.796215703278655,-2.9676870463530216,56.828528656925634
2029840,M1-T25045---- 08 004,Silica,55.28,60.35626865603262,0.016098880440327687,-0.8393707850802613,59.53299675139268,-2.069678323151914,57.46331842824077
2029840,M1-T25045---- 08 004,Silica,55.28,60.33460868537161,0.016098880440327687,-0.9534392993306835,59.397268266481255,-1.3478444626016608,58.04942380387959
2029840,M1-T25045---- 08 004,Silica,55.28,60.33460868537161,0.016098880440327687,-0.5046520710977297,59.84605549471421,-2.2983558348047586,57.54769965990945
2029840,M1-T25045---- 08 004,Silica,55.28,60.33460868537161,0.016098880440327687,-1.6460078116430228,58.704699754168914,-2.8847481097811345,55.81995164438778
2033291,M1-T25045---- 08 004,Silica,56.9,60.331733718041185,0.016098880440327687,-1.2342649376745247,59.113567660806986,-3.25450415679117,55.859063504015815
2033345,M1-T33025W3-- 03 005,Silica,49.06333333333333,45.224863968704575,-0.01233407206863151,-0.18060123253114155,45.031928664104804,4.0,49.031928664104804
2037488,M1-T15760---- 06 001,Silica,52.89,57.49264157154453,-0.3188781376186559,-0.3876959569271397,56.78606747699874,-2.944450675754445,53.84161680124429
2037488,M1-T15760---- 06 001,Silica,50.56,57.307739574291396,-0.3188781376186559,-0.10795042291420551,56.880911013758535,-2.584238280950189,54.29667273280835
2037488,M1-T15760---- 06 001,Silica,51.34,57.46862037448073,-0.3188781376186559,0.038433627761197436,57.188175864623275,-2.4158320451444,54.77234381947888
2037488,M1-T15760---- 06 001,Silica,51.34,57.307739574291396,-0.3188781376186559,-0.10180801051930988,56.887053426153436,-2.8599026747007015,54.02715075145274
2037488,M1-T15760---- 06 001,Silica,52.89,57.31532700616759,-0.3188781376186559,-0.025838991043168308,56.97060987750577,-3.8982051764180508,53.07240470108772
2037488,M1-T15760---- 06 001,Silica,52.89,57.49264157154453,-0.3188781376186559,-0.17501547642175097,56.99874795750413,-4.0,52.99874795750413
2037488,M1-T15760---- 06 001,Silica,52.89,57.307739574291396,-0.3188781376186559,-0.2092064901275934,56.77965494654515,-4.0,52.77965494654515
2037762,M1-T15760---- 06 001,Silica,56.54,58.84518723657461,-0.3188781376186559,-0.1162062358137132,58.41010286314224,-4.0,54.41010286314224
2037762,M1-T15760---- 06 001,Silica,56.54,59.088757335001844,-0.3188781376186559,-0.5979368924393371,58.171942304943855,-4.0,54.171942304943855
2037762,M1-T15760---- 06 001,Silica,56.54,58.87978869689698,-0.3188781376186559,-0.3626263234475774,58.19828423583075,-4.0,54.19828423583075
2037762,M1-T15760---- 06 001,Silica,56.54,58.872201265020784,-0.3188781376186559,0.06045806341887004,58.613781190821,-3.554784178222013,55.05899701259899
2039468,M1-T15760---- 06 001,Silica,55.44,57.699561682727754,-0.3188781376186559,-2.187692275801085,55.19299126930802,-2.9779316162385654,52.21505965306945
2039468,M1-T15760---- 06 001,Silica,55.44,57.85285505104089,-0.3188781376186559,-0.5819330853498539,56.952043828072384,-2.58203740211622,54.37000642595616
2039468,M1-T15760---- 06 001,Silica,55.44,57.699561682727754,-0.3188781376186559,-0.1894186125121221,57.19126493259698,-2.4295605387276544,54.76170439386932
2039468,M1-T15760---- 06 001,Silica,55.44,57.85285505104089,-0.3188781376186559,-0.24036479373324143,57.293612119688994,-1.6265897579017639,55.66702236178723
2039468,M1-T15760---- 06 001,Silica,55.44,57.85285505104089,-0.3188781376186559,-0.5493405540501446,56.98463635937209,-1.5922259789529505,55.392410380419136
2039523,M1-T17771---- 05 002,Silica,37.12,34.77249796109204,0.016098880440327687,-0.39187174822462617,34.396725093307744,-3.546510624959362,30.850214468348383
2041466,M1-T15760---- 06 001,Silica,62.91,57.470734245261646,-0.3188781376186559,0.08957083278747002,57.241426940430465,-1.6399376650461597,55.6014892753843
2041466,M1-T15760---- 06 001,Silica,62.91,57.54388319994246,-0.3188781376186559,-0.04696935852792795,57.17803570379588,-1.7040400014390107,55.473995702356866
2041466,M1-T15760---- 06 001,Silica,62.91,57.3316811779148,-0.3188781376186559,-0.47954432777590156,56.533258712520244,-1.6562189088189347,54.87703980370131
2041466,M1-T15760---- 06 001,Silica,62.91,57.3316811779148,-0.3188781376186559,-0.6490857934925769,56.363717246803574,0.5412186816976055,56.90493592850118
2041466,M1-T15760---- 06 001,Silica,62.91,57.53629576806626,-0.3188781376186559,0.4340544990175058,57.65147212946511,2.0984423660495595,59.74991449551467
2042770,M1-T25045---- 08 004,Silica,53.835,60.28262939925633,0.016098880440327687,-0.2806728651631176,60.018055414533535,-3.6479695581680804,56.370085856365456
2042770,M1-T25045---- 08 004,Silica,53.835,60.28262939925633,0.016098880440327687,-1.2955351858297102,59.00319309386694,-3.5809886169683303,55.422204476898614
2042770,M1-T25045---- 08 004,Silica,53.835,60.28262939925633,0.016098880440327687,-1.41773853598987,58.880989743706785,-3.1707623301199273,55.71022741358686
2042770,M1-T25045---- 08 004,Silica,53.835,60.28262939925633,0.016098880440327687,-1.4725052492465922,58.82622303045006,-4.0,54.82622303045006
2042770,M1-T25045---- 08 004,Silica,53.835,60.28262939925633,0.016098880440327687,-1.1378580560845604,59.16087022361209,-4.0,55.16087022361209
2043067,M1-T25045---- 08 004,Silica,56.95,60.31400266832216,0.016098880440327687,0.0349166305812941,60.36501817934378,-4.0,56.36501817934378
2043067,M1-T25045---- 08 004,Silica,56.95,60.31400266832216,0.016098880440327687,-1.683967678258643,58.646133870503846,-4.0,54.646133870503846
2043067,M1-T25045---- 08 004,Silica,56.95,60.31400266832216,0.016098880440327687,-1.538327385093453,58.79177416366903,-4.0,54.79177416366903
2043067,M1-T25045---- 08 004,Silica,56.95,60.34974183246537,0.016098880440327687,-0.048220303835394704,60.3176204090703,-4.0,56.3176204090703
2043067,M1-T25045---- 08 004,Silica,56.95,60.31400266832216,0.016098880440327687,-1.473472069120447,58.85662947964204,-3.62589685484543,55.23073262479661
2045000,M1-T15760---- 06 001,Silica,56.62,56.66832137425649,-0.3188781376186559,-0.958695022275796,55.39074821436204,3.381932042478617,58.77268025684066
2045000,M1-T15760---- 06 001,Silica,56.62,56.6110662050727,-0.3188781376186559,-0.36606297533865334,55.9261250921154,4.0,59.9261250921154
2045000,M1-T15760---- 06 001,Silica,56.62,56.774646955728436,-0.3188781376186559,-0.2708667958314637,56.184902022278315,4.0,60.184902022278315
2045000,M1-T15760---- 06 001,Silica,58.55,56.91186940254604,-0.3188781376186559,-0.43334405352784366,56.15964721139954,3.5953726437937514,59.75501985519329
2045000,M1-T15760---- 06 001,Silica,58.55,56.91186940254604,-0.3188781376186559,-0.3750410023769241,56.21795026255046,2.7249233230210055,58.94287358557146
2045000,M1-T15760---- 06 001,Silica,58.55,57.075297372706835,-0.3188781376186559,-0.5153788628971937,56.24104037219099,2.0379757194312083,58.279016091622196
2045000,M1-T15760---- 06 001,Silica,58.55,56.91186940254604,-0.3188781376186559,-0.3456467256898571,56.247344539237524,2.1436888401819836,58.39103337941951
2045000,M1-T15760---- 06 001,Silica,58.55,56.66832137425649,-0.3188781376186559,-0.36553825677796253,55.98390497985988,2.2001971093622497,58.18410208922213
2048636,M1-T25045---- 08 004,Silica,55.14,59.126649085507744,0.016098880440327687,-1.7149066589966828,57.427841306951386,-3.0906600474925097,54.33718125945887
2048636,M1-T25045---- 08 004,Silica,55.14,59.11822804917261,0.016098880440327687,-1.5678171445524616,57.56650978506047,-3.1737481559658463,54.39276162909462
2048636,M1-T25045---- 08 004,Silica,55.14,59.126649085507744,0.016098880440327687,-0.491445977206739,58.65130198874133,-2.793612553068703,55.857689435672626
2052578,M1-T15760---- 06 001,Silica,53.34,56.029970889581776,-0.3188781376186559,0.3678624844421295,56.07895523640525,2.2328258648962778,58.31178110130153
2052578,M1-T15760---- 06 001,Silica,54.41,55.99351756201517,-0.3188781376186559,-1.4232107057749763,54.25142871862154,2.253774743656136,56.50520346227768
2052578,M1-T15760---- 06 001,Silica,54.41,55.985930130138975,-0.3188781376186559,-1.4520194417752939,54.21503255074503,2.347470826601331,56.56250337734636
2052905,M1-T15760---- 06 001,Silica,50.23,54.720964108699874,-0.3188781376186559,-0.4810444708880611,53.92104150019316,0.8215430076993576,54.742584507892516
2052905,M1-T15760---- 06 001,Silica,50.23,56.274545306857966,-0.3188781376186559,-0.5231075665546245,55.43255960268469,0.6226514898030874,56.05521109248778
2052905,M1-T15760---- 06 001,Silica,50.23,56.282132738734155,-0.3188781376186559,-0.5637362796639551,55.399518321451545,0.49434627763865135,55.89386459909019
2052905,M1-T15760---- 06 001,Silica,50.23,54.43349937605867,-0.3188781376186559,-0.4869894967655596,53.627631741674456,-0.7612700557108938,52.86636168596356
2052905,M1-T15760---- 06 001,Silica,50.23,56.282132738734155,-0.3188781376186559,-2.765451634285487,53.19780296683001,-2.093656919803034,51.10414604702698
2054508,M1-T15760---- 06 001,Silica,48.47,53.62289213816938,-0.3188781376186559,-0.24293184180387573,53.06108215874685,-3.0164153402975877,50.04466681844926
2054508,M1-T15760---- 06 001,Silica,48.47,53.32961045448266,-0.3188781376186559,-0.7894082891816764,52.22132402768233,-3.130780260710649,49.09054376697168
2054508,M1-T15760---- 06 001,Silica,48.47,53.7549549475898,-0.3188781376186559,-0.9303727687179446,52.5057040412532,-3.0818870725464587,49.423816968706745
2054508,M1-T15760---- 06 001,Silica,48.47,53.4562040159781,-0.3188781376186559,-0.04065917990107931,53.09666669845837,-3.534645598406576,49.562021100051794
2057951,M1-T15760---- 06 001,Silica,51.19,58.37385304534016,-0.3188781376186559,-1.0553820399991285,56.99959286772238,-3.599649127189302,53.399943740533075
2057951,M1-T15760---- 06 001,Silica,48.02,58.691385965413836,-0.3188781376186559,-0.6691718893502743,57.70333593844491,-3.730465601408473,53.97287033703643
2057951,M1-T15760---- 06 001,Silica,48.02,58.691385965413836,-0.3188781376186559,-0.4570074490322007,57.915500378762985,-3.9993259305234425,53.916174448239545
2057951,M1-T15760---- 06 001,Silica,51.19,58.691385965413836,-0.3188781376186559,-0.798002258859492,57.57450556893569,-4.0,53.57450556893569
2057951,M1-T15760---- 06 001,Silica,51.19,59.01402980716637,-0.3188781376186559,-0.11282388237673249,58.58232778717098,-4.0,54.58232778717098
2057951,M1-T15760---- 06 001,Silica,48.02,59.07959132997098,-0.3188781376186559,-0.8490235992249787,57.91168959312735,-4.0,53.91168959312735
2057951,M1-T15760---- 06 001,Silica,48.02,58.691385965413836,-0.3188781376186559,-0.816794087943238,57.555713739851946,-4.0,53.555713739851946
2057951,M1-T15760---- 06 001,Silica,48.02,59.53800355110032,-0.3188781376186559,-2.2639105799342825,56.95521483354738,-4.0,52.95521483354738
2057951,M1-T15760---- 06 001,Silica,51.19,59.01402980716637,-0.3188781376186559,-0.45118655805277924,58.24396511149493,-4.0,54.24396511149493
2057951,M1-T15760---- 06 001,Silica,51.19,58.691385965413836,-0.3188781376186559,-0.23713411287160385,58.13537371492358,-4.0,54.13537371492358
2058014,M1-T15760---- 06 001,Silica,52.65,57.212152267309584,-0.3188781376186559,-0.5093257416176261,56.38394838807331,-4.0,52.38394838807331
2058014,M1-T15760---- 06 001,Silica,52.65,57.160312806903754,-0.3188781376186559,-0.7618771471022139,56.07955752218289,-4.0,52.07955752218289
2058014,M1-T15760---- 06 001,Silica,52.65,57.2748831688402,-0.3188781376186559,-0.7507732610056114,56.20523177021593,-4.0,52.20523177021593
2058014,M1-T15760---- 06 001,Silica,52.65,57.165970082430356,-0.3188781376186559,-0.49976961121552954,56.347322333596175,-4.0,52.347322333596175
2058014,M1-T15760---- 06 001,Silica,52.65,57.474237734234485,-0.3188781376186559,-0.5864385473840408,56.56892104923179,-4.0,52.56892104923179
2061760,M1-T15760---- 06 001,Silica,59.16,59.055719337994105,-0.3188781376186559,-0.13606919201989182,58.60077200835556,-4.0,54.60077200835556
2061760,M1-T15760---- 06 001,Silica,59.16,59.055719337994105,-0.3188781376186559,-0.4116830781319069,58.32515812224354,-4.0,54.32515812224354
2061760,M1-T15760---- 06 001,Silica,59.16,58.79027651746209,-0.3188781376186559,-0.24808709236327492,58.22331128748016,-4.0,54.22331128748016
2061760,M1-T15760---- 06 001,Silica,59.16,58.78268908558589,-0.3188781376186559,-0.05542700317918134,58.408383944788056,-2.913444217983252,55.4949397268048
2061760,M1-T15760---- 06 001,Silica,59.16,58.85228829720463,-0.3188781376186559,-0.475480900457365,58.05792925912861,-1.7889583892613405,56.268970869867275
2063840,M1-T15760---- 06 001,Silica,52.07,56.68443757229388,-0.3188781376186559,-0.4576324093998376,55.90792702527539,-0.9712642587269866,54.9366627665484
2063840,M1-T15760---- 06 001,Silica,52.07,56.59476097671276,-0.3188781376186559,-0.7463967860961005,55.52948605299801,-0.45440016454530857,55.075085888452705
2063840,M1-T15760---- 06 001,Silica,52.07,56.38508945870007,-0.3188781376186559,-0.3955904148630751,55.670620906218346,0.012541107079698965,55.683162013298045
2063840,M1-T15760---- 06 001,Silica,52.07,57.08538339960164,-0.3188781376186559,-1.200011075996772,55.566494185986215,-1.142599332626828,54.423894853359386
2063840,M1-T15760---- 06 001,Silica,52.07,56.59476097671276,-0.3188781376186559,-0.6866576057623922,55.58922523333172,-1.8376653487381824,53.75155988459353
2064013,M1-B00163XM-- 02 003,CarbonBlack,31.19,33.27158663695805,0.10384694817514317,2.302195572700427,35.67762915783362,0.0,35.67762915783362
2064013,M1-B00163XM-- 02 003,CarbonBlack,31.19,33.27158663695805,0.10384694817514317,2.170176840341092,35.54561042547429,0.0,35.54561042547429
2065835,M1-T15760---- 06 001,Silica,51.83,56.489960085921034,-0.3188781376186559,-0.8413227884917693,55.329759159810614,-2.366552015982231,52.963207143828384
2065835,M1-T15760---- 06 001,Silica,51.83,56.40672902927757,-0.3188781376186559,-0.7161783879958346,55.371672503663085,-2.705534666983426,52.66613783667966
2065835,M1-T15760---- 06 001,Silica,51.83,56.489960085921034,-0.3188781376186559,-0.4405096812648368,55.730572267037545,-2.9496418368879134,52.78093043014963
2065835,M1-T15760---- 06 001,Silica,51.83,56.489960085921034,-0.3188781376186559,-2.536398965624846,53.63468298267753,-3.114677033764724,50.52000594891281
2065835,M1-T15760---- 06 001,Silica,51.83,56.489960085921034,-0.3188781376186559,-0.26874854345126253,55.90233340485112,-3.2427756747342324,52.65955773011689
2067741,M1-T30087---- 08 001,Silica,53.67,57.46782764194932,0.016098880440327687,-0.5977406164371244,56.88618590595252,-1.6666844942612862,55.21950141169124
2067741,M1-T30087---- 08 001,Silica,53.67,57.26030631376648,0.016098880440327687,-0.4031699344696532,56.87323525973715,-1.9462755047481113,54.92695975498904
2067741,M1-T30087---- 08 001,Silica,53.67,57.34675293497875,0.016098880440327687,-0.12860695207072412,57.23424486334835,-1.1705195813877118,56.06372528196064
2067741,M1-T30087---- 08 001,Silica,53.67,57.26030631376648,0.016098880440327687,-0.6839408615353948,56.592464332671405,-1.7842194787571546,54.80824485391425
2067741,M1-T30087---- 08 001,Silica,53.67,57.26030631376648,0.016098880440327687,-0.5648578573532617,56.71154733685354,-2.2099242130511527,54.50162312380239
2067741,M1-T30087---- 08 001,Silica,53.67,57.26030631376648,0.016098880440327687,-0.24300790582648257,57.03339728838032,-2.6162204081403115,54.41717688024001
2071476,M1-T15760---- 06 001,Silica,47.94,58.616655289617285,-0.3188781376186559,-0.8279694087659166,57.469807743232714,-3.440114652425226,54.029693090807484
2071476,M1-T15760---- 06 001,Silica,47.94,58.616655289617285,-0.3188781376186559,-0.44722861619970194,57.85054853579893,-2.949485151500918,54.90106338429801
2071476,M1-T15760---- 06 001,Silica,47.94,58.616655289617285,-0.3188781376186559,-0.34596678647303014,57.9518103655256,-3.2863396275059795,54.66547073801962
2071476,M1-T15760---- 06 001,Silica,47.94,58.31546480609734,-0.3188781376186559,-0.6883545672108604,57.308232101267826,-4.0,53.308232101267826
2071490,M1-A00268R2-- 05 003,CarbonBlack,46.58,47.53916726929224,-0.3344135119178328,-0.40722601042331796,46.7975277469511,0.22648975722381598,47.024017504174914
2071490,M1-A00268R2-- 05 003,CarbonBlack,46.58,46.13493753611208,-0.3344135119178328,-0.3510657449858372,45.449458279208415,0.12296690689478072,45.572425186103196
2071490,M1-A00268R2-- 05 003,CarbonBlack,46.58,47.53916726929224,-0.3344135119178328,-0.17278844268957685,47.03196531468483,0.0013400144027381489,47.03330532908757
2071490,M1-A00268R2-- 05 003,CarbonBlack,46.58,47.53916726929224,-0.3344135119178328,-0.3443829604387191,46.86037079693569,-0.06432031400341293,46.79605048293228
2071695,M1-T15760---- 06 001,Silica,57.89,58.97967931821671,-0.3188781376186559,-2.469854142511548,56.190947038086506,-4.0,52.190947038086506
2071695,M1-T15760---- 06 001,Silica,57.89,58.99960500488301,-0.3188781376186559,-0.6942765471702332,57.98645032009412,-4.0,53.98645032009412
2071695,M1-T15760---- 06 001,Silica,57.89,60.40953958936764,-0.3188781376186559,-0.38950984003805467,59.701151611710934,-4.0,55.701151611710934
2071695,M1-T15760---- 06 001,Silica,57.89,58.97967931821671,-0.3188781376186559,-0.47879917866941224,58.182002001928645,-4.0,54.182002001928645
2071695,M1-T15760---- 06 001,Silica,57.89,58.653137348014745,-0.3188781376186559,-0.7129450172167606,57.62131419317933,-3.660473197616943,53.960840995562386
2073276,M1-T15760---- 06 001,Silica,52.06,58.93116270434912,-0.3188781376186559,-0.15212980215001007,58.46015476458046,-3.10567672184514,55.354478042735316
2073276,M1-T15760---- 06 001,Silica,52.06,60.34109728883375,-0.3188781376186559,-1.168344771589844,58.85387437962525,-2.261574305870191,56.59230007375506
2080725,M1-T17771---- 05 002,Silica,34.12,34.878396992050355,0.016098880440327687,-0.9563754646707121,33.938120407819966,-4.0,29.938120407819966
2080725,M1-T17771---- 05 002,Silica,34.12,34.34431008878226,0.016098880440327687,-0.7499934040250358,33.61041556519755,-4.0,29.61041556519755
2080725,M1-T17771---- 05 002,Silica,34.12,34.34431008878226,0.016098880440327687,-0.6682284247252821,33.6921805444973,-2.208022165782542,31.484158378714756
2080725,M1-T17771---- 05 002,Silica,34.12,34.34431008878226,0.016098880440327687,-0.5486822128035136,33.81172675641907,-1.49105163839377,32.3206751180253
2082952,M1-T09170WS-- 02 004,CarbonBlack,52.76,52.8887317441205,-0.6889012801640951,-0.35258725935901486,51.84724320459739,-1.74327845109244,50.103964753504954
2082952,M1-T09170WS-- 02 004,CarbonBlack,52.76,52.8887317441205,-0.6889012801640951,0.38721126703693953,52.58704173099334,-1.8616183149149885,50.72542341607835
2082952,M1-T09170WS-- 02 004,CarbonBlack,55.18,52.8887317441205,-0.6889012801640951,0.25028492713504114,52.450115391091444,-1.9386703102022422,50.5114450808892
2082952,M1-T09170WS-- 02 004,CarbonBlack,54.67,52.8887317441205,-0.6889012801640951,0.4893121506980165,52.68914261465442,-1.0832421785207873,51.60590043613364
2082952,M1-T09170WS-- 02 004,CarbonBlack,52.76,52.8887317441205,-0.6889012801640951,0.18919298886564914,52.38902345282205,-0.7063820442625541,51.6826414085595
2082952,M1-T09170WS-- 02 004,CarbonBlack,52.76,52.8887317441205,-0.6889012801640951,0.49167138497328144,52.69150184892968,0.3244979516887788,53.01599980061846
2084739,M1-T25045---- 08 004,Silica,56.98,60.79744041411243,0.016098880440327687,-2.19086692006245,58.62267237449031,-2.6418811792335073,55.9807911952568
2084739,M1-T25045---- 08 004,Silica,56.98,60.79744041411243,0.016098880440327687,-1.537982541901612,59.27555675265114,-2.5772697609815953,56.69828699166955
2084739,M1-T25045---- 08 004,Silica,56.98,60.79744041411243,0.016098880440327687,-1.217847547018438,59.59569174753432,-2.8574794293095156,56.738212318224804
2084739,M1-T25045---- 08 004,Silica,56.98,60.79744041411243,0.016098880440327687,-2.5121470933101295,58.30139220124263,-2.4930373128637537,55.80835488837887
2084739,M1-T25045---- 08 004,Silica,56.98,60.79744041411243,0.016098880440327687,-2.18163874067318,58.631900553879575,-2.4337931447999708,56.198107409079604
2084848,M1-T15760---- 06 001,Silica,53.01,55.80428813192639,-0.3188781376186559,-1.2628370436017975,54.22257295070594,-1.5024962720629325,52.720076678643004
2084848,M1-T15760---- 06 001,Silica,56.66,55.81173958950799,-0.3188781376186559,-0.9204933647606914,54.57236808712864,-2.9717938198181892,51.60057426731045
2084848,M1-T15760---- 06 001,Silica,53.01,55.80428813192639,-0.3188781376186559,-1.0992778270288683,54.386132167278866,-4.0,50.386132167278866
2084848,M1-T15760---- 06 001,Silica,53.01,55.779076860846956,-0.3188781376186559,-0.7624246923712641,54.69777403085704,-3.2466644766439976,51.45110955421304
2084848,M1-T15760---- 06 001,Silica,53.01,55.810685489786955,-0.3188781376186559,-0.8953445507856714,54.59646280138263,-1.6463755597893908,52.95008724159324
2084848,M1-T15760---- 06 001,Silica,56.66,55.78652831842855,-0.3188781376186559,-0.6861469461134647,54.78150323469643,-1.5653025420362339,53.216200692660195
2084848,M1-T15760---- 06 001,Silica,56.66,55.810685489786955,-0.3188781376186559,-0.45965535264479956,55.0321519995235,-1.6020439886824764,53.430108010841025
2084848,M1-T15760---- 06 001,Silica,53.01,55.779076860846956,-0.3188781376186559,-2.7752680763621047,52.6849306468662,-1.5973696324925224,51.08756101437368
2084848,M1-T15760---- 06 001,Silica,56.66,55.810685489786955,-0.3188781376186559,-2.7617699676319676,52.73003738453633,-0.5546097131536958,52.175427671382636
2084848,M1-T15760---- 06 001,Silica,56.66,55.810685489786955,-0.3188781376186559,-1.0399595420216425,54.45184781014666,0.10012760093536216,54.55197541108202
2086350,M1-T33025W3-- 03 005,Silica,44.09333333333333,43.85338240567337,-0.01233407206863151,-1.222853297976292,42.618195035628446,3.4280788538771323,46.04627388950558
2086412,M1-T33025W3-- 03 005,Silica,46.15,44.64258128876301,-0.01233407206863151,-0.5553282078311437,44.07491900886323,2.8953331537963223,46.970252162659555
2088405,M1-T09170WS-- 02 004,CarbonBlack,52.373333333333335,52.8887317441205,-0.6889012801640951,0.2642924139085257,52.46412287786493,0.8214057817858191,53.28552865965075
2088405,M1-T09170WS-- 02 004,CarbonBlack,52.373333333333335,52.8887317441205,-0.6889012801640951,0.13172884289524803,52.33155930685165,0.6862770114034572,53.01783631825511
2088405,M1-T09170WS-- 02 004,CarbonBlack,52.373333333333335,52.8887317441205,-0.6889012801640951,0.43140731332637394,52.63123777728278,0.5009433533035146,53.13218113058629
2088405,M1-T09170WS-- 02 004,CarbonBlack,52.373333333333335,52.8887317441205,-0.6889012801640951,0.33428017088051803,52.53411063483692,0.3234234839529815,52.8575341187899
2088405,M1-T09170WS-- 02 004,CarbonBlack,52.373333333333335,52.8887317441205,-0.6889012801640951,0.5086614335631604,52.708491897519565,0.23892864671159186,52.94742054423116
2092010,M1-T15760---- 06 001,Silica,53.11,57.926642233578654,-0.3188781376186559,-0.9016364804999071,56.70612761546009,0.1676101265948931,56.873737742054985
2092010,M1-T15760---- 06 001,Silica,53.11,57.5869223894736,-0.3188781376186559,-0.7523622829306221,56.515681968924326,1.2963158732555249,57.81199784217985
2092010,M1-T15760---- 06 001,Silica,53.11,57.89962820513248,-0.3188781376186559,-0.15981308871215755,57.42093697880167,1.5698667682348684,58.99080374703654
2092010,M1-T15760---- 06 001,Silica,53.23,57.5869223894736,-0.3188781376186559,-0.7280523797697602,56.53999187208519,0.020068453126380392,56.560060325211566
2092010,M1-T15760---- 06 001,Silica,53.23,57.89962820513248,-0.3188781376186559,-0.2642625500453811,57.316487517468445,-1.007656673488832,56.308830843979614
2092010,M1-T15760---- 06 001,Silica,53.23,57.93422966545485,-0.3188781376186559,-0.51788436095326,57.097467166882936,-1.9986407650826834,55.09882640180025
2092010,M1-T15760---- 06 001,Silica,53.23,57.64574383338293,-0.3188781376186559,-0.668133253347667,56.65873244241661,-2.392046097183436,54.26668634523317
2092012,M1-T15760---- 06 001,Silica,58.49,61.18830291296894,-0.3188781376186559,-0.1836436281668882,60.6857811471834,-2.9003785232689396,57.78540262391446
2092012,M1-T15760---- 06 001,Silica,58.49,60.97949860125363,-0.3188781376186559,0.02896381282249313,60.689584276457474,-3.1905051163531395,57.49907916010434
2092012,M1-T15760---- 06 001,Silica,58.49,59.14298873168677,-0.3188781376186559,-0.3492314098882622,58.474879184179855,-3.261973314172181,55.212905870007674
2094043,M1-T15760---- 06 001,Silica,54.0,58.60146408121784,-0.3188781376186559,-1.0065152753301316,57.27607066826906,-2.942115664075545,54.33395500419351
2094369,M1-T10035B6-- 03 001,Silica,34.41,42.44060975010294,0.016098880440327687,-3.1249448005658107,39.33176382997745,0.0,39.33176382997745
2097894,M1-T17771---- 05 002,Silica,33.43,34.34736215596539,0.016098880440327687,-1.2489141580793084,33.11454687832641,-0.8908608164349044,32.223686061891506
2097894,M1-T17771---- 05 002,Silica,33.43,34.94671071999812,0.016098880440327687,-1.0435833906690233,33.91922620976943,-0.4952567348536231,33.4239694749158
2097894,M1-T17771---- 05 002,Silica,33.43,34.94671071999812,0.016098880440327687,-0.5302096207448929,34.432599979693556,-0.25419774132325784,34.178402238370296
2101459,M1-T25045---- 08 004,Silica,58.07,56.370358554016924,0.016098880440327687,-0.9732156930347513,55.413241741422496,-2.488362725620276,52.92487901580222
2101487,M1-T15760---- 06 001,Silica,48.98,55.53616462743495,-0.3188781376186559,-0.6878411096530557,54.52944538016324,-2.719356247790123,51.810089132373115
2101547,M1-T15760---- 06 001,Silica,54.92,56.62924588417912,-0.3188781376186559,-0.5140776706770873,55.79629007588338,-1.8990131287070418,53.89727694717634
2101547,M1-T15760---- 06 001,Silica,54.92,56.83892582114894,-0.3188781376186559,-0.30199519956175597,56.21805248396853,-2.3121303905756463,53.90592209339288
2101547,M1-T15760---- 06 001,Silica,54.92,56.32282766744364,-0.3188781376186559,-0.32793693591638523,55.6760125939086,-3.2833248874519247,52.39268770645668
2101547,M1-T15760---- 06 001,Silica,54.92,56.83892582114894,-0.3188781376186559,-0.6748213461251558,55.84522633740513,-2.56121444398136,53.28401189342377
2101547,M1-T15760---- 06 001,Silica,54.92,56.62924588417912,-0.3188781376186559,-0.7741508289138364,55.53621691764663,-2.1822658559775094,53.353951061669115
2104004,M1-T15760---- 06 001,Silica,49.19,56.83892582114894,-0.3188781376186559,-2.135032453332028,54.385015230198256,-1.7543898773568367,52.63062535284142
2104004,M1-T15760---- 06 001,Silica,49.19,56.83892582114894,-0.3188781376186559,-0.4647561879281341,56.055291495602155,-1.505640815371324,54.54965068023083
2104004,M1-T15760---- 06 001,Silica,49.19,56.89055401246794,-0.3188781376186559,-0.4227032286325567,56.14897264621673,-1.2388136460539143,54.910159000162814
2104004,M1-T15760---- 06 001,Silica,49.19,56.57199071499533,-0.3188781376186559,-0.4040683188903096,55.849044258486366,-2.4256741212972175,53.423370137189146
2107747,M1-T15760---- 06 001,Silica,52.89,57.92474605416339,-0.3188781376186559,-0.43433082622847563,57.171537090316264,-3.7575593335886994,53.41397775672756
2107747,M1-T15760---- 06 001,Silica,52.89,58.44871979809734,-0.3188781376186559,-0.31250807093223465,57.81733358954646,-4.0,53.81733358954646
2107747,M1-T15760---- 06 001,Silica,52.89,57.99030757696801,-0.3188781376186559,-0.4788987924695107,57.192530646879845,-4.0,53.192530646879845
2107747,M1-T15760---- 06 001,Silica,52.89,57.68449346348019,-0.3188781376186559,-0.6049903377755261,56.76062498808601,-4.0,52.76062498808601
2107747,M1-T15760---- 06 001,Silica,52.89,57.99030757696801,-0.3188781376186559,-0.28292118044654685,57.3885082589028,-4.0,53.3885082589028
2109637,M1-T15760---- 06 001,Silica,53.84,57.35262873852739,-0.3188781376186559,-0.313948725974879,56.71980187493386,-4.0,52.71980187493386
2109637,M1-T15760---- 06 001,Silica,53.84,57.6148441141786,-0.3188781376186559,-0.11126030868538024,57.18470566787457,-4.0,53.18470566787457
2109637,M1-T15760---- 06 001,Silica,53.84,57.68040563698322,-0.3188781376186559,-0.5959889828398377,56.76553851652473,-4.0,52.76553851652473
2109637,M1-T15760---- 06 001,Silica,53.84,58.13881785811255,-0.3188781376186559,-1.361147214803888,56.45879250569001,-4.0,52.45879250569001
2111561,M1-T15760---- 06 001,Silica,50.86,59.77777024963997,-0.3188781376186559,-0.6468341467626533,58.81205796525867,-3.8137086845955706,54.9983492806631
2111561,M1-T15760---- 06 001,Silica,50.86,59.58978674385862,-0.3188781376186559,-0.6602182377101645,58.6106903685298,-3.5472576341743167,55.06343273435549
2111561,M1-T15760---- 06 001,Silica,50.86,59.699344374837644,-0.3188781376186559,-0.4579487421456903,58.9225174950733,-3.2687180956290245,55.653799399444274
2111561,M1-T15760---- 06 001,Silica,50.86,59.63378285203303,-0.3188781376186559,-0.6180811331980198,58.69682358121636,-4.0,54.69682358121636
2111618,M1-T25045---- 08 004,Silica,56.66,61.28756041561824,0.016098880440327687,-0.2465286780432081,61.05713061801536,-2.1382715683069824,58.918859049708374
2111618,M1-T25045---- 08 004,Silica,56.66,61.30922038627924,0.016098880440327687,-2.281394989555196,59.04392427716437,-1.992360263978761,57.05156401318561
2113363,M1-T15760---- 06 001,Silica,56.8,59.053434725618594,-0.3188781376186559,-0.2649470402627143,58.46960954773723,-4.0,54.46960954773723
2113363,M1-T15760---- 06 001,Silica,56.8,59.0458472937424,-0.3188781376186559,-0.17814699313514376,58.5488221629886,-4.0,54.5488221629886
2113363,M1-T15760---- 06 001,Silica,56.8,59.053434725618594,-0.3188781376186559,-0.56982871128534,58.1647278767146,-4.0,54.1647278767146
2113363,M1-T15760---- 06 001,Silica,56.8,58.98028577093778,-0.3188781376186559,-0.017285396678505677,58.64412223664063,-4.0,54.64412223664063
2113363,M1-T15760---- 06 001,Silica,56.8,58.60824827087893,-0.3188781376186559,-2.0305521181326327,56.258818015127645,-4.0,52.258818015127645
2115210,M1-T15760---- 06 001,Silica,53.44,58.40183998075815,-0.3188781376186559,-0.5792688504264835,57.50369299271301,-3.3499119524375702,54.15378104027544
2115210,M1-T15760---- 06 001,Silica,53.44,58.9258137246921,-0.3188781376186559,-1.1615918932165938,57.44534369385685,-2.898175037698488,54.54716865615836
2115210,M1-T15760---- 06 001,Silica,53.44,58.40183998075815,-0.3188781376186559,-0.6583457446724986,57.42461609846699,-1.8663679309272356,55.55824816753976
2115210,M1-T15760---- 06 001,Silica,53.44,58.40183998075815,-0.3188781376186559,-0.8438597630950582,57.23910208004443,-2.5255654494629693,54.713536630581466
2115210,M1-T15760---- 06 001,Silica,53.44,58.46740150356276,-0.3188781376186559,-0.48171842890934,57.66680493703477,-2.969498922781134,54.697306014253634
2117259,M1-T15760---- 06 001,Silica,52.82,59.31272010166143,-0.3188781376186559,-0.8083336585961745,58.1855083054466,-3.2740340754868917,54.91147422995971
2117259,M1-T15760---- 06 001,Silica,52.82,60.36271662025561,-0.3188781376186559,-0.5410962699656032,59.50274221267135,-3.4315544768541546,56.0711877358172
2117259,M1-T15760---- 06 001,Silica,52.82,59.37828162446604,-0.3188781376186559,-0.3290732388310584,58.73033024801633,-3.670129614908339,55.06020063310799
2117259,M1-T15760---- 06 001,Silica,52.82,60.82112884138495,-0.3188781376186559,-0.7156487560375768,59.78660194772872,-4.0,55.78660194772872
2117259,M1-T15760---- 06 001,Silica,52.82,60.36271662025561,-0.3188781376186559,-0.625121019351693,59.41871746328526,-4.0,55.41871746328526
2117334,M1-T17771---- 05 002,Silica,34.98,35.10964924335979,0.016098880440327687,-1.0110712293463338,34.11467689445378,-0.08330248242420293,34.03137441202958
2117334,M1-T17771---- 05 002,Silica,34.98,35.70899780739252,0.016098880440327687,-1.1311939344146937,34.59390275341815,-0.2050796006277702,34.38882315279038
2117334,M1-T17771---- 05 002,Silica,34.98,35.10964924335979,0.016098880440327687,-1.000703974920211,34.1250441488799,-0.44433571434750607,33.6807084345324
2119293,M1-T15760---- 06 001,Silica,53.51,57.22899487640257,-0.3188781376186559,-0.35999996861280337,56.55011677017111,-4.0,52.55011677017111
2119293,M1-T15760---- 06 001,Silica,53.51,57.26193379496078,-0.3188781376186559,-0.645026418050524,56.2980292392916,-4.0,52.2980292392916
2119293,M1-T15760---- 06 001,Silica,53.51,57.56312427848073,-0.3188781376186559,-0.6152712319422617,56.628974908919815,-4.0,52.628974908919815
2119293,M1-T15760---- 06 001,Silica,53.51,57.784747499107986,-0.3188781376186559,-1.225486690851568,56.240382670637764,-4.0,52.240382670637764
2119293,M1-T15760---- 06 001,Silica,53.51,57.62868580128534,-0.3188781376186559,-0.5267807057271239,56.78302695793956,-4.0,52.78302695793956
2119294,M1-T15760---- 06 001,Silica,57.46,57.26952122683698,-0.3188781376186559,-1.8086158601071438,55.14202722911118,-4.0,51.14202722911118
2119294,M1-T15760---- 06 001,Silica,57.46,57.62868580128534,-0.3188781376186559,-0.38896139013278874,56.9208462735339,-3.6379418327373063,53.28290444079659
2119294,M1-T15760---- 06 001,Silica,57.46,57.63627323316154,-0.3188781376186559,-0.7653118945954664,56.55208320094742,-3.5284673702979834,53.02361583064944
2119294,M1-T15760---- 06 001,Silica,57.46,57.22899487640257,-0.3188781376186559,-0.5139157454212155,56.3962009933627,-1.7745353279419418,54.62166566542076
2119294,M1-T15760---- 06 001,Silica,57.46,57.56312427848073,-0.3188781376186559,-0.4098572971479276,56.834388843714144,-1.080428611619528,55.75396023209461
2121443,M1-T15760---- 06 001,Silica,52.17,60.934957678946205,-0.3188781376186559,-1.6036985346776147,59.01238100664994,-0.48392498841789594,58.52845601823204
2121443,M1-T15760---- 06 001,Silica,52.17,60.96891057281082,-0.3188781376186559,-0.7365643809298058,59.91346805426236,-0.019607789901336048,59.893860264361024
2121443,M1-T15760---- 06 001,Silica,52.17,61.52325619200095,-0.3188781376186559,-0.7187535303406131,60.48562452404168,0.17395789395482167,60.6595824179965
2121443,M1-T15760---- 06 001,Silica,54.98,60.903349050006206,-0.3188781376186559,-0.7549490329374586,59.82952187945009,-1.9309437762266057,57.898578103223485
2121443,M1-T15760---- 06 001,Silica,54.98,61.81526761868921,-0.3188781376186559,-0.6351613968868197,60.861228084183736,-3.6747010596373313,57.18652702454641
2121443,M1-T15760---- 06 001,Silica,54.98,60.903349050006206,-0.3188781376186559,-0.6910877857323252,59.89338312665522,-4.0,55.89338312665522
2121443,M1-T15760---- 06 001,Silica,54.98,61.52325619200095,-0.3188781376186559,-0.7071376572526681,60.49724039712963,-4.0,56.49724039712963
2121469,M1-T13127---- 19 001,Silica,62.99,62.71673533809816,0.016098880440327687,1.1426001875101333,63.87543440604862,0.0,63.87543440604862
2121546,M1-T15760---- 06 001,Silica,56.57,61.124905511253154,-0.3188781376186559,-0.4771804772499331,60.32884689638457,-4.0,56.32884689638457
2121546,M1-T15760---- 06 001,Silica,56.57,61.13249294312936,-0.3188781376186559,-0.6615268001389665,60.15208800537174,-4.0,56.15208800537174
2121546,M1-T15760---- 06 001,Silica,56.57,60.90689879306828,-0.3188781376186559,0.13960959257179678,60.72763024802142,-4.0,56.72763024802142
2121546,M1-T15760---- 06 001,Silica,56.57,59.86356115986794,-0.3188781376186559,-0.5434685598269937,59.0012144624223,-4.0,55.0012144624223
2127227,M1-T15760---- 06 001,Silica,63.8,57.30658269386778,-0.3188781376186559,-0.7170258767130377,56.27067867953609,-4.0,52.27067867953609
2127227,M1-T15760---- 06 001,Silica,63.8,57.11027445733715,-0.3188781376186559,-1.114732929401477,55.67666339031702,-4.0,51.67666339031702
2127227,M1-T15760---- 06 001,Silica,63.8,57.372144216672396,-0.3188781376186559,-0.9100940459938223,56.14317203305992,-3.7804545685695614,52.36271746449036
2127227,M1-T15760---- 06 001,Silica,63.8,57.16752962652094,-0.3188781376186559,-0.49601732659328934,56.352634162308995,-0.387521801859521,55.965112360449474
2127227,M1-T15760---- 06 001,Silica,63.8,57.372144216672396,-0.3188781376186559,-0.7962101685689518,56.25705591048479,2.165735721603229,58.422791632088014
2133133,M1-T14885---- 17 002,Silica,65.07,66.63315157403012,0.016098880440327687,0.2386568732704864,66.88790732774093,0.0,66.88790732774093
2133133,M1-T14885---- 17 002,Silica,65.07,66.63315157403012,0.016098880440327687,-0.7674379463269994,65.88181250814345,0.0,65.88181250814345
2133133,M1-T14885---- 17 002,Silica,65.07,66.39286686506753,0.016098880440327687,0.30641636578196885,66.71538211128983,0.0,66.71538211128983
2133133,M1-T14885---- 17 002,Silica,62.83,66.1998316850745,0.016098880440327687,-0.7376995356938467,65.47823102982098,-0.545372198322282,64.93285883149869
2133380,M1-T15760---- 06 001,Silica,56.2,58.85797481906641,-0.3188781376186559,-0.22784585358739978,58.31125082786036,3.813063395204283,62.124314223064644
2133380,M1-T15760---- 06 001,Silica,56.2,59.29714695930651,-0.3188781376186559,-0.38835118764799725,58.58991763403986,4.0,62.58991763403986
2133380,M1-T15760---- 06 001,Silica,56.2,59.2134451439761,-0.3188781376186559,-0.4482726016540154,58.44629440470343,4.0,62.44629440470343
2133381,M1-T15760---- 06 001,Silica,56.74,58.88057182309554,-0.3188781376186559,-0.5429642649051231,58.018729420571766,3.3532865331357318,61.372015953707496
2133381,M1-T15760---- 06 001,Silica,56.74,59.29714695930651,-0.3188781376186559,-0.4845018458489212,58.49376697583894,1.630325282983056,60.124092258821996
2133381,M1-T15760---- 06 001,Silica,56.74,59.2134451439761,-0.3188781376186559,-0.911644416375664,57.98292258998178,0.467339376677111,58.45026196665889
2133381,M1-T15760---- 06 001,Silica,56.74,59.04242704849956,-0.3188781376186559,-1.2726131960412783,57.45093571483963,-0.05648126249755159,57.39445445234208
2135375,M1-T25045---- 08 004,Silica,58.16,61.46021758063473,0.016098880440327687,-0.265894354513054,61.21042210656201,-0.5976247072118813,60.61279739935013
2135399,M1-T09170WS-- 02 004,CarbonBlack,46.94333333333333,52.14611200423244,-0.6889012801640951,0.035921693798296093,51.49313241786664,0.08987871951328157,51.58301113737992
2135399,M1-T09170WS-- 02 004,CarbonBlack,46.94333333333333,52.14611200423244,-0.6889012801640951,0.26053475384144853,51.717745477909794,0.014681913208221278,51.732427391118016
2135399,M1-T09170WS-- 02 004,CarbonBlack,46.94333333333333,52.14611200423244,-0.6889012801640951,0.07404548096629184,51.53125620503464,-0.09027023001011411,51.440985975024525
2135399,M1-T09170WS-- 02 004,CarbonBlack,46.94333333333333,52.14611200423244,-0.6889012801640951,-0.15719692166258786,51.30001380240576,-1.4281288863670734,49.87188491603868
2135399,M1-T09170WS-- 02 004,CarbonBlack,46.94333333333333,52.14611200423244,-0.6889012801640951,0.0944565624869884,51.551667286555336,-2.432013863829891,49.11965342272544
2135405,M1-T15760---- 06 001,Silica,58.65,58.545016928947625,-0.3188781376186559,-0.8756455091319759,57.35049328219699,-0.5656669764999668,56.784826305697024
2135405,M1-T15760---- 06 001,Silica,58.65,58.545016928947625,-0.3188781376186559,-0.4391385249310789,57.78700026639789,-0.768843660544511,57.01815660585338
2135405,M1-T15760---- 06 001,Silica,58.65,58.849203645260474,-0.3188781376186559,-0.3172817185063257,58.2130437891355,-0.7514712768330463,57.46157251230245
2135405,M1-T15760---- 06 001,Silica,52.66,59.04242704849956,-0.3188781376186559,-2.130485240013679,56.59306367086723,-0.13617787844223073,56.456885792425
2135405,M1-T15760---- 06 001,Silica,58.65,59.950783703905266,-0.3188781376186559,-0.5788537075139774,59.05305185877263,0.16357540517107122,59.21662726394371
2135543,M1-T09170WS-- 02 004,CarbonBlack,47.653333333333336,52.14611200423244,-0.6889012801640951,0.18157107533508765,51.63878179940343,-3.078786566191316,48.55999523321211
2135543,M1-T09170WS-- 02 004,CarbonBlack,47.653333333333336,52.14611200423244,-0.6889012801640951,0.3221135895630629,51.779324313631406,-3.4621547370556502,48.31716957657576
2135543,M1-T09170WS-- 02 004,CarbonBlack,47.653333333333336,52.14611200423244,-0.6889012801640951,0.28204589149092346,51.73925661555927,-3.8060085019055574,47.93324811365371
2135543,M1-T09170WS-- 02 004,CarbonBlack,47.653333333333336,52.14611200423244,-0.6889012801640951,0.16073971570978454,51.617950439778134,-3.8598404911549187,47.758109948623215
2135625,M1-T15760---- 06 001,Silica,57.015,57.720199262515386,-0.3188781376186559,-0.3206238898647926,57.08069723503194,0.24558964687910023,57.32628688191104
2135625,M1-T15760---- 06 001,Silica,57.015,58.70901261966812,-0.3188781376186559,-0.31824368992335406,58.07189079212611,-1.0080063484448,57.06388444368131
2135625,M1-T15760---- 06 001,Silica,57.015,58.02138974603533,-0.3188781376186559,-0.30812086378313525,57.39439074463354,-0.8265200015431504,56.56787074309039
2135625,M1-T15760---- 06 001,Silica,57.42,58.02897717791153,-0.3188781376186559,-1.2867910954333743,56.4233079448595,-0.5982731715897874,55.825034773269714
2135625,M1-T15760---- 06 001,Silica,57.015,58.02138974603533,-0.3188781376186559,-0.3092935718611515,57.393218036555524,-0.7358584577506846,56.65735957880484
2135625,M1-T15760---- 06 001,Silica,57.015,58.08695126883995,-0.3188781376186559,-0.7241697459289606,57.04390338529233,-0.628918143815541,56.41498524147679
2139521,M1-T15760---- 06 001,Silica,48.53,56.85857807756809,-0.3188781376186559,-1.9468997556518577,54.59280018429758,-0.14123508412872882,54.45156510016885
2139521,M1-T15760---- 06 001,Silica,49.96,56.850990645691894,-0.3188781376186559,-2.109952578874594,54.42215992919865,-0.2123299698567672,54.20982995934188
2143697,M1-T15215---- 08 005,Silica,70.74,66.73813115000351,0.016098880440327687,0.021522436249941032,66.77575246669377,4.0,70.77575246669377
2143697,M1-T15215---- 08 005,Silica,70.74,66.73813115000351,0.016098880440327687,-0.2523511561437454,66.50187887430009,4.0,70.50187887430009
2143697,M1-T15215---- 08 005,Silica,70.74,66.73813115000351,0.016098880440327687,0.37072842255369054,67.12495845299753,4.0,71.12495845299753
2143697,M1-T15215---- 08 005,Silica,70.74,66.73813115000351,0.016098880440327687,-0.02770586279321298,66.72652416765062,4.0,70.72652416765062
2143714,M1-T14885---- 17 002,Silica,66.67,65.04512710434717,0.016098880440327687,0.16432906571782602,65.22555505050532,-0.6253042912686357,64.60025075923669
2143725,M1-T15760---- 06 001,Silica,50.97,57.81220747887919,-0.3188781376186559,-0.619905407203649,56.87342393405689,-0.15730199448743634,56.716121939569454
2143725,M1-T15760---- 06 001,Silica,50.97,57.819794910755384,-0.3188781376186559,-0.9447675469978201,56.55614922613891,-1.928951451430479,54.627197774708435
2143725,M1-T15760---- 06 001,Silica,50.97,58.198422587297216,-0.3188781376186559,-0.49097077800022354,57.38857367167834,-2.68891399476093,54.699659676917406
2143725,M1-T15760---- 06 001,Silica,50.97,57.55231359332367,-0.3188781376186559,-0.7837102642772741,56.44972519142774,-3.6532669765497174,52.79645821487802
2143725,M1-T15760---- 06 001,Silica,50.97,57.74664595607457,-0.3188781376186559,-0.4220980890592507,57.00566972939667,-4.0,53.00566972939667
2143794,M1-T25045---- 08 004,Silica,57.79,62.459924620382424,0.016098880440327687,-0.6149881929134272,61.86103530790932,-1.737476480452925,60.12355882745639
2143794,M1-T25045---- 08 004,Silica,59.08,62.46834565671756,0.016098880440327687,0.2243536300709118,62.7087981672288,-1.93141081946636,60.77738734776244
2147532,M1-T14885---- 17 002,Silica,63.66,65.56276367354386,0.016098880440327687,-0.24583002610508786,65.3330325278791,-0.9313276372749951,64.40170489060411
2147532,M1-T14885---- 17 002,Silica,63.66,65.56276367354386,0.016098880440327687,0.23554661018490722,65.81440916416909,-1.4463986550387895,64.3680105091303
2147532,M1-T14885---- 17 002,Silica,63.66,65.56276367354386,0.016098880440327687,-0.0004080296538664929,65.57845452433031,-0.5791455736787483,64.99930895065157
2147532,M1-T14885---- 17 002,Silica,63.66,65.78752915779896,0.016098880440327687,-1.1603871785208137,64.64324085971847,-0.9073116599388542,63.73592919977962
2147532,M1-T14885---- 17 002,Silica,63.66,65.56276367354386,0.016098880440327687,-1.2326190523061138,64.34624350167806,-1.2814409112079266,63.06480259047014
2147554,M1-T17771---- 05 002,Silica,34.85,34.88244724118409,0.016098880440327687,-0.7888857458115015,34.109660375812915,-0.05143806837938908,34.058222307433525
2147616,M1-T09170WS-- 02 004,CarbonBlack,53.28,53.57380841243613,-0.6889012801640951,0.4621915437962359,53.34709867606827,-3.939685637897864,49.407413038170404
2147616,M1-T09170WS-- 02 004,CarbonBlack,53.28,53.57380841243613,-0.6889012801640951,0.36031472421438704,53.245221856486424,-3.9835569311962846,49.26166492529014
2147616,M1-T09170WS-- 02 004,CarbonBlack,53.28,53.57380841243613,-0.6889012801640951,0.2663338971929458,53.15124102946498,-3.9778749837708385,49.17336604569414
2147616,M1-T09170WS-- 02 004,CarbonBlack,53.28,53.57380841243613,-0.6889012801640951,0.5918409122763099,53.476748044548344,-2.804642091460068,50.67210595308828
2151397,M1-T15760---- 06 001,Silica,52.21,60.76203365965169,-0.3188781376186559,-0.8967478340241607,59.54640768800888,-4.0,55.54640768800888
2151397,M1-T15760---- 06 001,Silica,58.8,61.611267603069884,-0.3188781376186559,-1.9339273760123195,59.35846208943891,-4.0,55.35846208943891
2151398,M1-T15760---- 06 001,Silica,60.33,58.807939646000044,-0.3188781376186559,-0.6556321782085514,57.83342933017284,-4.0,53.83342933017284
2151398,M1-T15760---- 06 001,Silica,60.33,58.67631910932179,-0.3188781376186559,-0.5770046423488822,57.78043632935425,-4.0,53.78043632935425
2151398,M1-T15760---- 06 001,Silica,55.3,58.63334076436466,-0.3188781376186559,-1.0587123656435615,57.25575026110245,-4.0,53.25575026110245
2151398,M1-T15760---- 06 001,Silica,60.33,58.64596476148835,-0.3188781376186559,0.7712698353505314,59.09835645922023,-2.2841873974231532,56.814169061797074
2151398,M1-T15760---- 06 001,Silica,60.33,58.80035221412385,-0.3188781376186559,-0.2884047344645037,58.19306934204069,-0.8340620770024835,57.3590072650382
2151398,M1-T15760---- 06 001,Silica,60.33,58.807939646000044,-0.3188781376186559,-0.28049660621887706,58.208564902162514,-1.170568532232474,57.03799636993004
2155119,M1-T15760---- 06 001,Silica,55.16,58.92105636146151,-0.3188781376186559,-0.267747949617025,58.33443027422583,-0.44990491032880037,57.88452536389703
2155119,M1-T15760---- 06 001,Silica,55.16,58.95899814117114,-0.3188781376186559,-0.18306065643388042,58.45705934711861,0.32614576015763314,58.78320510727624
2155119,M1-T15760---- 06 001,Silica,55.16,58.91144711178629,-0.3188781376186559,-0.2757809099591018,58.31678806420853,0.8647325614615883,59.18152062567012
2155119,M1-T15760---- 06 001,Silica,55.16,60.50308297470775,-0.3188781376186559,-0.413212546715946,59.77099229037315,-0.34701628924463834,59.423976001128516
2155119,M1-T15760---- 06 001,Silica,55.16,60.49549554283155,-0.3188781376186559,-0.39842454582193926,59.778192859390956,-1.2320292066068304,58.546163652784124
2155281,M1-T15760---- 06 001,Silica,55.24,58.9159077398164,-0.3188781376186559,-1.5376280640779882,57.05940153811976,-1.8094568638873414,55.24994467423242
2157638,M1-T14885---- 17 002,Silica,71.64,66.35312888697682,0.016098880440327687,-0.7479905942464241,65.62123717317073,-1.472544995144643,64.14869217802608
2157638,M1-T14885---- 17 002,Silica,71.64,66.35312888697682,0.016098880440327687,0.0038402138865929747,66.37306798130373,-1.3257537545167934,65.04731422678694
2157638,M1-T14885---- 17 002,Silica,71.64,66.76379666055166,0.016098880440327687,-0.45200760066263546,66.32788794032935,-1.1339006786651744,65.19398726166418
2157638,M1-T14885---- 17 002,Silica,72.53,66.35312888697682,0.016098880440327687,0.22907101640336452,66.59829878382051,1.01189837298316,67.61019715680366
2157638,M1-T14885---- 17 002,Silica,71.64,66.35312888697682,0.016098880440327687,0.27804153520907926,66.64726930262623,2.288408466697092,68.93567776932332
2157638,M1-T14885---- 17 002,Silica,71.64,66.35312888697682,0.016098880440327687,0.2628510885990633,66.63207885601621,3.1955195445891604,69.82759840060537
2158810,M1-T15760---- 06 001,Silica,53.41,58.60703423355345,-0.3188781376186559,-0.5301699437125708,57.75798615222222,-2.6499174918330852,55.10806866038914
2158810,M1-T15760---- 06 001,Silica,53.41,58.635872430643275,-0.3188781376186559,-0.7775984634038551,57.539395829620766,-3.2404001021004474,54.29899572752032
2158810,M1-T15760---- 06 001,Silica,53.41,58.63083586539578,-0.3188781376186559,-2.4313508005903093,55.88060692718682,-2.81410053290624,53.06650639428058
2158810,M1-T15760---- 06 001,Silica,53.41,58.63083586539578,-0.3188781376186559,-0.6994897297369346,57.612467998040195,-3.274266218701036,54.33820177933916
2158810,M1-T15760---- 06 001,Silica,53.41,58.635872430643275,-0.3188781376186559,-0.24240791303611486,58.0745863799885,-3.5308051019769557,54.54378127801155
2160792,M1-T15760---- 06 001,Silica,61.88,58.68182534207815,-0.3188781376186559,-1.9566542497686061,56.40629295469089,-3.212745649539915,53.19354730515097
2160792,M1-T15760---- 06 001,Silica,61.88,58.93382491121193,-0.3188781376186559,-0.364075559325226,58.250871214268045,-3.5096623540899996,54.74120886017805
2160792,M1-T15760---- 06 001,Silica,61.88,58.93382491121193,-0.3188781376186559,-0.9582090047558924,57.65673776883738,-3.8561395618595515,53.80059820697783
2160792,M1-T15760---- 06 001,Silica,57.69,58.93382491121193,-0.3188781376186559,-0.3789710737453298,58.23597569984794,-1.0571855797089522,57.17879012013899
2160792,M1-T15760---- 06 001,Silica,57.69,58.93382491121193,-0.3188781376186559,-0.3617496986794297,58.25319707491384,0.3487087299233207,58.601905804837166
2160792,M1-T15760---- 06 001,Silica,57.69,58.67423791020195,-0.3188781376186559,-0.5824808154902958,57.772878957093006,1.5110747802951108,59.28395373738812
2160792,M1-T15760---- 06 001,Silica,61.88,58.67423791020195,-0.3188781376186559,-0.670503199240676,57.68485657334262,0.8939596362521944,58.57881620959481
2160792,M1-T15760---- 06 001,Silica,57.69,58.85320676138308,-0.3188781376186559,-0.5739711306440378,57.960357493120384,0.45681262290238267,58.41717011602277
2160792,M1-T15760---- 06 001,Silica,61.88,58.917138955688955,-0.3188781376186559,-0.38638836589154957,58.21187245217875,0.2949051489037653,58.50677760108252
2160792,M1-T15760---- 06 001,Silica,57.69,58.93382491121193,-0.3188781376186559,-0.5856442801082716,58.029302493485005,1.4649766322298499,59.494279125714854
2160815,M1-T14885---- 17 002,Silica,69.69,65.38376466110925,0.016098880440327687,-0.218432337587593,65.18143120396199,4.0,69.18143120396199
2162246,M1-T15760---- 06 001,Silica,55.72,56.799329780290854,-0.3188781376186559,-0.9600148909024082,55.52043675176979,0.9443763946247791,56.46481314639457
2162246,M1-T15760---- 06 001,Silica,55.72,57.02389561676458,-0.3188781376186559,-1.7912424873171287,54.913774991828795,1.76150174058372,56.67527673241251
2162246,M1-T15760---- 06 001,Silica,55.72,58.9747321003255,-0.3188781376186559,-0.3647735947967797,58.29108036791006,1.1312604703631017,59.422340838273165
2162246,M1-T15760---- 06 001,Silica,55.72,58.9747321003255,-0.3188781376186559,-0.6233222530900594,58.032531709616784,0.8517513037232328,58.88428301334002
2162260,M1-T25045---- 08 004,Silica,62.05,59.96756578958073,0.016098880440327687,-0.7386741499893232,59.244990520031735,-2.267114205595055,56.97787631443668
2162260,M1-T25045---- 08 004,Silica,62.05,59.959144753245596,0.016098880440327687,-1.0223558425441708,58.95288779114175,-2.8082905362893342,56.144597254852414
2162260,M1-T25045---- 08 004,Silica,62.05,59.96756578958073,0.016098880440327687,-0.7145596633561992,59.26910500666486,-3.054442825571174,56.214662181093686
2162260,M1-T25045---- 08 004,Silica,62.05,59.959144753245596,0.016098880440327687,-1.5982094485119709,58.37703418517395,-1.296607133909343,57.08042705126461
2162260,M1-T25045---- 08 004,Silica,62.05,59.96756578958073,0.016098880440327687,-1.5891979462772938,58.39446672374376,0.021508668920934615,58.4159753926647
2163945,M1-T25045---- 08 004,Silica,58.28,60.60344318115645,0.016098880440327687,-0.8394691025068384,59.780072959089935,0.8493245662451958,60.62939752533513
2163958,M1-T15760---- 06 001,Silica,53.13,59.1127016661542,-0.3188781376186559,-0.4500926059847493,58.3437309225508,0.838093415057624,59.18182433760842
2165532,M1-T14885---- 17 002,Silica,71.34,66.03711579058519,0.016098880440327687,0.5262533748529152,66.57946804587843,4.0,70.57946804587843
2165532,M1-T14885---- 17 002,Silica,66.96,66.03711579058519,0.016098880440327687,0.35743890256039057,66.4106535735859,4.0,70.4106535735859
2165532,M1-T14885---- 17 002,Silica,71.34,66.08446387232712,0.016098880440327687,0.41432759293993915,66.51489034570739,4.0,70.51489034570739
2165532,M1-T14885---- 17 002,Silica,71.34,66.03711579058519,0.016098880440327687,0.5045154483721864,66.5577301193977,4.0,70.5577301193977
2165532,M1-T14885---- 17 002,Silica,71.34,66.03711579058519,0.016098880440327687,0.26093652722277144,66.31415119824828,3.3772487150774655,69.69139991332575
2165532,M1-T14885---- 17 002,Silica,71.34,66.03711579058519,0.016098880440327687,0.015496895315805864,66.06871156634132,3.811606996842011,69.88031856318334
2165532,M1-T14885---- 17 002,Silica,66.96,66.03711579058519,0.016098880440327687,0.14844730143152668,66.20166197245705,4.0,70.20166197245705
2165532,M1-T14885---- 17 002,Silica,66.96,66.08446387232712,0.016098880440327687,0.4297583649008714,66.53032111766832,4.0,70.53032111766832
2165532,M1-T14885---- 17 002,Silica,66.96,66.03711579058519,0.016098880440327687,0.20195069691521295,66.25516536794073,4.0,70.25516536794073
2165532,M1-T14885---- 17 002,Silica,66.96,66.03711579058519,0.016098880440327687,-0.12249127708568679,65.93072339393983,3.480534163844453,69.41125755778428
2165532,M1-T14885---- 17 002,Silica,67.95,66.03711579058519,0.016098880440327687,0.16964073983747108,66.22285541086299,2.5652775793906186,68.78813299025362
2165532,M1-T14885---- 17 002,Silica,67.95,66.08446387232712,0.016098880440327687,0.17498509405736637,66.27554784682481,2.007144695191211,68.28269254201602
2165532,M1-T14885---- 17 002,Silica,67.95,66.03711579058519,0.016098880440327687,-0.01970830474259866,66.03350636628292,1.7137842684518971,67.74729063473482
2165532,M1-T14885---- 17 002,Silica,67.95,66.08446387232712,0.016098880440327687,0.10398994035514914,66.2045526931226,1.7177923646574316,67.92234505778002
2165818,M1-T09170WS-- 02 004,CarbonBlack,52.84333333333333,55.749357782123916,-0.6889012801640951,0.3422343063495242,55.402690808309345,-1.9528160209679741,53.44987478734137
2165818,M1-T09170WS-- 02 004,CarbonBlack,52.84333333333333,55.749357782123916,-0.6889012801640951,0.19073991438772547,55.25119641634755,-1.3283435235170746,53.92285289283047
2165818,M1-T09170WS-- 02 004,CarbonBlack,52.84333333333333,55.749357782123916,-0.6889012801640951,0.5027484180434708,55.563204920003294,-0.9888648798264551,54.574340040176835
2165818,M1-T09170WS-- 02 004,CarbonBlack,52.84333333333333,55.749357782123916,-0.6889012801640951,0.1320248490493571,55.19248135100918,-1.460012658371324,53.73246869263785
2165878,M1-T15760---- 06 001,Silica,48.6,53.69800734693486,-0.3188781376186559,-0.9903043807401646,52.38882482857604,-0.18465871983268234,52.20416610874336
2165878,M1-T15760---- 06 001,Silica,48.6,53.78123840357832,-0.3188781376186559,-0.5021392662974196,52.96022099966225,-0.823020616767913,52.137200382894335
2165878,M1-T15760---- 06 001,Silica,49.38,53.65464484208288,-0.3188781376186559,-0.214083034999351,53.12168366946488,-2.1402337085027776,50.9814499609621
2165878,M1-T15760---- 06 001,Silica,48.6,53.69800734693486,-0.3188781376186559,-0.28596635644196455,53.09316285287424,-2.6348110445247563,50.45835180834948
2165878,M1-T15760---- 06 001,Silica,48.6,53.82527916302112,-0.3188781376186559,-0.6484975274576251,52.85790349794484,-3.152434031066003,49.70546946687884
2165885,M1-T25045---- 08 004,Silica,59.04,61.51264721948188,0.016098880440327687,-0.164581385225265,61.36416471469694,1.6964169408194518,63.060581655516394
2169150,M1-T15760---- 06 001,Silica,53.41,54.27145634479424,-0.3188781376186559,-1.8362397746024448,52.11633843257314,-3.3292089225856647,48.78712950998747
2173340,M1-T15760---- 06 001,Silica,53.705,54.01114994344022,-0.3188781376186559,-0.3569693450078883,53.33530246081368,-3.6783951016722356,49.65690735914144
2173340,M1-T15760---- 06 001,Silica,53.705,54.01114994344022,-0.3188781376186559,-2.2058252434799983,51.48644656234157,-3.8522476205540164,47.63419894178755
2174970,M1-T14885---- 17 002,Silica,64.48,65.69628924170505,0.016098880440327687,0.22167065545992584,65.9340587776053,1.7047903012127605,67.63884907881805
2175190,M1-T25045---- 08 004,Silica,59.76,61.47690805533867,0.016098880440327687,-0.14501660799706112,61.34799032778193,2.2841518414504867,63.63214216923242
2175190,M1-T25045---- 08 004,Silica,59.76,61.47690805533867,0.016098880440327687,0.3645541916599164,61.85756112743891,1.1488844012883603,63.006445528727276
2175190,M1-T25045---- 08 004,Silica,59.76,61.47690805533867,0.016098880440327687,0.057656327560314205,61.55066326333931,0.10696966649276984,61.65763292983208
2175190,M1-T25045---- 08 004,Silica,59.76,61.51264721948188,0.016098880440327687,-0.6633032926438023,60.8654428072784,-0.40151833178964036,60.46392447548876
2175240,M1-T15760---- 06 001,Silica,54.13,58.418764263584414,-0.3188781376186559,-0.49191179840279603,57.607974327562964,-2.3084748641597534,55.29949946340321
2175240,M1-T15760---- 06 001,Silica,54.13,58.42635169546061,-0.3188781376186559,-0.7283441232873927,57.379129434554564,-1.5050231431559316,55.87410629139863
2180290,M1-T14885---- 17 002,Silica,64.18,66.2801896067187,0.016098880440327687,-0.8654307764875324,65.43085771067149,1.7683013009640565,67.19915901163554
2180462,M1-T15760---- 06 001,Silica,54.18,54.59214572210707,-0.3188781376186559,-2.484875550955092,51.78839203353333,-0.3879501689116235,51.400441864621705
2180462,M1-T15760---- 06 001,Silica,54.18,54.63618648154987,-0.3188781376186559,-1.055576962200512,53.261731381730705,-1.3149574165070248,51.94677396522368
2180462,M1-T15760---- 06 001,Silica,54.18,54.63618648154987,-0.3188781376186559,-0.971906468814644,53.34540187511657,-1.8952090219212856,51.45019285319529
2180462,M1-T15760---- 06 001,Silica,54.18,54.63618648154987,-0.3188781376186559,-1.9288622645507358,52.38844607938048,-0.609163925404898,51.77928215397558
2180513,M1-T15760---- 06 001,Silica,55.35,54.59214572210707,-0.3188781376186559,-0.13511418411008866,54.13815340037833,-0.15093416230264023,53.98721923807569
2182105,M1-T33025W3-- 03 005,Silica,43.626666666666665,46.54487248976732,-0.01233407206863151,-0.4838761844934213,46.04866223320527,3.2361546084259842,49.284816841631255
2184034,M1-T14885---- 17 002,Silica,62.69,65.85017890109755,0.016098880440327687,-0.7852546519067171,65.08102312963116,1.7614451027380622,66.84246823236923
2184034,M1-T14885---- 17 002,Silica,64.72,65.85017890109755,0.016098880440327687,-1.169524260636076,64.6967535209018,0.7967939386350542,65.49354745953684
2184034,M1-T14885---- 17 002,Silica,64.72,65.46580324778796,0.016098880440327687,-0.9235673588196937,64.55833476940859,0.18249844384309322,64.74083321325168
2184034,M1-T14885---- 17 002,Silica,64.72,65.85017890109755,0.016098880440327687,-0.3651556193014794,65.5011221622364,-0.5895580281991842,64.91156413403722
2184034,M1-T14885---- 17 002,Silica,64.72,65.85017890109755,0.016098880440327687,-0.5490865677592845,65.31719121377859,-0.40571667600996747,64.91147453776861
2184034,M1-T14885---- 17 002,Silica,64.72,65.85017890109755,0.016098880440327687,-0.7627623612428279,65.10351542029505,-0.23550210402955418,64.8680133162655
2184034,M1-T14885---- 17 002,Silica,62.69,65.46580324778796,0.016098880440327687,-0.3140904082778653,65.16781171995042,-0.399188121491608,64.76862359845882
2184034,M1-T14885---- 17 002,Silica,65.24,65.46580324778796,0.016098880440327687,-1.0055878722463936,64.47631425598189,-0.4585890491777015,64.01772520680419
2184034,M1-T14885---- 17 002,Silica,65.24,65.85017890109755,0.016098880440327687,0.046398362843026356,65.9126761443809,-0.4360669605129075,65.47660918386799
2184034,M1-T14885---- 17 002,Silica,61.99,65.85017890109755,0.016098880440327687,0.910213046188359,66.77649082772624,-1.0485903883441623,65.72790043938207
2184034,M1-T14885---- 17 002,Silica,65.24,65.85017890109755,0.016098880440327687,1.033972918770238,66.9002507003081,-0.5049075486354822,66.39534315167262
2184034,M1-T14885---- 17 002,Silica,61.99,65.85017890109755,0.016098880440327687,0.7238351239975236,66.59011290553539,-0.5552381273591078,66.03487477817629
2184034,M1-T14885---- 17 002,Silica,61.99,65.85017890109755,0.016098880440327687,-1.1949911137670537,64.67128666777081,-1.8246139374692454,62.84667273030157
2184034,M1-T14885---- 17 002,Silica,61.99,65.85017890109755,0.016098880440327687,1.114558354901221,66.9808361364391,-1.7753049663209053,65.20553117011819
2184034,M1-T14885---- 17 002,Silica,61.99,65.85017890109755,0.016098880440327687,-0.07689848590629866,65.78937929563158,-2.622747348085251,63.16663194754633
2184034,M1-T14885---- 17 002,Silica,65.24,65.85017890109755,0.016098880440327687,-1.0470175378465738,64.8192602436913,-2.6403091439909194,62.178951099700384
2184041,M1-T15760---- 06 001,Silica,59.5,54.76148867655928,-0.3188781376186559,-0.5825504563987787,53.86006008254185,0.14472552385318016,54.00478560639503
2184041,M1-T15760---- 06 001,Silica,59.5,54.59214572210707,-0.3188781376186559,-0.3994121552652328,53.873855429223184,0.6387740428830823,54.51262947210627
2184041,M1-T15760---- 06 001,Silica,59.5,55.021583380688995,-0.3188781376186559,-0.1718250464139447,54.5308801966564,0.8106958099046593,55.341576006561056
2184041,M1-T15760---- 06 001,Silica,59.5,54.59214572210707,-0.3188781376186559,-0.1329640709007771,54.14030351358764,2.259469042170706,56.39977255575835
2184041,M1-T15760---- 06 001,Silica,59.5,54.63618648154987,-0.3188781376186559,-0.6270688744203663,53.69023946951085,3.269471700752539,56.95971117026339
2187531,M1-T33025W3-- 03 005,Silica,43.10666666666666,45.30739738538002,-0.01233407206863151,-1.8036343925815093,43.49142892072988,2.707849715209653,46.199278635939535
2187531,M1-T33025W3-- 03 005,Silica,43.10666666666666,45.35127160461026,-0.01233407206863151,-0.6950952910426694,44.64384224149896,2.5180190979877866,47.16186133948675
2187555,M1-T15760---- 06 001,Silica,57.09,60.779701233807096,-0.3188781376186559,-0.7356733244364614,59.72514977175198,3.7793661315298577,63.504515903281835
2192763,M1-T09170WS-- 02 004,CarbonBlack,54.94,54.86087205682554,-0.6889012801640951,0.08950385347717893,54.26147463013862,-1.7443677857641928,52.51710684437443
2192763,M1-T09170WS-- 02 004,CarbonBlack,54.94,54.86087205682554,-0.6889012801640951,0.3767482120182819,54.54871898867973,-2.037018926035925,52.511700062643804
2192763,M1-T09170WS-- 02 004,CarbonBlack,54.94,54.86087205682554,-0.6889012801640951,0.2416571281425089,54.41362790480395,-2.130657653527903,52.28297025127605
2192763,M1-T09170WS-- 02 004,CarbonBlack,54.94,54.86087205682554,-0.6889012801640951,0.15912416299994614,54.33109493966139,-1.2879027465111195,53.04319219315027
2192771,M1-T15760---- 06 001,Silica,51.37,59.44192080169312,-0.3188781376186559,-1.679900496553723,57.44314216752075,4.0,61.44314216752075
2192771,M1-T15760---- 06 001,Silica,51.37,58.97592114868759,-0.3188781376186559,-0.6833206109725594,57.97372240009638,4.0,61.97372240009638
2192771,M1-T15760---- 06 001,Silica,51.37,58.65050061046781,-0.3188781376186559,-0.6154261236101464,57.716196349239006,2.513702746494486,60.229899095733494
2194889,M1-T25045---- 08 004,Silica,57.94,61.350849497601864,0.016098880440327687,0.24424987930960895,61.611198257351795,-0.9103311704844228,60.70086708686737
2194901,M1-T15760---- 06 001,Silica,57.26,58.11219587160226,-0.3188781376186559,-0.22093178635099098,57.57238594763262,-0.06235072771008476,57.510035219922536
2194901,M1-T15760---- 06 001,Silica,57.26,57.738171030753115,-0.3188781376186559,-1.637379582082586,55.78191331105187,-2.0247622294259733,53.7571510816259
2194901,M1-T15760---- 06 001,Silica,57.26,57.95613417377962,-0.3188781376186559,-0.6856996412752551,56.951556394885706,-3.321192465369884,53.63036392951582
2194901,M1-T15760---- 06 001,Silica,57.26,57.55644324889684,-0.3188781376186559,-0.8312366544018224,56.406328456876366,-2.4185505100487044,53.98777794682766
2199910,M1-T15760---- 06 001,Silica,60.49,59.307127690710985,-0.3188781376186559,-0.3585336664563946,58.629715886635935,-1.2495593503496556,57.38015653628628
2199910,M1-T15760---- 06 001,Silica,60.49,60.058270080781035,-0.3188781376186559,-0.5422593049296948,59.19713263823269,-0.7821584637104714,58.414974174522214
2199910,M1-T15760---- 06 001,Silica,60.49,61.263794994579605,-0.3188781376186559,-0.22627458454734684,60.718642272413604,-0.29140946166024045,60.42723281075337
2199970,M1-A00268R2-- 05 003,CarbonBlack,45.43,45.261990123522494,-0.3344135119178328,-0.10444600483310487,44.82313060677156,0.29413829643508604,45.11726890320664
2201547,M1-T15760---- 06 001,Silica,58.48,58.96478299462144,-0.3188781376186559,0.05917703560522006,58.705081892608,0.35409861084705163,59.05918050345505
2201547,M1-T15760---- 06 001,Silica,58.48,59.36241493311678,-0.3188781376186559,-0.3127105358098201,58.73082625968831,0.6357292361231304,59.36655549581144
2201547,M1-T15760---- 06 001,Silica,50.17,58.96478299462144,-0.3188781376186559,-2.6669805565963136,55.97892430040647,0.3764177835621107,56.35534208396858
2201547,M1-T15760---- 06 001,Silica,58.48,58.89922147181682,-0.3188781376186559,0.03266613920725375,58.61300947340542,0.1959678807110766,58.80897735411649
2201547,M1-T15760---- 06 001,Silica,58.48,58.89922147181682,-0.3188781376186559,-0.5466446528246448,58.03369868137352,0.06192963859126063,58.09562831996478
2203433,M1-T15760---- 06 001,Silica,58.35,61.49571778380815,-0.3188781376186559,0.09448023423763016,61.27131988042713,-1.6993265431080575,59.57199333731907
2203433,M1-T15760---- 06 001,Silica,58.35,61.488130351931964,-0.3188781376186559,0.02023248332878376,61.189484697642094,-1.2294314221972669,59.96005327544483
2203433,M1-T15760---- 06 001,Silica,58.35,59.75707959726109,-0.3188781376186559,0.09103108297612059,59.52923254261856,-0.7267115999501444,58.802520942668416
2203433,M1-T15760---- 06 001,Silica,58.35,60.01263424464272,-0.3188781376186559,0.003984726108191006,59.69774083313226,-1.385094084093239,58.31264674903902
2203433,M1-T15760---- 06 001,Silica,58.35,59.764667029137286,-0.3188781376186559,0.13539971284755714,59.58118860436619,-1.821411268157895,57.759777336208295
2204879,M1-T09170WS-- 02 004,Silica,51.24333333333334,54.44066661967138,-0.6889012801640951,0.2722589054539316,54.02402424496122,-0.7841476191617036,53.23987662579952
2204879,M1-T09170WS-- 02 004,Silica,51.24333333333334,54.44066661967138,-0.6889012801640951,0.22229198328209454,53.974057322789385,-0.390991704854379,53.583065617935006
2204879,M1-T09170WS-- 02 004,Silica,51.24333333333334,54.44066661967138,-0.6889012801640951,0.48267242307088853,54.234437762578175,-0.09102267529648317,54.14341508728169
2204879,M1-T09170WS-- 02 004,Silica,51.24333333333334,54.44066661967138,-0.6889012801640951,-1.429593974812143,52.322171364695144,-0.8979231461959019,51.424248218499244
2204930,M1-S00211---- 10 001,CarbonBlack,28.77,27.456767568072397,-0.23653063681139205,0.11952404012294263,27.33976097138395,0.0,27.33976097138395
2204930,M1-S00211---- 10 001,CarbonBlack,28.77,27.456767568072397,-0.23653063681139205,0.04259524906153994,27.262832180322548,0.0,27.262832180322548
2206504,M1-T15760---- 06 001,Silica,50.5,58.51356325793185,-0.3188781376186559,-0.5705819257064881,57.624103194606704,-1.6287576504960934,55.99534554411061
2206504,M1-T15760---- 06 001,Silica,50.5,58.24188812111575,-0.3188781376186559,-0.20597356558951324,57.71703641790758,-1.544452605286942,56.17258381262064
2206504,M1-T15760---- 06 001,Silica,50.5,58.45558916700343,-0.3188781376186559,-0.08246027567969755,58.05425075370508,-1.4504734050107158,56.60377734869436
2206504,M1-T15760---- 06 001,Silica,50.5,57.59704037859724,-0.3188781376186559,-0.1887842874563191,57.089377953522266,-3.1525623418895123,53.93681561163275
2206504,M1-T15760---- 06 001,Silica,50.5,57.551433190165184,-0.3188781376186559,-0.001630062745031191,57.2309249898015,-4.0,53.2309249898015
2208289,M1-T33025W3-- 03 005,Silica,39.806666666666665,46.15842507020139,-0.01233407206863151,-1.1253234927138558,45.0207675054189,1.0360146986298688,46.05678220404877
2208304,M1-T15760---- 06 001,Silica,54.08,60.00737493207845,-0.3188781376186559,-0.4275829650030168,59.260913829456776,-4.0,55.260913829456776
2208304,M1-T15760---- 06 001,Silica,54.08,60.00737493207845,-0.3188781376186559,-3.0985897730511587,56.589907021408635,-4.0,52.589907021408635
2208304,M1-T15760---- 06 001,Silica,54.08,60.43156650954276,-0.3188781376186559,-0.9299074704796769,59.18278090144443,-4.0,55.18278090144443
2208304,M1-T15760---- 06 001,Silica,54.08,60.12682400617249,-0.3188781376186559,-0.224918092805802,59.583027775748036,-4.0,55.583027775748036
2208304,M1-T15760---- 06 001,Silica,54.08,60.399647209043316,-0.3188781376186559,-0.49631547495546935,59.584453596469196,-4.0,55.584453596469196
2211317,M1-T15760---- 06 001,Silica,47.26,59.8486850205367,-0.3188781376186559,-1.2353545209542056,58.29445236196384,-4.0,54.29445236196384
2212746,M1-T25045---- 08 004,Silica,61.09,63.00871809584343,0.016098880440327687,0.09542444191765911,63.12024141820141,-1.1744307983408895,61.945810619860524
2212746,M1-T25045---- 08 004,Silica,61.09,62.98705812518242,0.016098880440327687,-0.03861188681706754,62.96454511880568,-1.1537344010221426,61.81081071778354
2212746,M1-T25045---- 08 004,Silica,61.09,62.98705812518242,0.016098880440327687,0.247307330168748,63.25046433579149,-1.9089735579210387,61.341490777870455
2212746,M1-T25045---- 08 004,Silica,61.09,63.00871809584343,0.016098880440327687,-0.14630922563435422,62.8785077506494,-1.945353916005149,60.93315383464425
2212746,M1-T25045---- 08 004,Silica,61.09,62.98705812518242,0.016098880440327687,0.09611745830842303,63.09927446393117,-1.9241112768453075,61.17516318708586
2212765,M1-T15760---- 06 001,Silica,55.99,58.89945877778088,-0.3188781376186559,0.20751929091259314,58.78809993107482,-4.0,54.78809993107482
2212765,M1-T15760---- 06 001,Silica,54.09,58.97260773246169,-0.3188781376186559,-0.5789017861451152,58.07482780869792,-4.0,54.07482780869792
2212765,M1-T15760---- 06 001,Silica,55.99,58.643793581750096,-0.3188781376186559,-0.16072746033765095,58.16418798379379,-4.0,54.16418798379379
2212765,M1-T15760---- 06 001,Silica,55.99,58.96502030058549,-0.3188781376186559,-0.12598562339077837,58.520156539576064,-4.0,54.520156539576064
2212765,M1-T15760---- 06 001,Silica,54.09,58.35656814146998,-0.3188781376186559,-0.12821032457589768,57.90947967927543,-4.0,53.90947967927543
2212765,M1-T15760---- 06 001,Silica,54.09,58.89945877778088,-0.3188781376186559,-0.08340053399445718,58.49718010616777,-4.0,54.49718010616777
2212765,M1-T15760---- 06 001,Silica,55.99,58.643793581750096,-0.3188781376186559,-0.5308042711743712,57.794111172957074,-3.7579534466473468,54.036157726309725
2212765,M1-T15760---- 06 001,Silica,55.99,58.586538412566306,-0.3188781376186559,-0.23115439350725514,58.0365058814404,-3.7764113164357695,54.26009456500463
2212792,M1-T33025W3-- 03 005,Silica,42.99666666666667,45.634455066476505,-0.01233407206863151,-1.1918684633133543,44.43025253109452,0.6097816128219425,45.04003414391646
2214827,M1-T15760---- 06 001,Silica,54.95,57.11720213231312,-0.3188781376186559,-0.04242691131365672,56.75589708338081,-3.9656419533553677,52.79025513002544
2214827,M1-T15760---- 06 001,Silica,54.95,57.316556697707405,-0.3188781376186559,-0.3342974031731708,56.66338115691558,-3.3171827192358787,53.346198437679696
2214827,M1-T15760---- 06 001,Silica,54.95,57.316556697707405,-0.3188781376186559,-0.10637559358617285,56.89130296650258,-2.9359796678972336,53.95532329860534
2214827,M1-T15760---- 06 001,Silica,54.95,57.060382232293684,-0.3188781376186559,-0.28468260874403306,56.456821485930995,-2.596954892542305,53.85986659338869
2216715,M1-T15760---- 06 001,Silica,49.83,55.90181867033703,-0.3188781376186559,-1.3080078904721044,54.27493264224627,-2.3318827718542856,51.94304987039199
2216715,M1-T15760---- 06 001,Silica,49.83,57.72515116522471,-0.3188781376186559,-1.0491390806072038,56.35713394699885,-2.2147088302487727,54.142425116750076
2218267,M1-T15760---- 06 001,Silica,49.99,59.00966518491617,-0.3188781376186559,-2.7243401939337395,55.96644685336378,-2.0023426269534386,53.96410422641034
2220164,M1-T15760---- 06 001,Silica,54.21,59.562822815122686,-0.3188781376186559,-1.497398102108975,57.74654657539506,-2.7351196315412887,55.01142694385377
2220164,M1-T15760---- 06 001,Silica,52.65,59.6283843379273,-0.3188781376186559,-2.3275473369408934,56.98195886336775,-3.8727239261785575,53.10923493718919
2220164,M1-T15760---- 06 001,Silica,52.65,59.295376367831324,-0.3188781376186559,-2.297863367230259,56.67863486298241,-4.0,52.67863486298241
2223196,M1-T15760---- 06 001,Silica,53.73,59.93970728894103,-0.3188781376186559,0.24296736759131898,59.863796518913695,-4.0,55.863796518913695
2223196,M1-T15760---- 06 001,Silica,53.73,60.03614215989702,-0.3188781376186559,-0.16304291582600203,59.55422110645236,-4.0,55.55422110645236
2223196,M1-T15760---- 06 001,Silica,53.73,60.178921068935566,-0.3188781376186559,-0.22969202193410923,59.630350909382805,-4.0,55.630350909382805
2223196,M1-T15760---- 06 001,Silica,53.73,60.88846015524303,-0.3188781376186559,-1.4615434993480263,59.10803851827635,-4.0,55.10803851827635
2223196,M1-T15760---- 06 001,Silica,53.73,60.896047587119234,-0.3188781376186559,-0.4352184818216842,60.141950967678895,-4.0,56.141950967678895
2225180,M1-T15760---- 06 001,Silica,51.07,58.80356780912216,-0.3188781376186559,-1.2015309576657716,57.28315871383773,-4.0,53.28315871383773
2225181,M1-T15760---- 06 001,Silica,51.48,57.38738554215005,-0.3188781376186559,-0.10130351754979801,56.9672038869816,-4.0,52.9672038869816
2225200,M1-T14885---- 17 002,Silica,71.55,65.73433443634424,0.016098880440327687,-0.35508455418308515,65.39534876260149,-3.3454672417253715,62.04988152087611
2225200,M1-T14885---- 17 002,Silica,71.55,65.73433443634424,0.016098880440327687,-0.6342189606344414,65.11621435615012,-3.481640857897232,61.63457349825289
2225200,M1-T14885---- 17 002,Silica,71.55,65.8197339461027,0.016098880440327687,-0.2557875863291952,65.58004524021383,-2.310926673635455,63.26911856657838
2225229,M1-T25045---- 08 004,Silica,61.1,60.95214666465241,0.016098880440327687,0.22173225779821695,61.18997780289095,-1.9950171945291615,59.19496060836179
2225229,M1-T25045---- 08 004,Silica,58.61,65.1780778484716,0.016098880440327687,-0.8249893512524219,64.3691873776595,-1.933064361365231,62.43612301629427
2227366,M1-T33025W3-- 03 005,Silica,42.23666666666667,48.08472787801893,-0.01233407206863151,-0.16838740276616554,47.904006403184134,-0.03430554347432929,47.8697008597098
2227366,M1-T33025W3-- 03 005,Silica,42.23666666666667,48.08472787801893,-0.01233407206863151,-0.34519415676595966,47.727199649184335,-1.5882441320577017,46.13895551712663
2227366,M1-T33025W3-- 03 005,Silica,42.23666666666667,48.063849725664774,-0.01233407206863151,0.010193687026126608,48.061709340622265,-1.5418466517687452,46.51986268885352
2228771,M1-T25045---- 08 004,Silica,62.82,62.63291300104384,0.016098880440327687,0.9806038489816054,63.62961573046577,-1.9559273921350107,61.67368833833076
2228783,M1-T15760---- 06 001,Silica,56.99,57.35860357848442,-0.3188781376186559,-0.26430056874104324,56.775424872124724,-4.0,52.775424872124724
2228783,M1-T15760---- 06 001,Silica,56.99,57.333392307404985,-0.3188781376186559,-0.2729671066223427,56.741547063163985,-4.0,52.741547063163985
2228783,M1-T15760---- 06 001,Silica,57.08,57.57717799201022,-0.3188781376186559,-0.22472937931207845,57.033570475079486,-4.0,53.033570475079486
2228783,M1-T15760---- 06 001,Silica,56.99,57.57717799201022,-0.3188781376186559,-1.4921810080036038,55.76611884638796,-3.94419470280328,51.82192414358468
2228784,M1-T15760---- 06 001,Silica,52.95,57.365000936344984,-0.3188781376186559,0.7161455882882877,57.762268387014615,-2.6864004109114905,55.075867976103126
2234134,M1-T33025W3-- 03 005,Silica,41.34,45.2173236632584,-0.01233407206863151,-0.778835068920608,44.42615452226916,-2.7794945771933603,41.6466599450758
2235613,M1-T15760---- 06 001,Silica,56.77,56.53483129258169,-0.3188781376186559,-0.47153566945089803,55.74441748551214,-1.8665514301618897,53.877866055350246
2235615,M1-T15760---- 06 001,Silica,49.12,57.515037438445724,-0.3188781376186559,-1.6877822889508223,55.50837701187625,-0.9394216550297105,54.56895535684654
2237504,M1-T15760---- 06 001,Silica,55.3,56.72705062733563,-0.3188781376186559,-0.5276302180904497,55.880542271626524,-2.101275674625181,53.779266597001346
2237504,M1-T15760---- 06 001,Silica,55.3,56.79261215014024,-0.3188781376186559,0.13718604498659176,56.61092005750818,-1.163218217891267,55.44770183961691
2237504,M1-T15760---- 06 001,Silica,55.3,56.44717332657062,-0.3188781376186559,-0.20544436829180435,55.92285082066016,-2.7307658560867623,53.1920849645734
2237504,M1-T15760---- 06 001,Silica,55.3,56.72705062733563,-0.3188781376186559,-0.5222126888542207,55.88595980086276,-2.0856987807486917,53.800261020114064
2237504,M1-T15760---- 06 001,Silica,55.3,56.439585894694424,-0.3188781376186559,-0.0888007055794019,56.03190705149637,-1.8532651637765394,54.17864188771983
2239581,M1-S08156B1-- 01 004,CarbonBlack,27.35333333333333,26.642501161407765,-0.14109022309020072,0.35168660244557387,26.853097540763137,0.0,26.853097540763137
2239717,M1-T15760---- 06 001,Silica,54.15,56.1386546822773,-0.3188781376186559,-0.9999545530422808,54.819821991616365,-1.484140860841626,53.33568113077474
2239717,M1-T15760---- 06 001,Silica,54.15,56.51728235881913,-0.3188781376186559,0.0029292699631187427,56.201333491163595,-1.2146865428479663,54.98664694831563
2239717,M1-T15760---- 06 001,Silica,54.15,55.920571986396425,-0.3188781376186559,0.0137829428718515,55.61547679164962,-1.0698526954424876,54.545624096207135
2239717,M1-T15760---- 06 001,Silica,54.15,56.51728235881913,-0.3188781376186559,-0.09088672769424541,56.10751749350623,-0.9498434842946513,55.157674009211576
2239717,M1-T15760---- 06 001,Silica,54.15,55.920571986396425,-0.3188781376186559,0.16292965073933793,55.76462349951711,-1.2802904863553348,54.48433301316177
2239921,M1-T33025W3-- 03 005,Silica,41.64,43.759181971878014,-0.01233407206863151,-0.32778598304992457,43.41906191675946,-3.592806098790651,39.82625581796881
2239921,M1-T33025W3-- 03 005,Silica,41.64,43.710127519574044,-0.01233407206863151,-0.455143947030897,43.24264950047451,-4.0,39.24264950047451
2239921,M1-T33025W3-- 03 005,Silica,41.64,43.759181971878014,-0.01233407206863151,-0.4435929118898121,43.30325498791957,-3.9095803066188393,39.39367468130073
2239921,M1-T33025W3-- 03 005,Silica,49.6,43.710127519574044,-0.01233407206863151,-0.4017908807432219,43.29600256676219,-3.2704247896610257,40.02557777710116
2239921,M1-T33025W3-- 03 005,Silica,49.39333333333334,43.759181971878014,-0.01233407206863151,-0.9924101414701909,42.75443775833919,-2.7700922029050714,39.984345555434125
2240408,M1-T15760---- 06 001,Silica,49.655,60.343405748008614,-0.3188781376186559,-0.15915924383114682,59.86536836655881,-1.3358463779436207,58.529521988615194
2240408,M1-T15760---- 06 001,Silica,49.655,58.97045407584712,-0.3188781376186559,-0.9072070003031477,57.74436893792532,-1.5223477126124036,56.22202122531292
2240408,M1-T15760---- 06 001,Silica,55.4,58.70143132273608,-0.3188781376186559,-0.21941407030612856,58.163139114811294,-1.550030448683815,56.61310866612748
2240408,M1-T15760---- 06 001,Silica,55.4,58.67607983605406,-0.3188781376186559,-0.39871490875466004,57.95848678968074,-4.0,53.95848678968074
2240408,M1-T15760---- 06 001,Silica,49.655,58.70143132273608,-0.3188781376186559,-0.5563180713414918,57.82623511377593,-4.0,53.82623511377593
2240408,M1-T15760---- 06 001,Silica,49.655,58.70143132273608,-0.3188781376186559,-0.8956289938837461,57.486924191233676,-4.0,53.486924191233676
2240408,M1-T15760---- 06 001,Silica,55.4,58.70143132273608,-0.3188781376186559,-0.27407127055857894,58.108481914558844,-3.959751700537502,54.14873021402134
2241387,M1-T33025W3-- 03 005,Silica,45.07333333333333,45.01551903885667,-0.01233407206863151,-0.7352723237156935,44.26791264307234,-2.4380410384094215,41.82987160466292
2241387,M1-T33025W3-- 03 005,Silica,45.07333333333333,45.0158506102676,-0.01233407206863151,-0.013194226987090905,44.99032231121188,0.1845705030847482,45.174892814296626
2241728,M1-C10430---- 05 005,CarbonBlack,21.91,29.5683459418111,-0.5517508355659966,-0.8638852329325389,28.152709873312563,-1.658541157714791,26.494168715597773
2241728,M1-C10430---- 05 005,CarbonBlack,21.91,29.5683459418111,-0.5517508355659966,-0.5657497781717896,28.450845328073314,-2.000818667095359,26.450026660977954
2241728,M1-C10430---- 05 005,CarbonBlack,21.91,29.5683459418111,-0.5517508355659966,0.212766166473631,29.229361272718734,-2.005371221698553,27.22399005102018
2243071,M1-T15760---- 06 001,Silica,62.18,59.61821465125647,-0.3188781376186559,-0.8790251644701674,58.420311349167655,-4.0,54.420311349167655
2243071,M1-T15760---- 06 001,Silica,62.18,59.64253090188205,-0.3188781376186559,-1.414710251680621,57.90894251258277,-4.0,53.90894251258277
2243071,M1-T15760---- 06 001,Silica,62.18,59.64253090188205,-0.3188781376186559,-0.39630341989965684,58.92734934436373,-4.0,54.92734934436373
2243071,M1-T15760---- 06 001,Silica,62.18,60.774948760361355,-0.3188781376186559,-0.27179293037496305,60.184277692367736,-2.383723939425601,57.800553752942136
2243071,M1-T15760---- 06 001,Silica,62.18,60.774948760361355,-0.3188781376186559,-0.9455054418388219,59.51056518090388,-0.38728951137275147,59.12327566953113
2243166,M1-T14885---- 17 002,Silica,75.63,66.51409627747114,0.016098880440327687,0.9038448886154818,67.43404004652695,0.22874669967473493,67.66278674620168
2243166,M1-T14885---- 17 002,Silica,75.63,66.51409627747114,0.016098880440327687,0.6814474387477732,67.21164259665923,2.090258382927276,69.3019009795865
2243166,M1-T14885---- 17 002,Silica,75.63,66.51409627747114,0.016098880440327687,0.0011657933154153866,66.53136095122687,3.254167295984942,69.78552824721181
2244620,M1-T15760---- 06 001,Silica,61.1,59.517384832112434,-0.3188781376186559,0.01220267905057662,59.210709373544354,0.7046925387299537,59.915401912274305
2244620,M1-T15760---- 06 001,Silica,61.1,58.962712944540954,-0.3188781376186559,-0.12624824165261014,58.51758656526969,1.0920014694006466,59.60958803467034
2244620,M1-T15760---- 06 001,Silica,61.1,59.24993838482107,-0.3188781376186559,-0.31251554445610097,58.61854470274632,1.5652314743092879,60.183776177055606
2244620,M1-T15760---- 06 001,Silica,61.1,59.24993838482107,-0.3188781376186559,0.06062361707388684,58.991683864276304,1.6624492199531955,60.6541330842295
2244620,M1-T15760---- 06 001,Silica,61.1,59.517384832112434,-0.3188781376186559,-0.06488333596929627,59.13362335852448,1.9384384843863307,61.07206184291081
2244627,M1-T15760---- 06 001,Silica,56.08,58.22413179920938,-0.3188781376186559,-0.03146433696460339,57.873789324626124,2.101343528246536,59.97513285287266
2244627,M1-T15760---- 06 001,Silica,55.06,58.22413179920938,-0.3188781376186559,-0.3762333119095586,57.52902034968117,2.1034353104896844,59.632455660170855
2244627,M1-T15760---- 06 001,Silica,56.42,58.01422094605486,-0.3188781376186559,-0.2012565688487087,57.4940862395875,2.062317709785435,59.556403949372935
2244627,M1-T15760---- 06 001,Silica,56.42,58.19252317026938,-0.3188781376186559,-0.23108839061316844,57.64255664203756,0.9054855994619669,58.54804224149953
2244627,M1-T15760---- 06 001,Silica,56.42,58.19252317026938,-0.3188781376186559,-0.3098335304312737,57.56381150221945,-0.10686618528097303,57.45694531693848
2244627,M1-T15760---- 06 001,Silica,56.42,58.031404628484864,-0.3188781376186559,-0.06750190158715805,57.64502458927905,-0.39703220157293145,57.24799238770612
2244627,M1-T15760---- 06 001,Silica,56.08,57.98990469542929,-0.3188781376186559,-0.17544644588414704,57.495580111926486,-0.64468953371232,56.85089057821417
2244627,M1-T15760---- 06 001,Silica,56.08,58.68298741456609,-0.3188781376186559,-0.28517082787812587,58.07893844906931,-0.7944261242644588,57.28451232480485
2244627,M1-T15760---- 06 001,Silica,56.08,58.85588720761119,-0.3188781376186559,-0.04768834514281914,58.48932072484972,-0.9236056637688366,57.56571506108088
2244627,M1-T15760---- 06 001,Silica,56.08,58.675399982689896,-0.3188781376186559,-1.0333867837032673,57.32313506136798,-1.071197998216132,56.25193706315184
2244676,M1-B00163R4-- 01 004,CarbonBlack,29.11,32.016442698807104,-0.9950551025392775,-0.3532310655538969,30.66815653071393,0.0,30.66815653071393
2244676,M1-B00163R4-- 01 004,CarbonBlack,29.11,32.016442698807104,-0.9950551025392775,-0.816168738934056,30.20521885733377,0.0,30.20521885733377
2244676,M1-B00163R4-- 01 004,CarbonBlack,29.11,32.016442698807104,-0.9950551025392775,-0.05227559038733066,30.969112005880493,0.0,30.969112005880493
2244784,M1-T15760---- 06 001,Silica,56.9,57.978230450169626,-0.3188781376186559,-0.040484573434074245,57.6188677391169,-1.3495201334720865,56.26934760564482
2244784,M1-T15760---- 06 001,Silica,56.9,57.980239268847235,-0.3188781376186559,-0.18278139011657973,57.478579741112,-1.6674603108853767,55.811119430226626
2244784,M1-T15760---- 06 001,Silica,56.9,58.18055387144795,-0.3188781376186559,0.09963321594352839,57.96130894977282,-1.5401627360301573,56.42114621374267
2244784,M1-T15760---- 06 001,Silica,56.9,58.188141303324144,-0.3188781376186559,0.11607112511542986,57.98533429082092,-1.2937742369561809,56.69156005386474
2244784,M1-T15760---- 06 001,Silica,56.9,58.18055387144795,-0.3188781376186559,-0.1019065058667143,57.75976922796258,-1.079215888202927,56.680553339759655
2246491,M1-T15760---- 06 001,Silica,49.09,58.365526312271726,-0.3188781376186559,-1.0980591483289965,56.94858902632407,-1.0738438066738956,55.87474521965018
2246491,M1-T15760---- 06 001,Silica,49.09,57.92613846185757,-0.3188781376186559,-0.04363305952695787,57.563627264711954,-1.077290951918004,56.48633631279395
2246491,M1-T15760---- 06 001,Silica,49.09,57.71636211959752,-0.3188781376186559,-0.35022781466634184,57.047256167312526,-1.012034434731377,56.03522173258115
2246491,M1-T15760---- 06 001,Silica,49.09,57.92613846185757,-0.3188781376186559,-0.20901728548577875,57.39824303875314,-3.066000812209184,54.332242226543954
2246494,M1-T15760---- 06 001,Silica,56.52,53.86246145938946,-0.3188781376186559,-0.5007821032862647,53.04280121848454,-4.0,49.04280121848454
2248089,M1-T33025W3-- 03 005,Silica,45.18666666666667,46.22820894691155,-0.01233407206863151,-0.6062873472183696,45.60958752762455,2.120868024657567,47.730455552282116
2259899,M1-T25045---- 08 004,Silica,60.22,62.345814672820396,0.016098880440327687,0.12570403795975713,62.48761759122048,-1.3961425153617923,61.09147507585868
2259899,M1-T25045---- 08 004,Silica,60.22,62.345814672820396,0.016098880440327687,0.2124594932212069,62.574373046481924,-2.7050559740511044,59.86931707243082
2259899,M1-T25045---- 08 004,Silica,60.22,62.345814672820396,0.016098880440327687,0.40369239633179516,62.76560594959251,-2.1364239009755046,60.62918204861701
2259899,M1-T25045---- 08 004,Silica,60.22,62.345814672820396,0.016098880440327687,-0.9888798231636062,61.37303373009711,-2.1757820080489965,59.197251722048115
2259899,M1-T25045---- 08 004,Silica,60.22,62.35423570915553,0.016098880440327687,0.13248271972260817,62.502817309318466,-2.229359319578875,60.27345798973959
2263738,M1-T18191---- 01 003,Silica,95.83666666666666,92.77744410123704,0.016098880440327687,-1.885538844184409,90.90800413749295,0.0,90.90800413749295
2263738,M1-T18191---- 01 003,Silica,95.83666666666666,92.77744410123704,0.016098880440327687,-0.8814320076916379,91.91211097398572,0.0,91.91211097398572
2263738,M1-T18191---- 01 003,Silica,95.83666666666666,92.77744410123704,0.016098880440327687,-2.1784716595784395,90.61507132209893,0.0,90.61507132209893
2263738,M1-T18191---- 01 003,Silica,95.83666666666666,92.77744410123704,0.016098880440327687,-1.1813075363579308,91.61223544531943,1.4785987587521119,93.09083420407154
2263738,M1-T18191---- 01 003,Silica,95.83666666666666,92.77744410123704,0.016098880440327687,-1.150875901547999,91.64266708012936,2.2123858389307602,93.85505291906011
2273329,M1-B15563R1-- 03 002,Silica,38.89,40.06782217751904,0.016098880440327687,0.7179347302956326,40.801855788255,0.0,40.801855788255
2273329,M1-B15563R1-- 03 002,Silica,38.89,40.06782217751904,0.016098880440327687,0.08160854140396682,40.16552959936333,0.0,40.16552959936333
2273329,M1-B15563R1-- 03 002,Silica,38.89,40.06782217751904,0.016098880440327687,0.4126471039140869,40.496568161873455,0.0,40.496568161873455
2278098,M1-T33025W3-- 03 005,Silica,41.60666666666666,44.6557735492225,-0.01233407206863151,-0.9373168134744436,43.70612266367942,1.726233824338593,45.432356488018016
2278098,M1-T33025W3-- 03 005,Silica,41.60666666666666,44.6780413000997,-0.01233407206863151,-0.10515584996790575,44.56055137806316,1.2332669836734511,45.79381836173661
2287018,M1-S08156B1-- 01 004,CarbonBlack,26.50333333333333,26.662207089772917,-0.14109022309020072,0.3846707279533472,26.90578759463606,0.0,26.90578759463606
2287018,M1-S08156B1-- 01 004,CarbonBlack,26.50333333333333,26.622831077990035,-0.14109022309020072,0.28236828529640473,26.764109140196236,0.0,26.764109140196236
2287018,M1-S08156B1-- 01 004,CarbonBlack,26.50333333333333,26.622831077990035,-0.14109022309020072,0.18718302049973212,26.668923875399564,0.1500707377710583,26.818994613170624
2287018,M1-S08156B1-- 01 004,CarbonBlack,26.50333333333333,26.627981061095866,-0.14109022309020072,0.17438573040376962,26.661276568409434,-0.015686761951077988,26.645589806458357
2290372,M1-T25045---- 08 004,Silica,63.11,62.170589936754766,0.016098880440327687,0.1362062857062225,62.32289510290131,-2.3242333085829663,59.998661794318345
2291799,M1-S08156B1-- 01 004,CarbonBlack,26.81,26.61649971374465,-0.14109022309020072,0.0643764622552722,26.539785952909718,-0.08921347542462639,26.450572477485093
2291799,M1-S08156B1-- 01 004,CarbonBlack,26.81,26.582273685067598,-0.14109022309020072,0.0865115915220736,26.527695053499468,-0.11212659541710854,26.415568458082358
2291799,M1-S08156B1-- 01 004,CarbonBlack,26.81,26.61649971374465,-0.14109022309020072,0.04776490150040254,26.52317439215485,-0.12587158731480713,26.39730280484004
2291876,M1-T33025W3-- 03 005,Silica,44.51666666666667,44.7878289299781,-0.01233407206863151,0.14010742629977294,44.915602284209236,0.7364106302840516,45.652012914493284
2291876,M1-T33025W3-- 03 005,Silica,44.51666666666667,44.76695077762394,-0.01233407206863151,-0.9913182378289396,43.763298467726365,-0.11434935790499212,43.64894910982137
2291891,M1-T11923---- 09 002,Silica,44.8,57.934484273728835,0.016098880440327687,-0.5349734878701737,57.415609666298984,-4.0,53.415609666298984
2298569,M1-S08156B1-- 01 004,CarbonBlack,25.73,26.720575798322784,-0.14109022309020072,0.5775983493288841,27.157083924561466,-0.007045896993280634,27.150038027568186
2298569,M1-S08156B1-- 01 004,CarbonBlack,25.73,26.73009428716897,-0.14109022309020072,0.38594326438715226,26.97494732846592,0.07975935605486291,27.05470668452078
2298569,M1-S08156B1-- 01 004,CarbonBlack,25.73,26.715425815216953,-0.14109022309020072,0.07377031632890252,26.648105908455655,0.14187923159194865,26.789985140047605
2300402,M1-S08156B1-- 01 004,CarbonBlack,26.365,26.589565278904534,-0.14109022309020072,0.13403666546157855,26.58251172127591,-0.32880971525407554,26.253702006021836
2300402,M1-S08156B1-- 01 004,CarbonBlack,26.365,26.589565278904534,-0.14109022309020072,0.12291790927774832,26.57139296509208,-0.6036509992176285,25.967741965874453
2300402,M1-S08156B1-- 01 004,CarbonBlack,26.365,26.589565278904534,-0.14109022309020072,0.07183841855395512,26.520313474368287,-0.6979874719890362,25.82232600237925
2300402,M1-S08156B1-- 01 004,CarbonBlack,26.365,26.589565278904534,-0.14109022309020072,0.4630820248527206,26.911557080667052,-0.5538447467750989,26.357712333891953
2304635,M1-S08156B1-- 01 004,CarbonBlack,26.27333333333333,26.586986276904437,-0.14109022309020072,0.050250375229784754,26.496146429044018,-0.44960921227019374,26.046537216773824
2304635,M1-S08156B1-- 01 004,CarbonBlack,26.27333333333333,26.586986276904437,-0.14109022309020072,0.276393586056025,26.722289639870258,-0.3613204908996221,26.360969148970636
2304635,M1-S08156B1-- 01 004,CarbonBlack,26.27333333333333,26.586986276904437,-0.14109022309020072,0.1375895804883214,26.583485634302555,-0.4168914678298514,26.166594166472702
2304635,M1-S08156B1-- 01 004,CarbonBlack,26.27333333333333,26.601654748856454,-0.14109022309020072,0.3039287125801885,26.76449323834644,-0.3586679561941023,26.405825282152335
2306474,M1-S08156B1-- 01 004,CarbonBlack,26.87,26.747762198834252,-0.14109022309020072,0.15860659248559597,26.765278568229647,-0.38575446129695,26.379524106932696
2306474,M1-S08156B1-- 01 004,CarbonBlack,26.87,26.747762198834252,-0.14109022309020072,0.34426228128245784,26.950934257026507,-0.3630738131986325,26.587860443827875
2306474,M1-S08156B1-- 01 004,CarbonBlack,26.87,26.76243067078627,-0.14109022309020072,0.06320380725272852,26.684544254948797,-0.4014996407429756,26.28304461420582
2309645,M1-T33025W3-- 03 005,Silica,42.59666666666666,45.62978597397838,-0.01233407206863151,0.2303209658179975,45.84777286772774,-0.9662099639524437,44.8815629037753
2309645,M1-T33025W3-- 03 005,Silica,38.54,46.47078149782578,-0.01233407206863151,-0.04777438677304627,46.4106730389841,-0.7960276600294793,45.61464537895462
2310797,M1-T25045---- 08 004,Silica,60.88,61.5686509228387,0.016098880440327687,-0.44370548317482883,61.14104432010419,-1.9728734350372106,59.168170885066985
2313107,M1-T33025W3-- 03 005,Silica,44.79333333333333,48.29816129419588,-0.01233407206863151,-0.3384649854723437,47.947362236654904,-0.33120890233854317,47.61615333431636
2313107,M1-T33025W3-- 03 005,Silica,44.79333333333333,47.84470222205177,-0.01233407206863151,-0.5563825355508618,47.27598561443228,-1.2071780919553055,46.06880752247697
2315865,M1-T33025W3-- 03 005,Silica,40.76,46.05237347097488,-0.01233407206863151,-0.867825396719887,45.17221400218636,-3.206226576063944,41.96598742612241
2315865,M1-T33025W3-- 03 005,Silica,45.26666666666667,46.06194469495972,-0.01233407206863151,0.006909955096607828,46.0565205779877,-3.190567274241233,42.865953303746466
2320641,M1-T14885---- 17 002,Silica,65.49,66.10787859710076,0.016098880440327687,-0.6368750019255243,65.48710247561557,4.0,69.48710247561557
2322099,M1-T00011B2-- 23 003,CarbonBlack,40.72,41.06031879902241,-0.2538286638465621,-0.5999399460032828,40.20655018917257,0.0,40.20655018917257
2323549,M1-T01139-A-- 02 001,Silica,55.735,58.70517466719532,0.016098880440327687,0.023610688152141443,58.74488423578779,0.0,58.74488423578779
2323549,M1-T01139-A-- 02 001,Silica,55.735,58.70517466719532,0.016098880440327687,0.2310290444000449,58.95230259203569,0.0,58.95230259203569
2323549,M1-T01139-A-- 02 001,Silica,55.735,58.70517466719532,0.016098880440327687,-0.2208630927129737,58.50041045492267,0.0,58.50041045492267
2336094,M1-T14885---- 17 002,Silica,76.15,67.78667423280999,0.016098880440327687,0.1382838545717008,67.941056967822,4.0,71.941056967822
2336094,M1-T14885---- 17 002,Silica,76.15,67.8605717510155,0.016098880440327687,0.3628596174075337,68.23953024886336,4.0,72.23953024886336
2336094,M1-T14885---- 17 002,Silica,76.15,67.78667423280999,0.016098880440327687,0.6622639852710995,68.4650370985214,4.0,72.4650370985214
2336094,M1-T14885---- 17 002,Silica,76.15,67.78667423280999,0.016098880440327687,-0.06540694577943029,67.73736616747088,4.0,71.73736616747088
2336094,M1-T14885---- 17 002,Silica,76.15,67.78667423280999,0.016098880440327687,-0.24217466265286913,67.56059845059744,4.0,71.56059845059744
2341958,M1-T33025W3-- 03 005,Silica,45.0325,45.987912789368224,-0.01233407206863151,-0.03294228873858708,45.942636428561,-2.978192776298548,42.96444365226245
2348105,M1-T18191---- 01 003,Silica,97.9,93.01084356714529,0.016098880440327687,-0.6130730576309917,92.41386938995461,3.1151486906218513,95.52901808057646
2348131,M1-T14885---- 17 002,Silica,65.25,65.51908795190826,0.016098880440327687,-0.22836108977897265,65.30682574256961,4.0,69.30682574256961
2348131,M1-T14885---- 17 002,Silica,65.25,65.51908795190826,0.016098880440327687,-0.7061947927963921,64.82899203955219,4.0,68.82899203955219
2348131,M1-T14885---- 17 002,Silica,65.25,65.51908795190826,0.016098880440327687,-0.6388022841829079,64.89638454816568,4.0,68.89638454816568
2348131,M1-T14885---- 17 002,Silica,62.54,65.51908795190826,0.016098880440327687,-0.7185301220806022,64.81665671026798,4.0,68.81665671026798
2348131,M1-T14885---- 17 002,Silica,62.54,65.51908795190826,0.016098880440327687,-0.647268258489165,64.88791857385942,3.877945524553262,68.76586409841269
2348131,M1-T14885---- 17 002,Silica,62.54,65.51908795190826,0.016098880440327687,-0.7702364745691274,64.76495035777945,2.820646502737578,67.58559686051703
2348131,M1-T14885---- 17 002,Silica,62.54,65.51908795190826,0.016098880440327687,-0.730443314309728,64.80474351803886,1.291455538835911,66.09619905687477
2348131,M1-T14885---- 17 002,Silica,65.25,65.51908795190826,0.016098880440327687,-0.6455154267283343,64.88967140562025,0.19964330502731042,65.08931471064756
2348131,M1-T14885---- 17 002,Silica,62.54,65.51908795190826,0.016098880440327687,-0.7544331073329144,64.78075372501567,-0.5277347938147194,64.25301893120096
2348131,M1-T14885---- 17 002,Silica,65.25,65.51908795190826,0.016098880440327687,-0.6045666593826817,64.9306201729659,-1.0488374110819625,63.88178276188394
2361947,M1-S08156---- 20 002,CarbonBlack,26.73333333333333,27.09480487042526,-0.23653063681139205,0.28955056097194143,27.147824794585812,0.0,27.147824794585812
2361947,M1-S08156---- 20 002,CarbonBlack,26.73333333333333,27.15218764601499,-0.23653063681139205,0.4268939540075296,27.342550963211128,0.0,27.342550963211128
2361947,M1-S08156---- 20 002,CarbonBlack,26.73333333333333,27.09480487042526,-0.23653063681139205,0.27639700608986867,27.13467123970374,0.0,27.13467123970374
2363438,M1-S08156---- 20 002,CarbonBlack,26.626666666666665,26.96976928970053,-0.23653063681139205,0.1987614299352693,26.93200008282441,-0.12434743837574444,26.807652644448666
2363438,M1-S08156---- 20 002,CarbonBlack,26.626666666666665,26.9123865141108,-0.23653063681139205,0.5327979209899507,27.208653798289358,-0.26980849582636024,26.938845302462997
2363438,M1-S08156---- 20 002,CarbonBlack,26.626666666666665,26.96976928970053,-0.23653063681139205,0.35454264466005553,27.087781297549196,-0.30926731898957455,26.77851397855962
2372755,M1-T14885---- 17 002,Silica,67.46,65.66034846005131,0.016098880440327687,-0.2079201178385049,65.46852722265312,-0.6260876094434482,64.84243961320968
2372755,M1-T14885---- 17 002,Silica,67.46,65.66034846005131,0.016098880440327687,-0.12338796633588339,65.55305937415575,-1.1104874441151154,64.44257193004063
2372755,M1-T14885---- 17 002,Silica,67.46,65.66034846005131,0.016098880440327687,-0.36135514692295284,65.31509219356869,-0.6815272627703514,64.63356493079834
2372755,M1-T14885---- 17 002,Silica,67.46,65.66034846005131,0.016098880440327687,-0.8093370820246722,64.86711025846697,0.12037274926481539,64.98748300773178
2372755,M1-T14885---- 17 002,Silica,67.46,65.66034846005131,0.016098880440327687,-0.9852075684805572,64.69123977201107,0.6563431122386436,65.34758288424972
2377578,M1-T18191---- 01 003,Silica,102.46,92.21110753916369,0.016098880440327687,-0.9413355225856688,91.28587089701834,3.447933449839465,94.73380434685781
2379091,M1-T09170---- 23 004,CarbonBlack,53.973333333333336,54.03350967112769,0.23041022907939884,0.7516114742054842,55.01553137441257,0.0,55.01553137441257
2379091,M1-T09170---- 23 004,CarbonBlack,53.973333333333336,54.03350967112769,0.23041022907939884,-0.025755157612493907,54.23816474259459,0.0,54.23816474259459
2379091,M1-T09170---- 23 004,CarbonBlack,53.973333333333336,54.03350967112769,0.23041022907939884,-0.18677362228540312,54.077146277921685,0.0,54.077146277921685
2379105,M1-C10430---- 05 005,CarbonBlack,30.2,29.6689902204037,-0.5517508355659966,0.5683883997113818,29.685627784549084,-3.276572817182756,26.409054967366327
2382448,M1-T16734---- 06 002,Silica,62.56,61.22695118913647,0.016098880440327687,0.6811442205674936,61.92419429014429,0.0,61.92419429014429
2382448,M1-T16734---- 06 002,Silica,62.56,61.22695118913647,0.016098880440327687,0.7377877334911097,61.98083780306791,0.0,61.98083780306791
2382448,M1-T16734---- 06 002,Silica,62.56,61.22695118913647,0.016098880440327687,1.4152135538734014,62.658263623450196,0.0,62.658263623450196
2382448,M1-T16734---- 06 002,Silica,62.56,61.22695118913647,0.016098880440327687,0.563805018836675,61.80685508841347,0.1907417129567129,61.997596801370186
2382448,M1-T16734---- 06 002,Silica,62.56,61.063959254494385,0.016098880440327687,1.1868401609886758,62.26689829592338,0.3072678581493277,62.574166154072714
2382448,M1-T16734---- 06 002,Silica,62.56,61.22695118913647,0.016098880440327687,0.903648702204447,62.146698771781246,0.18560841366947123,62.332307185450716
2382448,M1-T16734---- 06 002,Silica,62.56,61.22695118913647,0.016098880440327687,1.0385336412802841,62.28158371085708,0.35586936304458927,62.63745307390167
2382448,M1-T16734---- 06 002,Silica,62.56,61.22695118913647,0.016098880440327687,-0.06832547699694805,61.17472459257985,0.33703906535419825,61.51176365793405
2382448,M1-T16734---- 06 002,Silica,62.56,61.22695118913647,0.016098880440327687,0.9078059494634194,62.15085601904021,0.35991771421356566,62.51077373325378
2382448,M1-T16734---- 06 002,Silica,62.56,61.22695118913647,0.016098880440327687,0.3997844354678356,61.64283450504463,0.33546728669237336,61.978301791737
2382448,M1-T16734---- 06 002,Silica,62.56,61.063959254494385,0.016098880440327687,1.6037217786766274,62.68377991361134,0.6504097229107071,63.33418963652205
2382448,M1-T16734---- 06 002,Silica,62.56,61.063959254494385,0.016098880440327687,1.0869156162395177,62.166973751174226,0.578030000325432,62.74500375149966
2382448,M1-T16734---- 06 002,Silica,62.56,61.22695118913647,0.016098880440327687,0.8474817219785997,62.09053179155539,0.6797706487144133,62.7703024402698
2382448,M1-T16734---- 06 002,Silica,62.56,61.063959254494385,0.016098880440327687,1.2267522976671146,62.30681043260182,0.43870548001668824,62.74551591261851
2382448,M1-T16734---- 06 002,Silica,62.56,61.063959254494385,0.016098880440327687,0.8186213592375243,61.898679494172235,0.4250017106594148,62.32368120483165
2392855,M1-T16734---- 06 002,Silica,69.35,65.17902659565847,0.016098880440327687,-0.2882950077996481,64.90683046829915,0.4383416599949733,65.34517212829412
2392855,M1-T16734---- 06 002,Silica,69.35,65.21985989020826,0.016098880440327687,0.31485051616305726,65.55080928681164,0.38279603221593556,65.93360531902758
2392855,M1-T16734---- 06 002,Silica,69.35,65.17902659565847,0.016098880440327687,-0.02331052485063105,65.17181495124817,0.46635337429948504,65.63816832554765
2392855,M1-T16734---- 06 002,Silica,69.35,64.90768648495032,0.016098880440327687,-0.1875982263088882,64.73618713908175,1.6593982215198932,66.39558536060164
2397376,M1-T16734---- 06 002,Silica,62.07,65.57806627494467,0.016098880440327687,0.7552994457212705,66.34946460110626,2.301335969020431,68.65080057012669
2397476,M1-M08161Y--- 02 011,CarbonBlack,35.61,44.09401293583937,-0.23653063681139205,-1.8496058853680069,42.00787641365997,0.0,42.00787641365997
2397476,M1-M08161Y--- 02 011,CarbonBlack,35.61,44.09401293583937,-0.23653063681139205,-2.162087753160661,41.695394545867316,0.0,41.695394545867316
2397476,M1-M08161Y--- 02 011,CarbonBlack,35.61,44.09401293583937,-0.23653063681139205,-1.7109687518361159,42.146513547191866,0.0,42.146513547191866
2400178,M1-T33025W3-- 03 005,Silica,41.78,48.08805837388201,-0.01233407206863151,-2.243178562114406,45.83254573969897,-3.4083991440648918,42.42414659563408
2409698,M1-T14885---- 17 002,Silica,68.14,67.09636470935463,0.016098880440327687,-1.4554135955401324,65.65704999425482,1.102912520496442,66.75996251475127
2409698,M1-T14885---- 17 002,Silica,68.14,67.48611154951418,0.016098880440327687,-1.3589596998011675,66.14325073015334,1.549905686807418,67.69315641696076
2411205,M1-T11923---- 09 002,Silica,47.31,57.95177319648729,0.016098880440327687,-1.073069608581378,56.894802468346235,-4.0,52.894802468346235
2411205,M1-T11923---- 09 002,Silica,47.31,57.80382420083858,0.016098880440327687,-0.5338903729874036,57.2860327082915,-4.0,53.2860327082915
2411294,M1-A06441R1-- 04 001,CarbonBlack,54.05,57.73557540803609,0.15772172076335242,0.046310481485259014,57.9396076102847,0.0,57.9396076102847
2412936,M1-T14885---- 17 002,Silica,69.09,66.74133937934472,0.016098880440327687,-1.2863548843744095,65.47108337541064,1.9155620491618688,67.3866454245725
2412936,M1-T14885---- 17 002,Silica,69.09,66.74133937934472,0.016098880440327687,-1.449571395366794,65.30786686441826,2.0857784361368625,67.39364530055512
7410630,M1-T33025W3-- 03 005,Silica,48.38,45.331504405151506,-0.01233407206863151,-0.5610748022256957,44.758095530857176,-2.6228355742417313,42.13525995661544
7410630,M1-T33025W3-- 03 005,Silica,48.38,45.331504405151506,-0.01233407206863151,-0.5079226167430126,44.811247716339864,-2.109025830537513,42.70222188580235
7410630,M1-T33025W3-- 03 005,Silica,48.38,45.39903456004756,-0.01233407206863151,0.2303760104111248,45.617076498390055,-2.69208180328595,42.924994695104104
7410630,M1-T33025W3-- 03 005,Silica,48.38,45.00993865385067,-0.01233407206863151,-0.4805201213194718,44.51708446046256,-0.7978859215573171,43.719198538905246
7422141,M1-T33025W3-- 03 005,Silica,44.0,46.28978131116348,-0.01233407206863151,-0.927963173780411,45.349484065314435,0.5121055400079196,45.86158960532236
7422141,M1-T33025W3-- 03 005,Silica,44.0,46.807950355525065,-0.01233407206863151,-0.935892995224134,45.859723288232296,1.1873509284885277,47.04707421672082
7422141,M1-T33025W3-- 03 005,Silica,44.0,46.26890315880932,-0.01233407206863151,-0.6185928676548712,45.63797621908582,1.9900203118032012,47.62799653088902
7422141,M1-T33025W3-- 03 005,Silica,44.0,46.26890315880932,-0.01233407206863151,-0.7054994759523706,45.55106961078832,0.9881689986679102,46.53923860945623
7433850,M1-T11923---- 09 002,Silica,47.35,59.27090518544967,0.016098880440327687,0.0065176330383034595,59.2935216989283,-4.0,55.2935216989283
7433850,M1-T11923---- 09 002,Silica,47.35,59.27090518544967,0.016098880440327687,-0.842667427424031,58.44433663846596,-4.0,54.44433663846596
7450075,M1-T00011B2-- 22 004,CarbonBlack,43.47,40.4893013732051,-0.23653063681139205,0.812105072229078,41.06487580862279,0.0,41.06487580862279
7450075,M1-T00011B2-- 22 004,CarbonBlack,43.47,40.40178832342006,-0.23653063681139205,0.8618412442179922,41.027098930826654,0.0,41.027098930826654
7450075,M1-T00011B2-- 22 004,CarbonBlack,40.62,40.40178832342006,-0.23653063681139205,0.4336727681108507,40.598930454719515,0.0,40.598930454719515
7450075,M1-T00011B2-- 22 004,CarbonBlack,43.47,40.4893013732051,-0.23653063681139205,0.820059059181041,41.07282979557475,0.7215372574131634,41.79436705298791
7481946,M1-T14885---- 17 002,Silica,75.82,64.76241419041774,0.016098880440327687,-0.2846096057441122,64.49390346511396,2.059069686249802,66.55297315136376
7511035,M1-T19327---- 01 003,Silica,34.15,31.830289831302032,-0.3365671686349996,-0.2800509231147337,31.2136717395523,0.0,31.2136717395523
7511035,M1-T19327---- 01 003,Silica,34.15,31.830289831302032,-0.3365671686349996,-0.28863650505869914,31.205086157608335,0.0,31.205086157608335
7521257,M1-B00460B--- 04 009,Silica,58.64,52.304139676575645,0.4848854907709902,1.0480431029100243,53.83706827025666,0.0,53.83706827025666
7521257,M1-B00460B--- 04 009,Silica,58.64,52.304139676575645,0.4848854907709902,0.018991048771150876,52.808016216117785,0.0,52.808016216117785
7528260,M1-B00460B--- 04 009,Silica,50.79,52.828467333206746,0.4848854907709902,0.8096161297990865,54.12296895377683,0.0,54.12296895377683
7534451,M1-T18191---- 01 003,Silica,106.18,91.9750796416683,0.016098880440327687,-0.6875269397373053,91.30365158237132,3.671753290848816,94.97540487322013
7534451,M1-T18191---- 01 003,Silica,106.18,91.9750796416683,0.016098880440327687,-0.9330731975484459,91.05810532456017,4.0,95.05810532456017
7534451,M1-T18191---- 01 003,Silica,106.18,91.9750796416683,0.016098880440327687,-0.6319106355239954,91.35926788658463,4.0,95.35926788658463
7534451,M1-T18191---- 01 003,Silica,106.18,91.9750796416683,0.016098880440327687,-0.8362048473271935,91.15497367478143,4.0,95.15497367478143
7550793,M1-T33025W3-- 03 005,Silica,50.58,46.04081657527986,-0.01233407206863151,-1.0631289685345298,44.9653535346767,0.13380131259784844,45.09915484727455
7550793,M1-T33025W3-- 03 005,Silica,50.58,46.03804963765331,-0.01233407206863151,-1.6787450917204376,44.34697047386424,-0.39773194690725255,43.94923852695699
7550793,M1-T33025W3-- 03 005,Silica,50.58,46.03124535129502,-0.01233407206863151,-0.9008445576786954,45.11806672154769,-0.743733246071572,44.37433347547612
7550793,M1-T33025W3-- 03 005,Silica,50.58,46.03124535129502,-0.01233407206863151,-0.9688468190341409,45.050064460192246,1.1637806673468885,46.21384512753914
7555609,M1-T33025W3-- 03 005,Silica,43.88,48.45863853500313,-0.01233407206863151,-0.6623300442589246,47.78397441867558,2.6845553249835494,50.468529743659126
7555609,M1-T33025W3-- 03 005,Silica,43.88,48.437760382648975,-0.01233407206863151,-0.542899221711263,47.882527088869075,3.5177687110241767,51.40029579989325
7555609,M1-T33025W3-- 03 005,Silica,43.88,48.506694602548066,-0.01233407206863151,-0.17915575479060658,48.31520477568883,4.0,52.31520477568883
7555609,M1-T33025W3-- 03 005,Silica,43.88,48.437760382648975,-0.01233407206863151,-0.010258766198702779,48.41516754438164,1.7138008061588021,50.12896835054044
7555805,M1-B00460B--- 04 009,Silica,56.95,52.14828708756176,0.4848854907709902,0.12485358579737309,52.75802616413013,1.4408795189230026,54.198905683053134
7555805,M1-B00460B--- 04 009,Silica,56.95,52.14828708756176,0.4848854907709902,-0.12007912371354038,52.51309345461922,2.7582107984107664,55.27130425302998
7555805,M1-B00460B--- 04 009,Silica,56.95,52.14828708756176,0.4848854907709902,-0.16158777764929133,52.471584800683466,0.9308568727544883,53.402441673437956
7566595,M1-T18191---- 01 003,Silica,99.06,93.24867466161193,0.016098880440327687,-1.008722647437717,92.25605089461453,4.0,96.25605089461453
7566595,M1-T18191---- 01 003,Silica,99.06,93.24867466161193,0.016098880440327687,-1.067325077091135,92.19744846496111,4.0,96.19744846496111
7566595,M1-T18191---- 01 003,Silica,99.06,93.24867466161193,0.016098880440327687,-1.2312630890462763,92.03351045300597,4.0,96.03351045300597
7566595,M1-T18191---- 01 003,Silica,99.06,93.24867466161193,0.016098880440327687,-1.4036925238695532,91.8610810181827,4.0,95.8610810181827
7566595,M1-T18191---- 01 003,Silica,99.06,93.24867466161193,0.016098880440327687,-1.8457530922744128,91.41902044977785,4.0,95.41902044977785
7569403,M1-T10035B6-- 03 002,Silica,44.73,42.18225188722269,0.016098880440327687,0.299033511306657,42.49738427896967,0.0,42.49738427896967
7569403,M1-T10035B6-- 03 002,Silica,44.73,42.18225188722269,0.016098880440327687,0.23204300687927393,42.43039377454229,0.0,42.43039377454229
7646653,M1-T26104---- 06 003,Silica,59.67,63.097229267391214,0.1463406078046984,0.1403537585497449,63.38392363374565,0.0,63.38392363374565
7646653,M1-T26104---- 06 003,Silica,63.08,63.097229267391214,0.1463406078046984,1.0320870866042813,64.2756569618002,0.0,64.2756569618002
7646653,M1-T26104---- 06 003,Silica,59.67,63.097229267391214,0.1463406078046984,0.4703596689522128,63.71392954414812,0.0,63.71392954414812
7646653,M1-T26104---- 06 003,Silica,59.67,63.06729684188371,0.1463406078046984,0.19893909295221635,63.41257654264062,-1.1141770901236951,62.298399452516925
7646653,M1-T26104---- 06 003,Silica,59.67,63.097229267391214,0.1463406078046984,0.01820809007748145,63.26177796527339,-1.1386210516266455,62.123156913646746
7660102,M1-B00460B--- 04 009,Silica,52.35,53.4166822991067,0.4848854907709902,-0.25860394276138765,53.6429638471163,1.9091919616891038,55.5521558088054
7660102,M1-B00460B--- 04 009,Silica,52.35,53.4166822991067,0.4848854907709902,0.5342497676703362,54.43581755754803,2.6675063367966083,57.10332389434463
7660102,M1-B00460B--- 04 009,Silica,52.35,53.4166822991067,0.4848854907709902,0.7772162707208697,54.67878406059856,3.2107789955525865,57.88956305615115
7663509,M1-T26104---- 06 003,Silica,64.04,62.77014990582475,0.1463406078046984,-0.15366843816161502,62.76282207546783,-2.0102135993830883,60.752608476084745
7663509,M1-T26104---- 06 003,Silica,64.04,63.09765578132074,0.1463406078046984,-0.1738591388226143,63.07013725030282,-2.529922482360348,60.54021476794247
7663509,M1-T26104---- 06 003,Silica,64.04,63.09765578132074,0.1463406078046984,-0.0585723340293183,63.185424055096114,-2.8484791272342598,60.33694492786185
7663509,M1-T26104---- 06 003,Silica,64.04,63.04344642575096,0.1463406078046984,-0.04918157328867931,63.140605460266976,-1.6107820117043292,61.529823448562645
7663509,M1-T26104---- 06 003,Silica,64.04,63.09765578132074,0.1463406078046984,-0.15491387002911494,63.08908251909632,-0.8365885832838749,62.252493935812446
7663509,M1-T26104---- 06 003,Silica,64.04,63.04344642575096,0.1463406078046984,-0.18761494146005375,63.0021720920956,-0.32923922482754464,62.67293286726805
7680927,M1-T26104---- 06 003,Silica,59.11,63.860106097421514,0.1463406078046984,-0.005255948649854764,64.00119075657635,0.03935090454062798,64.04054166111698
7685672,M1-T26104---- 06 003,Silica,57.0,62.382807123168305,0.1463406078046984,-0.01772668206516856,62.511421048907835,0.3128208774495447,62.82424192635738
7685672,M1-T26104---- 06 003,Silica,57.0,62.41273954867581,0.1463406078046984,0.04715468347725332,62.60623483995776,0.5303229865860035,63.13655782654376
7685672,M1-T26104---- 06 003,Silica,57.0,62.382807123168305,0.1463406078046984,-0.0047489232909655454,62.52439880768203,-1.0961311363627024,61.42826767131933
7685672,M1-T26104---- 06 003,Silica,57.0,62.382807123168305,0.1463406078046984,0.017685934239038997,62.54683366521204,-2.420718110126242,60.126115555085796
7685672,M1-T26104---- 06 003,Silica,57.0,62.382807123168305,0.1463406078046984,0.041097345795020154,62.570245076768025,-3.376373129075696,59.19387194769233
7694101,M1-T26104---- 06 003,Silica,64.27,62.23303797386162,0.1463406078046984,-0.010255315514101193,62.369123266152215,-4.0,58.369123266152215
7694101,M1-T26104---- 06 003,Silica,64.27,62.23303797386162,0.1463406078046984,-0.14088864583320035,62.238489935833115,-4.0,58.238489935833115
7694101,M1-T26104---- 06 003,Silica,64.27,62.262970399369124,0.1463406078046984,0.24716380861263468,62.65647481578645,-4.0,58.65647481578645
7694101,M1-T26104---- 06 003,Silica,64.27,62.262970399369124,0.1463406078046984,0.04928034621101389,62.45859135338483,-2.7940008203546767,59.66459053303016
7694101,M1-T26104---- 06 003,Silica,64.27,62.262970399369124,0.1463406078046984,0.08026545045562801,62.48957645762945,-1.3463475549982094,61.143228902631236
7709963,M1-T14885---- 17 002,Silica,70.25,63.81305803588708,0.016098880440327687,1.1663616086986293,64.99551852502603,2.527023767751669,67.5225422927777
7709963,M1-T14885---- 17 002,Silica,70.25,63.672016438393946,0.016098880440327687,0.16700625986310552,63.85512157869738,2.903556578100692,66.75867815679807
7709963,M1-T14885---- 17 002,Silica,70.25,63.672016438393946,0.016098880440327687,1.0839399665698264,64.7720552854041,4.0,68.7720552854041
7709963,M1-T14885---- 17 002,Silica,70.25,63.672016438393946,0.016098880440327687,-0.2984754374894424,63.38963988134483,4.0,67.38963988134483
7717067,M1-T18191---- 01 003,Silica,107.57,93.07843203356951,0.016098880440327687,-0.09097230008339224,93.00355861392644,4.0,97.00355861392644
7717067,M1-T18191---- 01 003,Silica,107.57,93.07843203356951,0.016098880440327687,-0.05517729777617808,93.03935361623365,4.0,97.03935361623365
7717067,M1-T18191---- 01 003,Silica,107.57,93.07843203356951,0.016098880440327687,-0.159237500657178,92.93529341335265,4.0,96.93529341335265
7717067,M1-T18191---- 01 003,Silica,107.57,93.07843203356951,0.016098880440327687,-0.08998648148244404,93.0045444325274,4.0,97.0045444325274
7717067,M1-T18191---- 01 003,Silica,107.57,93.07843203356951,0.016098880440327687,-0.3380400386745353,92.7564908753353,4.0,96.7564908753353
7717432,M1-B00460B--- 04 009,Silica,57.78,52.33629023929719,0.4848854907709902,0.23669050046730652,53.05786623053549,1.8596561427519211,54.91752237328741
7717432,M1-B00460B--- 04 009,Silica,57.78,52.33629023929719,0.4848854907709902,0.5575553355630998,53.378731065631285,0.6760140326619369,54.054745098293225
7727355,M1-B00163---- 08 008,CarbonBlack,31.58,30.755990943873268,-0.21977402132170457,-0.7337190580449279,29.802497864506634,0.0,29.802497864506634
7748652,M1-T33025W3-- 03 005,Silica,46.92,46.3453811266772,-0.01233407206863151,-0.3635586615430765,45.96948839306549,-0.001097562349560155,45.96839083071593
7752876,M1-T26104---- 06 003,Silica,64.0,62.506910251810396,0.1463406078046984,0.45427023726554283,63.10752109688063,-0.45838573323468357,62.64913536364595
7752876,M1-T26104---- 06 003,Silica,64.0,62.56111960738018,0.1463406078046984,0.8506025920439415,63.558062807228815,0.22255258072027045,63.780615387949084
7752876,M1-T26104---- 06 003,Silica,64.0,62.506910251810396,0.1463406078046984,0.10566709877423296,62.758917958389326,0.689913869215354,63.44883182760468
7752876,M1-T26104---- 06 003,Silica,64.0,62.2298192945776,0.1463406078046984,0.9512483693812794,63.32740827176358,0.7506833793865583,64.07809165115015
7752876,M1-T26104---- 06 003,Silica,64.49,62.2298192945776,0.1463406078046984,0.8496537934136148,63.225813695795914,0.6580595234019463,63.88387321919786
7752876,M1-T26104---- 06 003,Silica,64.0,62.506910251810396,0.1463406078046984,0.38603612340640836,63.0392869830215,0.8329662788645646,63.872253261886065
7753006,M1-T14885---- 17 002,Silica,73.49,66.0402645815855,0.016098880440327687,-1.3180599162694135,64.73830354575641,4.0,68.73830354575641
7753006,M1-T14885---- 17 002,Silica,73.49,66.43001142174505,0.016098880440327687,-0.34276085239446025,66.10334944979091,4.0,70.10334944979091
7753006,M1-T14885---- 17 002,Silica,73.49,66.0402645815855,0.016098880440327687,0.46687037491112177,66.52323383693695,4.0,70.52323383693695
7753006,M1-T14885---- 17 002,Silica,73.49,66.43001142174505,0.016098880440327687,-0.21262234642818828,66.23348795575718,4.0,70.23348795575718
7753006,M1-T14885---- 17 002,Silica,73.49,66.43001142174505,0.016098880440327687,0.2499678338993486,66.69607813608472,4.0,70.69607813608472
7753081,M1-B00460B--- 04 009,Silica,55.89,53.464074867024976,0.4848854907709902,0.9833207883222175,54.932281146118186,-0.22542539531621147,54.70685575080197
7753081,M1-B00460B--- 04 009,Silica,55.89,53.464074867024976,0.4848854907709902,2.004748709041024,55.95370906683699,1.2588423541180058,57.212551420955
7765906,M1-T33025W3-- 03 005,Silica,44.14,48.114979471761785,-0.01233407206863151,0.21959036025118694,48.32223575994434,-1.3313297263513393,46.990906033593
7765906,M1-T33025W3-- 03 005,Silica,44.14,48.666817832241264,-0.01233407206863151,0.31852398147850847,48.97300774165114,-2.2924810717604283,46.68052666989071
7765906,M1-T33025W3-- 03 005,Silica,44.14,48.09410131940763,-0.01233407206863151,0.08114631527896074,48.16291356261796,-1.3195832681519462,46.843330294466014
7765906,M1-T33025W3-- 03 005,Silica,44.14,48.07183356853043,-0.01233407206863151,-0.06583421076906121,47.993665285692735,-2.1783790156896643,45.81528627000307
7765906,M1-T33025W3-- 03 005,Silica,44.14,48.638538611164584,-0.01233407206863151,-0.0639902414204484,48.5622142976755,-2.9747676334781064,45.587446664197394
7770764,M1-T26104---- 01 005,Silica,54.58,62.15325879295079,0.016098880440327687,0.13460825430002182,62.30396592769113,0.0,62.30396592769113
7775201,M1-T19012W--- 01 001,Silica,85.31,97.01385148307118,0.016098880440327687,0.4311825438063901,97.46113290731789,0.0,97.46113290731789
7775201,M1-T19012W--- 01 001,Silica,85.31,103.76788151433239,0.016098880440327687,0.48165854067221936,104.26563893544493,0.0,104.26563893544493
7775201,M1-T19012W--- 01 001,Silica,85.31,96.72894176589288,0.016098880440327687,0.7691492819476452,97.51418992828086,0.0,97.51418992828086
7775201,M1-T19012W--- 01 001,Silica,85.31,97.01385148307118,0.016098880440327687,0.370216762919952,97.40016712643146,-3.645339872195366,93.75482725423609
7775201,M1-T19012W--- 01 001,Silica,85.31,103.76788151433239,0.016098880440327687,0.8873690940905377,104.67134948886326,-4.0,100.67134948886326
7779082,M1-T26104---- 06 003,Silica,63.79,64.35158149069711,0.1463406078046984,0.5596187301155144,65.05754082861733,0.784853913676121,65.84239474229345
7779082,M1-T26104---- 06 003,Silica,63.79,64.35158149069711,0.1463406078046984,0.5957586997180272,65.09368079821985,0.928653630834509,66.02233442905435
7779082,M1-T26104---- 06 003,Silica,63.79,64.35158149069711,0.1463406078046984,0.3752598513875332,64.87318194988936,0.9382714466777069,65.81145339656706
7779082,M1-T26104---- 06 003,Silica,63.79,64.35158149069711,0.1463406078046984,0.32971128108200765,64.82763337958383,0.2765277640891942,65.10416114367302
7786722,M1-T26104---- 06 003,Silica,59.78,63.07180840492313,0.1463406078046984,-0.21068286414459042,63.00746614858324,-0.19753480460351935,62.80993134397972
7786722,M1-T26104---- 06 003,Silica,59.78,63.18813268206629,0.1463406078046984,-0.5529932903128407,62.781479999558144,-0.46322894818927096,62.318251051368875
7788995,M1-T26104---- 06 003,Silica,56.045,62.03842496381199,0.1463406078046984,-0.23283976147490554,61.95192581014178,-0.6355502776076388,61.31637553253414
7788995,M1-T26104---- 06 003,Silica,56.045,62.03842496381199,0.1463406078046984,-0.03194905471566792,62.15281651690102,-1.413125038900319,60.7396914780007
7788995,M1-T26104---- 06 003,Silica,56.045,62.00849253830449,0.1463406078046984,-0.09471653780342507,62.060116608305755,-1.889631527097666,60.17048508120809
7788995,M1-T26104---- 06 003,Silica,56.045,62.03842496381199,0.1463406078046984,-0.277605839278754,61.90715973233793,-3.0948198120108996,58.812339920327034
7788995,M1-T26104---- 06 003,Silica,56.045,62.00849253830449,0.1463406078046984,-0.29358171865558536,61.861251427453595,-3.998718823477935,57.86253260397566
7790765,M1-R00037---- 12 001,CarbonBlack,59.83,56.748412336312114,-0.27939204641564785,0.7058845663850999,57.174904856281564,0.0,57.174904856281564
7790765,M1-R00037---- 12 001,CarbonBlack,59.83,56.748412336312114,-0.27939204641564785,0.5368174698904019,57.005837759786864,0.0,57.005837759786864
7790765,M1-R00037---- 12 001,CarbonBlack,59.83,56.748412336312114,-0.27939204641564785,0.8049368503211743,57.27395714021764,0.0,57.27395714021764
7794844,M1-T00011XV-- 03 004,CarbonBlack,39.18,40.95033238671207,-0.23653063681139205,1.005805015390871,41.719606765291545,0.0,41.719606765291545
7800536,M1-T26104---- 06 003,Silica,63.56,62.46253081763111,0.1463406078046984,0.9065405306885165,63.515411956124325,-4.0,59.515411956124325
7803398,M1-T33025W3-- 03 005,Silica,42.44,46.36119289660149,-0.01233407206863151,-1.881398626462186,44.46746019807067,-3.2892114122200615,41.178248785850606
7806413,M1-T26104---- 06 003,Silica,61.58,63.911572821966466,0.1463406078046984,-0.12149660012264078,63.93641682964852,-4.0,59.93641682964852
7806413,M1-T26104---- 06 003,Silica,57.16,63.911572821966466,0.1463406078046984,-0.0776575756424982,63.980255854128664,-4.0,59.980255854128664
7806413,M1-T26104---- 06 003,Silica,57.16,63.911572821966466,0.1463406078046984,-0.004961117038735294,64.05295231273243,-3.6488217557679405,60.40413055696449
7806413,M1-T26104---- 06 003,Silica,61.58,63.911572821966466,0.1463406078046984,-0.09962249902155643,63.958290930749605,-3.261100277932115,60.69719065281749
7806413,M1-T26104---- 06 003,Silica,57.16,63.911572821966466,0.1463406078046984,-0.13032930079279537,63.92758412897837,-4.0,59.92758412897837
7806413,M1-T26104---- 06 003,Silica,57.16,63.911572821966466,0.1463406078046984,0.06775178020439147,64.12566520997555,-4.0,60.12566520997555
7806413,M1-T26104---- 06 003,Silica,54.11,63.911572821966466,0.1463406078046984,-0.5691828482318866,63.48873058153927,-4.0,59.48873058153927
7806413,M1-T26104---- 06 003,Silica,61.58,63.911572821966466,0.1463406078046984,0.004990510712252649,64.06290394048341,-4.0,60.06290394048341
7806413,M1-T26104---- 06 003,Silica,57.16,63.911572821966466,0.1463406078046984,-0.18040982134406386,63.8775036084271,-4.0,59.8775036084271
7806413,M1-T26104---- 06 003,Silica,61.58,63.994980600521906,0.1463406078046984,0.14575575146797354,64.28707695979458,-4.0,60.287076959794575
