CompoundName,OrderID,actual_MNY,stage1_pred,bias_pred,pid_expert_pred,wet_expert_pred,bottom_expert_pred,material_expert_pred,final_pred
M1-T17771---- 05 002,1778363,36.27,34.353508519679544,0.016098880439197497,-0.3524393457253087,-0.05872340379654322,-0.8725310915932596,-0.38165529353195954,33.39984832581372
M1-T17771---- 05 002,1778363,36.27,34.907867990077364,0.016098880439197497,-0.2855688290111282,0.002647727531660005,-0.6152833451258132,-0.3743859262724228,34.136845932381036
M1-T33025W3-- 04 004,1782804,49.79,49.988314258244685,-0.007564000877842045,0.2608922955436808,-0.679087234917337,0.41872277167117533,-0.03308911650019609,49.79101670914391
M1-T33025W3-- 04 004,1782804,49.79,49.988314258244685,-0.007564000877842045,0.44654050407857737,0.7377590954637386,-0.12003982746691662,0.34319736975351656,50.87238666640417
M1-T33025W3-- 04 004,1782804,49.79,49.988314258244685,-0.007564000877842045,0.45958054302795764,0.4719491898726082,-0.15336321858229676,0.23263865989738836,50.571663150742665
M1-T33025W3-- 04 004,1782804,49.79,49.988314258244685,-0.007564000877842045,0.48274900358280926,0.41418146519307886,-0.14428802567561816,0.3121930215645371,50.63803008871752
M1-T33025W3-- 04 004,1782804,49.79,49.988314258244685,-0.007564000877842045,0.3108654390037541,0.30275021331071883,-0.22351302766713133,0.45857047405330503,50.66064067824174
M1-T02128W5-- 04 003,1792998,61.135000000000005,62.82949286976675,0.016098880439197497,0.42420842553289584,0.28225650742201386,0.07360357420404467,-0.16222345411764785,62.96576820514684
M1-T02128W5-- 04 003,1792998,61.135000000000005,63.46688807575946,0.016098880439197497,-0.3746965650415382,0.15337077357134152,0.05783631956035425,0.004053905402501707,63.518288276620794
M1-T02128W5-- 04 003,1792998,61.135000000000005,63.46688807575946,0.016098880439197497,0.027991637304949364,0.127936943072764,-0.12870207401730996,-0.03867534016525249,63.46201507158305
M1-T02128W5-- 04 003,1792998,61.135000000000005,63.46688807575946,0.016098880439197497,0.2346546935883729,0.17448464716890125,-0.30146529003946304,0.11864279856043741,63.639186752576215
M1-T02128W5-- 04 003,1796439,66.37,65.69474025303903,0.016098880439197497,0.33159013268300525,-0.0667352015612462,0.0701389866917877,-0.2136089118497966,65.53685227416764
M1-T02128W5-- 04 003,1796439,70.12,65.56816511284006,0.016098880439197497,0.3011200617258512,-0.016298793233750858,0.5719289807010736,-0.4221661766146696,65.4298897045719
M1-T17771---- 05 002,1808244,33.2,34.878396992049055,0.016098880439197497,-0.4793379681586223,-0.1417312958096303,0.03403167436299275,-0.2064691635478042,34.47270496964981
M1-T17771---- 05 002,1808244,33.2,34.34431008878096,0.016098880439197497,-0.31405359808722266,-0.036315380489916706,-0.5996842105878897,-0.007351331337304905,33.972559600732154
M1-T30087---- 08 001,1818453,57.73,59.61577863324862,0.016098880439197497,-0.6362934349062811,-0.09513930299097224,0.2540743673166805,0.6285755748508333,60.26526786435443
M1-T30087---- 08 001,1818453,57.73,59.61577863324862,0.016098880439197497,-0.2827531836808582,-0.21894224805379023,0.20234624881461835,0.7603154567840904,60.40194021587482
M1-T30087---- 08 001,1818453,57.73,59.61577863324862,0.016098880439197497,-0.14824503651307558,-0.4938920577851187,0.18728977651435205,0.7572180555955945,60.256932974654184
M1-T30087---- 08 001,1818453,57.73,59.70222525446089,0.016098880439197497,-0.850033565074318,-0.2036644714055861,0.15082807228965664,0.7572180555955945,60.33437224934427
M1-T17771---- 05 002,1826654,35.64,34.34153909457454,0.016098880439197497,-0.31405359808722266,-0.028682937414476646,-0.5421056947188082,-0.19802293677789992,33.782136751091514
M1-T17771---- 05 002,1826654,35.64,34.34153909457454,0.016098880439197497,-0.2855688290111282,0.10953450870101984,-0.745332736688479,-0.4222355339504128,33.51892694042072
M1-T17771---- 05 002,1826654,35.64,34.34153909457454,0.016098880439197497,-0.33141843116301245,-0.05872340379654322,-0.5087366651901393,-0.42950490120994955,33.509171701380154
M1-T17771---- 05 002,1832453,35.23,34.34153909457454,0.016098880439197497,-0.33141843116301245,-0.029412378298339252,-0.5196682328355444,-0.22143040007548934,33.761183306152105
M1-T17771---- 05 002,1832453,35.23,34.77249796109137,0.016098880439197497,-0.2682039959353384,-0.024736740957112435,-0.5600438320897723,-0.2376124661862647,34.172430996923445
M1-T17771---- 05 002,1832453,35.23,34.34153909457454,0.016098880439197497,-0.2682039959353384,-0.005543926327249813,-0.4045998797866423,-0.38084532070752547,33.66149332640415
M1-T17771---- 05 002,1839985,36.48,34.86145325615356,0.016098880439197497,-0.2682039959353384,-0.11475289426107714,-0.02961465248939924,0.28079209803219585,35.053179023066086
M1-T02128W5-- 04 003,1855572,61.86,64.32867625466278,0.016098880439197497,1.1808302551349272,0.12918966368454438,0.7654523023395997,-0.2988503107483129,64.72154560449005
M1-T02128W5-- 04 003,1874237,66.35,64.99548417186655,0.016098880439197497,0.5129109864351663,-0.04132601029821568,-0.13055704594198203,-0.12625071952582723,64.9022672184601
M1-T02128W5-- 04 003,1874237,66.35,64.99548417186655,0.016098880439197497,-0.10839855214197322,0.10873569257136641,0.20197304637592348,-0.08062820722620327,65.05388414353068
M1-T02128W5-- 04 003,1874237,66.35,64.99548417186655,0.016098880439197497,0.02720425608796579,0.23187560450557454,-0.36126231807637604,-0.18647118666154483,64.7737705412475
M1-T02128W5-- 04 003,1874237,66.35,64.99548417186655,0.016098880439197497,-0.07652099854566896,0.4435378617766351,-0.027968292895286292,-0.05701709356264366,65.1830735775669
M1-T02128W5-- 04 003,1868173,59.17,64.96736701474764,0.016098880439197497,-0.2446302274506357,0.030034340040991984,-0.37456717918733984,-0.21467322330691183,64.51983426577273
M1-T02128W5-- 04 003,1868173,59.17,64.96736701474764,0.016098880439197497,-0.3221107288306145,0.13629545847905983,-0.13760832078235843,-0.2930183031501914,64.58712253044618
M1-T02128W5-- 04 003,1868173,59.17,64.96736701474764,0.016098880439197497,-0.9878553440226159,-0.03032864423953858,-0.37456717918733984,-0.21467322330691183,64.30584354787285
M1-T17771---- 05 002,1871615,34.62,34.34153909457454,0.016098880439197497,-0.2855688290111282,0.07718428830767463,0.1466597662308628,0.02102492717204056,34.42945089774479
M1-T02128W5-- 04 003,1889370,62.18,65.40038918888833,0.016098880439197497,0.1008541803539589,0.09643848440097488,-0.10337727505748696,0.2565542358226429,65.74546413489195
M1-T02128W5-- 04 003,1899529,61.93,64.99548417186655,0.016098880439197497,0.511226560085054,-1.543816774066963,-0.23736303302859216,0.6018835446953017,64.77969606646214
M1-T17771---- 04 003,1902317,39.24,34.844872751312316,0.016098880439197497,-0.4671101313508114,-0.39167744438584745,0.20003558336866092,-0.3286273062099367,34.228395458977396
M1-T17771---- 04 003,1902317,39.24,34.844872751312316,0.016098880439197497,-0.426721386190488,-0.4291242243278679,-0.1445426327497526,-0.4354694182019147,33.930151583086015
M1-T33025W3-- 03 005,1907516,53.02333333333333,49.18861459280192,-0.012334072069548466,0.555361652173935,0.22161998205236272,0.016716547584239443,0.6312245904209216,50.177220264098274
M1-T33025W3-- 03 005,1907516,53.02333333333333,49.18861459280192,-0.012334072069548466,0.4520033936907876,0.23947985703571523,0.5789763065055838,0.5462200295807752,50.330347796403615
M1-T02128W5-- 04 003,1913900,61.88,64.83267955457285,0.016098880439197497,-0.15760279906853386,0.2953039732204802,-0.5731195349046839,0.09917720661794588,64.83414196397119
M1-B15563---- 01 005,1913944,43.49,46.5005046043224,0.016098880439197497,-0.057766157635498756,0.5036599699080316,-0.12891617295441868,0.3149671121436995,47.10944111441212
M1-B15563---- 01 005,1913944,43.49,46.5005046043224,0.016098880439197497,-0.23979662647091401,0.5293974781558826,-0.11730796512662389,0.21069456454187432,46.967053365956566
M1-B15563---- 01 005,1913944,43.49,46.51163980374285,0.016098880439197497,-0.6153786114837715,0.4416092064683646,-0.015707131624042907,0.21069456454187432,46.883217308035555
M1-B15563---- 01 005,1913944,44.62,46.51163980374285,0.016098880439197497,-0.7617865547255636,0.365592393192163,-0.02699619999746098,0.23125349190711128,46.82057754368325
M1-B15563---- 01 005,1913944,44.62,46.51163980374285,0.016098880439197497,-0.1585656020617755,0.6229947223827471,-0.12891617295441868,0.2589846975924688,47.104346544182796
M1-B15563---- 01 005,1913944,44.62,46.5005046043224,0.016098880439197497,-0.49000393307000534,0.6004039277901353,-0.199847074233307,0.5012345479172978,47.245734499992295
M1-B15563---- 01 005,1913944,44.62,46.5005046043224,0.016098880439197497,-0.007579478894775603,0.5293974781558826,-0.12891617295441868,0.3149671121436995,47.137005711815576
M1-B15563---- 01 005,1914139,45.62,46.490637295890444,0.016098880439197497,-0.007579478894775603,0.5949361351443107,-0.12712326906034904,-0.7234434167274557,45.97285134938058
M1-B15563---- 01 005,1914139,45.62,46.490637295890444,0.016098880439197497,-0.3635930438904952,0.46103209676603113,-0.18307533744636786,-0.7234434167274557,45.78043139337314
M1-B15563---- 01 005,1914139,45.62,46.47950209646999,0.016098880439197497,-0.03319092364800893,0.5321481192892693,-0.10724712467810714,-0.7234434167274557,45.92694769910371
M1-B15563---- 01 005,1914139,45.62,46.490637295890444,0.016098880439197497,-0.3635930438904952,0.5582378250061636,-0.15368962882603307,-0.7234434167274557,45.85312314059193
M1-B15563---- 01 005,1914139,45.18,46.47950209646999,0.016098880439197497,-0.23979662647091401,0.6115917650270056,-0.40061042888354537,-0.6829255326746498,45.83417902981457
M1-B15563---- 01 005,1914139,45.18,46.47950209646999,0.016098880439197497,-0.47627278019070574,0.5637056176519882,-0.3495556719868991,-0.6829255326746498,45.772772707050706
M1-B15563---- 01 005,1914139,45.18,46.490637295890444,0.016098880439197497,0.09321996553150116,0.5949361351443107,-0.10724712467810714,-0.7234434167274557,46.00627789814514
M1-B15563---- 01 005,1914139,45.18,46.490637295890444,0.016098880439197497,-0.13399036807428566,0.5609494723048798,-0.12712326906034904,-0.7234434167274557,45.92209389522286
M1-B15563---- 01 005,1914139,45.18,46.47950209646999,0.016098880439197497,-0.3049735453035677,0.7251450598909448,-0.15830188157475358,-0.7648294917164511,45.90724431233013
M1-T33025W3-- 03 005,1925692,57.76,49.68615364736241,-0.012334072069548466,0.014621044724869364,-0.06907240975333773,-0.001403163842450376,0.5232524296296852,50.23689255273079
M1-T33025W3-- 03 005,1925692,57.76,49.076830391369874,-0.012334072069548466,0.0229415378188122,-0.23109846122389227,0.3483722604434139,0.42142379640626276,49.57902110804819
M1-T33025W3-- 03 005,1925692,57.76,49.076830391369874,-0.012334072069548466,0.16426727924364604,-0.18718528737272122,-0.0932623449302716,0.4799993741764699,49.498757619770664
M1-T17771---- 05 002,1935726,35.37,34.34431008878096,0.016098880439197497,-0.21558741396720388,-0.20195291331930484,-0.7136766162263248,0.15845029458609097,34.03287313187817
M1-T02128W5-- 04 003,1943609,69.015,63.44394674207729,0.016098880439197497,0.3164079464551699,-0.12432504261651521,-0.3416036810436661,0.14618596800561132,63.46764029260896
M1-T02128W5-- 04 003,1943609,69.015,63.44394674207729,0.016098880439197497,0.03162594997932891,0.15482737252603593,0.026492528762236907,0.2809067848371359,63.8970277510904
M1-T02128W5-- 04 003,1943609,69.015,62.806551536084584,0.016098880439197497,-0.3087771582889902,0.17206494742586828,-0.02200714671360228,0.2809067848371359,63.16595677418411
M1-T02128W5-- 04 003,1943609,69.015,63.44394674207729,0.016098880439197497,0.19995917426055218,-0.033818840142225595,-0.5583622851023448,0.29807354800672875,63.56731527770767
M1-T02128W5-- 04 003,1943609,69.015,63.44394674207729,0.016098880439197497,-0.05148105352286393,0.14897827808327582,-0.7409413094260331,0.29807354800672875,63.53197075458898
M1-T17771---- 05 002,1953969,32.3,34.276652251648656,0.016098880439197497,-0.21558741396720388,0.06497007269983873,0.7360223591739313,-0.5212497367839374,34.0274903074219
M1-T17771---- 05 002,1953969,32.3,34.276652251648656,0.016098880439197497,-0.21558741396720388,-0.14128916291396823,-0.2961527404943151,-0.41566733979884196,33.53798969925082
M1-T17771---- 05 002,1955968,36.98,34.75260021180039,0.016098880439197497,-0.21558741396720388,0.19843313139623403,-0.5962312756784451,-0.31859703205957834,34.18998707169535
M1-T17771---- 05 002,1955968,36.98,34.75260021180039,0.016098880439197497,-0.24201418954262005,-0.37190803056831667,-0.7509755412847503,-0.3349216831563272,33.746708385564574
M1-T17771---- 05 002,1955968,36.98,34.75260021180039,0.016098880439197497,-0.4478967556939264,-0.4469795090947341,-0.7632839929851705,-0.04077713673056818,33.98475322310576
M1-T17771---- 05 002,1954540,34.97,34.91917781987427,0.016098880439197497,-0.2682039959353384,-0.06298797551548124,-0.05371777174672949,-0.054938397236988415,34.74459604668855
M1-T02128W5-- 04 003,1957653,62.61,64.06556074093,0.016098880439197497,-0.29495953742091585,0.18358647805219624,0.9218315762657111,-0.2250502804598817,64.29758345804233
M1-T17771---- 05 002,1962171,32.54,34.36763472309475,0.016098880439197497,-0.33141843116301245,0.02927197620792459,0.1388126586883463,-0.11653144329261594,34.25362172231353
M1-T15760---- 06 001,1967814,50.96,56.84246290243694,-0.3188781376178079,-0.19922439176627094,-0.7753340140805824,-0.1179931863001013,-0.7693362382209312,55.06582077585423
M1-T15760---- 06 001,1967814,50.96,59.06134558195789,-0.3188781376178079,-0.20445830181387037,-1.2361143178423057,0.09670476579171086,-0.1980315887512239,57.76294310652274
M1-T15760---- 06 001,1969488,48.54,55.603328732337346,-0.3188781376178079,-0.35676466815999325,0.1269580394019616,-0.08297095860821292,-0.3610368420032543,54.82164888087168
M1-T15760---- 06 001,1969488,48.54,55.91807985500828,-0.3188781376178079,-0.3222554193184109,0.2587067528870478,0.02691698392686986,-0.34726406392463927,55.29200462924233
M1-T15760---- 06 001,1969488,48.54,55.57811746125791,-0.3188781376178079,-0.04349122015406375,-0.0769206345487771,-0.09454805129646057,-0.14096056875799964,54.9955656164951
M1-T15760---- 06 001,1969488,48.54,55.57811746125791,-0.3188781376178079,-0.2623530856009773,-0.03556045959127104,-0.08803265357930579,-0.14096056875799964,54.97142214765863
M1-T15760---- 06 001,1969488,48.54,55.603328732337346,-0.3188781376178079,-0.2949217905750437,-0.11321639916812645,-0.09454805129646057,-0.3154619492423075,54.73798905351874
M1-T33025W3-- 03 005,1971355,51.18,44.73869434011959,-0.012334072069548466,0.09438795069703251,-0.19273303745084494,0.49889999418215863,-0.27668668002564617,44.54880580889239
M1-T33025W3-- 03 005,1971355,51.18,44.33469099901558,-0.012334072069548466,0.11321463268393905,-0.13801744359467724,0.44163040129125747,3.921046536580625e-06,44.47381757305312
M1-T15760---- 06 001,1977075,51.09,59.5271824479815,-0.3188781376178079,-0.04988780451789314,-0.15785733993020395,-0.6382240607268334,-1.1222142784874671,57.5090086055052
M1-T15760---- 06 001,1977075,51.09,59.2501895882757,-0.3188781376178079,-0.07886743833969317,-0.11120952831268235,-0.22232531193683128,-0.023779969076460933,58.71308432374964
M1-T15760---- 06 001,1977075,51.09,59.5271824479815,-0.3188781376178079,-0.17084432799255814,-0.1154651851647383,-0.12755351161832457,-0.019566425509228047,59.01502257925917
M1-T15760---- 06 001,1977075,51.09,58.02298241874384,-0.3188781376178079,-0.32542792292580475,-0.08829287079823857,-0.16183871451598825,-0.14406967865077852,57.33096494761549
M1-T15760---- 06 001,1977075,51.09,59.76736566724207,-0.3188781376178079,-0.005991458499922167,-0.16393539928952675,-0.22051434489060356,-0.15157423137456125,59.06954785787924
M1-T15760---- 06 001,1977076,51.46,59.75977823536588,-0.3188781376178079,-0.17084432799255814,0.2554426318180197,-0.2677669058862023,-0.1823085066230824,59.21889381845645
M1-T15760---- 06 001,1977076,51.46,60.312767850442974,-0.3188781376178079,0.00812364524686117,-0.20328407157022496,-0.2819831976656933,-0.5232153989391659,59.13793155450825
M1-T15760---- 06 001,1977076,51.46,60.312767850442974,-0.3188781376178079,-0.10532834707669157,-0.1338959426839051,-0.2677669058862023,-0.4335707955840654,59.262697153290446
M1-T15760---- 06 001,1977076,51.46,58.05292510450915,-0.3188781376178079,-0.2752290070804674,-0.4010644951489542,-0.9833169998762519,-0.8475028461205217,55.98726763250046
M1-T15760---- 06 001,1974947,53.14,56.97069990666076,-0.3188781376178079,-0.256069653363091,-0.6301753068462437,-0.16183871451598825,-0.25714560359683747,55.837056431786145
M1-T15760---- 06 001,1974947,53.14,56.97069990666076,-0.3188781376178079,-0.04349122015406375,-0.06780583978239789,-0.1735287493140895,-0.6742610204646473,55.74284645528956
M1-T15760---- 06 001,1974947,53.14,56.9643025488002,-0.3188781376178079,-0.4038270451238554,0.13886120337640478,-1.311414071040706,-0.8146164137919604,55.078156914871094
M1-T15760---- 06 001,1974947,53.14,56.93909127772076,-0.3188781376178079,-0.20641782872614403,-0.013664211161386743,-0.38619721676160923,-1.0592321677425263,55.16200790701746
M1-T15760---- 06 001,1974947,53.14,56.78569594041549,-0.3188781376178079,-0.5177317498198002,-0.1761575183489251,-0.13912896436946035,-0.15968417093196743,55.98729811585557
M1-T15760---- 06 001,1980528,50.98,58.71187852249559,-0.3188781376178079,-0.05233297966177384,-0.3339950867678416,-0.12605686339071878,-0.16740448440299244,57.92630608065683
M1-T15760---- 06 001,1980530,51.69,57.69922636841166,-0.3188781376178079,-0.3070360989205846,-0.025859399893326838,-0.20309502259042506,-0.09861004042357821,57.08227649683051
M1-T15760---- 06 001,1980530,51.69,57.69922636841166,-0.3188781376178079,-0.28034521906626986,0.08166274592955759,-0.12755351161832457,0.005340197720317776,57.308930697730865
M1-T15760---- 06 001,1980530,51.69,57.69163893653546,-0.3188781376178079,-0.1582524413355536,0.014313595522025518,-0.2231551839189588,-0.20454329140046354,57.00319760160751
M1-T15760---- 06 001,1980530,51.69,57.69163893653546,-0.3188781376178079,-0.2752290070804674,-0.22126086945571893,-0.21233989548020005,0.01760963303882447,57.09334899773329
M1-T15760---- 06 001,1982586,50.37,59.10979995292116,-0.3188781376178079,0.024627705976114956,-0.539642881412306,-0.09808886246587396,-0.18562161227047308,58.2103047706292
M1-T15760---- 06 001,1982586,50.37,59.10979995292116,-0.3188781376178079,-0.3070360989205846,-0.21431003535141802,-0.1763172830770801,-0.1877286218842675,58.28882404320763
M1-T15760---- 06 001,1982586,51.49,59.04423843011654,-0.3188781376178079,-0.106954590192611,-0.8240567937634722,-0.2677669058862023,-0.3987811817318806,57.61595665181715
M1-T15760---- 06 001,1982586,51.49,59.04423843011654,-0.3188781376178079,-0.10976625014945235,0.16122578652719646,-0.3976956027396318,-0.35411545772183306,58.20201930097041
M1-T15760---- 06 001,1982586,51.49,58.763323877095765,-0.3188781376178079,-0.10822049843961003,-0.38957777005403,-0.2677669058862023,-0.1684857837630284,57.86277312401275
M1-T15760---- 06 001,1982586,51.49,59.10979995292116,-0.3188781376178079,-0.18131852996764794,-0.20980501769753654,-0.17367644404872487,-0.4330533144071259,58.040535859140675
M1-T15760---- 06 001,1982586,51.49,58.456905660360285,-0.3188781376178079,-0.1582524413355536,-0.08850519413572643,-0.19812360370070903,-0.1877286218842675,57.73734947550023
M1-T15760---- 06 001,1985856,55.45,57.291969682080406,-0.3188781376178079,-0.11722044753317763,0.5717168954338112,-0.25484136944339897,-0.305210349381716,56.82004818205085
M1-T15760---- 06 001,1985856,55.45,57.291969682080406,-0.3188781376178079,-0.28689113641963715,-0.0880991687531097,-0.14169598690959329,-0.05989521218081886,56.71560886882275
M1-T17771---- 05 002,1980587,33.16,34.876781426118264,0.016098880439197497,-0.2855688290111282,0.001234001061556446,-0.06042813266431672,-0.1790195416646817,34.59100652144395
M1-T15760---- 06 001,1985856,55.45,57.291969682080406,-0.3188781376178079,-0.09141480591824809,-0.06780583978239789,-0.12491267258996933,-0.07637819106655848,56.76350373117514
M1-T15760---- 06 001,1991693,61.33,59.25059100647056,-0.3188781376178079,-0.17084432799255814,-0.6776342559985101,-0.16136257962693004,-1.0039532184417876,57.249497178894984
M1-T15760---- 06 001,1991693,60.4,59.0068176103484,-0.3188781376178079,-0.23494241042702857,-0.5832337317575961,0.04564955230462524,-0.1953130766616923,58.07550161599328
M1-T15760---- 06 001,1991693,60.4,58.98146612366638,-0.3188781376178079,-0.18283021734011318,0.017074523972087773,-0.33547069447063693,0.03300997999351595,58.50926544701241
M1-T15760---- 06 001,1991693,60.4,58.94956244116461,-0.3188781376178079,-0.17084432799255814,-0.08301598055310462,-0.1363594884524935,0.0037930419227797784,58.47977923271682
M1-T15760---- 06 001,1985904,51.035,56.99224688232323,-0.3188781376178079,-0.1716662263720584,0.131868020514882,-0.1763172830770801,-0.24276502690412413,56.349855380663
M1-T15760---- 06 001,1985904,51.035,57.001843132877035,-0.3188781376178079,-0.12644534949543645,-0.16393539928952675,-0.13647953596584417,-0.1578509937576417,56.30762146760171
M1-T15760---- 06 001,1985904,49.85,58.93320281400969,-0.3188781376178079,-0.28034521906626986,-0.6796486938003201,-0.5478542835068769,-0.5266318569034397,57.271939519157826
M1-T15760---- 06 001,1989721,56.08,57.779811839928506,-0.3188781376178079,-0.09052956767886304,0.22349420876860793,-0.19812360370070903,0.07872804316386238,57.571911123070976
M1-T15760---- 06 001,1989721,56.08,57.74585894606389,-0.3188781376178079,-0.2119961417410865,-0.0432034604729107,-0.2704077449145575,0.07349918962414413,57.30742930396411
M1-T15760---- 06 001,1989721,56.08,57.7873992718047,-0.3188781376178079,-0.17084432799255814,0.19312209958323365,-0.23473063667009458,-0.13479453467666455,57.279012283584755
M1-T15760---- 06 001,1989721,56.08,57.594565932912715,-0.3188781376178079,-0.17084432799255814,-0.21293939738359727,-0.2543057690759628,0.07539328721074014,57.07295868382338
M1-T15760---- 06 001,1989721,56.08,57.72183774900009,-0.3188781376178079,-0.31320333694550323,-0.32993985201442527,-0.42251111428366095,0.2449711787088568,57.21130733026339
M1-T15760---- 06 001,1987717,53.46,58.586538412565424,-0.3188781376178079,-0.23494241042702857,-1.150507900979526,-0.21987833691004902,-0.21751170072376974,57.16117727469964
M1-T15760---- 06 001,1987717,53.46,58.9070462096573,-0.3188781376178079,-0.08888041706406008,0.023055264682490143,-0.2708963792162021,-0.6199301289098512,57.74002549663891
M1-T15760---- 06 001,1987718,48.54,58.998764336814304,-0.3188781376178079,-0.28689113641963715,-0.9125000548457382,-0.3087755212351532,-0.4072985362428053,57.44486220147538
M1-T15760---- 06 001,1987718,48.54,58.998764336814304,-0.3188781376178079,-0.2861606675123247,-0.06436242244911028,-0.33547069447063693,-0.13829355811785235,58.25548374356931
M1-T15760---- 06 001,1987718,48.54,58.586538412565424,-0.3188781376178079,-0.11549688470028974,-0.48717205006152586,-0.14169598690959329,0.05960555115945911,57.946981844540915
M1-T15760---- 06 001,1987718,48.54,58.643793581749215,-0.3188781376178079,-0.2861606675123247,-0.497328855617314,-0.19045975836834883,0.011320457591387788,57.87881871851557
M1-T15760---- 06 001,1987718,48.54,58.93320281400969,-0.3188781376178079,-0.0684988350358688,-0.3871283845792527,-0.30360514090215457,-0.15506637824617786,58.04218094180033
M1-T17771---- 05 002,1989725,34.08,34.89939097707799,0.016098880439197497,-0.2855688290111282,-0.000410919769624768,-0.39527122039262463,-0.36248569059016,34.243825353592115
M1-T17771---- 05 002,1989725,34.08,34.34431008878096,0.016098880439197497,-0.2855688290111282,-0.30591520851984644,-0.5466238989195995,-0.38363753871173173,33.40816152267225
M1-T17771---- 05 002,1989725,34.08,34.89939097707799,0.016098880439197497,-0.2855688290111282,-0.30591520851984644,-0.5962312756784451,-0.3942800147179961,33.92763420199515
M1-T15760---- 06 001,2020354,53.05,56.83603807545513,-0.3188781376178079,-2.097410782429627,-0.539642881412306,0.05714953381755201,-0.27720716560326775,55.397638237615254
M1-T15760---- 06 001,2020354,53.05,56.197640778063345,-0.3188781376178079,0.13299181899721405,0.002309721184192078,-0.19885964497561975,-0.19263682290694015,55.59660800118995
M1-T15760---- 06 001,2020354,53.05,54.87738278915984,-0.3188781376178079,-0.641943213115325,-0.01191668776364047,-0.16621156015964736,-0.34444264822863074,53.92342720947018
M1-T15760---- 06 001,2020354,53.05,56.197640778063345,-0.3188781376178079,0.563333733689827,-0.46578230013678534,-0.2819831976656933,-0.25684384675196265,55.30292429571435
M1-T15760---- 06 001,2020354,53.05,54.87738278915984,-0.3188781376178079,0.25775827759370196,-0.2230975251181406,-0.3658155497350775,-0.35036538326292255,53.9095533791079
M1-T15760---- 06 001,2020354,48.33,54.61516741350752,-0.3188781376178079,0.09886391861651436,-0.02559547354812503,-0.2819831976656933,-0.17586400277861464,53.96924331926194
M1-T15760---- 06 001,2020354,48.33,54.78770619357872,-0.3188781376178079,-0.5533765953772606,-0.20328407157022496,-0.1878927358282159,-0.3195143087315736,53.757506087895116
M1-T15760---- 06 001,2020354,48.33,56.84362550733133,-0.3188781376178079,-0.8806428725642786,-0.1523695626141785,-0.1878927358282159,-0.4335707955840654,55.63488143508117
M1-T15760---- 06 001,2020354,48.33,54.61516741350752,-0.3188781376178079,0.2461931963532688,0.032305483052952805,-0.13912896436946035,-0.007007148948135424,54.30104088129898
M1-T15760---- 06 001,2020354,48.33,56.83603807545513,-0.3188781376178079,0.24073739438804803,0.14366917712530547,-0.13391251342571123,-0.35036538326292255,56.195416614117256
M1-T15760---- 06 001,2020354,53.05,56.311476217661514,-0.3188781376178079,0.23128081870027445,0.18493708434397635,-0.6808779708386692,-0.6414378208413349,55.10107408730679
M1-T15760---- 06 001,2020354,50.63,56.57369159331383,-0.3188781376178079,0.35887031788459894,-0.07969630913398015,1.0549834553670434,-0.3412981059006366,56.396388159046424
M1-T15760---- 06 001,2020354,50.63,56.254221048477724,-0.3188781376178079,-0.05785880728463369,-0.02559547354812503,-0.2819831976656933,-0.5157558867852364,55.17979464176675
M1-T15760---- 06 001,2020354,50.63,56.57369159331383,-0.3188781376178079,0.25910330379442087,-0.12543017120788436,-0.13391251342571123,-0.17586400277861464,55.97531496020639
M1-T15760---- 06 001,2020354,50.63,56.58127902519003,-0.3188781376178079,-0.026273320820202978,-0.10695655127761092,-0.2819831976656933,-0.15157423137456125,55.88416729277623
M1-T15760---- 06 001,2020354,50.63,56.57369159331383,-0.3188781376178079,-0.21564521894192093,-0.053692377163100886,-0.3658155497350775,-0.4314120199181961,55.50214890725375
M1-T15760---- 06 001,2020354,48.33,56.52965083387103,-0.3188781376178079,0.2762276969897115,0.8833900624863964,-0.13391251342571123,-0.22003043759439542,56.495326075133654
M1-T15760---- 06 001,2020354,50.63,56.57369159331383,-0.3188781376178079,0.655200714064206,-0.21344510627557253,-0.16351112734251583,0.4771046647158689,56.753971282433355
M1-T15760---- 06 001,2018673,61.66,56.83603807545513,-0.3188781376178079,-0.9415475396334195,-0.10856120910463764,-0.34839623091344013,-0.23101751348249774,55.7967476009106
M1-T15760---- 06 001,2018673,61.66,56.83603807545513,-0.3188781376178079,-0.9155191749412315,-0.13508259005045237,-0.32882109850757185,-0.15157423137456125,55.88753236662421
M1-T15760---- 06 001,2018673,61.66,54.87738278915984,-0.3188781376178079,0.1308723171239682,-0.15256507144882467,-0.3658155497350775,-0.46537291026639716,53.789633306667795
M1-T15760---- 06 001,2018673,61.66,56.197640778063345,-0.3188781376178079,-0.8282888535578566,-0.01923548409465486,-0.2677669058862023,-0.44988354597604424,55.02561434276308
M1-T15760---- 06 001,1997943,55.74,58.74721543750699,-0.3188781376178079,0.41917614802637215,-0.14409929997280393,-0.13912896436946035,-0.35131642341390534,57.97141801353366
M1-T15760---- 06 001,2014977,50.43,56.83079204246748,-0.3188781376178079,0.0023158975721171877,-0.1943527683450006,-0.1878927358282159,-0.2205297267886622,56.05256368449681
M1-T15760---- 06 001,2016772,48.65,58.12344858793335,-0.3188781376178079,-0.34111849400317834,-0.592886150600164,-0.10966431521700971,-0.34828681503507697,56.91177945150597
M1-T15760---- 06 001,2016772,48.65,58.34581702352725,-0.3188781376178079,-0.6446727864418098,0.078082123281167,0.09974547394136682,-0.3310879712948567,57.58631853597037
M1-T15760---- 06 001,2016772,48.65,60.51437709801247,-0.3188781376178079,0.2178102525409598,-0.14364207031881487,-0.11488076616075883,-0.17586400277861464,59.90407861790353
M1-T15760---- 06 001,2016772,48.65,60.11276338907679,-0.3188781376178079,0.30176204967628545,-0.08829287079823857,-0.16364453761951442,-0.17586400277861464,59.53305355000464
M1-T15760---- 06 001,2016832,55.12,59.606008272391534,-0.3188781376178079,-0.6015100862602456,-0.7736523535877404,-0.22537672029094843,-0.3337728221155098,58.18493217085488
M1-T15760---- 06 001,2016832,55.12,59.36246024410088,-0.3188781376178079,-0.6156347386423165,0.1410326670517686,-0.034588043339463165,-0.1895139968464573,58.74763972087136
M1-T15760---- 06 001,2016832,55.12,60.51437709801247,-0.3188781376178079,0.03503146293047828,-0.06780583978239789,-0.032448544413456855,-0.4304479695235825,59.65224829933899
M1-T15760---- 06 001,2016832,55.12,59.281200236897284,-0.3188781376178079,-0.022375645508678176,-0.12543017120788436,0.14065693895634157,-0.2046012614385563,58.711864863112986
M1-T15760---- 06 001,2016832,55.12,59.51282658501673,-0.3188781376178079,0.48189940551429816,-0.19446577745332386,-0.21325191437835997,-0.35741811796139283,58.67958108497151
M1-T15760---- 06 001,2022233,50.33,56.6044812996279,-0.3188781376178079,-1.8045653557466808,-1.6428836763607595,-0.33681352339071696,-1.0155900742266066,53.53291643835268
M1-T15760---- 06 001,2022233,50.33,54.86738718796453,-0.3188781376178079,-0.4581069666432145,-0.024591887098549873,-0.30167927028527763,-0.3777082466843659,53.847573253515044
M1-T15760---- 06 001,2022233,50.33,54.86738718796453,-0.3188781376178079,-0.4678050884011662,-0.03537329777626537,-0.24657351014553278,-0.05769838089037696,54.232890935518334
M1-T15760---- 06 001,2022233,50.33,54.73016474114693,-0.3188781376178079,-0.6360650486957254,0.1061068721923391,-0.2615458574189289,-0.11967709232660342,54.062789610151874
M1-T15760---- 06 001,2022233,50.33,56.147686757507756,-0.3188781376178079,-0.34827302187167347,0.05495058898426886,-0.37995918832707565,-0.26896183069607327,55.29051298693843
M1-T17771---- 05 002,2017066,35.06,34.905759371168024,0.016098880439197497,-0.2855688290111282,0.007016186773577486,-0.1906423877461953,-0.16924280731568686,34.57340953387804
M1-T33025W3-- 03 005,2020312,47.52,45.12798516664666,-0.012334072069548466,-0.10754944675989343,-0.07190505546619982,0.016716547584239443,0.17261763947381228,45.25292867987666
M1-T33025W3-- 03 005,2020312,47.52,45.14886331900082,-0.012334072069548466,0.9038437799208863,-0.06228382049063826,0.4146732972351475,0.054320068363477865,45.57240575276698
M1-T33025W3-- 03 005,2024404,46.49333333333333,45.09869071690061,-0.012334072069548466,0.49426449536251327,-0.030604721530156843,-0.05544495488631986,-0.4004337625056035,44.69897519348384
M1-T33025W3-- 03 005,2024404,46.49333333333333,45.09869071690061,-0.012334072069548466,0.4384019081511959,-0.05664510615633294,0.4146732972351475,-0.4421390867902382,44.84328955439912
M1-B00458B1-- 02 002,2024~1362727,42.55,41.115542742711035,-0.002970670219957061,0.6004850312227017,0.3963636898543846,-0.41135526374556897,0.45098531191854196,41.82109374625156
M1-B00458B1-- 02 002,2024~1362727,42.55,40.99318539089516,-0.002970670219957061,0.4840661778278444,0.19253798987637022,0.23452869861373227,0.707517344283353,42.14688847828508
M1-B00458B1-- 02 002,2024~1362727,42.55,41.115542742711035,-0.002970670219957061,0.6578173363170919,0.1358521323719801,0.010325839634459894,0.6559722945152682,42.11151094573498
M1-B00458B1-- 02 002,2024~1362727,42.55,40.99318539089516,-0.002970670219957061,0.8066017416006649,0.513514201006996,0.18178638090277083,0.2085612929333277,41.81928023949534
M1-B00460B--- 02 001,2024~1357627,54.55,54.044572480255276,-0.2640595715877474,0.011751086801860393,-0.2994176120306098,0.013773953742673983,-0.2148629752900377,53.361300736507026
M1-T30087---- 08 001,2024~1356566,55.34,56.255960154350134,0.016098880439197497,-0.339461003132866,-0.5702600221953487,-0.4716359079344877,-0.7767747031743882,54.72986564611328
M1-B00458---- 12 003,2024~1384350,41.8,40.27422750986475,-0.010387011838218047,0.3227960228781156,0.4028160986452863,-0.08342366745790915,0.10223580785593746,40.66313491163791
M1-T02128W5-- 04 002,2024~1401516,62.72,62.97632694756943,0.16083550877812589,-0.016159744281404306,0.18358647805219624,1.0882712319220336,-1.2196285705611898,62.353657794050314
M1-T02128W5-- 04 002,2024~1401516,62.72,62.97632694756943,0.16083550877812589,-0.164836794709681,0.10962465258035652,-0.05743295028920982,-1.2059447035738842,61.74955215204267
M1-T02128W5-- 04 002,2024~1401516,62.72,62.97632694756943,0.16083550877812589,-0.36902068332983073,0.24997600283528135,0.13266485212451656,-0.41233492870975247,62.78844510793165
M1-T02128W5-- 04 002,2024~1401516,62.72,62.97632694756943,0.16083550877812589,-0.25972453012889785,0.0522552595394564,0.3515864423053399,-1.2832576767712016,61.795835905617544
M1-T02128W5-- 04 002,2024~1401516,62.72,62.97632694756943,0.16083550877812589,-0.18578846595439338,0.08073825828988546,0.19489688988226025,-0.6770187116271141,62.4544872229685
M1-T19012---- 01 005,2024~1425828,107.2775,108.0802243886623,0.016098880439197497,0.9164375728865278,-1.2909120957631135,1.4456083515349527,-1.1541603553795656,106.88637054311619
M1-T19012---- 01 005,2024~1425828,107.2775,108.0802243886623,0.016098880439197497,0.4551507466474014,0.06914361764114654,0.5721141046992114,-0.2754853782662042,108.19931449420484
M1-T19012---- 01 005,2024~1425828,107.2775,108.0802243886623,0.016098880439197497,0.722036986489174,0.07172897143028659,1.133444942203035,-0.3481167571789633,108.44538908341269
M1-T19012---- 01 005,2024~1425828,107.2775,108.0802243886623,0.016098880439197497,0.6253967213833481,0.6904407865828185,1.039447231099451,-0.08885510786149656,109.05095218685284
M1-T02128W5-- 04 002,2024~1473889,62.5,65.42786814127376,0.16083550877812589,-0.8235907908270892,0.29796733076094334,0.14977521981439876,-0.28373758375640623,65.31653829386659
M1-T02128W5-- 04 002,2024~1484288,62.15,63.2732943479808,0.16083550877812589,0.5804161186412132,1.331574182016098,0.9898461133535406,-0.29333644114399604,64.50754944069931
M1-T02128W5-- 04 002,2024~1484288,62.15,63.2732943479808,0.16083550877812589,-0.2930855674819053,-0.02629852408790897,-0.20176886340121788,-0.16907373023131664,63.058670882408045
M1-T02128W5-- 04 002,2024~1484288,62.15,62.6358991419881,0.16083550877812589,-0.8270461238576656,0.1647835569521431,0.04755858411939961,-0.19137662242808112,62.50124188633141
M1-T02128W5-- 04 002,2024~1484288,62.15,63.5058673205446,0.16083550877812589,-1.0296569522399832,0.21805751539723348,0.015213978338881787,-0.19108760755882034,63.340190879047164
M1-T02128W5-- 04 002,2024~1484288,62.42,63.2732943479808,0.16083550877812589,-0.9232527982841287,0.04867004141933769,-0.1350719102629814,-0.45792204344340603,62.65266590588072
M1-T02128W5-- 04 002,2024~1484288,62.42,63.2732943479808,0.16083550877812589,0.18210169156668574,0.2621816068477327,0.03366923456215112,-0.2393777406094145,63.376767153226524
M1-T02128W5-- 04 002,2024~1484288,62.42,63.2732943479808,0.16083550877812589,-0.6284216598078882,0.09468409096387677,-0.1736226024154147,-0.3540120851321209,62.85232024640177
M1-T02128W5-- 04 002,2024~1484288,62.42,63.2732943479808,0.16083550877812589,-0.38206639072976634,0.4298493890814274,0.12302170161926332,-0.2393777406094145,63.385666479815356
M1-T02128W5-- 04 002,2024~1485706,69.27,63.48179651304697,0.16083550877812589,-0.09035896032803123,0.11513909663595459,-0.5084393564991272,0.16496585436038927,63.641129456542984
M1-T02128W5-- 04 002,2024~1485706,69.27,63.48179651304697,0.16083550877812589,0.11071057651117362,0.2831070044474223,0.032585009516315544,0.010162676140414422,63.86750831292384
M1-T02128W5-- 04 002,2024~1504757,66.6,63.574315744100815,0.16083550877812589,-0.5493705791018388,0.2519532812164043,0.03912759435626248,0.014148948863974015,63.79123982065016
M1-T02128W5-- 04 002,2024~1504757,66.6,63.574315744100815,0.16083550877812589,-0.9474226577623044,0.3680667967492097,0.2911830826783418,0.02864299631211676,63.90188888085657
M1-T02128W5-- 04 002,2024~1504757,66.6,62.93692053810811,0.16083550877812589,-0.5392460129044206,0.31153488129994894,0.10525859736894388,0.1909758503417758,63.426939506767184
M1-T02128W5-- 04 002,2024~1504757,66.6,63.574315744100815,0.16083550877812589,-0.2912734610790246,-0.002889800488047392,-0.05699176857869011,0.19524390028282654,63.86167046714423
M1-T33025XA-- 01 001,2024~1528000,49.25,47.804317884205204,0.016098880439197497,-0.7967707294144946,-0.4062394246686302,0.3376642303836357,-0.8195530649042397,46.600267950726945
M1-T33025XA-- 01 001,2024~1528000,49.25,47.80115196970148,0.016098880439197497,-0.659459416983656,-0.37405002982207497,-0.23125772687137897,-0.0018409369704514844,47.322309806407524
M1-T33025XA-- 01 001,2024~1546888,47.97,48.35368952778995,0.016098880439197497,-0.5036897985389788,-0.26847773058046387,0.06892542543646708,-0.16838116845447668,47.92570392684031
M1-T33025XA-- 01 001,2024~1546888,47.97,48.907114666583475,0.016098880439197497,-0.3151753438130987,-0.17656361122591008,-0.13802454905927528,-0.22243380337002247,48.420127612207274
M1-T33025XA-- 01 001,2024~1546888,47.97,48.24072138640342,0.016098880439197497,-0.3456880507036694,-0.33234104347050053,-0.3152367799177058,-0.2538312863493134,47.53254995807159
M1-T01139B--- 14 003,2024~1605749,61.09,63.68594021296608,0.016098880439197497,-0.31949554697167276,0.2549236782883745,-0.12172746744926946,0.2437471268364718,64.00323238978496
M1-T01139B--- 14 003,2024~1605749,61.09,63.68594021296608,0.016098880439197497,-0.40554890914916475,0.5487490068949039,0.06550025471357748,0.07893713739346091,64.05912415592358
M1-T01139B--- 14 003,2024~1605749,61.09,63.68594021296608,0.016098880439197497,-0.3603635916039588,0.5487490068949039,-0.2022487088909317,0.10348658312157175,63.97206154572686
M1-T01139B--- 14 003,2024~1605749,61.09,63.68594021296608,0.016098880439197497,-0.3603635916039588,0.5102067610478259,-0.00392758553352011,0.07893713739346091,64.01387968188425
M1-T01139B--- 14 003,2024~1605749,61.09,63.68594021296608,0.016098880439197497,-0.3603635916039588,0.16917611597507035,-0.022619312189905677,0.07893713739346091,63.79860249491486
M1-B00163RT-- 01 002,2024~1627908,57.15,56.449084908629814,-0.3782179947331337,-0.28538101850873177,0.20470299380675525,0.07031109067748303,0.2044287732172452,56.39500041232183
M1-T17771---- 05 002,2025~1672855,31.38,34.876781426118264,0.016098880439197497,-0.2682039959353384,0.013461170931647776,-0.4277868621683853,-0.006130501754214561,34.62847481809402
M1-T17771---- 05 002,2025~1672855,31.38,34.301427970691506,0.016098880439197497,-0.28266711737538086,0.3343394825802722,-0.4098658186467178,-0.22143040007548934,34.00465406093964
M1-T17771---- 05 002,2025~1672855,31.38,34.301427970691506,0.016098880439197497,-0.2682039959353384,0.024784573259469984,-0.7717527582871525,-0.2125177012242508,33.66051246675111
M1-T17771---- 05 002,2025~1672855,31.38,34.301427970691506,0.016098880439197497,-0.2682039959353384,0.004980155619462341,-0.5534190518950414,-0.022312567864989894,33.970200235563155
M1-T02128W5-- 04 003,2025~1706951,64.89,65.42369748096046,0.016098880439197497,0.5969565209660508,0.31902443330061264,0.00955505953251895,0.24455239417408012,66.0613558160956
M1-T02128W5-- 04 003,2025~1706951,64.89,65.42369748096046,0.016098880439197497,0.7301399324185539,0.08819970522966043,-0.063103614728232,0.2171514034062156,65.887655371609
M1-T02128W5-- 04 003,2025~1706951,64.89,65.42369748096046,0.016098880439197497,0.6360908070036526,0.3424771430863205,0.2134884772863694,0.11080108558176739,66.0270453520602
M1-T02128W5-- 04 003,2025~1706951,64.89,65.42369748096046,0.016098880439197497,0.23585930945500955,0.2187020024501387,0.00955505953251895,0.11080108558176739,65.76050839371442
M1-T02128W5-- 04 003,2025~1706951,64.89,65.42369748096046,0.016098880439197497,0.17569714319976076,0.5324223625406188,0.3764265527103603,0.08347944210423383,66.0774271933538
M1-T17771---- 05 002,2025~1744119,29.02,34.34153909457454,0.016098880439197497,-0.25597615912752747,-0.01637964691744477,-0.5499301539345172,-0.22224329817123747,33.771898336311644
M1-T17771---- 05 002,2025~1744119,29.02,34.34153909457454,0.016098880439197497,-0.2682039959353384,0.0813729970213445,-0.5791844456271031,-0.20606123206046212,33.83300439450145
M1-T17771---- 05 002,2025~1744119,29.02,34.34153909457454,0.016098880439197497,-0.28266711737538086,-0.19161129289527712,1.007219327734544,-0.06577137832815122,34.57281868458402
M1-T17771---- 05 002,2025~1744119,29.02,34.324037521651235,0.016098880439197497,-0.2855688290111282,0.1911849442798099,0.4601508805751974,-0.20959561598993043,34.36325452910397
M1-B15563---- 01 005,2025~1750449,44.44,46.48570861294217,0.016098880439197497,-0.5770722246169822,0.028270737426412968,-0.17593041470509202,-0.10718696144650944,46.17496204167917
M1-B15563---- 01 005,2025~1750449,44.44,46.47457341352172,0.016098880439197497,-0.8994305338139509,0.028270737426412968,-0.19468101620910988,-0.2548337706219249,45.908148648956995
M1-B15563---- 01 005,2025~1750449,44.44,46.48570861294217,0.016098880439197497,-0.49000393307000534,-0.038351768052556544,-0.1665698181292007,-0.29621984561092046,45.94231771786375
M1-B15563---- 01 005,2025~1750449,44.44,46.47457341352172,0.016098880439197497,-0.6153786114837715,0.5306347086559265,-0.06480677407290361,-0.2548337706219249,46.341282863821505
M1-T15760---- 06 001,2026133,54.58,58.49415778110783,-0.3188781376178079,0.03740876385554008,-0.9298528934351724,0.21826520861066745,-1.1529998059173807,56.39737254342699
M1-T15760---- 06 001,2026133,54.58,57.97018403717388,-0.3188781376178079,0.40391167632977826,0.3334271125723221,-0.3825025765387383,-0.5983598403357963,57.08098686604196
M1-T15760---- 06 001,2026133,54.58,57.729931446489566,-0.3188781376178079,-1.6579771610936418,-0.15721596885728198,-0.002716212136557726,-0.8442057294970384,55.94739194081334
M1-T15760---- 06 001,2026133,54.58,58.66778859479995,-0.3188781376178079,0.2873386825829714,-0.12242028927426715,0.6487273404735105,-0.8597824564435002,57.65963591256814
M1-T15760---- 06 001,2026133,54.58,57.97018403717388,-0.3188781376178079,-0.6097997317789859,-0.18531936595188012,0.7301948759526676,-1.038113674255628,56.542935319742575
M1-T33025W3-- 03 005,2033345,49.06333333333333,45.22486396870459,-0.012334072069548466,0.3174741744223778,0.237189001062659,0.0016880555236590629,-0.3392185026710514,45.04241569438454
M1-T15760---- 06 001,2041466,62.91,57.33168117791497,-0.3188781376178079,-1.465322615010827,-0.626020091496553,0.058053284085615414,0.009723124803032956,56.322467607316014
M1-T15760---- 06 001,2041466,62.91,57.53629576806754,-0.3188781376178079,-0.2664870338543227,-0.06761867796739221,0.6487273404735105,0.1603137159301879,57.602835297458796
M1-T15760---- 06 001,2041466,62.91,57.470734245262925,-0.3188781376178079,0.21375978826626083,-0.18869548242071135,-0.07311212711643196,0.20547472632152639,57.290636882916885
M1-T15760---- 06 001,2041466,62.91,57.543883199943735,-0.3188781376178079,0.10225019020396799,-0.1666922613213628,0.004503420263979886,0.0452514825702728,57.20268270550505
M1-T15760---- 06 001,2041466,62.91,57.33168117791497,-0.3188781376178079,-0.17812996757593552,-0.8202628643779538,-0.09454805129646057,0.14903149022661827,56.600603278112644
M1-T15760---- 06 001,2037488,51.34,57.307739574281904,-0.3188781376178079,-0.1458580994812543,-0.08202110939378693,-0.13360509584343697,0.06145425273563,56.91216722351624
M1-T15760---- 06 001,2037488,51.34,57.468620374472344,-0.3188781376178079,0.20802182902968683,-0.1752008952084902,-0.20309502259042506,0.20940069520775634,57.238624535182986
M1-T15760---- 06 001,2037488,50.56,57.307739574281904,-0.3188781376178079,-0.046275410894171365,-0.044498767993835266,-0.20309502259042506,0.025770683513200512,56.884875459372836
M1-T15760---- 06 001,2037488,52.89,57.49264157153615,-0.3188781376178079,-1.7402563881614126,-0.0880991687531097,-0.22232531193683128,0.06281214623632529,56.67250715390934
M1-T15760---- 06 001,2037488,52.89,57.307739574281904,-0.3188781376178079,-0.9431480366926118,-0.14684471542110958,-0.12491267258996933,0.12466146569700375,56.75938885838227
M1-T15760---- 06 001,2037488,52.89,57.49264157153615,-0.3188781376178079,0.11214199867704482,-0.5107294097229603,-0.12491267258996933,0.20017617459978598,57.06281792105547
M1-T15760---- 06 001,2037488,52.89,57.3153270061581,-0.3188781376178079,0.17727412737372572,0.08341430977210475,-0.1878927358282159,-0.011340849245728684,56.987737588252855
M1-T15760---- 06 001,2039468,55.44,57.699561682708435,-0.3188781376178079,0.5379963971785185,0.06445454309500516,-0.21975828939669834,-0.17620103845531956,57.24191748399596
M1-T15760---- 06 001,2039468,55.44,57.85285505102268,-0.3188781376178079,0.43436301801053084,-0.21338239850838944,-0.2225277653136652,-0.3339270232800259,57.01946807517862
M1-T15760---- 06 001,2039468,55.44,57.85285505102268,-0.3188781376178079,0.22909317651003966,0.20124805150643268,-0.27129153677242074,-0.24456213011753053,57.30135381823293
M1-T15760---- 06 001,2039468,55.44,57.85285505102268,-0.3188781376178079,-0.6160510655397997,-0.06761867796739221,-0.21325191437835997,-0.25954712013434,56.94688513663345
M1-T15760---- 06 001,2039468,55.44,57.699561682708435,-0.3188781376178079,-1.076471294807342,-0.8427759798889113,-0.341567351526376,-1.0921767562408446,55.19588678257617
M1-T15760---- 06 001,2037762,56.54,59.08875733498363,-0.3188781376178079,-0.7567292863575922,-0.16161596123350463,-0.2883165975145918,-0.18284561704503485,58.14519260845316
M1-T15760---- 06 001,2037762,56.54,58.8451872365564,-0.3188781376178079,-0.6249309144808353,-0.21160554364234663,-0.016932503916048728,0.15048685071771914,58.41417052312707
M1-T15760---- 06 001,2037762,56.54,58.87220126500257,-0.3188781376178079,0.46793550366568987,-0.42854646974522775,-0.016932503916048728,0.2798277380735042,58.71958209889651
M1-T15760---- 06 001,2037762,56.54,58.87978869687877,-0.3188781376178079,0.27310646578970954,-0.42854646974522775,-0.006565118100148672,-0.0959201743475858,58.25319542753299
M1-T17771---- 05 002,2039523,37.12,34.77249796109137,0.016098880439197497,-0.2682039959353384,-0.33660410894947074,-0.1906423877461953,-0.011026955355545709,34.4182974609558
M1-T15760---- 06 001,2045000,56.62,56.668321374237216,-0.3188781376178079,-1.0607278177201451,-0.07671677589245564,-0.6465448442886589,-0.3513214233445264,55.34101871257256
M1-T15760---- 06 001,2045000,56.62,56.77464695571027,-0.3188781376178079,-0.12924695425086283,-0.06857709235152662,-0.17012579296767483,-0.09490789016428251,56.194067783082616
M1-T15760---- 06 001,2045000,56.62,56.611066205053426,-0.3188781376178079,-0.7154368823086272,-0.11852443823947172,-0.002716212136557726,-0.1595165602099722,55.86479694631904
M1-T15760---- 06 001,2045000,58.55,56.91186940252787,-0.3188781376178079,-0.3845636845750322,-0.17815066890091577,0.023936162987220004,-0.1405010568957633,56.242927239875456
M1-T15760---- 06 001,2045000,58.55,56.91186940252787,-0.3188781376178079,-0.8340255360761387,-0.16650509950635706,-0.016932503916048728,-0.1838063316140256,56.073594276828125
M1-T15760---- 06 001,2045000,58.55,56.91186940252787,-0.3188781376178079,-0.39795574483044377,-0.22567570545795923,-0.08803265357930579,-0.09698543022938809,56.208293800136815
M1-T15760---- 06 001,2045000,58.55,57.07529737268867,-0.3188781376178079,-1.0785459340921735,0.026363807201681622,-0.08803265357930579,-0.2647861755873736,56.1687525078957
M1-T15760---- 06 001,2045000,58.55,56.668321374237216,-0.3188781376178079,0.5612989784196715,-0.12196442640314856,-0.08803265357930579,-0.285225251470359,56.03996660842103
M1-T15760---- 06 001,2052905,50.23,56.282132738732976,-0.3188781376178079,-0.7177954886720362,-0.9077799936141494,-0.11329768390799613,-1.7577925656737505,53.16637197754863
M1-T15760---- 06 001,2052905,50.23,54.43349937605748,-0.3188781376178079,-0.938972289217185,-0.13508259005045237,-0.03568213652758423,-0.17586400277861464,53.589501140628435
M1-T15760---- 06 001,2052905,50.23,56.282132738732976,-0.3188781376178079,-1.0892767316322132,0.08000484418240694,-0.2628180401237424,-0.26359834936701937,55.32455322443333
M1-T15760---- 06 001,2052905,50.23,56.27454530685677,-0.3188781376178079,-1.1710912837617513,-0.13508259005045237,-0.03568213652758423,-0.17586400277861464,55.37512883564941
M1-T15760---- 06 001,2052905,50.23,54.72096410869869,-0.3188781376178079,-0.8921412358014708,0.012438876287364519,-0.018687626106883053,-0.2682152882980617,53.87920524268223
M1-T15760---- 06 001,2052578,54.41,55.99351756201645,-0.3188781376178079,-0.9702406740940459,-0.06234633532853045,-0.792263898114986,-0.7001232548266667,54.226555276364785
M1-T15760---- 06 001,2052578,54.41,55.985930130140254,-0.3188781376178079,-1.1516856609665764,-0.09553104233797868,-0.5852478319519852,-0.7951479921977062,54.14371476105812
M1-T15760---- 06 001,2052578,53.34,56.029970889583055,-0.3188781376178079,0.0030577291832384057,-0.12296391195469016,-0.4918143673966493,0.653948702314898,56.15819668540959
M1-T15760---- 06 001,2057951,51.19,58.37385304533928,-0.3188781376178079,-0.00532565594452132,-0.6590457393311799,0.03357196178063106,-0.5478046050963238,57.04018789425176
M1-T15760---- 06 001,2057951,51.19,59.014029807166594,-0.3188781376178079,0.5064008061929144,-0.1344468811302359,-0.13912896436946035,-0.007007148948135424,58.661068780845646
M1-T15760---- 06 001,2057951,51.19,58.691385965412955,-0.3188781376178079,-0.33454029300839544,-0.1666922613213628,-0.10397001216216849,-0.010341904901257673,58.13084941906873
M1-T15760---- 06 001,2057951,51.19,58.691385965412955,-0.3188781376178079,-0.49417689845360735,-0.14409929997280393,-0.11329768390799613,-0.46537291026639716,57.57845637658848
M1-T15760---- 06 001,2057951,51.19,59.014029807166594,-0.3188781376178079,0.24472574741028366,-0.12424897212688431,-0.13738602534356645,-0.29047205328474135,58.279430022608224
M1-T15760---- 06 001,2057951,48.02,59.538003551100545,-0.3188781376178079,-0.9098089688455746,-0.020394578421515697,-0.14438486983370383,-1.805893802835702,56.84367333779728
M1-T15760---- 06 001,2057951,48.02,58.691385965412955,-0.3188781376178079,-1.0110672518474717,-0.08079313811120757,-0.02146584474809323,-0.5130140776920017,57.481809333466664
M1-T15760---- 06 001,2057951,48.02,58.691385965412955,-0.3188781376178079,-0.6113936819725595,-0.031405371621164184,-0.1391070921469381,-0.40159122224097427,57.67993372890011
M1-T15760---- 06 001,2057951,48.02,59.07959132997121,-0.3188781376178079,-1.0500595492475948,-0.09228529258309827,-0.1360333568059419,-0.47712092720754606,57.84109063048668
M1-T15760---- 06 001,2057951,48.02,58.691385965412955,-0.3188781376178079,-0.9063585795752925,0.017513385477499626,-0.08253408798213982,-0.25530728488655113,57.83408841861088
M1-T15760---- 06 001,2054508,48.47,53.32961045446332,-0.3188781376178079,-0.4464929931527467,-0.21179270545735235,-0.09429311721994645,-0.46537291026639716,52.19603122294334
M1-T15760---- 06 001,2054508,48.47,53.622892138150036,-0.3188781376178079,-0.10732020255151793,-0.18466615223605248,-0.5687358160674264,0.19594263947608548,53.12419278519901
M1-T15760---- 06 001,2054508,48.47,53.75495494757046,-0.3188781376178079,-1.6708312434506079,-0.5832337317575961,-0.059747820086360516,-0.16837789945298443,52.462176251819486
M1-T15760---- 06 001,2054508,48.47,53.45620401595876,-0.3188781376178079,-0.6188828988843317,0.28949724679289485,-0.17783063279705916,-0.004537130955221817,53.0758712025974
M1-T15760---- 06 001,2058014,52.65,57.21215226731832,-0.3188781376178079,-1.0566134887460528,0.0020733064259585935,-0.009060689892479875,-0.28023088158109277,56.31555854364046
M1-T15760---- 06 001,2058014,52.65,57.160312806912486,-0.3188781376178079,-1.5016580046822536,-0.11675012845166184,-0.006973840256977865,-0.3872130839964334,55.96341178232301
M1-T15760---- 06 001,2058014,52.65,57.27488316884893,-0.3188781376178079,-1.9939673379825877,-0.1611674141282938,0.012651276350302193,-0.25000252922451593,56.100670704373265
M1-T15760---- 06 001,2058014,52.65,57.16597008243909,-0.3188781376178079,0.5203846906811054,-0.1930890695376776,-0.5771957276629508,-0.16310697183942385,56.39492292473639
M1-T15760---- 06 001,2058014,52.65,57.47423773424322,-0.3188781376178079,-1.784027064380712,-0.06780583978239789,-0.061190337594452734,-0.19263682290694015,56.43790320181401
M1-T15760---- 06 001,2061760,59.16,58.78268908558588,-0.3188781376178079,-1.041701111093058,0.5705087458024645,-0.045484130776201705,-0.2164383700802303,58.290057180469894
M1-T15760---- 06 001,2061760,59.16,58.790276517462075,-0.3188781376178079,0.439478633005537,-0.06780583978239789,-0.10842886368926194,-0.17586400277861464,58.2818541788958
M1-T15760---- 06 001,2061760,59.16,59.05571933799409,-0.3188781376178079,-0.39124618777670694,-0.14295551501736328,-0.09084492760797862,-0.18337634605689299,58.30310072346371
M1-T15760---- 06 001,2061760,59.16,58.852288297204616,-0.3188781376178079,-0.9836322106402399,-0.12322260083492749,0.14558295695927828,-0.2607654725020651,57.99248671172509
M1-T15760---- 06 001,2061760,59.16,59.05571933799409,-0.3188781376178079,-0.23692706187529533,0.24848660162062347,-0.12491267258996933,-0.17339398478570106,58.57238125850869
M1-T15760---- 06 001,2065835,51.83,56.48996008592158,-0.3188781376178079,-2.053653074942322,0.11182588621228923,-0.04863984778299151,-0.45933018820527693,55.197058297536834
M1-T15760---- 06 001,2065835,51.83,56.40672902927701,-0.3188781376178079,-0.9132289957614834,0.09467724714174497,-0.14304781114790488,-0.524181666560926,55.25663916892701
M1-T15760---- 06 001,2065835,51.83,56.48996008592158,-0.3188781376178079,-0.8981903954669141,-0.03352839284553857,-0.08837003110163842,-0.18337634605689299,55.68372624864023
M1-T15760---- 06 001,2065835,51.83,56.48996008592158,-0.3188781376178079,-0.9254634937005338,-0.8509961851697664,-0.10258632288112941,-1.558587614410522,53.593250912650554
M1-T15760---- 06 001,2065835,51.83,56.48996008592158,-0.3188781376178079,-0.08045435009487976,0.008068876865669112,-0.08837003110163842,-0.17586400277861464,55.91278866409855
M1-T15760---- 06 001,2063840,52.07,57.08538339960194,-0.3188781376178079,-1.1218232813525018,-0.41951598784430827,-0.1940451342160532,-0.5460231374408445,55.525029140937534
M1-T15760---- 06 001,2063840,52.07,56.59476097671306,-0.3188781376178079,-0.6808516229184495,-0.07780005143876591,0.007192154698023281,-0.46537291026639716,55.53414849545668
M1-T15760---- 06 001,2063840,52.07,56.38508945869926,-0.3188781376178079,-0.4262957913020466,-0.17081983297086187,-0.02669184230408926,-0.16834705150288676,55.65473866794129
M1-T15760---- 06 001,2063840,52.07,56.59476097671306,-0.3188781376178079,-0.6198692501670247,-0.15009046517599,-0.056696742622158305,-0.4335707955840654,55.51144359842747
M1-T15760---- 06 001,2063840,52.07,56.68443757229418,-0.3188781376178079,-1.8336313846176844,0.2270513357042731,-0.11337770412521328,-0.17339398478570106,55.81234216982672
M1-T15760---- 06 001,2071476,47.94,58.31546480609646,-0.3188781376178079,-0.3800131569661883,-0.47938854811949655,0.16095674374480112,-0.3201228280476671,57.32308189135122
M1-T15760---- 06 001,2071476,47.94,58.61665528961751,-0.3188781376178079,-0.6371221185599562,-0.09775158759567774,0.10114607034595689,-0.19263682290694015,57.91246608304197
M1-T15760---- 06 001,2071476,47.94,58.61665528961751,-0.3188781376178079,-1.2960781198174003,0.17358627959718162,0.04524655538982931,-0.3262688113466303,57.73933498037917
M1-T15760---- 06 001,2071476,47.94,58.61665528961751,-0.3188781376178079,-1.7583377753454916,-0.4978397135982045,0.1343043686210234,-0.20766611746094638,57.40086968284617
M1-T30087---- 08 001,2067741,53.67,57.26030631376576,0.016098880439197497,-0.9421967165414818,-0.5963329234293615,0.9993149568846923,-0.5282682037232347,56.55320965342236
M1-T30087---- 08 001,2067741,53.67,57.346752934978035,0.016098880439197497,-0.6579065605643881,-0.3814720312401509,0.7618308071258085,-0.09327592105468772,57.22628079626715
M1-T30087---- 08 001,2067741,53.67,57.26030631376576,0.016098880439197497,-0.7291366512857196,0.08069970373769537,0.030445998574650066,-0.3000010301134728,56.82033617925315
M1-T30087---- 08 001,2067741,53.67,57.4678276419486,0.016098880439197497,-0.6144513306693484,-0.7245021860718664,0.472138878358745,-0.16793821532800823,56.927706308495154
M1-T30087---- 08 001,2067741,53.67,57.26030631376576,0.016098880439197497,-0.322428832463222,-0.1576655449354181,-0.015956035605094534,-0.022986429032376784,57.070005120804616
M1-T30087---- 08 001,2067741,53.67,57.26030631376576,0.016098880439197497,-0.8456148013118931,-0.29614616359966256,-0.036495395875411736,-0.19123825592767843,56.65798663055674
M1-T15760---- 06 001,2071695,57.89,58.999605004882994,-0.3188781376178079,-1.263156752568696,-0.5308827620274643,0.09118740668688603,-0.12459064721179805,57.95731965458269
M1-T15760---- 06 001,2071695,57.89,58.9796793182167,-0.3188781376178079,-0.7419075372934374,-0.7780122677016333,0.037657073975659254,-1.6067609561770118,56.18160075787412
M1-T15760---- 06 001,2071695,57.89,60.40953958936762,-0.3188781376178079,-0.5045460694239403,-0.06780583978239789,0.006352226905936604,-0.20766611746094638,59.693196710625244
M1-T15760---- 06 001,2071695,57.89,58.9796793182167,-0.3188781376178079,-1.7825355862758567,-0.001963820902348927,0.0787513233425993,-0.18337634605689299,58.06012577621552
M1-T15760---- 06 001,2071695,57.89,58.65313734801362,-0.3188781376178079,-1.3030183053525757,0.027495946158690904,0.0787513233425993,-0.46537291026639716,57.54143474858276
M1-T15760---- 06 001,2073276,52.06,60.34109728883373,-0.3188781376178079,-1.7703253565352706,-0.8698595631731397,0.0023037531218876115,-0.2130969266720083,58.828798217000966
M1-T15760---- 06 001,2073276,52.06,58.931162704349106,-0.3188781376178079,0.19515715918516824,-0.13169001909839984,-0.40759034886462797,0.1000943833575066,58.50236123460876
M1-T15760---- 06 001,2084848,53.01,55.804288131935124,-0.3188781376178079,-1.4281916957862146,-0.19037623910476514,0.05909299815568786,-0.7967655808368698,54.14022780645858
M1-T15760---- 06 001,2084848,53.01,55.77907686085569,-0.3188781376178079,-0.6780868215459877,0.06959637642140788,0.013178478342059215,-0.5980086379856469,54.65857100251585
M1-T15760---- 06 001,2084848,53.01,55.81068548979569,-0.3188781376178079,-1.2155769640379763,-0.11981561795625512,0.061123918699779456,-0.556279720056798,54.51777036382273
M1-T15760---- 06 001,2084848,53.01,55.77907686085569,-0.3188781376178079,-0.9199740013310098,-1.6574314116766595,0.04690762692028846,-1.284812000259792,52.78084393743258
M1-T15760---- 06 001,2084848,53.01,55.804288131935124,-0.3188781376178079,-1.1706912195312908,-0.14684471542110958,-0.009976230963477557,-0.6831389068683795,54.326273819825325
M1-T15760---- 06 001,2084848,56.66,55.81173958951672,-0.3188781376178079,-1.857706499128856,-0.010338248168368513,0.08560251433337952,-0.5660959775944205,54.43203226722786
M1-T15760---- 06 001,2084848,56.66,55.786528318437284,-0.3188781376178079,0.12541651515874735,-0.1308372406488918,0.04690762692028846,-0.5660959775944205,54.78911146432626
M1-T15760---- 06 001,2084848,56.66,55.81068548979569,-0.3188781376178079,0.42515603990976125,-0.10017587181267285,-0.10842886368926194,-0.3504730529461339,55.07833758537719
M1-T15760---- 06 001,2084848,56.66,55.81068548979569,-0.3188781376178079,-0.5394602689664048,-1.3166560184592568,-0.11917519894060881,-1.490618667370456,52.79459785166992
M1-T15760---- 06 001,2084848,56.66,55.81068548979569,-0.3188781376178079,-1.0916261929076267,-0.0762683219756927,-0.017223602451318237,-0.7100083000652665,54.35994827587482
M1-T17771---- 05 002,2080725,34.12,34.34431008878096,0.016098880439197497,-0.21558741396720388,-0.457250105834745,-0.5956656009454251,-0.07574807104381082,33.66441104575417
M1-T17771---- 05 002,2080725,34.12,34.34431008878096,0.016098880439197497,-0.21558741396720388,0.16770769498799135,-0.7632839929851705,-0.318119202396582,33.68497007364309
M1-T17771---- 05 002,2080725,34.12,34.878396992049055,0.016098880439197497,-0.21558741396720388,-0.37190803056831667,-0.5466238989195995,-0.33444385349333083,33.97560463573225
M1-T17771---- 05 002,2080725,34.12,34.34431008878096,0.016098880439197497,-0.21558741396720388,-0.1597257931299018,-0.5956656009454251,-0.09418634370408227,33.82332936368717
M1-T33025W3-- 03 005,2086350,44.09333333333333,43.85338240568314,-0.012334072069548466,0.057976088471701916,-0.036351777185621145,-0.2572163706565721,-0.912255365202925,42.66208883127913
M1-T33025W3-- 03 005,2086412,46.15,44.64258128876401,-0.012334072069548466,-0.23186191480717588,0.043603087477138806,0.5641856115822573,-0.7486642138899257,44.00557050383226
M1-T10035B6-- 03 001,2094369,34.41,42.440609750063985,0.016098880439197497,-0.30397915134316633,-0.6641436856267456,0.07387386874882136,-2.3184030339267614,39.34923412370037
M1-T15760---- 06 001,2092010,53.11,57.92664223356049,-0.3188781376178079,-1.2393395360169395,-0.2506146499955328,0.1343043686210234,-0.5093154535483616,56.63736506573027
M1-T15760---- 06 001,2092010,53.11,57.58692238945433,-0.3188781376178079,0.6935082335270225,-0.3568215318820125,-0.007924882523886971,-0.6639542237156612,56.4498958242121
M1-T15760---- 06 001,2092010,53.11,57.89962820511432,-0.3188781376178079,0.04798303004260224,0.03887541433519295,0.06975148250685742,-0.1980761705885073,57.42068303209236
M1-T15760---- 06 001,2092010,53.23,57.58692238945433,-0.3188781376178079,0.3241435231407589,-0.5337231763199889,0.0787513233425993,-0.3794532930214394,56.62277833785488
M1-T15760---- 06 001,2092010,53.23,57.89962820511432,-0.3188781376178079,0.2920179748122564,-0.3099134007022452,0.00796202739831009,-0.09060811521947404,57.36232923367397
M1-T15760---- 06 001,2092010,53.23,57.93422966543669,-0.3188781376178079,-0.4742019171935501,-0.33126238979506073,-0.0016764980664853298,-0.18516360226784925,57.08773438026139
M1-T15760---- 06 001,2092010,53.23,57.64574383336366,-0.3188781376178079,-1.6029871717822872,-0.20148922826078083,0.03244062303191013,-0.23670877773432086,56.565080951202354
M1-T15760---- 06 001,2092012,58.49,59.142988731687,-0.3188781376178079,0.31637775071780083,-1.141357546213637,0.013735929825927622,0.34910982105266036,58.61678005721902
M1-T15760---- 06 001,2092012,58.49,60.97949860125361,-0.3188781376178079,0.07218406303699358,-0.4492482960889949,0.029087097859370966,0.284203205366077,60.74656793601622
M1-T15760---- 06 001,2092012,58.49,61.188302912968936,-0.3188781376178079,-1.1322975434916638,-0.04445108397397981,0.1343043686210234,-0.021667483728657115,60.61049732439075
M1-T15760---- 06 001,2094043,54.0,58.601464081226574,-0.3188781376178079,-0.8729243650302708,-0.3974160581318501,0.008476558565622697,-0.5521040521772087,57.202296156363715
M1-T17771---- 05 002,2097894,33.43,34.94671071999776,0.016098880439197497,-0.24895906772314738,0.08056853589310731,-0.3188720629254113,-0.3339028918667202,34.417782332879575
M1-T17771---- 05 002,2097894,33.43,34.94671071999776,0.016098880439197497,-0.38067165651674767,-0.38613392541276537,-0.5962312756784451,-0.3572739843148436,33.946260158207664
M1-T17771---- 05 002,2097894,33.43,34.34736215596503,0.016098880439197497,-0.21558741396720388,-0.4469795090947341,-0.7136766162263248,-0.46966799551506644,33.164853177608315
M1-T15760---- 06 001,2104004,49.19,56.571990714994385,-0.3188781376178079,-1.6696558930066214,0.1895215494400254,0.037657073975659254,-0.23258971415548807,55.71934119688662
M1-T15760---- 06 001,2104004,49.19,56.89055401246699,-0.3188781376178079,-0.8005700939932892,-0.20514664302177,0.0787513233425993,-0.15157423137456125,56.11902061103774
M1-T15760---- 06 001,2104004,49.19,56.838925821147996,-0.3188781376178079,-1.0413221255730774,-0.14244834635847684,0.058044022216867844,-0.17586400277861464,56.01017284568277
M1-T15760---- 06 001,2104004,49.19,56.838925821147996,-0.3188781376178079,0.008183438231536075,-0.9238014195807498,0.05006294268253264,-1.3407538450796503,54.44357856984841
M1-T15760---- 06 001,2107747,52.89,57.92474605416363,-0.3188781376178079,-0.6264805023392905,-0.28551881096384135,0.05046300633357841,-0.13904227958795218,57.14721268705963
M1-T15760---- 06 001,2107747,52.89,58.44871979809758,-0.3188781376178079,-0.8443006485444347,-0.06780583978239789,-0.023112422246513956,-0.07583506662657839,57.789071117300146
M1-T15760---- 06 001,2107747,52.89,57.99030757696824,-0.3188781376178079,-1.3624031296215262,-0.1790900956122364,-0.034169611216828544,-0.07583506662657839,57.13437873647921
M1-T15760---- 06 001,2107747,52.89,57.68449346347931,-0.3188781376178079,-1.6706909359247604,0.07053950315665353,-0.018012590630857014,-0.30415052554257094,56.65100326276176
M1-T15760---- 06 001,2107747,52.89,57.99030757696824,-0.3188781376178079,0.08712172004248053,0.2839875446252634,0.6688520625819377,-0.7516778575472476,57.31427422608063
M1-T15760---- 06 001,2101487,48.98,55.53616462741561,-0.3188781376178079,0.3191442267908678,-0.01715240440850101,-0.008937111952042002,-0.6318591564832364,54.551861222142634
M1-T15760---- 06 001,2101547,54.92,56.629245884178175,-0.3188781376178079,-0.9567025955264186,-0.12790678924305635,0.5264528779579741,-0.4335707955840654,55.75357758578523
M1-T15760---- 06 001,2101547,54.92,56.838925821147996,-0.3188781376178079,-1.2832755531755056,-0.09680150468536595,0.6667956203517467,-0.3041203802192961,56.11916360191115
M1-T15760---- 06 001,2101547,54.92,56.322827667442695,-0.3188781376178079,-1.6599547871920675,0.15048785754681593,0.061905272184360705,-0.14406967865077852,55.562133971267
M1-T15760---- 06 001,2101547,54.92,56.838925821147996,-0.3188781376178079,-0.7741347877124923,-0.05961107761631391,0.007651173679342328,-0.4335707955840654,55.8038626048317
M1-T15760---- 06 001,2101547,54.92,56.629245884178175,-0.3188781376178079,0.2420240286794163,-0.23495514955984195,-0.023112422246513956,-0.5695731105267979,55.55965455214365
M1-T15760---- 06 001,2115210,53.44,58.925813724692325,-0.3188781376178079,-0.4922114968235129,-0.6559119474963206,-0.11779902149793063,-0.499100181315542,57.46255351353707
M1-T15760---- 06 001,2115210,53.44,58.401839980758375,-0.3188781376178079,-0.7127703510508707,-0.15215070420594226,0.10540369846637702,-0.35658547571474664,57.46001759473795
M1-T15760---- 06 001,2115210,53.44,58.401839980758375,-0.3188781376178079,-0.9827028437683304,-0.006539906153965111,0.08464014313779504,-0.6142922685201971,57.17743016637779
M1-T15760---- 06 001,2115210,53.44,58.46740150356299,-0.3188781376178079,-0.4522445052441808,-0.10384332911375548,0.0787513233425993,-0.3322957043106933,57.632422911593295
M1-T15760---- 06 001,2115210,53.44,58.401839980758375,-0.3188781376178079,-1.109229300157218,-0.07690393770746132,-0.03316096103418091,-0.3322957043106933,57.37361141857655
M1-T15760---- 06 001,2113363,56.8,59.05343472561882,-0.3188781376178079,-0.1932271749279719,-0.07324744732119054,-0.07792758260189332,-0.11521116938930162,58.474812576484126
M1-T15760---- 06 001,2113363,56.8,59.045847293742625,-0.3188781376178079,-0.5117798126517362,0.3051832577749652,0.1340712445247405,-0.3322957043106933,58.470349678215385
M1-T15760---- 06 001,2113363,56.8,59.05343472561882,-0.3188781376178079,0.04479861952385371,-0.22530273071727394,0.04690762692028846,-0.39584437565068215,58.175471181731794
M1-T15760---- 06 001,2113363,56.8,58.98028577093801,-0.3188781376178079,0.5087341491692441,0.0035075046857473654,0.21121063619072458,-0.19106337783738975,58.66462120273059
M1-T15760---- 06 001,2113363,56.8,58.60824827087805,-0.3188781376178079,0.2712037551770629,-0.3963010895541008,0.04690762692028846,-1.606759031079501,56.28751201006749
M1-T15760---- 06 001,2111561,50.86,59.77777024964022,-0.3188781376178079,-1.6579771610936418,-0.25385918199650825,-0.038659526631346856,-0.13233139325332208,58.73888489839197
M1-T15760---- 06 001,2111561,50.86,59.63378285203328,-0.3188781376178079,-1.3656172566722893,-0.31181875472503223,-0.023112422246513956,-0.13233139325332208,58.63692903236287
M1-T15760---- 06 001,2111561,50.86,59.69934437483789,-0.3188781376178079,-1.4226402263649354,-0.31304395359392945,0.0004450549874962064,0.021460209781074047,58.87618408044058
M1-T15760---- 06 001,2111561,50.86,59.589786743858866,-0.3188781376178079,-1.0085862240265873,-0.38957777005403,-0.037328714026004954,-0.15157423137456125,58.60225891745619
M1-T15760---- 06 001,2117259,52.82,59.31272010166154,-0.3188781376178079,-1.2053712807516517,-0.16064329282955925,0.0787513233425993,-0.4459675743082365,58.13275136143141
M1-T15760---- 06 001,2117259,52.82,60.36271662025573,-0.3188781376178079,-0.18571357634491428,-0.3693616981478066,-0.102930298092096,-0.16397101009873244,59.53872939899769
M1-T15760---- 06 001,2117259,52.82,60.82112884138507,-0.3188781376178079,-0.05860383393581184,-0.1848533140510582,-0.05238043761978612,-0.47776968899056826,59.801943124996576
M1-T15760---- 06 001,2117259,52.82,60.36271662025573,-0.3188781376178079,-0.6050582440665017,-0.21179270545735235,-0.019957106484269776,-0.32958009855081427,59.38253424073283
M1-T15760---- 06 001,2117259,52.82,59.378281624466155,-0.3188781376178079,-0.15316287587339716,-0.07252287546983299,-0.088714006312605,-0.18826078150278583,58.720531551498425
M1-T15760---- 06 001,2109637,53.84,58.13881785811279,-0.3188781376178079,-1.0028274011758938,-0.9088719926239857,0.27633000011949577,-0.6081290113915095,56.46066239638078
M1-T15760---- 06 001,2109637,53.84,57.68040563698345,-0.3188781376178079,-1.7657232004328933,-0.053853746704913406,-0.1284941418460812,-0.15662116465737552,56.666631474785696
M1-T15760---- 06 001,2109637,53.84,57.61484411417884,-0.3188781376178079,-0.3498495948701229,-0.18361982303705723,0.1343043686210234,0.012235689173103682,57.178598319659585
M1-T15760---- 06 001,2109637,53.84,57.35262873852652,-0.3188781376178079,0.5064633838880765,-0.11365689840306915,-0.0016764980664853298,-0.30027147061033443,56.739569136465356
M1-T15760---- 06 001,2127227,63.8,57.372144216672915,-0.3188781376178079,-0.2159559673727242,-0.9044171411783876,0.08334119636438934,-0.11431616093700311,56.36185068581942
M1-T15760---- 06 001,2127227,63.8,57.3065826938683,-0.3188781376178079,-1.0721433463287644,-0.15242077204492563,0.0857333013416526,-0.41056582724962,56.20742227439404
M1-T15760---- 06 001,2127227,63.8,57.11027445733656,-0.3188781376178079,-1.0352877602800183,-0.3703296849002191,0.029087097859370966,-0.627367168895076,55.61184933138179
M1-T15760---- 06 001,2127227,63.8,57.372144216672915,-0.3188781376178079,-0.5905422493202432,-0.2785539736715966,0.05668882124061158,-0.5382446934931722,56.151011463593086
M1-T15760---- 06 001,2127227,63.8,57.16752962652035,-0.3188781376178079,-0.500502025112561,-0.1848533140510582,-0.00625426438118091,-0.23606444676531205,56.3426741760622
M1-T15760---- 06 001,2121546,56.57,61.132492943129336,-0.3188781376178079,-1.5520920107677023,-0.3404926796679945,0.04139948238263296,-0.15157423137456125,60.08199907570002
M1-T15760---- 06 001,2121546,56.57,59.86356115986682,-0.3188781376178079,-0.44066059709578137,-0.06287045662726497,0.12065027637520127,-0.4335707955840654,58.959358712911204
M1-T15760---- 06 001,2121546,56.57,61.12490551125315,-0.3188781376178079,-0.8383820660143995,-0.19708276804687436,-0.015892789845976328,-0.15157423137456125,60.3046536789051
M1-T15760---- 06 001,2121546,56.57,60.906898793068216,-0.3188781376178079,-0.0682318362558157,-0.1848533140510582,0.782926266711722,-0.09759798464398196,60.71623720644127
M1-T15760---- 06 001,2119293,53.51,57.784747499108285,-0.3188781376178079,-1.6722334668326848,-0.8037115754278832,-0.24962491849964985,-0.20078759947315633,56.23143294908018
M1-T15760---- 06 001,2119293,53.51,57.22899487640176,-0.3188781376178079,-0.7352184291449655,-0.09904031795011375,0.07697252251127003,-0.17339398478570106,56.51136146829672
M1-T15760---- 06 001,2119293,53.51,57.26193379495997,-0.3188781376178079,0.0008337624473922294,-0.28767069942999807,0.061123918699779456,-0.4335707955840654,56.299000114061485
M1-T15760---- 06 001,2119293,53.51,57.56312427848103,-0.3188781376178079,-0.9337274495968602,-0.1848533140510582,-0.09908139212850513,-0.23853446475822562,56.5882772005366
M1-T15760---- 06 001,2119293,53.51,57.62868580128564,-0.3188781376178079,-0.5043021106877983,-0.33886361111869995,0.0400205578338333,-0.21970384911290233,56.7502968860683
M1-T15760---- 06 001,2119294,57.46,57.26952122683617,-0.3188781376178079,-1.825042138033939,-1.1921844520628782,-0.15249020507827052,-0.49763222005045094,55.14871795862148
M1-T15760---- 06 001,2119294,57.46,57.62868580128564,-0.3188781376178079,-0.7837262897862898,-0.31935181358352066,-0.18111849154791676,0.04918550245328866,56.900639693887726
M1-T15760---- 06 001,2119294,57.46,57.63627323316184,-0.3188781376178079,0.11602421310548669,-0.1620219814567465,-0.03402970727803294,-0.5642628967979222,56.58172480576671
M1-T15760---- 06 001,2119294,57.46,57.22899487640176,-0.3188781376178079,0.11176065245867692,-0.08125036776519666,0.04690762692028846,-0.4335707955840654,56.41082519725748
M1-T15760---- 06 001,2119294,57.46,57.56312427848103,-0.3188781376178079,-0.8250986324791769,-0.09474523118869205,-0.02146584474809323,-0.15157423137456125,56.805378632597844
M1-T15760---- 06 001,2121443,52.17,60.93495767894614,-0.3188781376178079,-0.9514279019555758,-1.1444982255542024,-0.038311895906331876,-0.5142210227585129,59.08628583256983
M1-T15760---- 06 001,2121443,52.17,60.968910572810756,-0.3188781376178079,-0.8005700939932892,-0.15206099814738203,0.029397951578338716,-0.4335707955840654,59.88180463286186
M1-T15760---- 06 001,2121443,52.17,61.52325619200088,-0.3188781376178079,-0.5488105781912177,-0.1702220508770774,0.007651173679342328,-0.4335707955840654,60.47502044547305
M1-T15760---- 06 001,2121443,54.98,60.90334905000614,-0.3188781376178079,-1.162851761572055,-0.3332521070608709,0.371165172504679,-0.4335707955840654,59.78100471320095
M1-T15760---- 06 001,2121443,54.98,60.90334905000614,-0.3188781376178079,-0.515507071753667,-0.07840554828392393,-0.0869929395092333,-0.4335707955840654,59.874080988427856
M1-T15760---- 06 001,2121443,54.98,61.52325619200088,-0.3188781376178079,-0.6345365191604251,-0.15215070420594226,-0.017223602451318237,-0.4335707955840654,60.45377970708089
M1-T15760---- 06 001,2121443,54.98,61.815267618689155,-0.3188781376178079,-0.3851236385766001,-0.1752008952084902,-0.0869929395092333,-0.3412981059006366,60.86469493610969
M1-T17771---- 05 002,2117334,34.98,35.70899780739216,0.016098880439197497,-0.30603120351284785,-0.49259725133690285,-0.5445541467047156,-0.4151895101358456,34.61960930742689
M1-T17771---- 05 002,2117334,34.98,35.10964924335943,0.016098880439197497,-0.2682039959353384,-0.18842472153628162,-0.4445354234798752,-0.5400147452421801,34.11692915169572
M1-T17771---- 05 002,2117334,34.98,35.10964924335943,0.016098880439197497,-0.2855688290111282,-0.29564461177983553,-0.5791844456271031,-0.4151895101358456,34.12808020673342
M1-T15760---- 06 001,2133380,56.2,58.857974819075146,-0.3188781376178079,0.047066879114108354,0.026365974087415336,-0.09386494118475601,-0.1877286218842675,58.306087357196695
M1-T15760---- 06 001,2133380,56.2,59.213445143984835,-0.3188781376178079,0.42546929272253076,-0.1752008952084902,0.0428659832867968,-0.35658547571474664,58.49996865753968
M1-T15760---- 06 001,2133380,56.2,59.29714695931524,-0.3188781376178079,0.46240231686547323,-0.12543017120788436,0.015181659798847714,-0.3322957043106933,58.63753162065089
M1-T15760---- 06 001,2133381,56.74,59.042427048508294,-0.3188781376178079,-0.24218878309571265,-0.5385937276764589,0.008355408362725126,-0.7502945834629297,57.480273737353116
M1-T15760---- 06 001,2133381,56.74,59.213445143984835,-0.3188781376178079,-0.6620520393549085,-0.35877474280594895,-0.041702198084918284,-0.48720879518818155,57.939055485074846
M1-T15760---- 06 001,2133381,56.74,59.29714695931524,-0.3188781376178079,-0.6325393266836588,-0.0015946047928317953,-0.014411328422645427,-0.35411545772183306,58.412047269434716
M1-T15760---- 06 001,2133381,56.74,58.880571823104276,-0.3188781376178079,0.24926203532908142,-0.1848533140510582,-0.0016764980664853298,-0.41381047628588685,58.03236055710699
M1-T15760---- 06 001,2135405,52.66,59.042427048508294,-0.3188781376178079,-1.459312921597651,-0.49245785545149545,-1.4291110894428543,-0.7242004485440819,56.57066204090523
M1-T15760---- 06 001,2135405,58.65,59.95078370390557,-0.3188781376178079,0.36427750139102866,-0.21179270545735235,-0.006565118100148672,-0.4304479695235825,59.09227638319772
M1-T15760---- 06 001,2135405,58.65,58.545016928946815,-0.3188781376178079,-1.2393395360169395,-0.31181875472503223,-0.07277664772974231,-0.3492302332841893,57.30535506320451
M1-T15760---- 06 001,2135405,58.65,58.84920364526077,-0.3188781376178079,-0.005644353990189495,-0.2606693420972392,0.10018724752262796,-0.1484514053140784,58.2475309145014
M1-T15760---- 06 001,2135405,58.65,58.545016928946815,-0.3188781376178079,0.48939506374631125,-0.3404926796679945,0.015181659798847714,-0.25372102069147984,57.852047488813994
M1-T15760---- 06 001,2135625,57.42,58.02897717791183,-0.3188781376178079,-0.047488772670106774,-0.9524424626859262,-0.05020629489923214,-0.5283616583445601,56.49052656945868
M1-T15760---- 06 001,2135625,57.015,57.720199262514576,-0.3188781376178079,-0.3669717818332767,-0.08655635655002931,0.013178478342059215,-0.17027115872521822,57.07159186658218
M1-T15760---- 06 001,2135625,57.015,58.70901261966842,-0.3188781376178079,0.19356328123104855,-0.1848533140510582,0.0645350315631083,-0.23447818257024078,58.085028448750776
M1-T15760---- 06 001,2135625,57.015,58.02138974603563,-0.3188781376178079,0.23668693011334907,-0.1009513525732518,-0.05591848986440928,-0.21447009464698083,57.42479258006624
M1-T15760---- 06 001,2135625,57.015,58.086951268840245,-0.3188781376178079,-0.550700895411503,-0.14724273872391294,-0.05591848986440928,-0.4304479695235825,57.02583160991398
M1-T15760---- 06 001,2135625,57.015,58.02138974603563,-0.3188781376178079,-0.4361210308962135,0.0002484464791088265,0.029397951578338716,-0.20865184930077582,57.3723054956311
M1-T15760---- 06 001,2143725,50.97,57.74664595607585,-0.3188781376178079,-0.929908475745602,0.25284222857770083,-0.026889628960301136,-0.3722083999812012,56.91790159056794
M1-T15760---- 06 001,2143725,50.97,57.55231359332384,-0.3188781376178079,-0.7571512274769472,-0.11981561795625512,0.1343043686210234,-0.5310868561990547,56.43229922094228
M1-T15760---- 06 001,2143725,50.97,58.198422587298495,-0.3188781376178079,-0.7418696391784931,0.06356085878576558,-0.00867466202326066,-0.35411545772183306,57.32936992214508
M1-T15760---- 06 001,2143725,50.97,57.81979491075666,-0.3188781376178079,-0.5798383783551802,-0.1848533140510582,0.097842664396328,-0.6460943832025289,56.55323605751678
M1-T15760---- 06 001,2143725,50.97,57.81220747888047,-0.3188781376178079,-1.8177245463339837,-0.06350616554748144,0.0632042189577664,-0.2515699425663096,56.76120569818501
M1-T15760---- 06 001,2139521,48.53,56.85857807756827,-0.3188781376178079,-1.834548404273859,-1.3292711260433665,0.10138144480401311,-0.6604202035896017,54.58476276238828
M1-T15760---- 06 001,2139521,49.96,56.85099064569207,-0.3188781376178079,-0.32397767536800254,-0.06069538171420332,-0.9385361068034582,-1.359817022883808,54.411381294125235
M1-T17771---- 05 002,2147554,34.85,34.8824472411825,0.016098880439197497,-0.33141843116301245,-0.12915721128956334,-0.2821402751456132,-0.4414706518264446,34.100384852316736
M1-T15760---- 06 001,2155119,55.16,60.503082974707695,-0.3188781376178079,-0.6234276438578613,-0.3015422330343602,0.029087097859370966,-0.08431415581034857,59.76948117590134
M1-T15760---- 06 001,2155119,55.16,60.495495542831506,-0.3188781376178079,-0.1876362338158553,-0.07061384952733228,-0.06274474130053187,-0.26215644233478597,59.75787562987867
M1-T15760---- 06 001,2155119,55.16,58.92105636146035,-0.3188781376178079,0.11085361349762271,-0.14409929997280393,-0.06274474130053187,-0.14822271794163544,58.34130341827826
M1-T15760---- 06 001,2155119,55.16,58.91144711178513,-0.3188781376178079,0.6207908724080557,-0.37036803860846756,-0.05591848986440928,-0.08678417380326217,58.39035573066429
M1-T15760---- 06 001,2155119,55.16,58.958998141169985,-0.3188781376178079,-0.25845716689959974,0.05985514977087137,0.007024595757383182,-0.17913545932270927,58.41184458672185
M1-T15760---- 06 001,2158810,53.41,58.60703423355253,-0.3188781376178079,-1.0302857594788188,-0.21179270545735235,0.0857333013416526,-0.19470024136374095,57.73029932111737
M1-T15760---- 06 001,2158810,53.41,58.63083586539597,-0.3188781376178079,-0.701253333554627,-0.9077799936141494,-0.0841806654805605,-1.405437949946861,55.93816201026282
M1-T15760---- 06 001,2158810,53.41,58.63587243064236,-0.3188781376178079,-0.621511730701847,-0.21179270545735235,0.007651173679342328,-0.44201344283438937,57.53539648201399
M1-T15760---- 06 001,2158810,53.41,58.63083586539597,-0.3188781376178079,-0.4246094644368353,-0.17103869137909808,-0.006565118100148672,-0.4269841482803831,57.612642087148025
M1-T15760---- 06 001,2158810,53.41,58.63587243064236,-0.3188781376178079,0.30307217566040606,-0.04521287843383907,-0.0699643737010695,-0.18671650199972797,58.114189843358375
M1-T15760---- 06 001,2155281,55.24,58.91590773981635,-0.3188781376178079,-0.7953862238919159,-0.9538050960396955,-0.2350387035343717,-0.5488226066947426,57.08748186544957
M1-T15760---- 06 001,2160792,61.88,58.933824911194684,-0.3188781376178079,-0.8005820937941452,-0.881642341558186,-0.1447852626161252,-0.11125064052558793,57.69383123171287
M1-T15760---- 06 001,2151397,52.21,60.76203365965053,-0.3188781376178079,-0.5463399269459495,-0.6352014500651394,-0.10497881521228118,-0.2654687880171704,59.57324696992332
M1-T15760---- 06 001,2151397,58.8,61.61126760306982,-0.3188781376178079,-1.0724900571225355,-0.17081983297086187,-0.40758399688906005,-1.2565646412145248,59.29513553625406
M1-T15760---- 06 001,2151398,55.3,58.63334076436485,-0.3188781376178079,-0.4219682050540591,-0.9681179190290385,0.017977713100517073,-0.27722159338848307,57.31707010926581
M1-T15760---- 06 001,2151398,60.33,58.67631910932087,-0.3188781376178079,-0.7492927320628702,-0.22144803127072465,-0.27866088846274534,-0.12943017215528382,57.764313051916105
M1-T15760---- 06 001,2151398,60.33,58.807939646000236,-0.3188781376178079,0.13556391754034777,-0.23495514955984195,-0.015892789845976328,-0.44424744130826277,57.86053282067634
M1-T15760---- 06 001,2151398,60.33,58.807939646000236,-0.3188781376178079,-0.6526600165971037,-0.08655635655002931,-0.05841780942553,-0.07785003690680659,58.163746991621785
M1-T15760---- 06 001,2151398,60.33,58.645964761487434,-0.3188781376178079,0.30307217566040606,0.9540359222270822,-0.028953160273079426,0.06933767024582153,59.043203568265426
M1-T15760---- 06 001,2151398,60.33,58.80035221412404,-0.3188781376178079,0.38333791093451364,-0.384401519688664,0.0781247454206402,-0.0774534602387303,58.28793697062446
M1-T15760---- 06 001,2163958,53.13,59.112701666162934,-0.3188781376178079,0.12034630754635468,-0.001963820902348927,-0.2376331827459865,-0.28642117028660585,58.379892108226905
M1-T15760---- 06 001,2160792,61.88,58.9171389556706,-0.3188781376178079,-0.3071932856625955,0.19231571092794514,-0.034169611216828544,-0.41494903882187195,58.14781550346164
M1-T15760---- 06 001,2160792,61.88,58.67423791018471,-0.3188781376178079,-0.5297279571030652,-0.07894383639420655,0.05782015998933252,-0.4823981057009762,57.65326762151148
M1-T15760---- 06 001,2160792,61.88,58.933824911194684,-0.3188781376178079,0.4703181051721333,-0.09775158759567774,0.004503420263979886,-0.35054667107584303,58.266828425579035
M1-T15760---- 06 001,2160792,61.88,58.681825342060904,-0.3188781376178079,-0.8147549422383487,-0.1300658188926076,-0.460838399475535,-1.2983725980799325,56.378716249735774
M1-T15760---- 06 001,2160792,57.69,58.933824911194684,-0.3188781376178079,0.8084447895667208,-0.1300658188926076,0.0011357759621874965,-0.3840881289051607,58.287812199678534
M1-T15760---- 06 001,2160792,57.69,58.933824911194684,-0.3188781376178079,-0.4235124921258126,-0.026452691182717303,0.05668882124061158,-0.27653495256280264,58.206330354513675
M1-T15760---- 06 001,2160792,57.69,58.67423791018471,-0.3188781376178079,-0.28161377880870925,-0.026040883373074048,-0.1374028918346505,-0.3981010897979865,57.749586665144825
M1-T15760---- 06 001,2160792,57.69,58.933824911194684,-0.3188781376178079,-1.103608666682924,-0.19111316194157368,0.007952480786063202,-0.2522451811587493,57.949261152970436
M1-T15760---- 06 001,2160792,57.69,58.853206761364724,-0.3188781376178079,-1.0747425967501771,-0.14409929997280393,0.03244062303191013,-0.27653495256280264,57.88758352635526
M1-T15760---- 06 001,2162246,55.72,57.0238956167733,-0.3188781376178079,-0.587441388962631,-0.9350828073078172,-0.6699432422406536,-0.6269252287335813,54.96176539113674
M1-T15760---- 06 001,2162246,55.72,56.79932978029958,-0.3188781376178079,-0.7212662690831236,-0.5016908654969175,-0.13500953956323594,-0.3349181370461799,55.55555985746167
M1-T15760---- 06 001,2162246,55.72,58.97473210033514,-0.3188781376178079,-0.4218617733047723,-0.19953208977014078,0.023810631209800665,-0.14364393643354642,58.28026447349284
M1-T15760---- 06 001,2162246,55.72,58.97473210033514,-0.3188781376178079,-0.4495872233224853,-0.5526272087566552,0.05668882124061158,-0.16288677455478554,58.05320948756908
M1-T15760---- 06 001,2165878,48.6,53.698007346934965,-0.3188781376178079,-1.5811018243080652,0.19627884228354534,0.037657073975659254,-0.14406967865077852,52.97244372170604
M1-T15760---- 06 001,2165878,48.6,53.781238403579536,-0.3188781376178079,-1.573202594650674,-0.1344468811302359,0.0787513233425993,-0.15334893618653506,52.86600216656217
M1-T15760---- 06 001,2165878,48.6,53.82527916302234,-0.3188781376178079,-0.4903340609043105,-0.19774806154754204,-0.023112422246513956,-0.39081845857643893,52.80904249419039
M1-T15760---- 06 001,2165878,48.6,53.698007346934965,-0.3188781376178079,-0.45695463958819516,-0.34080524686857244,0.0428659832867968,-0.6291143751535713,52.360013014661234
M1-T15760---- 06 001,2165878,49.38,53.654644842084096,-0.3188781376178079,-0.8323523590914553,0.22090727321232723,-0.03211226308225585,-0.16837789945298443,53.06192808308239
M1-T15760---- 06 001,2173340,53.705,54.01114994344033,-0.3188781376178079,-0.6852234903117583,-0.11050266128388181,-0.009859427175538726,-0.13991622948578486,53.296139145669336
M1-T15760---- 06 001,2173340,53.705,54.01114994344033,-0.3188781376178079,-0.18443800438295813,-0.37787033203493403,-0.8444333607068546,-1.3001651144396784,51.525779095301786
M1-T15760---- 06 001,2180462,54.18,54.636186481551036,-0.3188781376178079,0.23436646315887252,-0.11499735853278613,0.08421112766835288,-1.679356855160284,52.41100446915927
M1-T15760---- 06 001,2180462,54.18,54.636186481551036,-0.3188781376178079,-1.1356566221831892,-0.16550268135641513,-0.03433802280913877,-0.5669040639296479,53.27750866195604
M1-T15760---- 06 001,2180462,54.18,54.636186481551036,-0.3188781376178079,-0.751526857946495,-0.5019082086352548,0.05429766726365686,-0.5411446713084364,53.236927880978214
M1-T15760---- 06 001,2180462,54.18,54.592145722108235,-0.3188781376178079,-0.6860569178841915,-0.786223298835393,-0.037328714026004954,-1.5971095910992887,51.778220279093254
M1-T15760---- 06 001,2175240,54.13,58.41876426358471,-0.3188781376178079,-1.0503523743690453,-0.08718602520715193,-0.08076242618093457,-0.18749730250915042,57.54255648822451
M1-T15760---- 06 001,2175240,54.13,58.42635169546091,-0.3188781376178079,-0.3517109226506927,-0.17850134267023315,0.061123918699779456,-0.49842227393971456,57.37072481872978
M1-T15760---- 06 001,2180513,55.35,54.592145722108235,-0.3188781376178079,0.13865953673159534,-0.02573315621761921,0.05212407786403756,-0.16837789945298443,54.12160235092882
M1-T15760---- 06 001,2169150,53.41,54.27145634479545,-0.3188781376178079,-1.0995085118560786,-0.7622539005571174,-0.5175400587521208,-0.7471066706226774,52.1252006489611
M1-T33025W3-- 03 005,2182105,43.626666666666665,46.544872489767265,-0.012334072069548466,-0.595013699131668,-0.17444054630878958,-0.2572163706565721,-0.1073050994900275,46.04026164307425
M1-T15760---- 06 001,2184041,59.5,54.592145722108235,-0.3188781376178079,0.7994196450772277,0.08877569520974128,-0.021770304878588994,-0.267325081245896,54.200035739719006
M1-T15760---- 06 001,2184041,59.5,54.636186481551036,-0.3188781376178079,0.07036993332081379,-0.017975981804206967,-0.023112422246513956,-0.5435445964976401,53.68692995179087
M1-T15760---- 06 001,2184041,59.5,54.76148867655934,-0.3188781376178079,0.07089903365476531,-0.31181875472503223,0.009955662242851694,-0.35143621715055207,53.87107018977255
M1-T15760---- 06 001,2184041,59.5,54.592145722108235,-0.3188781376178079,-0.3384171248233033,-0.06981148559979793,0.008355408362725126,-0.26889860378721353,53.844740059784215
M1-T15760---- 06 001,2184041,59.5,55.02158338069016,-0.3188781376178079,0.461374997801621,-0.04326101586346947,0.003129410806729127,-0.2188186662385297,54.536363801324335
M1-T15760---- 06 001,2192771,51.37,59.44192080169335,-0.3188781376178079,-1.764331153669323,-1.2178407510957008,-0.2727863424935467,-0.2961262186822381,57.49528077982787
M1-T15760---- 06 001,2192771,51.37,58.65050061046693,-0.3188781376178079,-0.6739751783858176,-0.28610456218763525,-0.038197399283246364,-0.22676939516060696,57.71857810003769
M1-T15760---- 06 001,2192771,51.37,58.97592114868782,-0.3188781376178079,-0.606890299559437,-0.1887037184179109,-0.038659526631346856,-0.35521451181799546,57.97097706671199
M1-T15760---- 06 001,2187555,57.09,60.779701233807074,-0.3188781376178079,0.08624597675015276,-0.021569106606208487,-0.12971353453668116,-0.5980293145455547,59.7191644470697
M1-T15760---- 06 001,2194901,57.26,57.956134173779915,-0.3188781376178079,-0.9449979289037016,-0.45433025125562637,0.052836833141866324,-0.22102714869685286,56.90713439417284
M1-T15760---- 06 001,2194901,57.26,58.11219587160256,-0.3188781376178079,-0.019783712800575053,-0.05431097635890249,0.0787513233425993,-0.19920739528571307,57.56358940519114
M1-T15760---- 06 001,2194901,57.26,57.55644324889603,-0.3188781376178079,-0.9227886399219354,-0.396043877437616,-0.0777902022927803,-0.3380491131571033,56.35186827000675
M1-T15760---- 06 001,2194901,57.26,57.738171030752305,-0.3188781376178079,0.18554174747904448,-0.1848533140510582,0.05167747009884464,-1.3843539726684686,55.78315146166669
M1-T33025W3-- 03 005,2187531,43.10666666666666,45.30739738538085,-0.012334072069548466,-0.5407698455480774,-0.5869166289747255,-0.2761458970950014,-1.015884190980033,43.51166676758391
M1-T33025W3-- 03 005,2187531,43.10666666666666,45.35127160461109,-0.012334072069548466,-0.4975528484666937,-0.17444054630878958,-0.29717380701721047,-0.2951519876325156,44.634971787441486
M1-T09170WS-- 02 004,2204879,51.24333333333334,54.4406666196709,-0.6889012801662121,0.5147940398650013,0.042278919762521724,0.5806357826180062,-1.6596749909148534,52.264074603554675
M1-T09170WS-- 02 004,2204879,51.24333333333334,54.4406666196709,-0.6889012801662121,0.5069420650226478,0.2667031632066555,0.1136690998502512,0.1266737471547349,54.233556382618005
M1-T09170WS-- 02 004,2204879,51.24333333333334,54.4406666196709,-0.6889012801662121,0.828058869876992,0.2132083780396388,-0.5939706295840972,0.2149307078186493,54.04611860208015
M1-T09170WS-- 02 004,2204879,51.24333333333334,54.4406666196709,-0.6889012801662121,0.49818001742728896,0.21472952977958806,-0.5211840030093907,0.20903368691151047,53.995775218552076
M1-T15760---- 06 001,2203433,58.35,60.012634244642655,-0.3188781376178079,-0.3627697509989109,-0.29291472228836607,-0.1363154714593587,0.3365102949961179,59.75279786308072
M1-T15760---- 06 001,2203433,58.35,59.75707959725992,-0.3188781376178079,-1.0462709545062805,-0.09208148946689725,0.062262387517735926,0.2797067894576062,59.48381278216557
M1-T15760---- 06 001,2203433,58.35,59.76466702913611,-0.3188781376178079,0.19689075407925555,-0.2606693420972392,-0.04320622905861762,0.27396454299385214,59.62985596812095
M1-T15760---- 06 001,2203433,58.35,61.48813035193189,-0.3188781376178079,-0.15617599545820227,-0.23304085029790386,0.03244062303191013,0.1951120149034658,61.2306495878943
M1-T15760---- 06 001,2203433,58.35,61.4957177838081,-0.3188781376178079,-0.8701905913546042,-0.0012830126544117308,-0.024778714238545496,0.21129408101424116,61.199754112496564
M1-T15760---- 06 001,2201547,50.17,58.9647829946219,-0.3188781376178079,-0.5453121878800262,-1.6590691288962132,-0.5957838059261222,-0.961019574346917,56.12489100980207
M1-T15760---- 06 001,2201547,58.48,58.899221471817285,-0.3188781376178079,-1.8493850132136294,0.28414059797147,-0.1940451342160532,0.2594247471837631,58.517946407643414
M1-T15760---- 06 001,2201547,58.48,58.9647829946219,-0.3188781376178079,-0.47445781552082794,-0.02689085700634296,-0.027765706764634975,0.14545445209927782,58.67063332854161
M1-T15760---- 06 001,2201547,58.48,59.36241493311724,-0.3188781376178079,-1.6641277621072916,0.009061096579048702,-0.4279461965441807,0.1495381928753195,58.622231343869664
M1-T15760---- 06 001,2201547,58.48,58.899221471817285,-0.3188781376178079,-1.0659939662365474,-0.08491126565869339,-0.043810461503497836,-0.24740715031718818,57.969126000953885
M1-T15760---- 06 001,2199910,60.49,60.05827008078097,-0.3188781376178079,-0.705548027576832,-0.1337039014232651,-0.023112422246513956,-0.2776865887184722,59.15959754198751
M1-T15760---- 06 001,2199910,60.49,59.30712769071097,-0.3188781376178079,-0.8444620291128775,-0.2606693420972392,0.016617761072132975,-0.04157441876773629,58.58880477483574
M1-T15760---- 06 001,2199910,60.49,61.2637949945796,-0.3188781376178079,-0.6041448708773384,-0.23495514955984195,-0.0016764980664853298,0.036716091783431035,60.699882584901296
M1-T15760---- 06 001,2206504,50.5,58.51356325793308,-0.3188781376178079,-1.0068017928531696,-0.1658895590440943,-0.19620970244937425,-0.16294946786666145,57.573977455851285
M1-T15760---- 06 001,2206504,50.5,58.24188812111587,-0.3188781376178079,-0.15516301805226065,-0.7148111395479397,-0.12467376453777479,0.33560702557847244,57.780627326009025
M1-T15760---- 06 001,2206504,50.5,58.45558916700466,-0.3188781376178079,-0.6899458457960653,-0.03540694392223629,0.012056533984669889,0.04578048375813278,58.008903942332545
M1-T15760---- 06 001,2206504,50.5,57.59704037859741,-0.3188781376178079,-0.8628052548645218,-0.15714901894187042,0.09921435219517266,0.04231407793781849,57.07243620326515
M1-T15760---- 06 001,2206504,50.5,57.551433190165355,-0.3188781376178079,-0.6233047921520782,-0.03728086016577598,0.02721462547591412,0.1006764839959661,57.18982687932835
M1-T15760---- 06 001,2211317,47.26,59.848685020535534,-0.3188781376178079,-1.680234117813554,0.17140087813173055,-0.3153014281841749,-0.7830196275505008,58.182978392115615
M1-T15760---- 06 001,2214827,54.95,57.31655669771724,-0.3188781376178079,-0.5526878116717195,-0.03540694392223629,-0.0631381222649469,-0.1317665108089358,56.6629401450631
M1-T15760---- 06 001,2214827,54.95,57.06038223230352,-0.3188781376178079,-0.4516244618200672,-0.2606693420972392,-0.12464215374733584,0.03752619639077597,56.46033641276134
M1-T15760---- 06 001,2214827,54.95,57.11720213232295,-0.3188781376178079,-1.248395294897852,-0.03728086016577598,-0.023112422246513956,0.1901879603135864,56.685647484467864
M1-T15760---- 06 001,2214827,54.95,57.31655669771724,-0.3188781376178079,-0.47109266048873083,-0.1003320801088392,-0.00625426438118091,0.03752619639077597,56.86469304827295
M1-T15760---- 06 001,2218267,49.99,59.0096651849164,-0.3188781376178079,-1.1585342133589367,-0.9691496187593753,-0.34804963350376855,-1.5326396878529827,55.90002958319202
M1-T15760---- 06 001,2216715,49.83,57.72515116522599,-0.3188781376178079,-1.914610656955141,-0.9723535875311863,-0.08912950591651174,0.0307533012446309,56.35386687652999
M1-T15760---- 06 001,2216715,49.83,55.9018186703372,-0.3188781376178079,-1.062832157924399,-0.15877177327873734,0.16813771569388936,-0.9653928589343374,54.20145224946188
M1-T15760---- 06 001,2212765,55.99,58.899458777781106,-0.3188781376178079,-1.009305780058101,0.7693826316747575,-0.10384093020898297,-0.08540746770108863,58.65825061512897
M1-T15760---- 06 001,2212765,55.99,58.96502030058572,-0.3188781376178079,-0.3033008573733252,-0.14295551501736328,-0.0738163617998148,0.08591225141356323,58.55126588667454
M1-T15760---- 06 001,2212765,55.99,58.586538412565424,-0.3188781376178079,-1.2079253857610428,0.13375582707296116,0.015884868464429595,-0.10456561505585898,57.947416603475524
M1-T15760---- 06 001,2212765,55.99,58.643793581749215,-0.3188781376178079,0.3112898325601384,-0.22144803127072465,-0.45872404629339,-0.13539966546123525,57.89333069322523
M1-T15760---- 06 001,2212765,55.99,58.643793581749215,-0.3188781376178079,-1.0259986626140416,-0.04950288218526518,-0.057393992182824115,0.06062363711483487,58.09271246175506
M1-T15760---- 06 001,2212765,54.09,58.97260773246192,-0.3188781376178079,-1.298445543212469,-0.35306825085290106,0.04524655538982931,-0.12145137687615316,58.0115296112612
M1-T15760---- 06 001,2212765,54.09,58.3565681414691,-0.3188781376178079,-0.47266429735089993,0.04907194721527961,0.0400205578338333,-0.08387105948799059,57.87689648300592
M1-T15760---- 06 001,2212765,54.09,58.899458777781106,-0.3188781376178079,-0.5654198297526466,0.12342259998245594,0.08127609383338501,-0.09893631028407361,58.44475196837855
M1-T15760---- 06 001,2208304,54.08,60.007374932087274,-0.3188781376178079,-0.8635995748775508,-0.12870682164224745,0.05668882124061158,-0.2156955689137298,59.18290372059342
M1-T15760---- 06 001,2208304,54.08,60.39964720905214,-0.3188781376178079,-1.1635340604732858,-0.08655635655002931,0.023810631209800665,-0.23123548294450713,59.49572192759677
M1-T15760---- 06 001,2208304,54.08,60.007374932087274,-0.3188781376178079,-0.5226047726081609,-1.9034002329242485,-0.00625426438118091,-1.4798749633521324,56.70561448797135
M1-T15760---- 06 001,2208304,54.08,60.43156650955159,-0.3188781376178079,-0.9074879081656608,-0.3611655293752851,-0.01920514796142111,-0.4602430769222541,59.13875399698412
M1-T15760---- 06 001,2208304,54.08,60.126824006181316,-0.3188781376178079,-0.47121890865859645,-0.08655635655002931,0.0011357759621874965,-0.0774534602387303,59.55445360869896
M1-T15760---- 06 001,2220164,54.21,59.562822815122864,-0.3188781376178079,-1.2707239910660664,0.31358062135558734,-0.12749696606137628,-1.2671247727762944,57.612396429149726
M1-T15760---- 06 001,2220164,52.65,59.62838433792748,-0.3188781376178079,-0.17839478696963226,-0.28246553957956916,-0.9042679705116751,-1.4288235656003687,57.026002578289265
M1-T15760---- 06 001,2220164,52.65,59.29537636783039,-0.3188781376178079,-0.30548481802827154,-0.06765232411336314,-0.8747002124171263,-1.5694206184616581,56.64486078954249
M1-T33025W3-- 03 005,2212792,42.99666666666667,45.63445506647652,-0.012334072069548466,-0.10083100320167672,-0.5598683899313084,-0.3643258488088591,-0.49770274581679863,44.51483453710125
M1-T33025W3-- 03 005,2208289,39.806666666666665,46.15842507021094,-0.012334072069548466,-0.1860317892275597,-0.2293361340382164,-0.3199429255019986,-0.6864131934853972,45.022350149649554
M1-T15760---- 06 001,2223196,53.73,60.88846015524298,-0.3188781376178079,-1.5904197395834165,-1.479297138622479,-0.4428723389991642,0.09962329193650993,59.20029749338202
M1-T15760---- 06 001,2223196,53.73,60.89604758711917,-0.3188781376178079,-0.9963136464622608,-0.46782277608532946,-0.17196150424067277,0.154736420601328,60.15311691690514
M1-T15760---- 06 001,2223196,53.73,59.939707288939864,-0.3188781376178079,-0.3453594385128085,0.30433952269103265,-0.01920514796142111,0.11490587849288968,59.84580247844082
M1-T15760---- 06 001,2223196,53.73,60.17892106893551,-0.3188781376178079,-0.8685144210403885,-0.3262068371913845,0.09921435219517266,0.11375310693612052,59.63279800629242
M1-T15760---- 06 001,2223196,53.73,60.03614215989585,-0.3188781376178079,-1.0058199127021807,0.00502697227331836,-0.007554013099097995,0.026364428082570977,59.5069465372397
M1-T15760---- 06 001,2235613,56.77,56.53483129258108,-0.3188781376178079,0.2116466988402345,-0.04710672544089327,0.3914008967564823,-0.5972797150694698,55.73505590919133
M1-T15760---- 06 001,2235615,49.12,57.515037438444836,-0.3188781376178079,-0.25139531334968584,0.005723126700137244,-0.5452311864378019,-1.2175885908349593,55.481848531312096
M1-T15760---- 06 001,2228783,57.08,57.57717799201893,-0.3188781376178079,0.41923030973816244,-0.11547938606862312,-0.13431229000257022,-0.1399369607956277,57.06420611936368
M1-T15760---- 06 001,2228783,56.99,57.35860357849313,-0.3188781376178079,-0.35246558769379377,-0.09751204848286647,-0.01956226329479641,-0.09453680235121703,56.77854822179598
M1-T15760---- 06 001,2228783,56.99,57.333392307413696,-0.3188781376178079,-1.1090147780959985,-0.034117856883474594,-0.0777902022927803,-0.021349863481665288,56.667880223999
M1-T15760---- 06 001,2228783,56.99,57.57717799201893,-0.3188781376178079,-0.6826923047467431,-0.11330858614131781,0.009955662242851694,-1.1637920333933611,55.69231729367176
M1-T15760---- 06 001,2228784,52.95,57.365000936353695,-0.3188781376178079,1.2360341801904895,-0.1456329207618203,0.2915734319621691,0.35984627560331417,57.80441525554318
M1-T15760---- 06 001,2225180,51.07,58.803567809122455,-0.3188781376178079,-0.5857014216339026,-0.28982612765988314,-0.18472121288988064,-0.6914883879674043,57.28674848120577
M1-T15760---- 06 001,2225181,51.48,57.38738554214892,-0.3188781376178079,-0.37895510904899193,-0.14391361492155075,-0.0676935817364831,0.0672434672213732,56.93639161566557
M1-T33025W3-- 03 005,2227366,42.23666666666667,48.084727878016686,-0.012334072069548466,-0.09945200428800698,-0.1507794670774088,-0.2461661074180386,0.06793487575675429,47.91959542877022
M1-T33025W3-- 03 005,2227366,42.23666666666667,48.06384972566253,-0.012334072069548466,-0.07674169192526188,-0.01118869946639117,-0.24094965647428945,0.13139248344995902,48.06412546302222
M1-T33025W3-- 03 005,2227366,42.23666666666667,48.084727878016686,-0.012334072069548466,-0.10142816988225098,-0.23155418915741888,-0.26238558065431805,-0.034226357569066695,47.74503228759783
M1-T33025W3-- 03 005,2234134,41.34,45.21732366325845,-0.012334072069548466,-0.4821965259325358,-0.20440620017369202,-0.24094965647428945,-0.37616993519471303,44.419806195532786
M1-T15760---- 06 001,2237504,55.3,56.727050627334805,-0.3188781376178079,-0.929908475745602,-0.3974160581318501,-0.1695573273255965,0.010158541402430853,55.87738002279439
M1-T15760---- 06 001,2240408,49.655,58.97045407584631,-0.3188781376178079,-1.5590628356574254,-0.672609166784817,-0.052177541239075,-0.12526606483039235,57.703418773942474
M1-T15760---- 06 001,2237504,55.3,56.4395858946936,-0.3188781376178079,-1.0022963049161047,0.10476560706321797,-0.08527751781776649,0.04256368533053179,55.95365237058685
M1-T15760---- 06 001,2240408,49.655,58.70143132273527,-0.3188781376178079,-1.6807132125861228,-0.13418676204294677,-0.13500953956323594,-0.040305675760720805,57.79008221164381
M1-T15760---- 06 001,2240408,49.655,58.70143132273527,-0.3188781376178079,-0.9784479341296195,-0.3070106605513947,0.023810631209800665,-0.4696897191514868,57.4338537990047
M1-T15760---- 06 001,2244627,56.08,58.675399982680354,-0.3188781376178079,-0.9521041744991868,-0.942239749446592,-0.3233205811291276,-0.043355224470038756,57.35658184285597
M1-T15760---- 06 001,2244627,56.08,58.855887207602755,-0.3188781376178079,-0.6061196063406109,-0.04133049865418665,-0.08912950591651174,0.1622225239269582,58.511955078371116
M1-T15760---- 06 001,2244627,56.08,58.68298741455655,-0.3188781376178079,-0.6503077527885294,-0.44288247891162325,-0.08527751781776649,0.16225337187705588,58.087238615379356
M1-T15760---- 06 001,2243071,62.18,60.77494876036024,-0.3188781376178079,-1.8695301588971753,0.7721917370397856,-0.21652638155941767,-0.31335168188280565,60.01471756496383
M1-T15760---- 06 001,2237504,55.3,56.727050627334805,-0.3188781376178079,-0.8788676498068468,-0.45433025125562637,0.061123918699779456,-0.07843858049801346,55.86180686194189
M1-T15760---- 06 001,2244627,56.08,57.989904695419796,-0.3188781376178079,-0.6393338309354654,0.01343813995562426,-0.016724847661520555,-0.059082678609404575,57.45066401070428
M1-T15760---- 06 001,2240408,49.655,60.34340574800781,-0.3188781376178079,0.3283097934909489,-0.13238890328717468,0.014923305466587922,-0.11763682231260288,59.89443098167758
M1-T15760---- 06 001,2244627,56.08,58.224131799201,-0.3188781376178079,-1.0325631325762148,-0.15561605452388677,0.0815295419838095,0.16225337187705588,57.78960145407787
M1-T15760---- 06 001,2237504,55.3,56.79261215013942,-0.3188781376178079,0.22373165194144498,-0.08655635655002931,-0.07670289656782121,0.17725148719340755,56.6425696819468
M1-T15760---- 06 001,2244627,56.42,58.03140462847537,-0.3188781376178079,-0.7818899793018469,-0.057555100116748054,-0.050032480494740225,0.13549358248008891,57.62334258119285
M1-T15760---- 06 001,2244627,56.42,58.192523170261,-0.3188781376178079,0.29227510265741563,-0.367385227426835,-0.050032480494740225,-0.059082678609404575,57.62945062675966
M1-T15760---- 06 001,2243071,62.18,59.642530901880924,-0.3188781376178079,-0.5424967336286225,0.09556942614865402,0.4438655606020589,-0.5632136414766921,58.81299187392826
M1-T15760---- 06 001,2243071,62.18,59.642530901880924,-0.3188781376178079,-0.5423111068807631,-0.03634627074055768,-0.23292661710142845,-1.077884988825772,57.82224182718141
M1-T15760---- 06 001,2237504,55.3,56.447173326569796,-0.3188781376178079,-0.6048734111269374,-0.35944916021794937,0.04690762692028846,0.0897797776593645,55.891649896789794
M1-T15760---- 06 001,2244784,56.9,58.18055387145778,-0.3188781376178079,-0.7555800703922007,-0.03976663729781553,0.0218342120158821,0.051303732208764864,57.72651895955345
M1-T15760---- 06 001,2244627,56.42,58.192523170261,-0.3188781376178079,-0.9371391369065281,-0.16044825217210806,-0.09049396876151557,0.07529313849339157,57.596776598871976
M1-T15760---- 06 001,2244627,56.42,58.01422094604537,-0.3188781376178079,-1.8507677850897684,-0.21456723036763042,0.21236183868893832,0.154736420601328,57.40162026396606
M1-T15760---- 06 001,2244627,55.06,58.224131799201,-0.3188781376178079,-1.5220089501482998,-0.5019606567485435,0.09172703667018647,0.17725148719340755,57.48511472255772
M1-T15760---- 06 001,2244784,56.9,58.18814130333398,-0.3188781376178079,0.010020028769227602,-0.07690393770746132,-0.023112422246513956,0.16047866706508207,57.99885892488996
M1-T15760---- 06 001,2243071,62.18,60.77494876036024,-0.3188781376178079,-1.2343524117364137,0.13695411380850323,-0.37561459392149693,-0.5632136414766921,59.41934797235482
M1-T15760---- 06 001,2243071,62.18,59.61821465125535,-0.3188781376178079,-1.04191640153659,0.3128520026013128,-0.07951066485465598,-0.7852980426489632,58.29897144453358
M1-T15760---- 06 001,2240408,55.4,58.70143132273527,-0.3188781376178079,-0.5409599549024751,0.004559578577196628,0.024073543296332992,-0.13532816485907123,58.111786814307806
M1-T15760---- 06 001,2244784,56.9,58.18055387145778,-0.3188781376178079,-0.754030022480314,-0.009873941920588665,0.333670617838282,0.08226829105469369,57.92747634220116
M1-T15760---- 06 001,2244784,56.9,57.98023926885596,-0.3188781376178079,-1.8461957006982725,-0.03593499705808648,0.20432356710426947,0.06702970050804932,57.372179231479805
M1-T15760---- 06 001,2244784,56.9,57.97823045017835,-0.3188781376178079,-0.8420727179096554,0.04116310643648825,0.018584633653804656,0.08226829105469369,57.58664163925379
M1-T15760---- 06 001,2240408,55.4,58.70143132273527,-0.3188781376178079,-0.7343236070510707,-0.12490363875074356,-0.09049396876151557,-0.07900280846357571,57.998091692344914
M1-T15760---- 06 001,2240408,55.4,58.67607983605325,-0.3188781376178079,-0.7521706968578329,-0.16407132601262847,0.09921435219517266,-0.14103111836318874,57.96273869411694
M1-T15760---- 06 001,2244620,61.1,59.51738483211261,-0.3188781376178079,-1.0123336674158137,-0.08655635655002931,0.0011357759621874965,0.15245023963897542,59.08035445880242
M1-T33025W3-- 03 005,2241387,45.07333333333333,45.015850610268025,-0.012334072069548466,-0.16495464221799375,-0.044876380827550855,-0.044415501655911425,0.06942143041832215,44.99592340171503
M1-T15760---- 06 001,2244620,61.1,59.51738483211261,-0.3188781376178079,-0.729215113921278,0.05720821629574729,-0.03210607990405021,0.11406954906341785,59.175173079228124
M1-T33025W3-- 03 005,2241387,45.07333333333333,45.01551903885709,-0.012334072069548466,-0.26541797873742373,-0.9897207479954035,-0.09545546655055019,0.044735252590549765,44.34711613531705
M1-T15760---- 06 001,2244620,61.1,58.96271294454002,-0.3188781376178079,-1.2949951539421871,0.07459909924628516,-0.0028589400717003444,0.04256368533053179,58.42744911179647
M1-T15760---- 06 001,2244620,61.1,59.24993838482014,-0.3188781376178079,-1.0948302881041854,0.11509883415372317,0.024073543296332992,-0.19872342774140214,58.52203927139521
M1-T15760---- 06 001,2244620,61.1,59.24993838482014,-0.3188781376178079,-0.40309315744176194,0.04235371905515834,0.07475660730871148,0.035113869534535255,58.93607428817627
M1-T15760---- 06 001,2239717,54.15,56.13865468227747,-0.3188781376178079,-1.0068017928531696,0.3721030326572506,-0.11455357232135459,-0.9173281778351747,54.69524858339461
M1-T15760---- 06 001,2239717,54.15,56.5172823588193,-0.3188781376178079,-0.06166132300382935,-0.05266002274457536,-0.1010684020400602,0.08277891053146488,56.19944813738926
M1-T15760---- 06 001,2239717,54.15,55.920571986396595,-0.3188781376178079,-1.0478236221693162,0.13375582707296116,-0.08939241800304398,0.12209797648952447,55.53089620302703
M1-T15760---- 06 001,2239717,54.15,56.5172823588193,-0.3188781376178079,0.5509156501658211,0.08145213125863332,0.1320020937504914,-0.2644155847207052,56.13717573663763
M1-T15760---- 06 001,2239717,54.15,55.920571986396595,-0.3188781376178079,-0.8694154556383219,0.13375582707296116,0.1286502870933254,0.16047866706508207,55.72034060209741
M1-T33025W3-- 03 005,2239921,49.39333333333334,43.75918197187844,-0.012334072069548466,-0.38239684099895066,-0.992328724602201,0.15464556054666195,-0.26694528173262116,42.82043318369017
M1-T33025W3-- 03 005,2239921,49.6,43.71012751957447,-0.012334072069548466,-0.4460090253801171,-0.2251311404593322,-0.12361925663989355,-0.09030334232844103,43.29288184840743
M1-T33025W3-- 03 005,2239921,41.64,43.75918197187844,-0.012334072069548466,-0.44873316436592414,-0.17031282697930278,0.05900447305271422,-0.12915580294694284,43.415778416613385
M1-T33025W3-- 03 005,2239921,41.64,43.71012751957447,-0.012334072069548466,-0.05856601854444469,-0.14934795603789516,-0.20157510324118874,-0.2020017467142557,43.266030324605985
M1-T33025W3-- 03 005,2239921,41.64,43.75918197187844,-0.012334072069548466,-0.0431121940533111,-0.188998743025017,-0.6326889996967542,0.026118459464027237,43.35421179674102
M1-T15760---- 06 001,2246491,49.09,58.36552631227188,-0.3188781376178079,-1.2112171273575414,-0.4919214174331866,-0.0676935817364831,-0.44767899124860644,56.91265417748112
M1-T15760---- 06 001,2246491,49.09,57.926138461857725,-0.3188781376178079,-1.01873855949245,0.21578399177550756,-0.15404128682818838,0.04256368533053179,57.47110994446289
M1-T15760---- 06 001,2246491,49.09,57.926138461857725,-0.3188781376178079,-0.8188990410757337,0.16815358628259014,-0.0777902022927803,-0.11009807859227862,57.35023982251937
M1-T15760---- 06 001,2246491,49.09,57.716362119597676,-0.3188781376178079,-0.7492616204578663,0.07655669224081561,0.025064844197007052,-0.2772464893573046,56.95774924278674
M1-T15760---- 06 001,2246494,56.52,53.86246145938955,-0.3188781376178079,-1.0632913485464217,-0.22803795135321625,-0.08301619984877631,-0.11009807859227862,52.985882182230256
M1-T33025W3-- 03 005,2248089,45.18666666666667,46.228208946921434,-0.012334072069548466,-0.11553388852690906,-0.25966216077694626,0.10798675120348537,-0.39684255899057463,45.625324519689634
M1-B15563R1-- 03 002,2273329,38.89,40.06782217751914,0.016098880439197497,-0.1006931151318239,0.20989685899225052,0.02779838158792061,0.5249153695553089,40.80402854612102
M1-B15563R1-- 03 002,2273329,38.89,40.06782217751914,0.016098880439197497,-0.0944777273731137,-0.29954300055447175,0.02779838158792061,0.2607967490881105,40.19317725068502
M1-B15563R1-- 03 002,2273329,38.89,40.06782217751914,0.016098880439197497,-0.1344753505524949,-0.3231279571154384,0.5131575740582218,0.36122746593469307,40.51348770218256
M1-T33025W3-- 03 005,2278098,41.60666666666666,44.6557735492205,-0.012334072069548466,0.2761861015982048,-1.0190800029481217,-0.09578105365078082,-0.20926333768365868,43.80649483232424
M1-T33025W3-- 03 005,2278098,41.60666666666666,44.678041300097696,-0.012334072069548466,0.08324372295514973,-0.7081257851938086,-0.15437956588689292,0.37631873065404237,44.61714503766278
M1-T33025W3-- 03 005,2291876,44.51666666666667,44.76695077762424,-0.012334072069548466,0.21967077378624392,-0.9336305553894367,-0.07144782353657694,-0.3119341362622857,43.84923896925365
M1-T33025W3-- 03 005,2291876,44.51666666666667,44.787828929978396,-0.012334072069548466,0.2177454677082406,0.6402934835832457,-0.3095811180086138,-0.14739894228177008,44.89974382681488
M1-T33025W3-- 03 005,2313107,44.79333333333333,47.84470222204849,-0.012334072069548466,-0.2568721507707013,-0.7960716359731749,-0.24527959861538515,0.15567230659581832,47.35266847919082
M1-T33025W3-- 03 005,2313107,44.79333333333333,48.298161294192596,-0.012334072069548466,-0.22208596782053042,-0.01118869946639117,-0.24094965647428945,-0.148366252950007,47.941841448813975
M1-T33025W3-- 03 005,2309645,42.59666666666666,45.6297859739788,-0.012334072069548466,0.1496220797554669,0.6402934835832457,-0.2035757716821179,-0.1258300978770382,45.80017759135392
M1-T33025W3-- 03 005,2309645,38.54,46.47078149783563,-0.012334072069548466,-0.15410436469609268,-0.18329210730075535,-0.1862567068318895,0.19988686037442624,46.45295692065759
M1-T33025W3-- 03 005,2315865,45.26666666666667,46.06194469496071,-0.012334072069548466,0.22302598781343266,-0.1964355439626997,-0.1428137539584586,0.12794268047344112,46.06388167739516
M1-T33025W3-- 03 005,2315865,40.76,46.052373470975866,-0.012334072069548466,0.13503254093996864,-0.8305150801413265,-0.3310642831346456,-0.12081676498411704,45.27451988462229
M1-T01139-A-- 02 001,2323549,55.735,58.70517466719504,0.016098880439197497,0.02378272968036816,0.03099066469836128,-0.20043091038664507,-0.1347190427909353,58.49631106753882
M1-T01139-A-- 02 001,2323549,55.735,58.70517466719504,0.016098880439197497,-0.040081010859682416,0.09652704090885526,-0.06386917314733132,0.179473540064316,58.94657132570913
M1-T01139-A-- 02 001,2323549,55.735,58.70517466719504,0.016098880439197497,0.01638978497965625,0.25773396915093133,-0.2120106405639564,-0.057145647934714584,58.715629529304906
M1-T33025W3-- 03 005,2341958,45.0325,45.98791278936833,-0.012334072069548466,-0.42944860783059446,-0.04932285809789584,-0.09545546655055019,0.10478027533095688,45.918792702903744
M1-T33025W3-- 03 005,2400178,41.78,48.088058373889226,-0.012334072069548466,0.026646470408771307,-1.5994364317909555,-1.165042611589852,-0.4711260557159904,46.02295345499718
M1-T33025W3-- 03 005,7422141,44.0,46.289781311173336,-0.012334072069548466,0.46304567016437675,-0.6743497867612664,-0.16930578811438451,-0.36008943047472175,45.485659648806084
M1-T33025W3-- 03 005,7422141,44.0,46.80795035553492,-0.012334072069548466,0.31706576772972345,-0.6176465327303395,0.053323219563466445,-0.47103509847619596,45.98049892165207
M1-T33025W3-- 03 005,7422141,44.0,46.26890315881918,-0.012334072069548466,0.39666669201300025,-0.18340466144416262,0.12017240727637293,-0.5332497733748851,45.68326234911348
M1-T33025W3-- 03 005,7422141,44.0,46.26890315881918,-0.012334072069548466,-0.033492107413497396,-0.08995208234746994,-0.21980720744382212,-0.42659686227809923,45.59974397465252
M1-T33025W3-- 03 005,7410630,48.38,45.39903456004767,-0.012334072069548466,0.13887109853833382,0.6338275745368483,0.09173777129349413,-0.24902744285990366,45.56027108191933
M1-T33025W3-- 03 005,7410630,48.38,45.009938653850774,-0.012334072069548466,0.3186990701278548,-0.34947295154451535,0.09741352083756522,-0.26093196252176215,44.60775313875614
M1-T33025W3-- 03 005,7410630,48.38,45.33150440515161,-0.012334072069548466,-0.20697158140756206,-0.2589952587081525,-0.021624596909426887,-0.25369026615616574,44.810865287959004
M1-T33025W3-- 03 005,7410630,48.38,45.33150440515161,-0.012334072069548466,0.45863426817182945,-0.2892186182517057,-0.08307114964035867,-0.26093196252176215,44.91420876656747
M1-B00460B--- 04 009,7521257,58.64,52.30413967657581,0.4848854907699028,0.0399556668994189,0.46492786962403654,-0.20502987173809042,-0.18595460001509084,52.76952939462074
M1-B00460B--- 04 009,7521257,58.64,52.30413967657581,0.4848854907699028,1.362941393908026,1.1157903241342764,-0.18515372735584854,0.051944098123076925,53.762541328632004
M1-T19327---- 01 003,7511035,34.15,31.830289831301258,-0.3365671686358123,-0.07135674948426066,0.31394751296127815,-0.03531506664907034,-0.40643996156892775,31.18247535080697
M1-T19327---- 01 003,7511035,34.15,31.830289831301258,-0.3365671686358123,-0.21920911137140314,0.46158879683120574,0.20122148946804666,-0.5969460341425395,31.1287626070811
M1-B00460B--- 04 009,7555805,56.95,52.1482870875629,0.4848854907699028,-0.006863503150419891,-0.14878319203547746,0.18623684995977507,-0.12525629196412774,52.48504156967231
M1-B00460B--- 04 009,7555805,56.95,52.1482870875629,0.4848854907699028,0.007497233725344592,-0.02891436215003508,0.10557349568058452,-0.12525629196412774,52.52305503601473
M1-B00460B--- 04 009,7528260,50.79,52.82846733320788,0.4848854907699028,1.350769112521309,1.0141219198666374,0.12613004176658715,-0.15671902364323717,54.12891797522387
M1-T33025W3-- 03 005,7550793,50.58,46.04081657528085,-0.012334072069548466,-0.19998342625679114,-0.26892528928099374,-0.09013291366525886,-0.6572106447197835,45.01927271429483
M1-T33025W3-- 03 005,7550793,50.58,46.0380496376543,-0.012334072069548466,0.4289274267375763,-1.3544683777726045,-0.05882295143165718,-0.656823165873748,44.524615919759
M1-T33025W3-- 03 005,7550793,50.58,46.03124535129601,-0.012334072069548466,0.05828028607422902,-0.20588820736057245,-0.3618430223908967,-0.555670790252888,45.09839731782101
M1-T33025W3-- 03 005,7550793,50.58,46.03124535129601,-0.012334072069548466,0.3106227028352507,-0.3226386762188134,-0.12014520229181151,-0.555670790252888,45.201786900958226
M1-T33025W3-- 03 005,7555609,43.88,48.45863853500189,-0.012334072069548466,-0.027755843774198423,-0.43266801016928197,-0.007721505792785425,-0.2877335491772456,47.84301527413327
M1-T33025W3-- 03 005,7555609,43.88,48.43776038264773,-0.012334072069548466,-0.047944214660438876,-0.20588820736057245,-0.2539477235598931,-0.20508754772332596,47.93375161411526
M1-T33025W3-- 03 005,7555609,43.88,48.50669460254682,-0.012334072069548466,0.4493058550406501,-0.26541579720870206,-0.4590970409553698,0.1767337242323778,48.42807693550852
M1-T33025W3-- 03 005,7555609,43.88,48.43776038264773,-0.012334072069548466,0.08993835151894199,-0.14900230361070613,-0.32937268940042463,0.253504333337771,48.49325330383752
M1-B00460B--- 04 009,7555805,56.95,52.1482870875629,0.4848854907699028,0.10794028423456405,0.3080771018904914,0.025844778124669412,-0.10601345384288864,52.735657006642064
M1-T10035B6-- 03 002,7569403,44.73,42.18225188722451,0.016098880439197497,-0.332218292620791,0.2092730639199872,0.06641967797044049,0.09676117778931287,42.388352129027545
M1-T10035B6-- 03 002,7569403,44.73,42.18225188722451,0.016098880439197497,-0.02490732762357665,0.1358621752235895,-0.19045229670642783,0.30679898469803146,42.537974147556056
M1-B00460B--- 04 009,7660102,52.35,53.41668229910783,0.4848854907699028,-0.14010479938142598,0.16995525941037895,-0.22669892001440195,-0.2084799515168771,53.62437079059964
M1-B00460B--- 04 009,7660102,52.35,53.41668229910783,0.4848854907699028,0.007497233725344592,0.795666320978798,-0.18078167352938895,0.28312120032887433,54.62571119617995
M1-B00460B--- 04 009,7660102,52.35,53.41668229910783,0.4848854907699028,1.2783622194559416,0.9007501908819353,0.04686940416277047,-0.3487128420683322,54.372966644250624
M1-B00460B--- 04 009,7717432,57.78,52.33629023929739,0.4848854907699028,-0.0408271391391246,1.0141219198666374,-0.2740903395806604,-0.0033259207967496086,53.29250926899456
M1-B00460B--- 04 009,7717432,57.78,52.33629023929739,0.4848854907699028,0.7341096791635928,0.5227153521722495,-0.21827424646090762,-0.17831527292897686,53.00494810150181
M1-T33025W3-- 03 005,7748652,46.92,46.3453811266773,-0.012334072069548466,-0.24766807568786822,-0.4727292445828413,0.03409244517082103,0.048006384594614974,46.05899927991623
M1-B00460B--- 04 009,7753081,55.89,53.46407486702674,0.4848854907699028,-0.11046589876877526,1.0777662451267744,-0.22982337555521445,1.2706126860246065,55.928861897004325
M1-B00460B--- 04 009,7753081,55.89,53.46407486702674,0.4848854907699028,-0.17552458859958286,0.9007501908819353,-0.21827424646090762,0.44500967746049047,54.86164372203325
M1-T19012W--- 01 001,7775201,85.31,97.01385148308006,0.016098880439197497,0.05735023595444944,0.1365777453244017,-0.06065783982557245,0.3746414355171533,97.52883375499182
M1-T19012W--- 01 001,7775201,85.31,96.72894176590177,0.016098880439197497,-0.06328021065133832,-0.059091282705673334,0.3787918577478349,0.5963178451896622,97.55868245813116
M1-T19012W--- 01 001,7775201,85.31,103.76788151434124,0.016098880439197497,-0.26977939711367616,0.13993496326524857,-0.033181418829197444,0.4952035184920828,104.3584551773414
M1-T19012W--- 01 001,7775201,85.31,103.76788151434124,0.016098880439197497,0.268813384822891,0.027847601747966425,0.7712923784071956,0.4550798500494992,104.75188495034745
M1-T19012W--- 01 001,7775201,85.31,97.01385148308006,0.016098880439197497,-0.09414202552187026,-0.2626010296616883,0.7737639115678765,0.2613204324935868,97.5135712052732
M1-T33025W3-- 03 005,7765906,44.14,48.63853861116323,-0.012334072069548466,0.48699155550387774,-0.6123126097959155,-0.256474070528623,0.40097818893463666,48.71233785287108
M1-T33025W3-- 03 005,7765906,44.14,48.09410131940627,-0.012334072069548466,0.2219126831537163,-0.3229775683236318,-0.42780936711693196,0.44388028489359344,48.24846144338152
M1-T33025W3-- 03 005,7765906,44.14,48.11497947176043,-0.012334072069548466,-0.4097449983658764,-0.4118540034341604,0.038848634295253065,0.5422932779240229,48.39773242440672
M1-T33025W3-- 03 005,7765906,44.14,48.07183356852907,-0.012334072069548466,0.2079991791803049,-0.3812736134545765,-0.4492452912969606,0.36939007838547594,48.091772056038906
M1-T33025W3-- 03 005,7765906,44.14,48.66681783224965,-0.012334072069548466,0.16545105007022512,-0.5712329712948756,0.29514830570188,0.5320269940633431,49.09929661160741
M1-T33025W3-- 03 005,7803398,42.44,46.361192896602475,-0.012334072069548466,0.5498923553876793,-1.4935297463116588,0.07876772219622424,-0.7996376695732607,44.692920231023905
M1-T15215---- 08 005,1827617,78.63,65.59245679187605,0.016098880439197497,-0.10102579385449412,0.1262761550891405,0.00101591280593849,0.43615882470228867,66.28297313720317
M1-T15215---- 08 005,1827617,78.63,65.59245679187605,0.016098880439197497,-0.002026003999138097,0.1262761550891405,-0.09398474281886028,0.08682979187084587,66.4055112735562
M1-T15215---- 08 005,1827617,78.63,65.59245679187605,0.016098880439197497,0.47051404390171564,0.1262761550891405,-0.24961345089518097,0.07934368854521569,66.6555574797927
M1-T15215---- 08 005,1827617,78.63,65.59245679187605,0.016098880439197497,-0.10695825441918397,0.3040616165263092,-0.33251656685491504,0.15942416066262202,66.3228779754017
M1-T15215---- 08 005,1895567,75.67,67.9146356689265,0.016098880439197497,0.7286328037254464,0.2044004195937238,-0.3621520111464819,0.5551229501132202,67.78486585562477
M1-T15215---- 08 005,1895567,75.67,67.9146356689265,0.016098880439197497,0.625957846439244,0.1262761550891405,-0.2257498797080961,0.5693593047520923,67.87620787831614
M1-T25045---- 08 004,1899501,66.37,62.03227235520454,0.016098880439197497,-0.02601001577453787,-0.12048021931540417,-0.3076505472845347,0.9707125222739555,61.76872926146571
M1-T25045---- 08 004,1905456,66.27,61.592175192567474,0.016098880439197497,-0.44247272106089897,-0.13850592664616113,-0.203544617993476,-0.30215605728226347,60.801289581178956
M1-T25045---- 08 004,1911891,65.67,63.51052067293127,0.016098880439197497,-0.25643187806030215,-0.1400270783861104,-0.26044651536364527,-0.0715697868260306,63.87822582931291
M1-T25045---- 08 004,1919824,65.6,62.268898901877776,0.016098880439197497,-0.21927464032859548,-0.1400270783861104,0.08982553230992278,-0.167066633489211,62.37125142074395
M1-T11923---- 09 002,1923756,50.97,57.68005760752865,0.016098880439197497,1.0883556452311633,0.001168133343388421,-0.47097932321885816,0.7632435335315649,57.38573397074474
M1-T11923---- 09 002,1923756,50.97,57.68005760752865,0.016098880439197497,1.1113444953207452,0.001168133343388421,0.0012360553628677148,0.641427087579766,57.65469316741583
M1-T11923---- 09 002,1923756,50.97,57.68005760752865,0.016098880439197497,1.0100359654302875,0.001168133343388421,0.05167541002030888,1.3135080352285444,56.98183112272229
M1-T25045---- 08 004,1931932,68.65,63.058870177650164,0.016098880439197497,-0.6032255882937926,-0.13850592664616113,0.004453724228380419,-0.7883761936403126,61.89071014723741
M1-T25045---- 08 004,1935851,69.03,57.902486870587836,0.016098880439197497,-0.03429322718202768,-0.1400270783861104,0.1631620200479094,0.0522367659842574,57.94100836059832
M1-T25045---- 08 004,1939667,61.37,62.37601566320741,0.016098880439197497,0.00835875311795767,-0.1800496722545097,-0.09659517986536241,-0.6095283415165565,61.8846869652817
M1-T25045---- 08 004,1955921,54.6,60.45213667999116,0.016098880439197497,-0.1045913764503535,-0.1400270783861104,-0.4943561034162756,-0.9265587037655988,61.24813497178096
M1-T25045---- 08 004,1978715,56.71,60.36750784530298,0.016098880439197497,-0.1842011736780617,-0.1400270783861104,-0.02269587928735134,-0.724692251648896,58.63106826809813
M1-T25045---- 08 004,1978715,56.71,60.345847874641976,0.016098880439197497,0.26028945194054726,-0.1400270783861104,0.1131778374349036,-0.7260501451495912,59.66971173702626
M1-T25045---- 08 004,1978715,56.71,60.345847874641976,0.016098880439197497,-0.2694519201462325,-0.13850592664616113,-0.11637854615764971,-0.8646926227915223,59.20538781549695
M1-T25045---- 08 004,1978715,56.71,60.345847874641976,0.016098880439197497,-0.04166204082362405,-0.1400270783861104,-0.2055262208777266,-0.7298646600407828,61.26065905449498
M1-T25045---- 08 004,1978715,56.71,60.345847874641976,0.016098880439197497,0.008478020252020766,-0.1400270783861104,-0.13434274492467108,-0.7530417574522599,59.08008912919053
M1-T25045---- 08 004,1984422,56.74,60.867985532985195,0.016098880439197497,-0.26805924911551543,-0.14853571227323778,0.18115952330671542,-0.9803655769982901,59.513715117106216
M1-T25045---- 08 004,1984422,56.74,60.84632556232419,0.016098880439197497,-0.2996387559652405,-0.1641353016472824,-0.03097442423334118,-0.9993898153880029,58.874314328621885
M1-T25045---- 08 004,1984422,56.74,60.84632556232419,0.016098880439197497,-0.2348389541355757,-0.14853571227323778,0.18115952330671542,-0.9993898153880029,58.91983486859591
M1-T25045---- 08 004,1984422,56.74,60.84632556232419,0.016098880439197497,0.06679812365024666,-0.1641353016472824,0.18115952330671542,-0.9417235567885613,59.14554191360965
M1-T25045---- 08 004,1984422,56.74,60.50921001792566,0.016098880439197497,-0.36586647841647524,-0.14853571227323778,-0.3105335360542675,-0.9911357510696485,59.53961291547721
M1-T25045---- 08 004,1993355,54.73,60.96252214499706,0.016098880439197497,0.09009213679159979,-0.18157082399445895,-0.3109692869164001,-0.9905570021030168,59.51670126110377
M1-T25045-M-- 01 001,2022369,60.26,60.65746953442842,0.016098880439197497,0.15315066286148507,-0.1318993009030177,0.2894957535729848,-0.3688002199684225,60.78466687846079
M1-T25045---- 08 004,2024~1403506,54.33,62.38047714722004,0.016098880439197497,0.14595136955231156,-0.029128967134837994,0.7688930883241607,-1.2082475281871825,61.51926805551646
M1-T25045---- 08 004,2024~1403506,54.33,62.06830374196211,0.016098880439197497,0.09991783671152277,-0.029128967134837994,0.9602190884188512,-1.157826159569789,60.88163861728387
M1-T25045---- 08 004,2024~1403506,54.33,62.38047714722004,0.016098880439197497,0.03374250935558345,-0.0566945143083165,1.1899271774668,-1.1225069576449007,61.648425386944496
M1-T25045---- 08 004,2024~1403506,54.33,62.38047714722004,0.016098880439197497,-0.2007005571441332,-0.0566945143083165,0.9356323565073718,-1.011728358594709,61.5201539561026
M1-T25045---- 08 004,2024~1403506,54.33,62.38047714722004,0.016098880439197497,0.1148163853507822,-0.0566945143083165,0.9602190884188512,-1.1225069576449007,61.301296525700906
M1-T25045---- 08 004,2024~1415992,61.195,61.49752030212489,0.016098880439197497,-0.096899701074754,-0.029128967134837994,0.38249716738726314,-0.6798791753687274,59.203131678791955
M1-T25045---- 08 004,2024~1415992,61.195,61.475860331463885,0.016098880439197497,-0.26530777802343214,-0.0566945143083165,0.22388252425409888,-0.6885700685396225,60.6216414296017
M1-T25045---- 08 004,2024~1415992,61.195,61.475860331463885,0.016098880439197497,0.027492460673663555,0.001168133343388421,0.9200223752797885,-0.12176283644977508,60.382335193938445
M1-T25045---- 08 004,2024~1412499,61.3,63.446618304995056,0.016098880439197497,-0.05399558185294456,-0.04337315113388196,0.5687388008872705,-0.6891015892500729,63.048417808729106
M1-T11923---- 09 002,2024~1461982,44.8,57.92322934132718,0.016098880439197497,1.3429407583071058,0.014489496517822964,0.9739622825656084,0.7026294976244165,57.93748934462428
M1-T11923---- 09 002,2025~1696714,49.21,57.703933228014975,0.016098880439197497,-0.169255732932576,-0.22255684903801404,1.0018996287107786,0.1506146835904761,56.66274539075859
M1-T11923---- 09 002,2025~1733855,45.49,55.99123359706405,0.016098880439197497,0.16090997264737478,0.014489496517822964,-0.7976048005396357,0.75049684858855,55.303129609266506
M1-T11923---- 09 002,2025~1733855,45.49,58.24907141280065,0.016098880439197497,0.30668046528669185,0.014489496517822964,-0.10590888185803189,1.4986001136851521,58.56020288397565
M1-T11923---- 09 002,2025~1733855,45.49,58.24907141280065,0.016098880439197497,1.54849477989571,0.014489496517822964,-0.4696526171315619,0.9635010696762192,59.118960810906295
M1-T11923---- 09 002,2025~1733855,45.49,58.24907141280065,0.016098880439197497,1.4177638557669219,0.014489496517822964,-0.4696526171315619,0.964577907090291,58.80220920082897
M1-T25045---- 08 004,2029840,55.28,60.35626865603416,0.016098880439197497,0.35637895081437815,-0.1400270783861104,0.13972738450073566,-0.48610028621404167,59.65967838255033
M1-T25045---- 08 004,2029840,55.28,60.334608685373155,0.016098880439197497,-0.2996387559652405,-0.1400270783861104,0.10326676145832071,-0.5407864760168491,58.480531599920695
M1-T25045---- 08 004,2029840,55.28,60.334608685373155,0.016098880439197497,-0.3003409685401031,-0.1400270783861104,0.1987649280567953,-0.5045980034050783,58.75051524147121
M1-T25045---- 08 004,2029840,55.28,60.334608685373155,0.016098880439197497,-0.0073891909314779325,-0.1400270783861104,0.25297583483910707,-0.473490697177877,60.18142124466422
M1-T25045---- 08 004,2029840,55.28,60.35626865603416,0.016098880439197497,0.09920285558202256,-0.1400270783861104,0.25297583483910707,-0.5459588844087359,58.74134836330913
M1-T25045---- 08 004,2033291,56.9,60.33173371804273,0.016098880439197497,-0.30777874897016666,-0.1400270783861104,-0.05383554461268972,-0.4532233503127411,58.94379637525684
M1-T25045-M-- 01 001,2028005,58.97,59.32595093297579,0.016098880439197497,1.2939286061290043,-0.05377503639843455,0.3897731552894879,-0.7565152185759566,59.56605201671355
M1-T25045-M-- 01 001,2028005,58.97,59.32595093297579,0.016098880439197497,0.15452736653343832,-0.05377503639843455,0.2249781549915958,-0.7238823272790137,59.61403671746458
M1-T25045---- 08 004,2042770,53.835,60.282629399258546,0.016098880439197497,-0.18238101459920497,-0.1400270783861104,-0.03836573187120424,-0.32341934598682526,58.84211931386807
M1-T25045---- 08 004,2042770,53.835,60.282629399258546,0.016098880439197497,0.5579980996629338,-0.1400270783861104,0.19194020302580278,-0.37471917909169966,59.17369698169122
M1-T25045---- 08 004,2042770,53.835,60.282629399258546,0.016098880439197497,-0.14038300974580703,-0.1400270783861104,0.021276934814322135,-0.3409561416629036,60.20509643555666
M1-T25045---- 08 004,2042770,53.835,60.282629399258546,0.016098880439197497,0.2140289435063134,-0.1400270783861104,0.10647326814870149,-0.29101420205872447,59.565950733776866
M1-T25045---- 08 004,2042770,53.835,60.282629399258546,0.016098880439197497,-0.2748665449429679,-0.1400270783861104,0.18115952330671542,-0.2896563085580291,58.64678063951377
M1-T25045---- 08 004,2043067,56.95,60.31400266832438,0.016098880439197497,-0.2736500886857885,-0.1400270783861104,0.1266728440750478,-0.3986165788431286,58.77412281007577
M1-T25045---- 08 004,2043067,56.95,60.31400266832438,0.016098880439197497,-0.29555155606076544,-0.1400270783861104,0.09596318997233598,-0.42156690614463926,58.48021748780003
M1-T25045---- 08 004,2043067,56.95,60.31400266832438,0.016098880439197497,-0.04613888466634425,-0.1400270783861104,0.10647326814870149,-0.4742246327502088,60.79801853680518
M1-T25045---- 08 004,2043067,56.95,60.349741832467586,0.016098880439197497,0.013602925030136994,-0.1400270783861104,0.028580506300306854,-0.5368950947298194,60.55541037548232
M1-T25045---- 08 004,2043067,56.95,60.31400266832438,0.016098880439197497,-0.24063489907550253,-0.1400270783861104,0.10326676145832071,-0.5201517486670181,58.91107937353732
M1-T25045---- 08 004,2048636,55.14,59.12664908551761,0.016098880439197497,-0.2763161447809216,-0.1806705674053067,-0.3638547566319514,-0.6165625773774829,57.68530593772024
M1-T25045---- 08 004,2048636,55.14,59.11822804918248,0.016098880439197497,-0.12703286680372794,-0.14853571227323778,0.10326676145832071,-0.7981616585300058,57.412342769089946
M1-T25045---- 08 004,2048636,55.14,59.12664908551761,0.016098880439197497,-0.2148914987717163,-0.14853571227323778,0.10326676145832071,-0.9092262685225119,57.334641093124816
M1-T25045---- 08 004,2084739,56.98,60.7974404141223,0.016098880439197497,0.4153654597944983,-0.1800496722545097,-0.48618371216498485,-0.9224641153317068,58.745143657659995
M1-T25045---- 08 004,2084739,56.98,60.7974404141223,0.016098880439197497,0.20584732372974482,-0.1400270783861104,0.09201184858663845,-0.8745019857823558,59.55702574061685
M1-T25045---- 08 004,2084739,56.98,60.7974404141223,0.016098880439197497,-0.24503338093808547,-0.1400270783861104,-0.25739765920358815,-0.9905570021030168,57.387170132353816
M1-T25045---- 08 004,2084739,56.98,60.7974404141223,0.016098880439197497,-0.22992228343882493,-0.1400270783861104,-0.04505592307360244,-0.970850405314895,57.73579622152433
M1-T25045---- 08 004,2084739,56.98,60.7974404141223,0.016098880439197497,-0.2637094320333427,-0.1400270783861104,-0.22511877794698937,-0.9195505722100208,59.165262442215344
M1-T25045---- 08 004,2101459,58.07,56.370358554015816,0.016098880439197497,-0.2720342119982636,-0.14853571227323778,-0.15191475457742196,-1.2414373736391895,55.11219269782274
M1-T25045---- 08 004,2111618,56.66,61.309220386280714,0.016098880439197497,-0.030296769150547746,-0.1800496722545097,-0.2944074710161287,-0.9212884428794799,59.08075392073669
M1-T25045---- 08 004,2111618,56.66,61.28756041561971,0.016098880439197497,-0.2520882830193308,-0.1400270783861104,-0.31062401362776454,-0.9247229806019073,60.750889880562
M1-T13127---- 19 001,2121469,62.99,62.71673533810799,0.016098880439197497,-0.402191953309488,-0.045788934058723384,0.7743487345246324,-0.3218288924455369,63.341474143157704
M1-T14885---- 17 002,2133133,65.07,66.63315157403764,0.016098880439197497,-0.004430945089171283,-0.05685057838071775,0.946694676947819,-0.2225499239016973,66.36074235011468
M1-T14885---- 17 002,2133133,65.07,66.63315157403764,0.016098880439197497,-0.18972063571184106,-0.02662318146986262,0.9473726790376137,-0.3212566952882991,67.61256415012043
M1-T14885---- 17 002,2133133,65.07,66.39286686507505,0.016098880439197497,-0.5713682651458393,0.0009423657036158961,0.9035731437103839,-0.35109372645926706,67.24962095422305
M1-T14885---- 17 002,2133133,62.83,66.19983168508202,0.016098880439197497,0.04803458932946501,-0.02662318146986262,1.0573958015168055,-0.30901630723573814,66.13123084668835
M1-T25045---- 08 004,2135375,58.16,61.460217580642436,0.016098880439197497,-0.3495015571532064,-0.1400270783861104,0.01590300643484283,-0.9109099114255361,60.95697533261078
M1-T14885---- 17 002,2143714,66.67,65.04512710435006,0.016098880439197497,-0.22598147023866264,0.17872782714078464,0.9464731069255518,-0.2841294772065359,65.44613151806935
M1-T14885---- 17 002,2147532,63.66,65.78752915779698,0.016098880439197497,0.20297280428838468,0.0009423657036158961,0.9967396297768264,-0.18304345927843702,63.82443248759998
M1-T14885---- 17 002,2147532,63.66,65.56276367354188,0.016098880439197497,-0.33324786729993366,0.0009423657036158961,0.9298089626271472,-0.11907242041826063,64.9446489451024
M1-T14885---- 17 002,2147532,63.66,65.56276367354188,0.016098880439197497,-0.2806023149785842,0.0009423657036158961,0.9862956518535485,-0.1282948342996062,65.53299447453591
M1-T14885---- 17 002,2147532,63.66,65.56276367354188,0.016098880439197497,-0.18681946161500773,-0.08099486697204682,0.9464731069255518,-0.11907242041826063,64.69718877136056
M1-T14885---- 17 002,2147532,63.66,65.56276367354188,0.016098880439197497,-0.15624669558159524,0.0009423657036158961,1.0447086476176342,-0.11636355402121218,63.5391384262375
M1-T15215---- 08 005,2143697,70.74,66.73813115000618,0.016098880439197497,0.11961844678420668,0.14582301415984678,-0.2983979125469059,0.184290488436945,66.31576862869404
M1-T15215---- 08 005,2143697,70.74,66.73813115000618,0.016098880439197497,0.0854932048429524,0.3236084755970153,-0.2532035102495181,0.08456879347198974,66.70484640370613
M1-T15215---- 08 005,2143697,70.74,66.73813115000618,0.016098880439197497,0.06436244957158421,0.3236084755970153,-0.4338825236557841,0.12596972570836468,67.12322596894987
M1-T15215---- 08 005,2143697,70.74,66.73813115000618,0.016098880439197497,0.12173960465395127,0.14582301415984678,-0.2413536875103193,0.046101577063644615,66.5995299561629
M1-T25045---- 08 004,2143794,57.79,62.459924620391234,0.016098880439197497,-0.26007737849526513,-0.13850592664616113,-0.2321334097418174,-0.9260808741026025,60.78075437780973
M1-T25045---- 08 004,2143794,59.08,62.46834565672637,0.016098880439197497,-0.48044105940941406,-0.1400270783861104,-0.009031948930930744,-0.9154949340852836,62.39353738744817
M1-T14885---- 17 002,2157638,72.53,66.35312888697828,0.016098880439197497,0.41284152671703905,0.0009423657036158961,1.4114809070440086,-0.5508384388324274,67.02448721787239
M1-T14885---- 17 002,2157638,71.64,66.35312888697828,0.016098880439197497,-0.11318925632565391,0.0009423657036158961,0.9600598329367852,-0.0514553933768147,67.31341797114625
M1-T14885---- 17 002,2157638,71.64,66.35312888697828,0.016098880439197497,-0.059822392774628724,-0.02662318146986262,0.7417732884658877,0.005984221243386918,65.52735438776047
M1-T14885---- 17 002,2157638,71.64,66.35312888697828,0.016098880439197497,0.039054477062788084,0.0009423657036158961,1.7306674556045605,-0.039215005324253795,66.24892221151916
M1-T14885---- 17 002,2157638,71.64,66.76379666055313,0.016098880439197497,-0.2605465448786299,-0.08267549453467574,1.6519554962431082,-0.039215005324253795,66.18365768996752
M1-T14885---- 17 002,2157638,71.64,66.35312888697828,0.016098880439197497,0.10795852970351633,-0.02662318146986262,0.9742761247162761,-0.039215005324253795,66.0781543861437
M1-T14885---- 17 002,2160815,69.69,65.38376466110854,0.016098880439197497,-0.04750415971416935,0.0009423657036158961,0.9074836370547597,-0.2735132213002367,65.91872296975477
M1-T14885---- 17 002,2165532,67.95,66.08446387232738,0.016098880439197497,-0.3264013317590986,0.0009423657036158961,-0.4674598098583764,-0.5347395990262481,66.80699390873626
M1-T14885---- 17 002,2165532,67.95,66.03711579058545,0.016098880439197497,-0.5410628731052143,0.0009423657036158961,0.519052082705113,-0.4188175816651117,66.50549779043094
M1-T14885---- 17 002,2165532,67.95,66.08446387232738,0.016098880439197497,-0.20675131474651756,0.0009423657036158961,0.40700593280217895,-0.17959466740448066,66.80095679181993
M1-T14885---- 17 002,2165532,67.95,66.03711579058545,0.016098880439197497,-0.7269173099505843,0.0009423657036158961,0.4387318999236197,-0.17037225352313512,66.4208891766799
M1-T14885---- 17 002,2165532,66.96,66.03711579058545,0.016098880439197497,-0.398028476372612,0.0009423657036158961,-0.3302303785958353,-0.17959466740448066,65.84928474270052
M1-T14885---- 17 002,2165532,66.96,66.03711579058545,0.016098880439197497,-0.37456476056720783,0.0009423657036158961,-0.03705614598483499,-0.17959466740448066,67.13123174142876
M1-T14885---- 17 002,2165532,66.96,66.03711579058545,0.016098880439197497,-0.24384830870884358,-0.08404188007955617,0.45485932521192307,-0.17959466740448066,66.81678528689521
M1-T14885---- 17 002,2165532,66.96,66.08446387232738,0.016098880439197497,-0.13871575237385234,0.10937522852049286,0.4675464791110947,-0.17959466740448066,66.66302855245839
M1-T14885---- 17 002,2165532,66.96,66.03711579058545,0.016098880439197497,-0.7273835961854596,0.0009423657036158961,0.009156699075721846,-0.17037225352313512,66.36333165392192
M1-T14885---- 17 002,2165532,71.34,66.03711579058545,0.016098880439197497,0.246463666408045,0.0009423657036158961,0.1668039286241976,-0.17959466740448066,66.53989353147219
M1-T14885---- 17 002,2165532,71.34,66.03711579058545,0.016098880439197497,-0.37980057308053433,0.0009423657036158961,-0.2642165053618393,-0.17959466740448066,66.80764394433629
M1-T14885---- 17 002,2165532,71.34,66.03711579058545,0.016098880439197497,-0.15101201884026488,0.17872782714078464,0.36534297805256116,-0.17959466740448066,66.80289233635747
M1-T14885---- 17 002,2165532,71.34,66.08446387232738,0.016098880439197497,-0.3813293606584736,0.0009423657036158961,-0.24434036097959752,-0.17959466740448066,67.04035143985384
M1-T14885---- 17 002,2165532,71.34,66.03711579058545,0.016098880439197497,-0.12322160462896167,0.17872782714078464,-0.38359592235282636,-0.17959466740448066,66.85758267454064
M1-T25045---- 08 004,2162260,62.05,59.959144753253305,0.016098880439197497,-0.24496628099600462,-0.13850592664616113,-0.21445815066595275,-0.8762866168364435,57.56159240343142
M1-T25045---- 08 004,2162260,62.05,59.96756578958844,0.016098880439197497,-0.23890827366834722,-0.1400270783861104,-0.037752351587617736,-0.8762866168364435,58.4087939525255
M1-T25045---- 08 004,2162260,62.05,59.96756578958844,0.016098880439197497,-0.45390683910757174,-0.1400270783861104,0.005187156950017751,-0.8762866168364435,57.40132433537385
M1-T25045---- 08 004,2162260,62.05,59.959144753253305,0.016098880439197497,-0.21252390939400329,-0.1400270783861104,0.005187156950017751,-0.8591198536668506,58.807205076461614
M1-T25045---- 08 004,2162260,62.05,59.96756578958844,0.016098880439197497,0.24347949146249637,-0.1400270783861104,0.18115952330671542,-0.8571128724442977,59.494389347003896
M1-T25045---- 08 004,2165885,59.04,61.512647219482936,0.016098880439197497,-0.10427438054907048,-0.1400270783861104,-0.17309360593417825,-0.920908465710716,60.92997695098997
M1-T25045---- 08 004,2163945,58.28,60.603443181155804,0.016098880439197497,-0.2780085091372737,-0.8146013846235286,-0.24594415708597328,-1.455339270992619,59.445402480225034
M1-T14885---- 17 002,2184034,61.99,65.85017890109884,0.016098880439197497,-0.28561785038349474,0.0009423657036158961,1.0576173715390729,-0.10134550948762659,64.37643075838267
M1-T14885---- 17 002,2184034,61.99,65.85017890109884,0.016098880439197497,-0.051689335943237644,0.0009423657036158961,1.0311599826000424,-0.29936714502817285,67.22132145029211
M1-T14885---- 17 002,2184034,61.99,65.85017890109884,0.016098880439197497,-0.14170710369909503,0.10937522852049286,0.6813914045696373,-0.051050864846910786,66.29877167858106
M1-T14885---- 17 002,2184034,61.99,65.85017890109884,0.016098880439197497,-0.322546174306235,0.0009423657036158961,0.6582602727471879,-0.1282948342996062,66.75798686150394
M1-T14885---- 17 002,2184034,61.99,65.85017890109884,0.016098880439197497,-0.1363009922860204,0.10937522852049286,0.9600598329367852,-0.1282948342996062,66.4029784596442
M1-T14885---- 17 002,2184034,65.24,65.85017890109884,0.016098880439197497,-0.3756811846567154,0.0009423657036158961,0.39311662212350984,-0.1282948342996062,66.90683708108213
M1-T14885---- 17 002,2184034,65.24,65.85017890109884,0.016098880439197497,0.006851785820317088,0.0009423657036158961,0.6582602727471879,-0.32531128137599363,65.9191232210544
M1-T14885---- 17 002,2184034,65.24,65.85017890109884,0.016098880439197497,-0.2119220594683085,0.0009423657036158961,1.0898509161578924,-0.1282948342996062,64.37531695424408
M1-T14885---- 17 002,2184034,65.24,65.46580324778925,0.016098880439197497,-0.23826417468459474,0.0009423657036158961,0.5690892208319845,-0.1282948342996062,64.46548404377566
M1-T14885---- 17 002,2184034,62.69,65.46580324778925,0.016098880439197497,-0.33875286073397515,0.0009423657036158961,0.4241910717683339,-0.1282948342996062,65.60810197147367
M1-T14885---- 17 002,2184034,62.69,65.85017890109884,0.016098880439197497,-0.23809280638293356,0.0009423657036158961,1.1114696743688626,-0.1282948342996062,65.14812995162072
M1-T14885---- 17 002,2180290,64.18,66.28018960671895,0.016098880439197497,-0.4001239442345421,0.0009423657036158961,0.009834701165516366,-0.1282948342996062,65.700963724355
M1-T14885---- 17 002,2174970,64.48,65.69628924170695,0.016098880439197497,0.06147530593216717,0.0009423657036158961,0.20821136025660103,-0.07899123051977741,66.57168015730663
M1-T25045---- 08 004,2175190,59.76,61.512647219482936,0.016098880439197497,0.1710310030074949,-0.17547510367953192,-0.04505592307360244,-0.8630296404761201,60.6650657434778
M1-T25045---- 08 004,2175190,59.76,61.47690805533973,0.016098880439197497,0.32343800550184654,-0.1400270783861104,0.05774581501085689,-0.9079443363221732,61.646362629839516
M1-T25045---- 08 004,2175190,59.76,61.47690805533973,0.016098880439197497,0.053780092176940596,-0.14853571227323778,-0.0476634275642006,-0.7700305862824149,61.89728949038066
M1-T25045---- 08 004,2175190,59.76,61.47690805533973,0.016098880439197497,0.14055587570508493,-0.14853571227323778,0.03211044453479209,-0.45901979195115244,61.364323515106776
M1-T14885---- 17 002,2184034,64.72,65.85017890109884,0.016098880439197497,-0.4411389324925884,-0.02662318146986262,0.48934334812045566,-0.1282948342996062,65.29286632373923
M1-T14885---- 17 002,2184034,64.72,65.85017890109884,0.016098880439197497,-0.3989150269892239,-0.02662318146986262,0.43840736354782495,-0.1282948342996062,65.59354953299652
M1-T14885---- 17 002,2184034,64.72,65.85017890109884,0.016098880439197497,-0.14170710369909503,0.10937522852049286,0.6582602727471879,-0.1282948342996062,65.55930858044579
M1-T14885---- 17 002,2184034,64.72,65.46580324778925,0.016098880439197497,-0.03884939342558656,0.0009423657036158961,1.1025917284345117,-0.1282948342996062,64.17880403810614
M1-T14885---- 17 002,2184034,64.72,65.85017890109884,0.016098880439197497,0.08688022609829671,0.0009423657036158961,1.1425441240136867,-0.1282948342996062,64.19724870367669
M1-T25045---- 08 004,2194889,57.94,61.350849497601345,0.016098880439197497,-0.27579405118392275,-0.1800496722545097,-0.2676845050901291,-0.5819351389463211,61.90347429465697
M1-T25045---- 08 004,2212746,61.09,62.98705812518376,0.016098880439197497,0.27058433415367583,-0.1400270783861104,-0.037752351587617736,-0.5820754244807131,62.78909091753705
M1-T25045---- 08 004,2212746,61.09,63.00871809584476,0.016098880439197497,-0.20513361404039726,-0.1400270783861104,0.22409903184435082,-0.6932712663229345,62.60430669277536
M1-T25045---- 08 004,2212746,61.09,62.98705812518376,0.016098880439197497,-0.31033965822486465,-0.1400270783861104,-0.02269587928735134,-0.6670941184611955,63.06607609309303
M1-T25045---- 08 004,2212746,61.09,62.98705812518376,0.016098880439197497,-0.4488729918232813,-0.14853571227323778,0.005187156950017751,-0.7256764102510354,62.55085612646796
M1-T25045---- 08 004,2212746,61.09,63.00871809584476,0.016098880439197497,-0.31033965822486465,-0.1400270783861104,-0.002116414535966985,-0.3535089844023051,63.04329062649639
M1-T14885---- 17 002,2225200,71.55,65.73433443634322,0.016098880439197497,0.0682345762610567,-0.04222277084390726,1.1503988342162546,-0.06661132443158305,65.87645026213738
M1-T25045---- 08 004,2225229,61.1,60.95214666466007,0.016098880439197497,-0.5160554725176025,-0.14853571227323778,-0.23444316476713226,-0.5047590722127067,60.80219241449214
M1-T25045---- 08 004,2225229,58.61,65.1780778484786,0.016098880439197497,-0.3070839437454532,-0.1470145605332885,-0.304329662371591,-0.7113898172751354,63.84349604159994
M1-T14885---- 17 002,2225200,71.55,65.81973394610168,0.016098880439197497,0.26487202868923626,-0.02662318146986262,0.38608967678882256,0.08808820512584922,65.96010524775176
M1-T25045---- 08 004,2228771,62.82,62.63291300105077,0.016098880439197497,-0.28747469051108837,-0.14853571227323778,0.10065943419992376,-0.35933672508741116,63.71439929402527
M1-T14885---- 17 002,2225200,71.55,65.73433443634322,0.016098880439197497,0.42963448228235973,-0.02662318146986262,1.0453762743795334,0.4663627507846681,65.72671501225848
M1-T14885---- 17 002,2243166,75.63,66.51409627746898,0.016098880439197497,0.15146221580101765,0.0009423657036158961,0.8332905594431623,0.27364968567141135,67.74751238561656
M1-T14885---- 17 002,2243166,75.63,66.51409627746898,0.016098880439197497,-0.12655823577062833,0.0009423657036158961,1.071833663318564,0.4120449435085783,66.91392712415671
M1-T14885---- 17 002,2243166,75.63,66.51409627746898,0.016098880439197497,-0.10343769311115775,-0.0263974138300901,0.7164917799990097,0.1684216049475904,66.78235017602975
M1-T18191---- 01 003,2263738,95.83666666666666,92.77744410124589,0.016098880439197497,0.02849737279727842,-0.265071151436065,-0.070176340101709,0.06795069690663388,90.47539107571663
M1-T18191---- 01 003,2263738,95.83666666666666,92.77744410124589,0.016098880439197497,0.13713952309355812,-0.265071151436065,-0.15860505432102553,0.10207784929006493,91.22731186076152
M1-T18191---- 01 003,2263738,95.83666666666666,92.77744410124589,0.016098880439197497,0.14093813130353988,-0.265071151436065,-0.12168301775622876,0.07239587385939766,90.28731776234896
M1-T18191---- 01 003,2263738,95.83666666666666,92.77744410124589,0.016098880439197497,0.4057192980937083,-0.2783925146104996,-0.4926841101969795,0.08749496320747147,90.85211504149004
M1-T18191---- 01 003,2263738,95.83666666666666,92.77744410124589,0.016098880439197497,0.10194542769549562,0.17895359478055722,-0.26020588782360654,0.17140257452972224,90.8874602590575
M1-T25045---- 08 004,2259899,60.22,62.345814672830265,0.016098880439197497,-0.21161868930268166,-0.1400270783861104,-0.14499171462957555,-0.5251242363311307,62.82604563821597
M1-T25045---- 08 004,2259899,60.22,62.345814672830265,0.016098880439197497,-0.26878532887642054,-0.1400270783861104,-0.24048988122804998,-0.483708707710884,62.79529000230859
M1-T25045---- 08 004,2259899,60.22,62.345814672830265,0.016098880439197497,-0.47568291845028804,-0.14853571227323778,-0.2747367962997419,-0.14819861115018745,62.949511802216065
M1-T25045---- 08 004,2259899,60.22,62.345814672830265,0.016098880439197497,-0.3800956579537017,-0.1400270783861104,-0.24048988122804998,-0.5298361324238714,61.18593436044711
M1-T25045---- 08 004,2259899,60.22,62.3542357091654,0.016098880439197497,-0.26980693176792053,-0.1400270783861104,-0.021241241475280722,-0.20809461988753447,62.81198137674208
M1-T11923---- 09 002,2291891,44.8,57.93448427364797,0.016098880439197497,1.160669231544244,0.014489496517822964,0.8362568550615942,0.12729481189305117,57.422208819675355
M1-T25045---- 08 004,2290372,63.11,62.17058993675498,0.016098880439197497,-0.5439449092070991,-0.1641353016472824,-0.42481220272266607,-0.24542456854013794,61.682451131377775
M1-T25045---- 08 004,2310797,60.88,61.568650922848654,0.016098880439197497,0.10923830744328618,-0.1641353016472824,-0.29641024314489894,-0.5451424214520448,60.97726743195944
M1-T14885---- 17 002,2320641,65.49,66.10787859710368,0.016098880439197497,-0.1087332746917819,-0.2783925146104996,1.3759789842811165,0.12691615587320873,65.78859769452909
M1-T14885---- 17 002,2336094,76.15,67.78667423280962,0.016098880439197497,0.1884770318434364,-0.2783925146104996,0.730394731365832,-0.34494767038727536,67.87328233632549
M1-T14885---- 17 002,2336094,76.15,67.78667423280962,0.016098880439197497,-0.3393006158265738,-0.2783925146104996,0.5858107713101581,-0.29391815799315457,68.20910056524767
M1-T14885---- 17 002,2336094,76.15,67.78667423280962,0.016098880439197497,-0.24549174838733226,-0.2783925146104996,0.957376523208173,-0.31538095992706083,68.1295126905426
M1-T14885---- 17 002,2336094,76.15,67.78667423280962,0.016098880439197497,0.04396262360728321,-0.2783925146104996,1.780229589277781,-0.30584943827154853,69.03963671797266
M1-T14885---- 17 002,2336094,76.15,67.86057175101513,0.016098880439197497,-0.17446020012843874,-0.2783925146104996,0.7204171200051656,-0.37446605204479044,68.8181811239107
M1-T18191---- 01 003,2348105,97.9,93.01084356714449,0.016098880439197497,1.309779739217172,0.1106765657150959,-0.9975096905408518,0.19256765611473287,91.50111301834119
M1-T14885---- 17 002,2348131,65.25,65.51908795191117,0.016098880439197497,0.3388902413858702,-0.0263974138300901,-0.5552365240624461,-0.32281624730587444,65.65517647626503
M1-T14885---- 17 002,2348131,65.25,65.51908795191117,0.016098880439197497,-0.04628322453016305,-0.0263974138300901,1.0212606980493966,0.12019673821350257,65.38477766662268
M1-T14885---- 17 002,2348131,65.25,65.51908795191117,0.016098880439197497,-0.20853240911126128,-0.0263974138300901,1.4348448322443634,0.12019673821350257,65.20724382822229
M1-T14885---- 17 002,2348131,65.25,65.51908795191117,0.016098880439197497,-0.21948387552970092,-0.2783925146104996,1.0218064054889833,0.11097432433215704,65.20096719091387
M1-T14885---- 17 002,2348131,65.25,65.51908795191117,0.016098880439197497,0.16039849138841128,-0.2783925146104996,0.5641378250567834,0.11097432433215704,65.3241748824981
M1-T14885---- 17 002,2348131,62.54,65.51908795191117,0.016098880439197497,-0.17381191140259,-0.265071151436065,1.5340041385012584,0.11097432433215704,65.06536223211174
M1-T14885---- 17 002,2348131,62.54,65.51908795191117,0.016098880439197497,-0.23084253073012712,-0.2783925146104996,0.6813479568879226,0.11097432433215704,65.068649818028
M1-T14885---- 17 002,2348131,62.54,65.51908795191117,0.016098880439197497,0.06134447717560981,-0.265071151436065,1.4414680646579727,0.12019673821350257,64.7407799094295
M1-T14885---- 17 002,2348131,62.54,65.51908795191117,0.016098880439197497,-0.03957116173686134,-0.265071151436065,1.5380108881137784,0.11097432433215704,65.3167263126318
M1-T14885---- 17 002,2348131,62.54,65.51908795191117,0.016098880439197497,-0.036574705126590126,-0.2783925146104996,1.1136249953683115,0.07562898427604542,65.18782537833735
M1-T14885---- 17 002,2372755,67.46,65.66034846005326,0.016098880439197497,-0.11804172560207163,-0.0263974138300901,1.0434147711727986,0.1542198417080382,66.26879245828574
M1-T14885---- 17 002,2372755,67.46,65.66034846005326,0.016098880439197497,-0.18990696410090604,-0.0263974138300901,-0.025735043516418137,0.023913545902769843,66.049364061105
M1-T14885---- 17 002,2372755,67.46,65.66034846005326,0.016098880439197497,0.21904344432598918,-0.0263974138300901,1.0177493491739644,0.061646053833736156,66.43593159954871
M1-T14885---- 17 002,2372755,67.46,65.66034846005326,0.016098880439197497,0.32650467343931433,-0.0263974138300901,0.7901862782625717,0.10663411359936566,65.5043370497898
M1-T14885---- 17 002,2372755,67.46,65.66034846005326,0.016098880439197497,-0.17159463882438222,-0.0263974138300901,0.7862579717074274,0.14197945365547732,65.47330031980603
M1-T18191---- 01 003,2377578,102.46,92.21110753917253,0.016098880439197497,1.2479311888817752,0.1262761550891405,-1.4891657474503412,0.08122866400346737,90.46018405943573
M1-T16734---- 06 002,2392855,69.35,64.90768648494752,0.016098880439197497,-0.2831175918793971,0.014489496517822964,-0.25755890218349214,0.26974320887212366,64.61267110861685
M1-T16734---- 06 002,2392855,69.35,65.17902659565567,0.016098880439197497,0.22246008873456208,0.014489496517822964,-0.33167366186309527,0.2706127886015806,65.30935000533458
M1-T16734---- 06 002,2392855,69.35,65.21985989020546,0.016098880439197497,0.16168162706684808,0.014489496517822964,-0.22542702587638372,0.2463045677993747,65.84433903076915
M1-T16734---- 06 002,2392855,69.35,65.17902659565567,0.016098880439197497,-0.17195343408589822,0.014489496517822964,-0.38616034109476277,0.283388092561284,64.79693067416535
M1-T16734---- 06 002,2382448,62.56,61.063959254492495,0.016098880439197497,-0.31226145535018734,0.014489496517822964,-0.07672592328741698,-0.4774011974364472,62.54610077798885
M1-T16734---- 06 002,2382448,62.56,61.22695118913458,0.016098880439197497,-0.4475436915471284,0.014489496517822964,-0.1913506666086689,-0.2839755578088862,62.04398381667149
M1-T16734---- 06 002,2382448,62.56,61.22695118913458,0.016098880439197497,-0.4187438937754017,0.014489496517822964,-0.20010737917163635,-0.18388316735561455,62.584832232181384
M1-T16734---- 06 002,2382448,62.56,61.22695118913458,0.016098880439197497,0.09376345322568179,0.001168133343388421,-0.32220609211073686,0.16177726354849792,61.56867688450448
M1-T16734---- 06 002,2382448,62.56,61.22695118913458,0.016098880439197497,-0.2529225103381317,0.014489496517822964,-0.39295948552468707,-0.5405239025873724,62.42629682134837
M1-T16734---- 06 002,2382448,62.56,61.22695118913458,0.016098880439197497,-0.2793123431328621,-0.013076050655655555,-0.12301543741108235,-0.20819138815782046,62.31448864974083
M1-T16734---- 06 002,2382448,62.56,61.063959254492495,0.016098880439197497,-0.2619491963003075,0.014489496517822964,-0.27286149567814666,-0.4016170277853812,61.654572460923646
M1-T16734---- 06 002,2382448,62.56,61.063959254492495,0.016098880439197497,-0.2888186093727818,-0.013076050655655555,-0.17750211664274992,-0.18390161675376707,62.02883250302711
M1-T16734---- 06 002,2382448,62.56,61.22695118913458,0.016098880439197497,-0.36977859025018267,0.001168133343388421,0.11870968156593904,-0.5017094182386529,62.730619602929245
M1-T16734---- 06 002,2382448,62.56,61.22695118913458,0.016098880439197497,0.300610253773451,0.001168133343388421,-0.18892243257259217,-0.2291717290861011,61.93949641961288
M1-T16734---- 06 002,2382448,62.56,61.22695118913458,0.016098880439197497,-0.2831175918793971,0.001168133343388421,-0.3875892296756932,-0.3267048033766403,61.64729524344699
M1-T16734---- 06 002,2382448,62.56,61.063959254492495,0.016098880439197497,-0.2619491963003075,0.001168133343388421,-0.27757793573253975,-0.4016170277853812,62.06003193770947
M1-T16734---- 06 002,2382448,62.56,61.22695118913458,0.016098880439197497,-0.10509121296316037,0.001168133343388421,-0.29759730259538053,0.03737665229302041,61.188537994404
M1-T16734---- 06 002,2382448,62.56,61.22695118913458,0.016098880439197497,-0.2335544349638114,0.001168133343388421,-0.28136375972954303,-0.18390161675376707,61.800302584332925
M1-T16734---- 06 002,2382448,62.56,61.063959254492495,0.016098880439197497,-0.270633564160727,0.001168133343388421,-0.18892243257259217,-0.2023226415193153,61.62313676422537
M1-T11923---- 09 002,2411205,47.31,57.803824200758754,0.016098880439197497,1.1113444953207452,0.014489496517822964,-0.16256342387978945,0.38680876901698413,57.23100784955871
M1-T11923---- 09 002,2411205,47.31,57.951773196407466,0.016098880439197497,1.1113444953207452,0.014489496517822964,0.039373471143878215,0.32615943810960146,56.90651917780387
M1-T14885---- 17 002,2409698,68.14,67.0963647093519,0.016098880439197497,-0.20317718267134185,-0.833061667850487,0.06963241249842922,-0.575703372046784,66.47043698590018
M1-T14885---- 17 002,2409698,68.14,67.48611154951145,0.016098880439197497,-0.44521280095099897,-0.2783925146104996,0.5462077968175498,0.1892252113274014,66.57226010006852
M1-T14885---- 17 002,2412936,69.09,66.74133937935274,0.016098880439197497,-0.15491276489104702,-0.2783925146104996,-0.08531590254201293,0.15545916904729873,65.90488692911687
M1-T14885---- 17 002,2412936,69.09,66.74133937935274,0.016098880439197497,-0.5417879084669465,-0.2783925146104996,0.07898710672842324,0.0746021672214959,64.81874897472036
M1-T16734---- 06 002,2397376,62.07,65.57806627494283,0.016098880439197497,-0.27176767529651324,0.014489496517822964,-0.07261561889599005,-0.43603734167307984,65.88673589136029
M1-T11923---- 09 002,7433850,47.35,59.27090518536855,0.016098880439197497,1.1113444953207452,0.014489496517822964,0.21232357129846607,0.20300037996609152,58.395354255844225
M1-T11923---- 09 002,7433850,47.35,59.27090518536855,0.016098880439197497,1.0072534163717224,0.014489496517822964,0.11033998286576939,0.30936944718078907,59.364104661512506
M1-T14885---- 17 002,7481946,75.82,64.76241419042768,0.016098880439197497,-0.09194583436639055,-0.801280021449094,-0.13161301483719692,-1.3589599346177057,64.83655134879312
M1-T18191---- 01 003,7534451,106.18,91.9750796416771,0.016098880439197497,1.2224628640074424,0.12650192272891309,0.17423866779448793,0.04110604176921911,90.5120884432767
M1-T18191---- 01 003,7534451,106.18,91.9750796416771,0.016098880439197497,0.3433470877237969,-0.265071151436065,-0.011415016607551641,-0.04186811712523296,90.32274133421691
M1-T18191---- 01 003,7534451,106.18,91.9750796416771,0.016098880439197497,0.16191608688017234,-0.0263974138300901,-0.20668005906940998,-0.008990987851999931,90.49705336792415
M1-T18191---- 01 003,7534451,106.18,91.9750796416771,0.016098880439197497,0.06421769869642076,-0.0263974138300901,-0.17758742128596222,-0.0020369816192755755,90.25660480128411
M1-T18191---- 01 003,7566595,99.06,93.2486746616118,0.016098880439197497,0.2754764239514229,-0.2783925146104996,-0.0907974760787114,0.28835213929823106,90.89188046359698
M1-T18191---- 01 003,7566595,99.06,93.2486746616118,0.016098880439197497,1.2412070265463904,-0.0263974138300901,-0.1298057495484353,0.28835213929823106,91.5071465738699
M1-T18191---- 01 003,7566595,99.06,93.2486746616118,0.016098880439197497,0.36111817561380166,-0.0263974138300901,-0.12168301775622876,0.26893475569420683,91.33757519928618
M1-T18191---- 01 003,7566595,99.06,93.2486746616118,0.016098880439197497,0.1764631321487116,-0.2783925146104996,-0.1659772429144062,0.344893217854509,91.07654272260059
M1-T18191---- 01 003,7566595,99.06,93.2486746616118,0.016098880439197497,1.0973334526250962,-0.0263974138300901,-0.1559183730096507,0.28086603597260085,91.07960796830324
M1-T26104---- 06 003,7646653,63.08,63.09722926739091,0.14634060780247404,0.10496448323489567,-0.0013358604959942072,1.1844688530711545,0.18955027689159815,64.00813719274655
M1-T26104---- 06 003,7646653,59.67,63.09722926739091,0.14634060780247404,0.1252427786157962,-0.0013358604959942072,0.02937684886460837,-0.1738054468055651,63.950366207051296
M1-T26104---- 06 003,7646653,59.67,63.067296841883405,0.14634060780247404,-0.3832370633894356,-0.22255684903801404,-0.4229725127694012,0.4021532436409768,63.42420710136292
M1-T26104---- 06 003,7646653,59.67,63.09722926739091,0.14634060780247404,-0.1982469624015637,-0.0013358604959942072,-0.006879437796227744,0.37121792527489894,63.11178319365612
M1-T26104---- 06 003,7646653,59.67,63.09722926739091,0.14634060780247404,-0.2536718443166076,0.014489496517822964,9.893285148104966e-06,0.4071649095352531,63.5590476978087
M1-T26104---- 06 003,7663509,64.04,63.04344642576085,0.14634060780247404,-0.08367511636491748,-0.0013358604959942072,0.024297346971721843,-0.18060320731829504,63.28265192188767
M1-T26104---- 06 003,7663509,64.04,63.09765578133063,0.14634060780247404,-0.20152193780164776,-0.0013358604959942072,-0.1286323564483656,-0.29126901050651766,63.34510093455827
M1-T26104---- 06 003,7663509,64.04,63.04344642576085,0.14634060780247404,0.04766991343631773,-0.0013358604959942072,-0.03188190254514909,-0.2820465966251722,63.35348677774373
M1-T26104---- 06 003,7663509,64.04,63.09765578133063,0.14634060780247404,-0.37681144132997413,-0.0013358604959942072,9.893285148104966e-06,-0.20136958778824782,63.17817750626678
M1-T26104---- 06 003,7663509,64.04,63.09765578133063,0.14634060780247404,-0.1994905503711293,0.014489496517822964,0.024297346971721843,-0.24886053863720906,63.29063412501712
M1-T26104---- 06 003,7663509,64.04,62.770149905825164,0.14634060780247404,-0.08695009176500144,0.014489496517822964,0.7262513009316959,-0.25211557924198075,62.85338702222299
M1-T26104---- 06 003,7685672,57.0,62.38280712316739,0.14634060780247404,0.00946272692160719,-0.0013358604959942072,0.03831756746474605,-0.5341547902908537,62.69333176710783
M1-T26104---- 06 003,7685672,57.0,62.38280712316739,0.14634060780247404,-0.0519206179854061,0.014489496517822964,0.004739058560087999,-0.23628460776339827,62.74985550742493
M1-T26104---- 06 003,7685672,57.0,62.41273954867489,0.14634060780247404,-0.06277561374551163,-0.1538609515803572,-0.08868930371850466,-0.5499936366962291,62.50843209606562
M1-T26104---- 06 003,7685672,57.0,62.38280712316739,0.14634060780247404,-0.05411295477190433,-0.0013358604959942072,-0.8662424792044492,-0.5098465694886478,62.65275539770847
M1-T26104---- 06 003,7685672,57.0,62.38280712316739,0.14634060780247404,0.02179133937245458,-0.0013358604959942072,0.05181257410489027,-0.5341547902908537,62.87598499937347
M1-T26104---- 06 003,7694101,64.27,62.26297039936634,0.14634060780247404,0.12671423964492584,-0.0013358604959942072,-0.10665619630434446,-0.5178155765101913,62.92432622916827
M1-T26104---- 06 003,7694101,64.27,62.233037973858835,0.14634060780247404,-0.09330632112074355,-0.177753329879142,9.893285148104966e-06,-0.3469766195871084,62.023333053479504
M1-T26104---- 06 003,7694101,64.27,62.26297039936634,0.14634060780247404,-0.07859475854891115,-0.0013358604959942072,-0.009905742401127966,-0.28802514158340115,62.58005198161471
M1-T26104---- 06 003,7694101,64.27,62.26297039936634,0.14634060780247404,0.16492142615963637,-0.0013358604959942072,0.004739058560087999,-0.2561650568629767,62.710791300463214
M1-T26104---- 06 003,7694101,64.27,62.233037973858835,0.14634060780247404,0.009005330413031146,-0.0013358604959942072,0.07337612886927823,-0.24462109027436948,62.616439807826204
M1-T26104---- 06 003,7680927,59.11,63.860106097421934,0.14634060780247404,-0.156438240610446,0.014489496517822964,0.3724665135560772,-0.5736282242064129,64.17329986048222
M1-T14885---- 17 002,7709963,70.25,63.81305803585789,0.016098880439197497,-0.1587444214995127,-0.02662318146986262,0.0005042082752248149,-0.3164722430354681,65.3998173088399
M1-T14885---- 17 002,7709963,70.25,63.67201643836476,0.016098880439197497,-0.2233039543354461,0.0009423657036158961,0.02080328964408058,0.5788825684328722,63.79156454684528
M1-T14885---- 17 002,7709963,70.25,63.67201643836476,0.016098880439197497,-0.3744295442143283,-0.02662318146986262,0.5265527522426215,0.243146613925944,65.00693378728639
M1-T14885---- 17 002,7709963,70.25,63.67201643836476,0.016098880439197497,-0.12200632773700346,0.0009423657036158961,-0.1843978335712532,0.5578820406518864,63.607742167370404
M1-T18191---- 01 003,7717067,107.57,93.07843203357838,0.016098880439197497,1.4555405313218568,0.12650192272891309,-0.04433038246234924,-0.10932815869064416,91.91787143624725
M1-T18191---- 01 003,7717067,107.57,93.07843203357838,0.016098880439197497,1.2640165197122282,0.12650192272891309,-0.13106116506657278,-0.12874554229466834,91.9787893124654
M1-T18191---- 01 003,7717067,107.57,93.07843203357838,0.016098880439197497,0.15613196137575214,0.12650192272891309,-0.6378897233380489,0.04447622375398027,91.87453827015874
M1-T18191---- 01 003,7717067,107.57,93.07843203357838,0.016098880439197497,0.7071120474890944,-0.0263974138300901,-0.07092133169646951,-0.12874554229466834,91.95014413264929
M1-T18191---- 01 003,7717067,107.57,93.07843203357838,0.016098880439197497,0.5567746743963764,-0.0263974138300901,-0.19511163924142194,-0.12874554229466834,91.80797194697344
M1-T26104---- 06 003,7752876,64.49,62.22981929456923,0.14634060780247404,-0.19597476997468438,-0.06981437811956508,2.492017362991722,0.555851956879673,63.10193664436688
M1-T26104---- 06 003,7752876,64.0,62.506910251802026,0.14634060780247404,-0.186826011899009,-0.0013358604959942072,0.02270595114592779,0.1963637018731813,62.91141744577948
M1-T26104---- 06 003,7752876,64.0,62.22981929456923,0.14634060780247404,-0.0676326738625515,-0.0013358604959942072,0.22252269990785734,0.2229934753826489,63.36907571184638
M1-T26104---- 06 003,7752876,64.0,62.506910251802026,0.14634060780247404,-0.04057983843948588,-0.0013358604959942072,0.6956310018923045,-0.17377348027417375,63.118515153131916
M1-T26104---- 06 003,7752876,64.0,62.506910251802026,0.14634060780247404,0.05669017280953853,-0.15081393847284785,0.24947595256949354,0.1963637018731813,63.02624497975132
M1-T26104---- 06 003,7752876,64.0,62.56111960737181,0.14634060780247404,-0.2375504384889246,-0.0013358604959942072,0.049459469341063274,0.21144950879404167,63.666867108281906
M1-T14885---- 17 002,7753006,73.49,66.43001142174342,0.016098880439197497,-0.03383111203380518,-0.2783925146104996,-0.014215752878755959,0.37569137144005826,66.94142750571372
M1-T14885---- 17 002,7753006,73.49,66.43001142174342,0.016098880439197497,-0.09905941077392977,-0.02662318146986262,0.9137992784909238,0.4061481218158484,66.16320512718089
M1-T14885---- 17 002,7753006,73.49,66.04026458158387,0.016098880439197497,0.11071716257164035,-0.02662318146986262,0.4864303073440134,0.24680624739015544,63.830038829388066
M1-T14885---- 17 002,7753006,73.49,66.43001142174342,0.016098880439197497,-0.20695047596658436,-0.02662318146986262,-0.17018154179176218,0.5345225732198784,66.56603679401417
M1-T14885---- 17 002,7753006,73.49,66.04026458158387,0.016098880439197497,-0.20654347750632576,-0.02662318146986262,0.018019384757185546,0.4061481218158484,66.9165684124946
M1-T26104---- 01 005,7770764,54.58,62.153258792957246,0.016098880439197497,-0.18624434899252948,0.016010648257772205,0.11329229306839583,-0.5258597501800916,61.83280331423609
M1-T26104---- 06 003,7779082,63.79,64.35158149070446,0.14634060780247404,0.06255816885925383,0.014489496517822964,0.03309149577008523,0.28165148898161524,64.86022425972983
M1-T26104---- 06 003,7779082,63.79,64.35158149070446,0.14634060780247404,-0.16128336385641884,0.014489496517822964,0.015096722347793377,0.24002393117216886,64.95438905508928
M1-T26104---- 06 003,7779082,63.79,64.35158149070446,0.14634060780247404,-0.16330516079973148,0.1177198718062787,0.03309149577008523,0.28165148898161524,64.81800182483286
M1-T26104---- 06 003,7779082,63.79,64.35158149070446,0.14634060780247404,-0.1576313226778326,0.014489496517822964,0.2228936496002583,0.29673729590247566,64.76419239599788
M1-T26104---- 06 003,7800536,63.56,62.46253081763965,0.14634060780247404,-0.22437280178220045,0.014489496517822964,1.1844688530711545,-0.9537400087826949,63.57292521594183
M1-T26104---- 06 003,7788995,56.045,62.03842496381108,0.14634060780247404,-0.16128336385641884,0.014489496517822964,-0.34768379201252214,-0.2804241718330626,61.96473276327948
M1-T26104---- 06 003,7788995,56.045,62.03842496381108,0.14634060780247404,-0.03338658271613309,0.014489496517822964,1.1844688530711545,-0.18991683239294752,62.42041784977816
M1-T26104---- 06 003,7788995,56.045,62.00849253830358,0.14634060780247404,-0.16328588554819676,0.014489496517822964,0.6681456813039379,-0.27087722949013177,62.3530760089659
M1-T26104---- 06 003,7788995,56.045,62.00849253830358,0.14634060780247404,-0.3209452612851063,0.014489496517822964,0.6835274158599467,-0.2729380685074324,61.92464186827742
M1-T26104---- 06 003,7788995,56.045,62.03842496381108,0.14634060780247404,-0.19138004221227825,0.014489496517822964,0.004739058560087999,-0.2729380685074324,62.15855707000445
M1-T26104---- 06 003,7786722,59.78,63.07180840492005,0.14634060780247404,-0.181320492021517,0.014489496517822964,-0.754618314128078,-0.4409795611750391,63.310266487718785
M1-T26104---- 06 003,7786722,59.78,63.188132682063205,0.14634060780247404,0.004830194285783152,0.014489496517822964,-0.0856629991136045,-0.5704444753784318,63.15477772021095
M1-T26104---- 06 003,7806413,54.11,63.911572821967574,0.14634060780247404,-0.041287685230153394,-0.23838220605183125,0.17972722712975095,-0.3298192939456101,63.612643328658685
M1-T26104---- 06 003,7806413,57.16,63.911572821967574,0.14634060780247404,-0.22266775589163632,-0.0013358604959942072,0.00044572747926051293,-0.2568159083687319,63.84584709363932
M1-T26104---- 06 003,7806413,57.16,63.911572821967574,0.14634060780247404,-0.08535492142899173,0.014489496517822964,-0.20768022864129101,-0.46062006387591553,64.12438317939794
M1-T26104---- 06 003,7806413,57.16,63.911572821967574,0.14634060780247404,-0.2267035020551991,0.29464015780591835,0.05852529750860204,-1.552777630742621,64.28448604565989
M1-T26104---- 06 003,7806413,57.16,63.911572821967574,0.14634060780247404,-0.024016276416044917,0.014489496517822964,0.26364553843859495,-1.2337991439116616,64.30162892847774
M1-T26104---- 06 003,7806413,57.16,63.911572821967574,0.14634060780247404,0.03292420124743967,0.014489496517822964,-0.1792801925429925,-1.1300091882925267,64.23913369154178
M1-T26104---- 06 003,7806413,61.58,63.911572821967574,0.14634060780247404,-0.16470597335522547,0.014489496517822964,-0.07702924688106229,-1.9680307364646177,64.19827938042003
M1-T26104---- 06 003,7806413,61.58,63.911572821967574,0.14634060780247404,0.03724482398942903,0.014489496517822964,-0.0856629991136045,-0.8706477700533124,64.47879610253445
M1-T26104---- 06 003,7806413,61.58,63.994980600523014,0.14634060780247404,-0.09559511668669887,0.014489496517822964,0.7863441875190232,-1.1206483433410455,64.55056391484163
M1-T26104---- 06 003,7806413,61.58,63.911572821967574,0.14634060780247404,0.10474710120074755,0.014489496517822964,0.07681503885381166,-1.0640734096808742,64.1640792804101
