CompoundName,MixerLine,material_system,phase_route,template_id,historical_order_id,historical_batch_number,historical_actual_kwh,historical_actual_mooney,historical_best_actual_saving_pct,candidate_role,profile_Stage2_DryMixing_Duration,profile_Stage3_OilLoading_Duration,profile_Stage4_WetMixing_Duration,profile_Stage5_PID_Duration,profile_Stage6_BottomMixing_Duration,profile_Target_Temperature,context_difference_ambient_temperature_difference,context_difference_ambient_humidity_difference,context_difference_material_initial_temperature_difference,context_difference_batch_weight_difference,context_difference_fill_factor_difference,context_difference_supplier_COA_difference,context_difference_raw_material_lot_difference,context_difference_mixer_line_difference,context_difference_route_difference,context_difference_historical_batch_age_days
M1-B00458---- 12 004,MB02,CarbonBlack,OilWet,1836818,1836818,2,25.0825,40.016666666666666,13.02,HISTORICAL_TEMPLATE_AND_BENCHMARK_ONLY,45.0,26.0,5.0,24.0,36.0,145.0,7.2,25.0,34.0,0.0,0.0,20.2,0,0,0,-25
M1-B00458---- 12 004,MB02,CarbonBlack,OilWet,1885820,1885820,2,25.086666666666666,42.47666666666667,13.01,HISTORICAL_TEMPLATE_AND_BENCHMARK_ONLY,45.0,25.0,5.0,22.0,48.0,145.0,14.0,24.0,35.0,0.0,0.0,23.65,0,0,0,-52
M1-B00458---- 12 004,MB02,CarbonBlack,OilWet,2025~1742938,2025~1742938,3,25.091738605906297,44.1,12.99,HISTORICAL_TEMPLATE_AND_BENCHMARK_ONLY,45.0,26.0,10.0,23.0,31.0,145.0,4.9,13.0,24.0,0.0,0.0,23.0,0,0,0,23
M1-B00458---- 12 004,MB02,CarbonBlack,OilWet,2025~1734360,2025~1734360,1,25.1025,40.92333333333334,12.95,HISTORICAL_TEMPLATE_AND_BENCHMARK_ONLY,45.0,25.0,11.0,23.0,33.0,145.0,9.2,24.0,9.0,0.0,0.0,21.225,0,0,0,27
M1-B00458---- 12 004,MB02,CarbonBlack,OilWet,1846817,1846817,1,25.143194444444443,42.873333333333335,12.81,HISTORICAL_TEMPLATE_AND_BENCHMARK_ONLY,45.0,26.0,8.0,21.0,38.0,145.0,12.7,30.0,13.0,0.0,0.0,20.95,0,0,0,-30
M1-B00458---- 12 004,MB02,CarbonBlack,OilWet,2209970,2209970,3,25.14388888888889,41.92,12.81,HISTORICAL_TEMPLATE_AND_BENCHMARK_ONLY,45.0,22.0,5.0,30.0,37.0,145.0,5.0,10.0,39.0,0.0,0.0,21.7,0,0,0,-231
M1-B00458---- 12 004,MB02,CarbonBlack,OilWet,1844458,1844458,1,25.152638888888887,42.906666666666666,12.78,HISTORICAL_TEMPLATE_AND_BENCHMARK_ONLY,45.0,26.0,5.0,22.0,39.0,145.0,12.7,30.0,13.0,0.0,0.0,20.95,0,0,0,-30
M1-B00458---- 12 004,MB02,CarbonBlack,OilWet,1860237,1860237,3,25.161944444444444,44.88666666666666,12.75,HISTORICAL_TEMPLATE_AND_BENCHMARK_ONLY,45.0,26.0,5.0,18.0,47.0,145.0,14.3,23.0,40.0,0.0,0.0,22.75,0,0,0,-39
M1-B00458---- 12 004,MB02,CarbonBlack,OilWet,1889333,1889333,3,25.179166666666667,42.53666666666667,12.69,HISTORICAL_TEMPLATE_AND_BENCHMARK_ONLY,45.0,25.0,5.0,26.0,47.0,145.0,17.3,21.0,47.0,0.0,0.0,23.35,0,0,0,-55
M1-B00458---- 12 004,MB02,CarbonBlack,OilWet,2025~1711196,2025~1711196,2,25.184583333333332,40.10333333333333,12.67,HISTORICAL_TEMPLATE_AND_BENCHMARK_ONLY,45.0,25.0,12.0,25.0,37.0,145.0,0.3,15.0,35.0,0.0,0.0,21.85,0,0,0,42
M1-B00458---- 12 004,MB02,CarbonBlack,OilWet,2025~1742917,2025~1742917,2,25.21388888888889,44.16666666666666,12.57,HISTORICAL_TEMPLATE_AND_BENCHMARK_ONLY,46.0,25.0,11.0,23.0,32.0,145.0,2.9,4.0,28.0,0.0,0.0,25.05,0,0,0,24
M1-B00458---- 12 004,MB02,CarbonBlack,OilWet,2025~1742917,2025~1742917,3,25.24736111111111,44.16666666666666,12.45,HISTORICAL_TEMPLATE_AND_BENCHMARK_ONLY,45.0,26.0,10.0,24.0,32.0,145.0,2.9,4.0,35.0,0.0,0.0,25.05,0,0,0,24
M1-B00458---- 12 004,MB02,CarbonBlack,OilWet,2025~1711196,2025~1711196,3,25.25888888888889,40.10333333333333,12.41,HISTORICAL_TEMPLATE_AND_BENCHMARK_ONLY,45.0,26.0,5.0,32.0,37.0,145.0,0.3,15.0,34.0,0.0,0.0,21.85,0,0,0,42
M1-B00458---- 12 004,MB02,CarbonBlack,OilWet,2025~1733247,2025~1733247,3,25.28486111111111,40.79333333333333,12.32,HISTORICAL_TEMPLATE_AND_BENCHMARK_ONLY,45.0,26.0,13.0,26.0,33.0,145.0,10.2,28.0,35.0,0.0,0.0,23.65,0,0,0,29
M1-B00458---- 12 004,MB02,CarbonBlack,OilWet,2160870,2160870,4,25.31138888888889,40.46333333333333,12.23,HISTORICAL_TEMPLATE_AND_BENCHMARK_ONLY,45.0,22.0,5.0,33.0,43.0,145.0,12.3,19.0,41.0,0.0,0.0,22.7,0,0,0,-201
M1-B00458---- 12 004,MB02,CarbonBlack,OilWet,1844491,1844491,1,25.325694444444444,42.583333333333336,12.18,HISTORICAL_TEMPLATE_AND_BENCHMARK_ONLY,46.0,25.0,5.0,25.0,37.0,145.0,12.7,30.0,14.0,0.0,0.0,20.95,0,0,0,-30
M1-B00458---- 12 004,MB02,CarbonBlack,OilWet,1836265,1836265,3,25.328124553411932,41.22,12.17,HISTORICAL_TEMPLATE_AND_BENCHMARK_ONLY,46.0,25.0,9.0,22.0,37.0,145.0,3.9,19.0,29.0,0.0,0.0,23.0,0,0,0,-24
M1-B00458---- 12 004,MB02,CarbonBlack,OilWet,1844458,1844458,3,25.3775,42.906666666666666,12.0,HISTORICAL_TEMPLATE_AND_BENCHMARK_ONLY,45.0,25.0,5.0,27.0,38.0,145.0,12.7,30.0,38.0,0.0,0.0,20.95,0,0,0,-30
M1-B00458---- 12 004,MB02,CarbonBlack,OilWet,2025~1733253,2025~1733253,1,25.400833333333335,40.32666666666667,11.92,HISTORICAL_TEMPLATE_AND_BENCHMARK_ONLY,46.0,25.0,10.0,23.0,33.0,145.0,11.8,34.0,11.0,0.0,0.0,21.05,0,0,0,27
M1-B00458---- 12 004,MB02,CarbonBlack,OilWet,2025~1742938,2025~1742938,1,25.424999999999997,44.1,11.84,HISTORICAL_TEMPLATE_AND_BENCHMARK_ONLY,45.0,25.0,10.0,22.0,32.0,145.0,4.9,13.0,4.0,0.0,0.0,23.0,0,0,0,23
M1-B00458---- 12 004,MB02,CarbonBlack,OilWet,1836818,1836818,2,25.0825,40.016666666666666,10.82,HISTORICAL_TEMPLATE_AND_BENCHMARK_ONLY,45.0,26.0,5.0,24.0,36.0,145.0,7.2,25.0,0.0,0.0,0.0,20.2,0,0,0,-25
M1-B00458---- 12 004,MB02,CarbonBlack,OilWet,1885820,1885820,2,25.086666666666666,42.47666666666667,10.8,HISTORICAL_TEMPLATE_AND_BENCHMARK_ONLY,45.0,25.0,5.0,22.0,48.0,145.0,14.0,24.0,1.0,0.0,0.0,23.65,0,0,0,-52
M1-B00458---- 12 004,MB02,CarbonBlack,OilWet,2025~1742938,2025~1742938,3,25.091738605906297,44.1,10.79,HISTORICAL_TEMPLATE_AND_BENCHMARK_ONLY,45.0,26.0,10.0,23.0,31.0,145.0,4.9,13.0,10.0,0.0,0.0,23.0,0,0,0,23
M1-B00458---- 12 004,MB02,CarbonBlack,OilWet,2025~1734360,2025~1734360,1,25.1025,40.92333333333334,10.75,HISTORICAL_TEMPLATE_AND_BENCHMARK_ONLY,45.0,25.0,11.0,23.0,33.0,145.0,9.2,24.0,25.0,0.0,0.0,21.225,0,0,0,27
M1-B00458---- 12 004,MB02,CarbonBlack,OilWet,1846817,1846817,1,25.143194444444443,42.873333333333335,10.6,HISTORICAL_TEMPLATE_AND_BENCHMARK_ONLY,45.0,26.0,8.0,21.0,38.0,145.0,12.7,30.0,21.0,0.0,0.0,20.95,0,0,0,-30
M1-B00458---- 12 004,MB02,CarbonBlack,OilWet,2209970,2209970,3,25.14388888888889,41.92,10.6,HISTORICAL_TEMPLATE_AND_BENCHMARK_ONLY,45.0,22.0,5.0,30.0,37.0,145.0,5.0,10.0,5.0,0.0,0.0,21.7,0,0,0,-231
M1-B00458---- 12 004,MB02,CarbonBlack,OilWet,1844458,1844458,1,25.152638888888887,42.906666666666666,10.57,HISTORICAL_TEMPLATE_AND_BENCHMARK_ONLY,45.0,26.0,5.0,22.0,39.0,145.0,12.7,30.0,21.0,0.0,0.0,20.95,0,0,0,-30
M1-B00458---- 12 004,MB02,CarbonBlack,OilWet,1860237,1860237,3,25.161944444444444,44.88666666666666,10.54,HISTORICAL_TEMPLATE_AND_BENCHMARK_ONLY,45.0,26.0,5.0,18.0,47.0,145.0,14.3,23.0,6.0,0.0,0.0,22.75,0,0,0,-39
M1-B00458---- 12 004,MB02,CarbonBlack,OilWet,1889333,1889333,3,25.179166666666667,42.53666666666667,10.47,HISTORICAL_TEMPLATE_AND_BENCHMARK_ONLY,45.0,25.0,5.0,26.0,47.0,145.0,17.3,21.0,13.0,0.0,0.0,23.35,0,0,0,-55
M1-B00458---- 12 004,MB02,CarbonBlack,OilWet,2025~1711196,2025~1711196,2,25.184583333333332,40.10333333333333,10.46,HISTORICAL_TEMPLATE_AND_BENCHMARK_ONLY,45.0,25.0,12.0,25.0,37.0,145.0,0.3,15.0,1.0,0.0,0.0,21.85,0,0,0,42
M1-B00458---- 12 004,MB02,CarbonBlack,OilWet,2025~1742917,2025~1742917,2,25.21388888888889,44.16666666666666,10.35,HISTORICAL_TEMPLATE_AND_BENCHMARK_ONLY,46.0,25.0,11.0,23.0,32.0,145.0,2.9,4.0,6.0,0.0,0.0,25.05,0,0,0,24
M1-B00458---- 12 004,MB02,CarbonBlack,OilWet,2025~1742917,2025~1742917,3,25.24736111111111,44.16666666666666,10.23,HISTORICAL_TEMPLATE_AND_BENCHMARK_ONLY,45.0,26.0,10.0,24.0,32.0,145.0,2.9,4.0,1.0,0.0,0.0,25.05,0,0,0,24
M1-B00458---- 12 004,MB02,CarbonBlack,OilWet,2025~1711196,2025~1711196,3,25.25888888888889,40.10333333333333,10.19,HISTORICAL_TEMPLATE_AND_BENCHMARK_ONLY,45.0,26.0,5.0,32.0,37.0,145.0,0.3,15.0,0.0,0.0,0.0,21.85,0,0,0,42
M1-B00458---- 12 004,MB02,CarbonBlack,OilWet,2025~1733247,2025~1733247,3,25.28486111111111,40.79333333333333,10.1,HISTORICAL_TEMPLATE_AND_BENCHMARK_ONLY,45.0,26.0,13.0,26.0,33.0,145.0,10.2,28.0,1.0,0.0,0.0,23.65,0,0,0,29
M1-B00458---- 12 004,MB02,CarbonBlack,OilWet,2160870,2160870,4,25.31138888888889,40.46333333333333,10.0,HISTORICAL_TEMPLATE_AND_BENCHMARK_ONLY,45.0,22.0,5.0,33.0,43.0,145.0,12.3,19.0,7.0,0.0,0.0,22.7,0,0,0,-201
M1-B00458---- 12 004,MB02,CarbonBlack,OilWet,1844491,1844491,1,25.325694444444444,42.583333333333336,9.95,HISTORICAL_TEMPLATE_AND_BENCHMARK_ONLY,46.0,25.0,5.0,25.0,37.0,145.0,12.7,30.0,20.0,0.0,0.0,20.95,0,0,0,-30
M1-B00458---- 12 004,MB02,CarbonBlack,OilWet,1836265,1836265,3,25.328124553411932,41.22,9.95,HISTORICAL_TEMPLATE_AND_BENCHMARK_ONLY,46.0,25.0,9.0,22.0,37.0,145.0,3.9,19.0,5.0,0.0,0.0,23.0,0,0,0,-24
M1-B00458---- 12 004,MB02,CarbonBlack,OilWet,1844458,1844458,3,25.3775,42.906666666666666,9.77,HISTORICAL_TEMPLATE_AND_BENCHMARK_ONLY,45.0,25.0,5.0,27.0,38.0,145.0,12.7,30.0,4.0,0.0,0.0,20.95,0,0,0,-30
M1-B00458---- 12 004,MB02,CarbonBlack,OilWet,2025~1733253,2025~1733253,1,25.400833333333335,40.32666666666667,9.69,HISTORICAL_TEMPLATE_AND_BENCHMARK_ONLY,46.0,25.0,10.0,23.0,33.0,145.0,11.8,34.0,23.0,0.0,0.0,21.05,0,0,0,27
M1-B00458---- 12 004,MB02,CarbonBlack,OilWet,2025~1742938,2025~1742938,1,25.424999999999997,44.1,9.6,HISTORICAL_TEMPLATE_AND_BENCHMARK_ONLY,45.0,25.0,10.0,22.0,32.0,145.0,4.9,13.0,30.0,0.0,0.0,23.0,0,0,0,23
M1-B00458---- 12 004,MB02,CarbonBlack,OilWet,1836818,1836818,2,25.0825,40.016666666666666,9.93,HISTORICAL_TEMPLATE_AND_BENCHMARK_ONLY,45.0,26.0,5.0,24.0,36.0,145.0,7.2,25.0,0.0,0.0,0.0,20.2,0,0,0,-25
M1-B00458---- 12 004,MB02,CarbonBlack,OilWet,1885820,1885820,2,25.086666666666666,42.47666666666667,9.92,HISTORICAL_TEMPLATE_AND_BENCHMARK_ONLY,45.0,25.0,5.0,22.0,48.0,145.0,14.0,24.0,1.0,0.0,0.0,23.65,0,0,0,-52
M1-B00458---- 12 004,MB02,CarbonBlack,OilWet,2025~1742938,2025~1742938,3,25.091738605906297,44.1,9.9,HISTORICAL_TEMPLATE_AND_BENCHMARK_ONLY,45.0,26.0,10.0,23.0,31.0,145.0,4.9,13.0,10.0,0.0,0.0,23.0,0,0,0,23
M1-B00458---- 12 004,MB02,CarbonBlack,OilWet,2025~1734360,2025~1734360,1,25.1025,40.92333333333334,9.86,HISTORICAL_TEMPLATE_AND_BENCHMARK_ONLY,45.0,25.0,11.0,23.0,33.0,145.0,9.2,24.0,25.0,0.0,0.0,21.225,0,0,0,27
M1-B00458---- 12 004,MB02,CarbonBlack,OilWet,1846817,1846817,1,25.143194444444443,42.873333333333335,9.71,HISTORICAL_TEMPLATE_AND_BENCHMARK_ONLY,45.0,26.0,8.0,21.0,38.0,145.0,12.7,30.0,21.0,0.0,0.0,20.95,0,0,0,-30
M1-B00458---- 12 004,MB02,CarbonBlack,OilWet,2209970,2209970,3,25.14388888888889,41.92,9.71,HISTORICAL_TEMPLATE_AND_BENCHMARK_ONLY,45.0,22.0,5.0,30.0,37.0,145.0,5.0,10.0,5.0,0.0,0.0,21.7,0,0,0,-231
M1-B00458---- 12 004,MB02,CarbonBlack,OilWet,1844458,1844458,1,25.152638888888887,42.906666666666666,9.68,HISTORICAL_TEMPLATE_AND_BENCHMARK_ONLY,45.0,26.0,5.0,22.0,39.0,145.0,12.7,30.0,21.0,0.0,0.0,20.95,0,0,0,-30
M1-B00458---- 12 004,MB02,CarbonBlack,OilWet,1860237,1860237,3,25.161944444444444,44.88666666666666,9.65,HISTORICAL_TEMPLATE_AND_BENCHMARK_ONLY,45.0,26.0,5.0,18.0,47.0,145.0,14.3,23.0,6.0,0.0,0.0,22.75,0,0,0,-39
M1-B00458---- 12 004,MB02,CarbonBlack,OilWet,1889333,1889333,3,25.179166666666667,42.53666666666667,9.58,HISTORICAL_TEMPLATE_AND_BENCHMARK_ONLY,45.0,25.0,5.0,26.0,47.0,145.0,17.3,21.0,13.0,0.0,0.0,23.35,0,0,0,-55
M1-B00458---- 12 004,MB02,CarbonBlack,OilWet,2025~1711196,2025~1711196,2,25.184583333333332,40.10333333333333,9.56,HISTORICAL_TEMPLATE_AND_BENCHMARK_ONLY,45.0,25.0,12.0,25.0,37.0,145.0,0.3,15.0,1.0,0.0,0.0,21.85,0,0,0,42
M1-B00458---- 12 004,MB02,CarbonBlack,OilWet,2025~1742917,2025~1742917,2,25.21388888888889,44.16666666666666,9.46,HISTORICAL_TEMPLATE_AND_BENCHMARK_ONLY,46.0,25.0,11.0,23.0,32.0,145.0,2.9,4.0,6.0,0.0,0.0,25.05,0,0,0,24
M1-B00458---- 12 004,MB02,CarbonBlack,OilWet,2025~1742917,2025~1742917,3,25.24736111111111,44.16666666666666,9.34,HISTORICAL_TEMPLATE_AND_BENCHMARK_ONLY,45.0,26.0,10.0,24.0,32.0,145.0,2.9,4.0,1.0,0.0,0.0,25.05,0,0,0,24
M1-B00458---- 12 004,MB02,CarbonBlack,OilWet,2025~1711196,2025~1711196,3,25.25888888888889,40.10333333333333,9.3,HISTORICAL_TEMPLATE_AND_BENCHMARK_ONLY,45.0,26.0,5.0,32.0,37.0,145.0,0.3,15.0,0.0,0.0,0.0,21.85,0,0,0,42
M1-B00458---- 12 004,MB02,CarbonBlack,OilWet,2025~1733247,2025~1733247,3,25.28486111111111,40.79333333333333,9.2,HISTORICAL_TEMPLATE_AND_BENCHMARK_ONLY,45.0,26.0,13.0,26.0,33.0,145.0,10.2,28.0,1.0,0.0,0.0,23.65,0,0,0,29
M1-B00458---- 12 004,MB02,CarbonBlack,OilWet,2160870,2160870,4,25.31138888888889,40.46333333333333,9.11,HISTORICAL_TEMPLATE_AND_BENCHMARK_ONLY,45.0,22.0,5.0,33.0,43.0,145.0,12.3,19.0,7.0,0.0,0.0,22.7,0,0,0,-201
M1-B00458---- 12 004,MB02,CarbonBlack,OilWet,1844491,1844491,1,25.325694444444444,42.583333333333336,9.06,HISTORICAL_TEMPLATE_AND_BENCHMARK_ONLY,46.0,25.0,5.0,25.0,37.0,145.0,12.7,30.0,20.0,0.0,0.0,20.95,0,0,0,-30
M1-B00458---- 12 004,MB02,CarbonBlack,OilWet,1836265,1836265,3,25.328124553411932,41.22,9.05,HISTORICAL_TEMPLATE_AND_BENCHMARK_ONLY,46.0,25.0,9.0,22.0,37.0,145.0,3.9,19.0,5.0,0.0,0.0,23.0,0,0,0,-24
M1-B00458---- 12 004,MB02,CarbonBlack,OilWet,1844458,1844458,3,25.3775,42.906666666666666,8.87,HISTORICAL_TEMPLATE_AND_BENCHMARK_ONLY,45.0,25.0,5.0,27.0,38.0,145.0,12.7,30.0,4.0,0.0,0.0,20.95,0,0,0,-30
M1-B00458---- 12 004,MB02,CarbonBlack,OilWet,2025~1733253,2025~1733253,1,25.400833333333335,40.32666666666667,8.79,HISTORICAL_TEMPLATE_AND_BENCHMARK_ONLY,46.0,25.0,10.0,23.0,33.0,145.0,11.8,34.0,23.0,0.0,0.0,21.05,0,0,0,27
M1-B00458---- 12 004,MB02,CarbonBlack,OilWet,2025~1742938,2025~1742938,1,25.424999999999997,44.1,8.7,HISTORICAL_TEMPLATE_AND_BENCHMARK_ONLY,45.0,25.0,10.0,22.0,32.0,145.0,4.9,13.0,30.0,0.0,0.0,23.0,0,0,0,23
M1-B00458---- 12 004,MB02,CarbonBlack,OilWet,2025~1731325,2025~1731325,8,25.06527777777778,38.19,16.33,HISTORICAL_TEMPLATE_AND_BENCHMARK_ONLY,45.0,25.0,3.0,32.0,33.0,145.0,7.0,36.0,25.0,0.0,0.0,23.65,0,0,0,26
M1-B00458---- 12 004,MB02,CarbonBlack,OilWet,1836818,1836818,2,25.0825,40.016666666666666,16.28,HISTORICAL_TEMPLATE_AND_BENCHMARK_ONLY,45.0,26.0,5.0,24.0,36.0,145.0,10.4,33.0,39.0,0.0,0.0,20.2,0,0,0,-28
M1-B00458---- 12 004,MB02,CarbonBlack,OilWet,1885820,1885820,2,25.086666666666666,42.47666666666667,16.26,HISTORICAL_TEMPLATE_AND_BENCHMARK_ONLY,45.0,25.0,5.0,22.0,48.0,145.0,17.2,32.0,40.0,0.0,0.0,23.65,0,0,0,-56
M1-B00458---- 12 004,MB02,CarbonBlack,OilWet,2025~1742938,2025~1742938,3,25.091738605906297,44.1,16.25,HISTORICAL_TEMPLATE_AND_BENCHMARK_ONLY,45.0,26.0,10.0,23.0,31.0,145.0,1.7,21.0,29.0,0.0,0.0,23.0,0,0,0,20
M1-B00458---- 12 004,MB02,CarbonBlack,OilWet,2025~1734360,2025~1734360,1,25.1025,40.92333333333334,16.21,HISTORICAL_TEMPLATE_AND_BENCHMARK_ONLY,45.0,25.0,11.0,23.0,33.0,145.0,6.0,32.0,14.0,0.0,0.0,21.225,0,0,0,24
M1-B00458---- 12 004,MB02,CarbonBlack,OilWet,1846817,1846817,1,25.143194444444443,42.873333333333335,16.07,HISTORICAL_TEMPLATE_AND_BENCHMARK_ONLY,45.0,26.0,8.0,21.0,38.0,145.0,15.9,38.0,18.0,0.0,0.0,20.95,0,0,0,-34
M1-B00458---- 12 004,MB02,CarbonBlack,OilWet,2209970,2209970,3,25.14388888888889,41.92,16.07,HISTORICAL_TEMPLATE_AND_BENCHMARK_ONLY,45.0,22.0,5.0,30.0,37.0,145.0,8.2,2.0,44.0,0.0,0.0,21.7,0,0,0,-235
M1-B00458---- 12 004,MB02,CarbonBlack,OilWet,1844458,1844458,1,25.152638888888887,42.906666666666666,16.04,HISTORICAL_TEMPLATE_AND_BENCHMARK_ONLY,45.0,26.0,5.0,22.0,39.0,145.0,15.9,38.0,18.0,0.0,0.0,20.95,0,0,0,-33
M1-B00458---- 12 004,MB02,CarbonBlack,OilWet,1860237,1860237,3,25.161944444444444,44.88666666666666,16.01,HISTORICAL_TEMPLATE_AND_BENCHMARK_ONLY,45.0,26.0,5.0,18.0,47.0,145.0,17.5,31.0,45.0,0.0,0.0,22.75,0,0,0,-43
M1-B00458---- 12 004,MB02,CarbonBlack,OilWet,1889333,1889333,3,25.179166666666667,42.53666666666667,15.95,HISTORICAL_TEMPLATE_AND_BENCHMARK_ONLY,45.0,25.0,5.0,26.0,47.0,145.0,20.5,29.0,52.0,0.0,0.0,23.35,0,0,0,-58
M1-B00458---- 12 004,MB02,CarbonBlack,OilWet,2025~1711196,2025~1711196,2,25.184583333333332,40.10333333333333,15.94,HISTORICAL_TEMPLATE_AND_BENCHMARK_ONLY,45.0,25.0,12.0,25.0,37.0,145.0,3.5,7.0,40.0,0.0,0.0,21.85,0,0,0,39
M1-B00458---- 12 004,MB02,CarbonBlack,OilWet,2025~1742917,2025~1742917,2,25.21388888888889,44.16666666666666,15.84,HISTORICAL_TEMPLATE_AND_BENCHMARK_ONLY,46.0,25.0,11.0,23.0,32.0,145.0,0.3,4.0,33.0,0.0,0.0,25.05,0,0,0,20
M1-B00458---- 12 004,MB02,CarbonBlack,OilWet,2024~1658392,2024~1658392,4,25.241805555555555,39.93,15.75,HISTORICAL_TEMPLATE_AND_BENCHMARK_ONLY,45.0,25.0,14.0,23.0,33.0,145.0,0.5,14.0,39.0,0.0,0.0,23.05,0,0,0,68
M1-B00458---- 12 004,MB02,CarbonBlack,OilWet,2025~1742917,2025~1742917,3,25.24736111111111,44.16666666666666,15.73,HISTORICAL_TEMPLATE_AND_BENCHMARK_ONLY,45.0,26.0,10.0,24.0,32.0,145.0,0.3,4.0,40.0,0.0,0.0,25.05,0,0,0,20
M1-B00458---- 12 004,MB02,CarbonBlack,OilWet,2025~1711196,2025~1711196,3,25.25888888888889,40.10333333333333,15.69,HISTORICAL_TEMPLATE_AND_BENCHMARK_ONLY,45.0,26.0,5.0,32.0,37.0,145.0,3.5,7.0,39.0,0.0,0.0,21.85,0,0,0,39
M1-B00458---- 12 004,MB02,CarbonBlack,OilWet,2025~1722283,2025~1722283,1,25.281805555555554,38.75,15.61,HISTORICAL_TEMPLATE_AND_BENCHMARK_ONLY,46.0,25.0,5.0,29.0,37.0,145.0,0.3,2.0,12.0,0.0,0.0,23.95,0,0,0,30
M1-B00458---- 12 004,MB02,CarbonBlack,OilWet,2025~1733247,2025~1733247,3,25.28486111111111,40.79333333333333,15.6,HISTORICAL_TEMPLATE_AND_BENCHMARK_ONLY,45.0,26.0,13.0,26.0,33.0,145.0,7.0,36.0,40.0,0.0,0.0,23.65,0,0,0,25
M1-B00458---- 12 004,MB02,CarbonBlack,OilWet,2160870,2160870,4,25.31138888888889,40.46333333333333,15.51,HISTORICAL_TEMPLATE_AND_BENCHMARK_ONLY,45.0,22.0,5.0,33.0,43.0,145.0,15.5,11.0,46.0,0.0,0.0,22.7,0,0,0,-204
M1-B00458---- 12 004,MB02,CarbonBlack,OilWet,1844491,1844491,1,25.325694444444444,42.583333333333336,15.47,HISTORICAL_TEMPLATE_AND_BENCHMARK_ONLY,46.0,25.0,5.0,25.0,37.0,145.0,15.9,38.0,19.0,0.0,0.0,20.95,0,0,0,-34
M1-B00458---- 12 004,MB02,CarbonBlack,OilWet,1836265,1836265,3,25.328124553411932,41.22,15.46,HISTORICAL_TEMPLATE_AND_BENCHMARK_ONLY,46.0,25.0,9.0,22.0,37.0,145.0,7.1,27.0,34.0,0.0,0.0,23.0,0,0,0,-27
M1-B00458---- 12 004,MB02,CarbonBlack,OilWet,2025~1731325,2025~1731325,8,25.06527777777778,38.19,12.61,HISTORICAL_TEMPLATE_AND_BENCHMARK_ONLY,45.0,25.0,3.0,32.0,33.0,145.0,7.0,36.0,25.0,0.0,0.0,23.65,0,0,0,26
M1-B00458---- 12 004,MB02,CarbonBlack,OilWet,1836818,1836818,2,25.0825,40.016666666666666,12.55,HISTORICAL_TEMPLATE_AND_BENCHMARK_ONLY,45.0,26.0,5.0,24.0,36.0,145.0,10.4,33.0,11.0,0.0,0.0,20.2,0,0,0,-28
M1-B00458---- 12 004,MB02,CarbonBlack,OilWet,1885820,1885820,2,25.086666666666666,42.47666666666667,12.53,HISTORICAL_TEMPLATE_AND_BENCHMARK_ONLY,45.0,25.0,5.0,22.0,48.0,145.0,17.2,32.0,10.0,0.0,0.0,23.65,0,0,0,-56
M1-B00458---- 12 004,MB02,CarbonBlack,OilWet,2025~1742938,2025~1742938,3,25.091738605906297,44.1,12.51,HISTORICAL_TEMPLATE_AND_BENCHMARK_ONLY,45.0,26.0,10.0,23.0,31.0,145.0,1.7,21.0,21.0,0.0,0.0,23.0,0,0,0,20
M1-B00458---- 12 004,MB02,CarbonBlack,OilWet,2025~1734360,2025~1734360,1,25.1025,40.92333333333334,12.48,HISTORICAL_TEMPLATE_AND_BENCHMARK_ONLY,45.0,25.0,11.0,23.0,33.0,145.0,6.0,32.0,36.0,0.0,0.0,21.225,0,0,0,24
M1-B00458---- 12 004,MB02,CarbonBlack,OilWet,1846817,1846817,1,25.143194444444443,42.873333333333335,12.33,HISTORICAL_TEMPLATE_AND_BENCHMARK_ONLY,45.0,26.0,8.0,21.0,38.0,145.0,15.9,38.0,32.0,0.0,0.0,20.95,0,0,0,-34
M1-B00458---- 12 004,MB02,CarbonBlack,OilWet,2209970,2209970,3,25.14388888888889,41.92,12.33,HISTORICAL_TEMPLATE_AND_BENCHMARK_ONLY,45.0,22.0,5.0,30.0,37.0,145.0,8.2,2.0,6.0,0.0,0.0,21.7,0,0,0,-235
M1-B00458---- 12 004,MB02,CarbonBlack,OilWet,1844458,1844458,1,25.152638888888887,42.906666666666666,12.3,HISTORICAL_TEMPLATE_AND_BENCHMARK_ONLY,45.0,26.0,5.0,22.0,39.0,145.0,15.9,38.0,32.0,0.0,0.0,20.95,0,0,0,-33
M1-B00458---- 12 004,MB02,CarbonBlack,OilWet,1860237,1860237,3,25.161944444444444,44.88666666666666,12.27,HISTORICAL_TEMPLATE_AND_BENCHMARK_ONLY,45.0,26.0,5.0,18.0,47.0,145.0,17.5,31.0,5.0,0.0,0.0,22.75,0,0,0,-43
M1-B00458---- 12 004,MB02,CarbonBlack,OilWet,1889333,1889333,3,25.179166666666667,42.53666666666667,12.21,HISTORICAL_TEMPLATE_AND_BENCHMARK_ONLY,45.0,25.0,5.0,26.0,47.0,145.0,20.5,29.0,2.0,0.0,0.0,23.35,0,0,0,-58
M1-B00458---- 12 004,MB02,CarbonBlack,OilWet,2025~1711196,2025~1711196,2,25.184583333333332,40.10333333333333,12.19,HISTORICAL_TEMPLATE_AND_BENCHMARK_ONLY,45.0,25.0,12.0,25.0,37.0,145.0,3.5,7.0,10.0,0.0,0.0,21.85,0,0,0,39
M1-B00458---- 12 004,MB02,CarbonBlack,OilWet,2025~1742917,2025~1742917,2,25.21388888888889,44.16666666666666,12.09,HISTORICAL_TEMPLATE_AND_BENCHMARK_ONLY,46.0,25.0,11.0,23.0,32.0,145.0,0.3,4.0,17.0,0.0,0.0,25.05,0,0,0,20
M1-B00458---- 12 004,MB02,CarbonBlack,OilWet,2024~1658392,2024~1658392,4,25.241805555555555,39.93,11.99,HISTORICAL_TEMPLATE_AND_BENCHMARK_ONLY,45.0,25.0,14.0,23.0,33.0,145.0,0.5,14.0,11.0,0.0,0.0,23.05,0,0,0,68
M1-B00458---- 12 004,MB02,CarbonBlack,OilWet,2025~1742917,2025~1742917,3,25.24736111111111,44.16666666666666,11.97,HISTORICAL_TEMPLATE_AND_BENCHMARK_ONLY,45.0,26.0,10.0,24.0,32.0,145.0,0.3,4.0,10.0,0.0,0.0,25.05,0,0,0,20
M1-B00458---- 12 004,MB02,CarbonBlack,OilWet,2025~1711196,2025~1711196,3,25.25888888888889,40.10333333333333,11.93,HISTORICAL_TEMPLATE_AND_BENCHMARK_ONLY,45.0,26.0,5.0,32.0,37.0,145.0,3.5,7.0,11.0,0.0,0.0,21.85,0,0,0,39
M1-B00458---- 12 004,MB02,CarbonBlack,OilWet,2025~1722283,2025~1722283,1,25.281805555555554,38.75,11.85,HISTORICAL_TEMPLATE_AND_BENCHMARK_ONLY,46.0,25.0,5.0,29.0,37.0,145.0,0.3,2.0,38.0,0.0,0.0,23.95,0,0,0,30
M1-B00458---- 12 004,MB02,CarbonBlack,OilWet,2025~1733247,2025~1733247,3,25.28486111111111,40.79333333333333,11.84,HISTORICAL_TEMPLATE_AND_BENCHMARK_ONLY,45.0,26.0,13.0,26.0,33.0,145.0,7.0,36.0,10.0,0.0,0.0,23.65,0,0,0,25
M1-B00458---- 12 004,MB02,CarbonBlack,OilWet,2160870,2160870,4,25.31138888888889,40.46333333333333,11.75,HISTORICAL_TEMPLATE_AND_BENCHMARK_ONLY,45.0,22.0,5.0,33.0,43.0,145.0,15.5,11.0,4.0,0.0,0.0,22.7,0,0,0,-204
M1-B00458---- 12 004,MB02,CarbonBlack,OilWet,1844491,1844491,1,25.325694444444444,42.583333333333336,11.7,HISTORICAL_TEMPLATE_AND_BENCHMARK_ONLY,46.0,25.0,5.0,25.0,37.0,145.0,15.9,38.0,31.0,0.0,0.0,20.95,0,0,0,-34
M1-B00458---- 12 004,MB02,CarbonBlack,OilWet,1836265,1836265,3,25.328124553411932,41.22,11.69,HISTORICAL_TEMPLATE_AND_BENCHMARK_ONLY,46.0,25.0,9.0,22.0,37.0,145.0,7.1,27.0,16.0,0.0,0.0,23.0,0,0,0,-27
M1-B00458---- 12 004,MB02,CarbonBlack,OilWet,2025~1731325,2025~1731325,8,25.06527777777778,38.19,10.61,HISTORICAL_TEMPLATE_AND_BENCHMARK_ONLY,45.0,25.0,3.0,32.0,33.0,145.0,7.0,36.0,29.0,0.0,0.0,23.65,0,0,0,26
M1-B00458---- 12 004,MB02,CarbonBlack,OilWet,1836818,1836818,2,25.0825,40.016666666666666,10.55,HISTORICAL_TEMPLATE_AND_BENCHMARK_ONLY,45.0,26.0,5.0,24.0,36.0,145.0,10.4,33.0,15.0,0.0,0.0,20.2,0,0,0,-28
M1-B00458---- 12 004,MB02,CarbonBlack,OilWet,1885820,1885820,2,25.086666666666666,42.47666666666667,10.53,HISTORICAL_TEMPLATE_AND_BENCHMARK_ONLY,45.0,25.0,5.0,22.0,48.0,145.0,17.2,32.0,14.0,0.0,0.0,23.65,0,0,0,-56
M1-B00458---- 12 004,MB02,CarbonBlack,OilWet,2025~1742938,2025~1742938,3,25.091738605906297,44.1,10.52,HISTORICAL_TEMPLATE_AND_BENCHMARK_ONLY,45.0,26.0,10.0,23.0,31.0,145.0,1.7,21.0,25.0,0.0,0.0,23.0,0,0,0,20
M1-B00458---- 12 004,MB02,CarbonBlack,OilWet,2025~1734360,2025~1734360,1,25.1025,40.92333333333334,10.48,HISTORICAL_TEMPLATE_AND_BENCHMARK_ONLY,45.0,25.0,11.0,23.0,33.0,145.0,6.0,32.0,40.0,0.0,0.0,21.225,0,0,0,24
M1-B00458---- 12 004,MB02,CarbonBlack,OilWet,1846817,1846817,1,25.143194444444443,42.873333333333335,10.33,HISTORICAL_TEMPLATE_AND_BENCHMARK_ONLY,45.0,26.0,8.0,21.0,38.0,145.0,15.9,38.0,36.0,0.0,0.0,20.95,0,0,0,-34
M1-B00458---- 12 004,MB02,CarbonBlack,OilWet,2209970,2209970,3,25.14388888888889,41.92,10.33,HISTORICAL_TEMPLATE_AND_BENCHMARK_ONLY,45.0,22.0,5.0,30.0,37.0,145.0,8.2,2.0,10.0,0.0,0.0,21.7,0,0,0,-235
M1-B00458---- 12 004,MB02,CarbonBlack,OilWet,1844458,1844458,1,25.152638888888887,42.906666666666666,10.3,HISTORICAL_TEMPLATE_AND_BENCHMARK_ONLY,45.0,26.0,5.0,22.0,39.0,145.0,15.9,38.0,36.0,0.0,0.0,20.95,0,0,0,-33
M1-B00458---- 12 004,MB02,CarbonBlack,OilWet,1860237,1860237,3,25.161944444444444,44.88666666666666,10.26,HISTORICAL_TEMPLATE_AND_BENCHMARK_ONLY,45.0,26.0,5.0,18.0,47.0,145.0,17.5,31.0,9.0,0.0,0.0,22.75,0,0,0,-43
M1-B00458---- 12 004,MB02,CarbonBlack,OilWet,1889333,1889333,3,25.179166666666667,42.53666666666667,10.2,HISTORICAL_TEMPLATE_AND_BENCHMARK_ONLY,45.0,25.0,5.0,26.0,47.0,145.0,20.5,29.0,2.0,0.0,0.0,23.35,0,0,0,-58
M1-B00458---- 12 004,MB02,CarbonBlack,OilWet,2025~1711196,2025~1711196,2,25.184583333333332,40.10333333333333,10.18,HISTORICAL_TEMPLATE_AND_BENCHMARK_ONLY,45.0,25.0,12.0,25.0,37.0,145.0,3.5,7.0,14.0,0.0,0.0,21.85,0,0,0,39
M1-B00458---- 12 004,MB02,CarbonBlack,OilWet,2025~1742917,2025~1742917,2,25.21388888888889,44.16666666666666,10.08,HISTORICAL_TEMPLATE_AND_BENCHMARK_ONLY,46.0,25.0,11.0,23.0,32.0,145.0,0.3,4.0,21.0,0.0,0.0,25.05,0,0,0,20
M1-B00458---- 12 004,MB02,CarbonBlack,OilWet,2024~1658392,2024~1658392,4,25.241805555555555,39.93,9.98,HISTORICAL_TEMPLATE_AND_BENCHMARK_ONLY,45.0,25.0,14.0,23.0,33.0,145.0,0.5,14.0,15.0,0.0,0.0,23.05,0,0,0,68
M1-B00458---- 12 004,MB02,CarbonBlack,OilWet,2025~1742917,2025~1742917,3,25.24736111111111,44.16666666666666,9.96,HISTORICAL_TEMPLATE_AND_BENCHMARK_ONLY,45.0,26.0,10.0,24.0,32.0,145.0,0.3,4.0,14.0,0.0,0.0,25.05,0,0,0,20
M1-B00458---- 12 004,MB02,CarbonBlack,OilWet,2025~1711196,2025~1711196,3,25.25888888888889,40.10333333333333,9.92,HISTORICAL_TEMPLATE_AND_BENCHMARK_ONLY,45.0,26.0,5.0,32.0,37.0,145.0,3.5,7.0,15.0,0.0,0.0,21.85,0,0,0,39
M1-B00458---- 12 004,MB02,CarbonBlack,OilWet,2025~1722283,2025~1722283,1,25.281805555555554,38.75,9.84,HISTORICAL_TEMPLATE_AND_BENCHMARK_ONLY,46.0,25.0,5.0,29.0,37.0,145.0,0.3,2.0,42.0,0.0,0.0,23.95,0,0,0,30
M1-B00458---- 12 004,MB02,CarbonBlack,OilWet,2025~1733247,2025~1733247,3,25.28486111111111,40.79333333333333,9.83,HISTORICAL_TEMPLATE_AND_BENCHMARK_ONLY,45.0,26.0,13.0,26.0,33.0,145.0,7.0,36.0,14.0,0.0,0.0,23.65,0,0,0,25
M1-B00458---- 12 004,MB02,CarbonBlack,OilWet,2160870,2160870,4,25.31138888888889,40.46333333333333,9.73,HISTORICAL_TEMPLATE_AND_BENCHMARK_ONLY,45.0,22.0,5.0,33.0,43.0,145.0,15.5,11.0,8.0,0.0,0.0,22.7,0,0,0,-204
M1-B00458---- 12 004,MB02,CarbonBlack,OilWet,1844491,1844491,1,25.325694444444444,42.583333333333336,9.68,HISTORICAL_TEMPLATE_AND_BENCHMARK_ONLY,46.0,25.0,5.0,25.0,37.0,145.0,15.9,38.0,35.0,0.0,0.0,20.95,0,0,0,-34
M1-B00458---- 12 004,MB02,CarbonBlack,OilWet,1836265,1836265,3,25.328124553411932,41.22,9.67,HISTORICAL_TEMPLATE_AND_BENCHMARK_ONLY,46.0,25.0,9.0,22.0,37.0,145.0,7.1,27.0,20.0,0.0,0.0,23.0,0,0,0,-27
M1-B00458---- 12 004,MB02,CarbonBlack,OilWet,1836818,1836818,2,25.0825,40.016666666666666,12.55,HISTORICAL_TEMPLATE_AND_BENCHMARK_ONLY,45.0,26.0,5.0,24.0,36.0,145.0,8.9,22.0,25.0,0.0,0.0,20.2,0,0,0,-27
M1-B00458---- 12 004,MB02,CarbonBlack,OilWet,1885820,1885820,2,25.086666666666666,42.47666666666667,12.53,HISTORICAL_TEMPLATE_AND_BENCHMARK_ONLY,45.0,25.0,5.0,22.0,48.0,145.0,15.7,21.0,26.0,0.0,0.0,23.65,0,0,0,-55
M1-B00458---- 12 004,MB02,CarbonBlack,OilWet,2025~1742938,2025~1742938,3,25.091738605906297,44.1,12.52,HISTORICAL_TEMPLATE_AND_BENCHMARK_ONLY,45.0,26.0,10.0,23.0,31.0,145.0,3.2,10.0,15.0,0.0,0.0,23.0,0,0,0,21
M1-B00458---- 12 004,MB02,CarbonBlack,OilWet,2025~1734360,2025~1734360,1,25.1025,40.92333333333334,12.48,HISTORICAL_TEMPLATE_AND_BENCHMARK_ONLY,45.0,25.0,11.0,23.0,33.0,145.0,7.5,21.0,0.0,0.0,0.0,21.225,0,0,0,25
M1-B00458---- 12 004,MB02,CarbonBlack,OilWet,1846817,1846817,1,25.143194444444443,42.873333333333335,12.34,HISTORICAL_TEMPLATE_AND_BENCHMARK_ONLY,45.0,26.0,8.0,21.0,38.0,145.0,14.4,27.0,4.0,0.0,0.0,20.95,0,0,0,-33
M1-B00458---- 12 004,MB02,CarbonBlack,OilWet,2209970,2209970,3,25.14388888888889,41.92,12.34,HISTORICAL_TEMPLATE_AND_BENCHMARK_ONLY,45.0,22.0,5.0,30.0,37.0,145.0,6.7,13.0,30.0,0.0,0.0,21.7,0,0,0,-233
M1-B00458---- 12 004,MB02,CarbonBlack,OilWet,1844458,1844458,1,25.152638888888887,42.906666666666666,12.3,HISTORICAL_TEMPLATE_AND_BENCHMARK_ONLY,45.0,26.0,5.0,22.0,39.0,145.0,14.4,27.0,4.0,0.0,0.0,20.95,0,0,0,-32
M1-B00458---- 12 004,MB02,CarbonBlack,OilWet,1860237,1860237,3,25.161944444444444,44.88666666666666,12.27,HISTORICAL_TEMPLATE_AND_BENCHMARK_ONLY,45.0,26.0,5.0,18.0,47.0,145.0,16.0,20.0,31.0,0.0,0.0,22.75,0,0,0,-42
M1-B00458---- 12 004,MB02,CarbonBlack,OilWet,1889333,1889333,3,25.179166666666667,42.53666666666667,12.21,HISTORICAL_TEMPLATE_AND_BENCHMARK_ONLY,45.0,25.0,5.0,26.0,47.0,145.0,19.0,18.0,38.0,0.0,0.0,23.35,0,0,0,-57
M1-B00458---- 12 004,MB02,CarbonBlack,OilWet,2025~1711196,2025~1711196,2,25.184583333333332,40.10333333333333,12.19,HISTORICAL_TEMPLATE_AND_BENCHMARK_ONLY,45.0,25.0,12.0,25.0,37.0,145.0,2.0,18.0,26.0,0.0,0.0,21.85,0,0,0,40
M1-B00458---- 12 004,MB02,CarbonBlack,OilWet,2025~1742917,2025~1742917,2,25.21388888888889,44.16666666666666,12.09,HISTORICAL_TEMPLATE_AND_BENCHMARK_ONLY,46.0,25.0,11.0,23.0,32.0,145.0,1.2,7.0,19.0,0.0,0.0,25.05,0,0,0,21
M1-B00458---- 12 004,MB02,CarbonBlack,OilWet,2024~1658392,2024~1658392,4,25.241805555555555,39.93,11.99,HISTORICAL_TEMPLATE_AND_BENCHMARK_ONLY,45.0,25.0,14.0,23.0,33.0,145.0,2.0,3.0,25.0,0.0,0.0,23.05,0,0,0,69
M1-B00458---- 12 004,MB02,CarbonBlack,OilWet,2025~1742917,2025~1742917,3,25.24736111111111,44.16666666666666,11.97,HISTORICAL_TEMPLATE_AND_BENCHMARK_ONLY,45.0,26.0,10.0,24.0,32.0,145.0,1.2,7.0,26.0,0.0,0.0,25.05,0,0,0,21
M1-B00458---- 12 004,MB02,CarbonBlack,OilWet,2025~1711196,2025~1711196,3,25.25888888888889,40.10333333333333,11.93,HISTORICAL_TEMPLATE_AND_BENCHMARK_ONLY,45.0,26.0,5.0,32.0,37.0,145.0,2.0,18.0,25.0,0.0,0.0,21.85,0,0,0,40
M1-B00458---- 12 004,MB02,CarbonBlack,OilWet,2025~1722283,2025~1722283,1,25.281805555555554,38.75,11.85,HISTORICAL_TEMPLATE_AND_BENCHMARK_ONLY,46.0,25.0,5.0,29.0,37.0,145.0,1.2,9.0,2.0,0.0,0.0,23.95,0,0,0,31
M1-B00458---- 12 004,MB02,CarbonBlack,OilWet,2025~1733247,2025~1733247,3,25.28486111111111,40.79333333333333,11.84,HISTORICAL_TEMPLATE_AND_BENCHMARK_ONLY,45.0,26.0,13.0,26.0,33.0,145.0,8.5,25.0,26.0,0.0,0.0,23.65,0,0,0,26
M1-B00458---- 12 004,MB02,CarbonBlack,OilWet,2160870,2160870,4,25.31138888888889,40.46333333333333,11.75,HISTORICAL_TEMPLATE_AND_BENCHMARK_ONLY,45.0,22.0,5.0,33.0,43.0,145.0,14.0,22.0,32.0,0.0,0.0,22.7,0,0,0,-203
M1-B00458---- 12 004,MB02,CarbonBlack,OilWet,1844491,1844491,1,25.325694444444444,42.583333333333336,11.7,HISTORICAL_TEMPLATE_AND_BENCHMARK_ONLY,46.0,25.0,5.0,25.0,37.0,145.0,14.4,27.0,5.0,0.0,0.0,20.95,0,0,0,-32
M1-B00458---- 12 004,MB02,CarbonBlack,OilWet,1836265,1836265,3,25.328124553411932,41.22,11.69,HISTORICAL_TEMPLATE_AND_BENCHMARK_ONLY,46.0,25.0,9.0,22.0,37.0,145.0,5.6,16.0,20.0,0.0,0.0,23.0,0,0,0,-26
M1-B00458---- 12 004,MB02,CarbonBlack,OilWet,2024~1658392,2024~1658392,3,25.3325,39.93,11.68,HISTORICAL_TEMPLATE_AND_BENCHMARK_ONLY,45.0,25.0,12.0,26.0,32.0,145.0,2.0,3.0,29.0,0.0,0.0,23.05,0,0,0,69
M1-B00458---- 12 004,MB02,CarbonBlack,OilWet,1836818,1836818,2,25.0825,40.016666666666666,10.62,HISTORICAL_TEMPLATE_AND_BENCHMARK_ONLY,45.0,26.0,5.0,24.0,36.0,145.0,8.9,22.0,1.0,0.0,0.0,20.2,0,0,0,-27
M1-B00458---- 12 004,MB02,CarbonBlack,OilWet,1885820,1885820,2,25.086666666666666,42.47666666666667,10.61,HISTORICAL_TEMPLATE_AND_BENCHMARK_ONLY,45.0,25.0,5.0,22.0,48.0,145.0,15.7,21.0,0.0,0.0,0.0,23.65,0,0,0,-55
M1-B00458---- 12 004,MB02,CarbonBlack,OilWet,2025~1742938,2025~1742938,3,25.091738605906297,44.1,10.59,HISTORICAL_TEMPLATE_AND_BENCHMARK_ONLY,45.0,26.0,10.0,23.0,31.0,145.0,3.2,10.0,11.0,0.0,0.0,23.0,0,0,0,21
M1-B00458---- 12 004,MB02,CarbonBlack,OilWet,2025~1734360,2025~1734360,1,25.1025,40.92333333333334,10.55,HISTORICAL_TEMPLATE_AND_BENCHMARK_ONLY,45.0,25.0,11.0,23.0,33.0,145.0,7.5,21.0,26.0,0.0,0.0,21.225,0,0,0,25
M1-B00458---- 12 004,MB02,CarbonBlack,OilWet,1846817,1846817,1,25.143194444444443,42.873333333333335,10.41,HISTORICAL_TEMPLATE_AND_BENCHMARK_ONLY,45.0,26.0,8.0,21.0,38.0,145.0,14.4,27.0,22.0,0.0,0.0,20.95,0,0,0,-33
M1-B00458---- 12 004,MB02,CarbonBlack,OilWet,2209970,2209970,3,25.14388888888889,41.92,10.4,HISTORICAL_TEMPLATE_AND_BENCHMARK_ONLY,45.0,22.0,5.0,30.0,37.0,145.0,6.7,13.0,4.0,0.0,0.0,21.7,0,0,0,-233
M1-B00458---- 12 004,MB02,CarbonBlack,OilWet,1844458,1844458,1,25.152638888888887,42.906666666666666,10.37,HISTORICAL_TEMPLATE_AND_BENCHMARK_ONLY,45.0,26.0,5.0,22.0,39.0,145.0,14.4,27.0,22.0,0.0,0.0,20.95,0,0,0,-32
M1-B00458---- 12 004,MB02,CarbonBlack,OilWet,1860237,1860237,3,25.161944444444444,44.88666666666666,10.34,HISTORICAL_TEMPLATE_AND_BENCHMARK_ONLY,45.0,26.0,5.0,18.0,47.0,145.0,16.0,20.0,5.0,0.0,0.0,22.75,0,0,0,-42
M1-B00458---- 12 004,MB02,CarbonBlack,OilWet,1889333,1889333,3,25.179166666666667,42.53666666666667,10.28,HISTORICAL_TEMPLATE_AND_BENCHMARK_ONLY,45.0,25.0,5.0,26.0,47.0,145.0,19.0,18.0,12.0,0.0,0.0,23.35,0,0,0,-57
M1-B00458---- 12 004,MB02,CarbonBlack,OilWet,2025~1711196,2025~1711196,2,25.184583333333332,40.10333333333333,10.26,HISTORICAL_TEMPLATE_AND_BENCHMARK_ONLY,45.0,25.0,12.0,25.0,37.0,145.0,2.0,18.0,0.0,0.0,0.0,21.85,0,0,0,40
M1-B00458---- 12 004,MB02,CarbonBlack,OilWet,2025~1742917,2025~1742917,2,25.21388888888889,44.16666666666666,10.15,HISTORICAL_TEMPLATE_AND_BENCHMARK_ONLY,46.0,25.0,11.0,23.0,32.0,145.0,1.2,7.0,7.0,0.0,0.0,25.05,0,0,0,21
M1-B00458---- 12 004,MB02,CarbonBlack,OilWet,2024~1658392,2024~1658392,4,25.241805555555555,39.93,10.06,HISTORICAL_TEMPLATE_AND_BENCHMARK_ONLY,45.0,25.0,14.0,23.0,33.0,145.0,2.0,3.0,1.0,0.0,0.0,23.05,0,0,0,69
M1-B00458---- 12 004,MB02,CarbonBlack,OilWet,2025~1742917,2025~1742917,3,25.24736111111111,44.16666666666666,10.04,HISTORICAL_TEMPLATE_AND_BENCHMARK_ONLY,45.0,26.0,10.0,24.0,32.0,145.0,1.2,7.0,0.0,0.0,0.0,25.05,0,0,0,21
M1-B00458---- 12 004,MB02,CarbonBlack,OilWet,2025~1711196,2025~1711196,3,25.25888888888889,40.10333333333333,9.99,HISTORICAL_TEMPLATE_AND_BENCHMARK_ONLY,45.0,26.0,5.0,32.0,37.0,145.0,2.0,18.0,1.0,0.0,0.0,21.85,0,0,0,40
M1-B00458---- 12 004,MB02,CarbonBlack,OilWet,2025~1722283,2025~1722283,1,25.281805555555554,38.75,9.91,HISTORICAL_TEMPLATE_AND_BENCHMARK_ONLY,46.0,25.0,5.0,29.0,37.0,145.0,1.2,9.0,28.0,0.0,0.0,23.95,0,0,0,31
M1-B00458---- 12 004,MB02,CarbonBlack,OilWet,2025~1733247,2025~1733247,3,25.28486111111111,40.79333333333333,9.9,HISTORICAL_TEMPLATE_AND_BENCHMARK_ONLY,45.0,26.0,13.0,26.0,33.0,145.0,8.5,25.0,0.0,0.0,0.0,23.65,0,0,0,26
M1-B00458---- 12 004,MB02,CarbonBlack,OilWet,2160870,2160870,4,25.31138888888889,40.46333333333333,9.81,HISTORICAL_TEMPLATE_AND_BENCHMARK_ONLY,45.0,22.0,5.0,33.0,43.0,145.0,14.0,22.0,6.0,0.0,0.0,22.7,0,0,0,-203
M1-B00458---- 12 004,MB02,CarbonBlack,OilWet,1844491,1844491,1,25.325694444444444,42.583333333333336,9.76,HISTORICAL_TEMPLATE_AND_BENCHMARK_ONLY,46.0,25.0,5.0,25.0,37.0,145.0,14.4,27.0,21.0,0.0,0.0,20.95,0,0,0,-32
M1-B00458---- 12 004,MB02,CarbonBlack,OilWet,1836265,1836265,3,25.328124553411932,41.22,9.75,HISTORICAL_TEMPLATE_AND_BENCHMARK_ONLY,46.0,25.0,9.0,22.0,37.0,145.0,5.6,16.0,6.0,0.0,0.0,23.0,0,0,0,-26
M1-B00458---- 12 004,MB02,CarbonBlack,OilWet,2024~1658392,2024~1658392,3,25.3325,39.93,9.73,HISTORICAL_TEMPLATE_AND_BENCHMARK_ONLY,45.0,25.0,12.0,26.0,32.0,145.0,2.0,3.0,3.0,0.0,0.0,23.05,0,0,0,69
M1-B00458---- 12 004,MB02,CarbonBlack,OilWet,1836818,1836818,2,25.0825,40.016666666666666,10.86,HISTORICAL_TEMPLATE_AND_BENCHMARK_ONLY,45.0,26.0,5.0,24.0,36.0,145.0,8.9,22.0,2.0,0.0,0.0,20.2,0,0,0,-27
M1-B00458---- 12 004,MB02,CarbonBlack,OilWet,1885820,1885820,2,25.086666666666666,42.47666666666667,10.84,HISTORICAL_TEMPLATE_AND_BENCHMARK_ONLY,45.0,25.0,5.0,22.0,48.0,145.0,15.7,21.0,1.0,0.0,0.0,23.65,0,0,0,-55
M1-B00458---- 12 004,MB02,CarbonBlack,OilWet,2025~1742938,2025~1742938,3,25.091738605906297,44.1,10.83,HISTORICAL_TEMPLATE_AND_BENCHMARK_ONLY,45.0,26.0,10.0,23.0,31.0,145.0,3.2,10.0,12.0,0.0,0.0,23.0,0,0,0,21
M1-B00458---- 12 004,MB02,CarbonBlack,OilWet,2025~1734360,2025~1734360,1,25.1025,40.92333333333334,10.79,HISTORICAL_TEMPLATE_AND_BENCHMARK_ONLY,45.0,25.0,11.0,23.0,33.0,145.0,7.5,21.0,27.0,0.0,0.0,21.225,0,0,0,25
M1-B00458---- 12 004,MB02,CarbonBlack,OilWet,1846817,1846817,1,25.143194444444443,42.873333333333335,10.64,HISTORICAL_TEMPLATE_AND_BENCHMARK_ONLY,45.0,26.0,8.0,21.0,38.0,145.0,14.4,27.0,23.0,0.0,0.0,20.95,0,0,0,-33
M1-B00458---- 12 004,MB02,CarbonBlack,OilWet,2209970,2209970,3,25.14388888888889,41.92,10.64,HISTORICAL_TEMPLATE_AND_BENCHMARK_ONLY,45.0,22.0,5.0,30.0,37.0,145.0,6.7,13.0,3.0,0.0,0.0,21.7,0,0,0,-233
M1-B00458---- 12 004,MB02,CarbonBlack,OilWet,1844458,1844458,1,25.152638888888887,42.906666666666666,10.61,HISTORICAL_TEMPLATE_AND_BENCHMARK_ONLY,45.0,26.0,5.0,22.0,39.0,145.0,14.4,27.0,23.0,0.0,0.0,20.95,0,0,0,-32
M1-B00458---- 12 004,MB02,CarbonBlack,OilWet,1860237,1860237,3,25.161944444444444,44.88666666666666,10.58,HISTORICAL_TEMPLATE_AND_BENCHMARK_ONLY,45.0,26.0,5.0,18.0,47.0,145.0,16.0,20.0,4.0,0.0,0.0,22.75,0,0,0,-42
M1-B00458---- 12 004,MB02,CarbonBlack,OilWet,1889333,1889333,3,25.179166666666667,42.53666666666667,10.52,HISTORICAL_TEMPLATE_AND_BENCHMARK_ONLY,45.0,25.0,5.0,26.0,47.0,145.0,19.0,18.0,11.0,0.0,0.0,23.35,0,0,0,-57
M1-B00458---- 12 004,MB02,CarbonBlack,OilWet,2025~1711196,2025~1711196,2,25.184583333333332,40.10333333333333,10.5,HISTORICAL_TEMPLATE_AND_BENCHMARK_ONLY,45.0,25.0,12.0,25.0,37.0,145.0,2.0,18.0,1.0,0.0,0.0,21.85,0,0,0,40
M1-B00458---- 12 004,MB02,CarbonBlack,OilWet,2025~1742917,2025~1742917,2,25.21388888888889,44.16666666666666,10.39,HISTORICAL_TEMPLATE_AND_BENCHMARK_ONLY,46.0,25.0,11.0,23.0,32.0,145.0,1.2,7.0,8.0,0.0,0.0,25.05,0,0,0,21
M1-B00458---- 12 004,MB02,CarbonBlack,OilWet,2024~1658392,2024~1658392,4,25.241805555555555,39.93,10.29,HISTORICAL_TEMPLATE_AND_BENCHMARK_ONLY,45.0,25.0,14.0,23.0,33.0,145.0,2.0,3.0,2.0,0.0,0.0,23.05,0,0,0,69
M1-B00458---- 12 004,MB02,CarbonBlack,OilWet,2025~1742917,2025~1742917,3,25.24736111111111,44.16666666666666,10.27,HISTORICAL_TEMPLATE_AND_BENCHMARK_ONLY,45.0,26.0,10.0,24.0,32.0,145.0,1.2,7.0,1.0,0.0,0.0,25.05,0,0,0,21
M1-B00458---- 12 004,MB02,CarbonBlack,OilWet,2025~1711196,2025~1711196,3,25.25888888888889,40.10333333333333,10.23,HISTORICAL_TEMPLATE_AND_BENCHMARK_ONLY,45.0,26.0,5.0,32.0,37.0,145.0,2.0,18.0,2.0,0.0,0.0,21.85,0,0,0,40
M1-B00458---- 12 004,MB02,CarbonBlack,OilWet,2025~1722283,2025~1722283,1,25.281805555555554,38.75,10.15,HISTORICAL_TEMPLATE_AND_BENCHMARK_ONLY,46.0,25.0,5.0,29.0,37.0,145.0,1.2,9.0,29.0,0.0,0.0,23.95,0,0,0,31
M1-B00458---- 12 004,MB02,CarbonBlack,OilWet,2025~1733247,2025~1733247,3,25.28486111111111,40.79333333333333,10.14,HISTORICAL_TEMPLATE_AND_BENCHMARK_ONLY,45.0,26.0,13.0,26.0,33.0,145.0,8.5,25.0,1.0,0.0,0.0,23.65,0,0,0,26
M1-B00458---- 12 004,MB02,CarbonBlack,OilWet,2160870,2160870,4,25.31138888888889,40.46333333333333,10.05,HISTORICAL_TEMPLATE_AND_BENCHMARK_ONLY,45.0,22.0,5.0,33.0,43.0,145.0,14.0,22.0,5.0,0.0,0.0,22.7,0,0,0,-203
M1-B00458---- 12 004,MB02,CarbonBlack,OilWet,1844491,1844491,1,25.325694444444444,42.583333333333336,10.0,HISTORICAL_TEMPLATE_AND_BENCHMARK_ONLY,46.0,25.0,5.0,25.0,37.0,145.0,14.4,27.0,22.0,0.0,0.0,20.95,0,0,0,-32
M1-B00458---- 12 004,MB02,CarbonBlack,OilWet,1836265,1836265,3,25.328124553411932,41.22,9.99,HISTORICAL_TEMPLATE_AND_BENCHMARK_ONLY,46.0,25.0,9.0,22.0,37.0,145.0,5.6,16.0,7.0,0.0,0.0,23.0,0,0,0,-26
M1-B00458---- 12 004,MB02,CarbonBlack,OilWet,2024~1658392,2024~1658392,3,25.3325,39.93,9.97,HISTORICAL_TEMPLATE_AND_BENCHMARK_ONLY,45.0,25.0,12.0,26.0,32.0,145.0,2.0,3.0,2.0,0.0,0.0,23.05,0,0,0,69
M1-B00458---- 12 004,MB02,CarbonBlack,OilWet,1836818,1836818,2,25.0825,40.016666666666666,12.62,HISTORICAL_TEMPLATE_AND_BENCHMARK_ONLY,45.0,26.0,5.0,24.0,36.0,145.0,12.1,40.0,26.0,0.0,0.0,20.2,0,0,0,-29
M1-B00458---- 12 004,MB02,CarbonBlack,OilWet,1885820,1885820,2,25.086666666666666,42.47666666666667,12.61,HISTORICAL_TEMPLATE_AND_BENCHMARK_ONLY,45.0,25.0,5.0,22.0,48.0,145.0,18.9,39.0,27.0,0.0,0.0,23.65,0,0,0,-57
M1-B00458---- 12 004,MB02,CarbonBlack,OilWet,2025~1742938,2025~1742938,3,25.091738605906297,44.1,12.59,HISTORICAL_TEMPLATE_AND_BENCHMARK_ONLY,45.0,26.0,10.0,23.0,31.0,145.0,0.0,28.0,16.0,0.0,0.0,23.0,0,0,0,18
M1-B00458---- 12 004,MB02,CarbonBlack,OilWet,2025~1734360,2025~1734360,1,25.1025,40.92333333333334,12.55,HISTORICAL_TEMPLATE_AND_BENCHMARK_ONLY,45.0,25.0,11.0,23.0,33.0,145.0,4.3,39.0,1.0,0.0,0.0,21.225,0,0,0,22
M1-B00458---- 12 004,MB02,CarbonBlack,OilWet,1846817,1846817,1,25.143194444444443,42.873333333333335,12.41,HISTORICAL_TEMPLATE_AND_BENCHMARK_ONLY,45.0,26.0,8.0,21.0,38.0,145.0,17.6,45.0,5.0,0.0,0.0,20.95,0,0,0,-35
M1-B00458---- 12 004,MB02,CarbonBlack,OilWet,2209970,2209970,3,25.14388888888889,41.92,12.41,HISTORICAL_TEMPLATE_AND_BENCHMARK_ONLY,45.0,22.0,5.0,30.0,37.0,145.0,9.9,5.0,31.0,0.0,0.0,21.7,0,0,0,-236
M1-B00458---- 12 004,MB02,CarbonBlack,OilWet,1844458,1844458,1,25.152638888888887,42.906666666666666,12.38,HISTORICAL_TEMPLATE_AND_BENCHMARK_ONLY,45.0,26.0,5.0,22.0,39.0,145.0,17.6,45.0,5.0,0.0,0.0,20.95,0,0,0,-34
M1-B00458---- 12 004,MB02,CarbonBlack,OilWet,1860237,1860237,3,25.161944444444444,44.88666666666666,12.35,HISTORICAL_TEMPLATE_AND_BENCHMARK_ONLY,45.0,26.0,5.0,18.0,47.0,145.0,19.2,38.0,32.0,0.0,0.0,22.75,0,0,0,-44
M1-B00458---- 12 004,MB02,CarbonBlack,OilWet,1889333,1889333,3,25.179166666666667,42.53666666666667,12.29,HISTORICAL_TEMPLATE_AND_BENCHMARK_ONLY,45.0,25.0,5.0,26.0,47.0,145.0,22.2,36.0,39.0,0.0,0.0,23.35,0,0,0,-60
M1-B00458---- 12 004,MB02,CarbonBlack,OilWet,2025~1711196,2025~1711196,2,25.184583333333332,40.10333333333333,12.27,HISTORICAL_TEMPLATE_AND_BENCHMARK_ONLY,45.0,25.0,12.0,25.0,37.0,145.0,5.2,0.0,27.0,0.0,0.0,21.85,0,0,0,38
M1-B00458---- 12 004,MB02,CarbonBlack,OilWet,2025~1742917,2025~1742917,2,25.21388888888889,44.16666666666666,12.16,HISTORICAL_TEMPLATE_AND_BENCHMARK_ONLY,46.0,25.0,11.0,23.0,32.0,145.0,2.0,11.0,20.0,0.0,0.0,25.05,0,0,0,19
M1-B00458---- 12 004,MB02,CarbonBlack,OilWet,2024~1658392,2024~1658392,4,25.241805555555555,39.93,12.07,HISTORICAL_TEMPLATE_AND_BENCHMARK_ONLY,45.0,25.0,14.0,23.0,33.0,145.0,1.2,21.0,26.0,0.0,0.0,23.05,0,0,0,67
M1-B00458---- 12 004,MB02,CarbonBlack,OilWet,2025~1742917,2025~1742917,3,25.24736111111111,44.16666666666666,12.05,HISTORICAL_TEMPLATE_AND_BENCHMARK_ONLY,45.0,26.0,10.0,24.0,32.0,145.0,2.0,11.0,27.0,0.0,0.0,25.05,0,0,0,19
M1-B00458---- 12 004,MB02,CarbonBlack,OilWet,2025~1711196,2025~1711196,3,25.25888888888889,40.10333333333333,12.01,HISTORICAL_TEMPLATE_AND_BENCHMARK_ONLY,45.0,26.0,5.0,32.0,37.0,145.0,5.2,0.0,26.0,0.0,0.0,21.85,0,0,0,38
M1-B00458---- 12 004,MB02,CarbonBlack,OilWet,2025~1733247,2025~1733247,3,25.28486111111111,40.79333333333333,11.92,HISTORICAL_TEMPLATE_AND_BENCHMARK_ONLY,45.0,26.0,13.0,26.0,33.0,145.0,5.3,43.0,27.0,0.0,0.0,23.65,0,0,0,24
M1-B00458---- 12 004,MB02,CarbonBlack,OilWet,2160870,2160870,4,25.31138888888889,40.46333333333333,11.82,HISTORICAL_TEMPLATE_AND_BENCHMARK_ONLY,45.0,22.0,5.0,33.0,43.0,145.0,17.2,4.0,33.0,0.0,0.0,22.7,0,0,0,-205
M1-B00458---- 12 004,MB02,CarbonBlack,OilWet,1844491,1844491,1,25.325694444444444,42.583333333333336,11.77,HISTORICAL_TEMPLATE_AND_BENCHMARK_ONLY,46.0,25.0,5.0,25.0,37.0,145.0,17.6,45.0,6.0,0.0,0.0,20.95,0,0,0,-35
M1-B00458---- 12 004,MB02,CarbonBlack,OilWet,1836265,1836265,3,25.328124553411932,41.22,11.77,HISTORICAL_TEMPLATE_AND_BENCHMARK_ONLY,46.0,25.0,9.0,22.0,37.0,145.0,8.8,34.0,21.0,0.0,0.0,23.0,0,0,0,-29
M1-B00458---- 12 004,MB02,CarbonBlack,OilWet,2024~1658392,2024~1658392,3,25.3325,39.93,11.75,HISTORICAL_TEMPLATE_AND_BENCHMARK_ONLY,45.0,25.0,12.0,26.0,32.0,145.0,1.2,21.0,30.0,0.0,0.0,23.05,0,0,0,67
M1-B00458---- 12 004,MB02,CarbonBlack,OilWet,2024~1658392,2024~1658392,2,25.343333333333334,39.93,11.71,HISTORICAL_TEMPLATE_AND_BENCHMARK_ONLY,45.0,25.0,13.0,27.0,33.0,145.0,1.2,21.0,27.0,0.0,0.0,23.05,0,0,0,67
M1-B00163R4-- 01 004,MB02,CarbonBlack,OilWet,2073189,2073189,15,31.07333333333333,30.49,-2.28,HISTORICAL_TEMPLATE_AND_BENCHMARK_ONLY,50.0,17.0,5.0,28.0,93.0,150.0,1.9,45.0,3.0,0.0,0.0,0.35,0,0,0,-103
M1-B00163R4-- 01 004,MB02,CarbonBlack,OilWet,1976906,1976906,19,31.08138888888889,28.79,-2.3,HISTORICAL_TEMPLATE_AND_BENCHMARK_ONLY,50.0,16.0,5.0,27.0,86.0,150.0,1.9,25.0,0.0,0.0,0.0,1.6,0,0,0,-48
M1-B00163R4-- 01 004,MB02,CarbonBlack,OilWet,2111572,2111572,8,31.127222222222223,29.58,-2.45,HISTORICAL_TEMPLATE_AND_BENCHMARK_ONLY,50.0,16.0,16.0,19.0,94.0,150.0,2.8,36.0,4.0,0.0,0.0,1.45,0,0,0,-123
M1-B00163R4-- 01 004,MB02,CarbonBlack,OilWet,2111572,2111572,9,31.292916666666667,29.58,-3.0,HISTORICAL_TEMPLATE_AND_BENCHMARK_ONLY,50.0,16.0,17.0,19.0,94.0,150.0,2.8,36.0,6.0,0.0,0.0,1.45,0,0,0,-123
M1-B00163R4-- 01 004,MB02,CarbonBlack,OilWet,2073189,2073189,15,31.07333333333333,30.49,-2.73,HISTORICAL_TEMPLATE_AND_BENCHMARK_ONLY,50.0,17.0,5.0,28.0,93.0,150.0,1.9,45.0,2.0,0.0,0.0,0.35,0,0,0,-103
M1-B00163R4-- 01 004,MB02,CarbonBlack,OilWet,1976906,1976906,19,31.08138888888889,28.79,-2.75,HISTORICAL_TEMPLATE_AND_BENCHMARK_ONLY,50.0,16.0,5.0,27.0,86.0,150.0,1.9,25.0,1.0,0.0,0.0,1.6,0,0,0,-48
M1-B00163R4-- 01 004,MB02,CarbonBlack,OilWet,2111572,2111572,8,31.127222222222223,29.58,-2.91,HISTORICAL_TEMPLATE_AND_BENCHMARK_ONLY,50.0,16.0,16.0,19.0,94.0,150.0,2.8,36.0,5.0,0.0,0.0,1.45,0,0,0,-123
M1-B00163R4-- 01 004,MB02,CarbonBlack,OilWet,2111572,2111572,9,31.292916666666667,29.58,-3.45,HISTORICAL_TEMPLATE_AND_BENCHMARK_ONLY,50.0,16.0,17.0,19.0,94.0,150.0,2.8,36.0,7.0,0.0,0.0,1.45,0,0,0,-123
M1-B00163R4-- 01 004,MB02,CarbonBlack,OilWet,2073189,2073189,15,31.07333333333333,30.49,-1.7,HISTORICAL_TEMPLATE_AND_BENCHMARK_ONLY,50.0,17.0,5.0,28.0,93.0,150.0,1.9,45.0,2.0,0.0,0.0,0.35,0,0,0,-103
M1-B00163R4-- 01 004,MB02,CarbonBlack,OilWet,1976906,1976906,19,31.08138888888889,28.79,-1.73,HISTORICAL_TEMPLATE_AND_BENCHMARK_ONLY,50.0,16.0,5.0,27.0,86.0,150.0,1.9,25.0,1.0,0.0,0.0,1.6,0,0,0,-48
M1-B00163R4-- 01 004,MB02,CarbonBlack,OilWet,2111572,2111572,8,31.127222222222223,29.58,-1.88,HISTORICAL_TEMPLATE_AND_BENCHMARK_ONLY,50.0,16.0,16.0,19.0,94.0,150.0,2.8,36.0,5.0,0.0,0.0,1.45,0,0,0,-123
M1-B00163R4-- 01 004,MB02,CarbonBlack,OilWet,2111572,2111572,9,31.292916666666667,29.58,-2.42,HISTORICAL_TEMPLATE_AND_BENCHMARK_ONLY,50.0,16.0,17.0,19.0,94.0,150.0,2.8,36.0,7.0,0.0,0.0,1.45,0,0,0,-123
M1-B00163R4-- 01 004,MB02,CarbonBlack,OilWet,2073189,2073189,15,31.07333333333333,30.49,0.03,HISTORICAL_TEMPLATE_AND_BENCHMARK_ONLY,50.0,17.0,5.0,28.0,93.0,150.0,0.0,20.0,3.0,0.0,0.0,1.25,0,0,0,-55
M1-B00163R4-- 01 004,MB02,CarbonBlack,OilWet,1976906,1976906,19,31.08138888888889,28.79,0.0,HISTORICAL_TEMPLATE_AND_BENCHMARK_ONLY,50.0,16.0,5.0,27.0,86.0,150.0,0.0,0.0,0.0,0.0,0.0,0.0,0,0,0,0
M1-B00163R4-- 01 004,MB02,CarbonBlack,OilWet,2111572,2111572,8,31.127222222222223,29.58,-0.15,HISTORICAL_TEMPLATE_AND_BENCHMARK_ONLY,50.0,16.0,16.0,19.0,94.0,150.0,0.9,11.0,4.0,0.0,0.0,0.15,0,0,0,-75
M1-B00163R4-- 01 004,MB02,CarbonBlack,OilWet,2111572,2111572,9,31.292916666666667,29.58,-0.68,HISTORICAL_TEMPLATE_AND_BENCHMARK_ONLY,50.0,16.0,17.0,19.0,94.0,150.0,0.9,11.0,6.0,0.0,0.0,0.15,0,0,0,-75
M1-B00163R4-- 01 004,MB02,CarbonBlack,OilWet,2073189,2073189,15,31.07333333333333,30.49,9.34,HISTORICAL_TEMPLATE_AND_BENCHMARK_ONLY,50.0,17.0,5.0,28.0,93.0,150.0,0.0,20.0,6.0,0.0,0.0,1.25,0,0,0,-55
M1-B00163R4-- 01 004,MB02,CarbonBlack,OilWet,1976906,1976906,19,31.08138888888889,28.79,9.32,HISTORICAL_TEMPLATE_AND_BENCHMARK_ONLY,50.0,16.0,5.0,27.0,86.0,150.0,0.0,0.0,3.0,0.0,0.0,0.0,0,0,0,0
M1-B00163R4-- 01 004,MB02,CarbonBlack,OilWet,2111572,2111572,8,31.127222222222223,29.58,9.18,HISTORICAL_TEMPLATE_AND_BENCHMARK_ONLY,50.0,16.0,16.0,19.0,94.0,150.0,0.9,11.0,1.0,0.0,0.0,0.15,0,0,0,-75
M1-B00163R4-- 01 004,MB02,CarbonBlack,OilWet,2111572,2111572,9,31.292916666666667,29.58,8.7,HISTORICAL_TEMPLATE_AND_BENCHMARK_ONLY,50.0,16.0,17.0,19.0,94.0,150.0,0.9,11.0,3.0,0.0,0.0,0.15,0,0,0,-75
M1-B00163R4-- 01 004,MB02,CarbonBlack,OilWet,2073189,2073189,15,31.07333333333333,30.49,10.01,HISTORICAL_TEMPLATE_AND_BENCHMARK_ONLY,50.0,17.0,5.0,28.0,93.0,150.0,0.0,20.0,35.0,0.0,0.0,1.25,0,0,0,-55
M1-B00163R4-- 01 004,MB02,CarbonBlack,OilWet,1976906,1976906,19,31.08138888888889,28.79,9.99,HISTORICAL_TEMPLATE_AND_BENCHMARK_ONLY,50.0,16.0,5.0,27.0,86.0,150.0,0.0,0.0,38.0,0.0,0.0,0.0,0,0,0,0
M1-B00163R4-- 01 004,MB02,CarbonBlack,OilWet,2111572,2111572,8,31.127222222222223,29.58,9.86,HISTORICAL_TEMPLATE_AND_BENCHMARK_ONLY,50.0,16.0,16.0,19.0,94.0,150.0,0.9,11.0,42.0,0.0,0.0,0.15,0,0,0,-75
M1-B00163R4-- 01 004,MB02,CarbonBlack,OilWet,2111572,2111572,9,31.292916666666667,29.58,9.38,HISTORICAL_TEMPLATE_AND_BENCHMARK_ONLY,50.0,16.0,17.0,19.0,94.0,150.0,0.9,11.0,44.0,0.0,0.0,0.15,0,0,0,-75
M1-B00163R4-- 01 004,MB02,CarbonBlack,OilWet,2073189,2073189,15,31.07333333333333,30.49,4.41,HISTORICAL_TEMPLATE_AND_BENCHMARK_ONLY,50.0,17.0,5.0,28.0,93.0,150.0,0.0,20.0,1.0,0.0,0.0,1.25,0,0,0,-55
M1-B00163R4-- 01 004,MB02,CarbonBlack,OilWet,1976906,1976906,19,31.08138888888889,28.79,4.38,HISTORICAL_TEMPLATE_AND_BENCHMARK_ONLY,50.0,16.0,5.0,27.0,86.0,150.0,0.0,0.0,2.0,0.0,0.0,0.0,0,0,0,0
M1-B00163R4-- 01 004,MB02,CarbonBlack,OilWet,2111572,2111572,8,31.127222222222223,29.58,4.24,HISTORICAL_TEMPLATE_AND_BENCHMARK_ONLY,50.0,16.0,16.0,19.0,94.0,150.0,0.9,11.0,6.0,0.0,0.0,0.15,0,0,0,-75
M1-B00163R4-- 01 004,MB02,CarbonBlack,OilWet,2111572,2111572,9,31.292916666666667,29.58,3.73,HISTORICAL_TEMPLATE_AND_BENCHMARK_ONLY,50.0,16.0,17.0,19.0,94.0,150.0,0.9,11.0,8.0,0.0,0.0,0.15,0,0,0,-75
M1-B00163R4-- 01 004,MB02,CarbonBlack,OilWet,2073189,2073189,15,31.07333333333333,30.49,6.86,HISTORICAL_TEMPLATE_AND_BENCHMARK_ONLY,50.0,17.0,5.0,28.0,93.0,150.0,3.2,18.0,1.0,0.0,0.0,0.3,0,0,0,-41
M1-B00163R4-- 01 004,MB02,CarbonBlack,OilWet,1976906,1976906,19,31.08138888888889,28.79,6.84,HISTORICAL_TEMPLATE_AND_BENCHMARK_ONLY,50.0,16.0,5.0,27.0,86.0,150.0,3.2,2.0,2.0,0.0,0.0,0.95,0,0,0,14
M1-B00163R4-- 01 004,MB02,CarbonBlack,OilWet,2111572,2111572,8,31.127222222222223,29.58,6.7,HISTORICAL_TEMPLATE_AND_BENCHMARK_ONLY,50.0,16.0,16.0,19.0,94.0,150.0,2.3,9.0,6.0,0.0,0.0,0.8,0,0,0,-61
M1-B00163R4-- 01 004,MB02,CarbonBlack,OilWet,2111572,2111572,9,31.292916666666667,29.58,6.21,HISTORICAL_TEMPLATE_AND_BENCHMARK_ONLY,50.0,16.0,17.0,19.0,94.0,150.0,2.3,9.0,8.0,0.0,0.0,0.8,0,0,0,-61
M1-B00163R4-- 01 003,MB02,CarbonBlack,OilWet,2024~1289924,2024~1289924,12,27.3175,35.57,0.25,HISTORICAL_TEMPLATE_AND_BENCHMARK_ONLY,47.0,16.0,5.0,26.0,75.0,145.0,3.6,2.0,1.0,0.0,0.0,0.55,0,0,0,-9
M1-B00163R4-- 01 003,MB02,CarbonBlack,OilWet,2024~1273702,2024~1273702,13,27.364166666666666,35.74,0.08,HISTORICAL_TEMPLATE_AND_BENCHMARK_ONLY,48.0,16.0,5.0,28.0,75.0,145.0,0.0,0.0,1.0,0.0,0.0,0.0,0,0,0,0
M1-B00163R4-- 01 003,MB02,CarbonBlack,OilWet,2024~1273702,2024~1273702,12,27.386666666666667,35.74,0.0,HISTORICAL_TEMPLATE_AND_BENCHMARK_ONLY,47.0,16.0,17.0,15.0,76.0,145.0,0.0,0.0,0.0,0.0,0.0,0.0,0,0,0,0
M1-B00163R4-- 01 003,MB02,CarbonBlack,OilWet,2024~1278656,2024~1278656,9,27.393055555555556,33.26,-0.02,HISTORICAL_TEMPLATE_AND_BENCHMARK_ONLY,47.0,16.0,5.0,26.0,75.0,145.0,1.3,4.0,3.0,0.0,0.0,0.2,0,0,0,-3
M1-B00163R4-- 01 003,MB02,CarbonBlack,OilWet,2024~1278656,2024~1278656,7,27.500694444444445,33.26,-0.42,HISTORICAL_TEMPLATE_AND_BENCHMARK_ONLY,47.0,16.0,5.0,28.0,75.0,145.0,1.3,4.0,1.0,0.0,0.0,0.2,0,0,0,-3
M1-B00163R4-- 01 003,MB02,CarbonBlack,OilWet,2024~1278656,2024~1278656,8,27.521666666666665,33.26,-0.49,HISTORICAL_TEMPLATE_AND_BENCHMARK_ONLY,47.0,16.0,5.0,26.0,76.0,145.0,1.3,4.0,1.0,0.0,0.0,0.2,0,0,0,-3
M1-B00163R4-- 01 003,MB02,CarbonBlack,OilWet,2024~1289924,2024~1289924,11,27.645416666666666,35.57,-0.94,HISTORICAL_TEMPLATE_AND_BENCHMARK_ONLY,47.0,16.0,5.0,26.0,76.0,145.0,3.6,2.0,1.0,0.0,0.0,0.55,0,0,0,-9
M1-B00163R4-- 01 003,MB02,CarbonBlack,OilWet,2024~1556560,2024~1556560,3,27.69138888888889,36.49,-1.11,HISTORICAL_TEMPLATE_AND_BENCHMARK_ONLY,51.0,16.0,5.0,29.0,45.0,145.0,8.2,17.0,4.0,0.0,0.0,2.45,0,0,0,-150
M1-B00163R4-- 01 003,MB02,CarbonBlack,OilWet,2024~1289924,2024~1289924,12,27.3175,35.57,0.17,HISTORICAL_TEMPLATE_AND_BENCHMARK_ONLY,47.0,16.0,5.0,26.0,75.0,145.0,3.6,2.0,0.0,0.0,0.0,0.55,0,0,0,-9
M1-B00163R4-- 01 003,MB02,CarbonBlack,OilWet,2024~1273702,2024~1273702,13,27.364166666666666,35.74,0.0,HISTORICAL_TEMPLATE_AND_BENCHMARK_ONLY,48.0,16.0,5.0,28.0,75.0,145.0,0.0,0.0,0.0,0.0,0.0,0.0,0,0,0,0
M1-B00163R4-- 01 003,MB02,CarbonBlack,OilWet,2024~1273702,2024~1273702,12,27.386666666666667,35.74,-0.08,HISTORICAL_TEMPLATE_AND_BENCHMARK_ONLY,47.0,16.0,17.0,15.0,76.0,145.0,0.0,0.0,1.0,0.0,0.0,0.0,0,0,0,0
M1-B00163R4-- 01 003,MB02,CarbonBlack,OilWet,2024~1278656,2024~1278656,9,27.393055555555556,33.26,-0.11,HISTORICAL_TEMPLATE_AND_BENCHMARK_ONLY,47.0,16.0,5.0,26.0,75.0,145.0,1.3,4.0,4.0,0.0,0.0,0.2,0,0,0,-3
M1-B00163R4-- 01 003,MB02,CarbonBlack,OilWet,2024~1278656,2024~1278656,7,27.500694444444445,33.26,-0.5,HISTORICAL_TEMPLATE_AND_BENCHMARK_ONLY,47.0,16.0,5.0,28.0,75.0,145.0,1.3,4.0,2.0,0.0,0.0,0.2,0,0,0,-3
M1-B00163R4-- 01 003,MB02,CarbonBlack,OilWet,2024~1278656,2024~1278656,8,27.521666666666665,33.26,-0.58,HISTORICAL_TEMPLATE_AND_BENCHMARK_ONLY,47.0,16.0,5.0,26.0,76.0,145.0,1.3,4.0,2.0,0.0,0.0,0.2,0,0,0,-3
M1-B00163R4-- 01 003,MB02,CarbonBlack,OilWet,2024~1289924,2024~1289924,11,27.645416666666666,35.57,-1.03,HISTORICAL_TEMPLATE_AND_BENCHMARK_ONLY,47.0,16.0,5.0,26.0,76.0,145.0,3.6,2.0,2.0,0.0,0.0,0.55,0,0,0,-9
M1-B00163R4-- 01 003,MB02,CarbonBlack,OilWet,2024~1556560,2024~1556560,3,27.69138888888889,36.49,-1.2,HISTORICAL_TEMPLATE_AND_BENCHMARK_ONLY,51.0,16.0,5.0,29.0,45.0,145.0,8.2,17.0,5.0,0.0,0.0,2.45,0,0,0,-150
M1-B00163R4-- 01 003,MB02,CarbonBlack,OilWet,2024~1289924,2024~1289924,12,27.3175,35.57,3.16,HISTORICAL_TEMPLATE_AND_BENCHMARK_ONLY,47.0,16.0,5.0,26.0,75.0,145.0,3.6,2.0,2.0,0.0,0.0,0.55,0,0,0,-9
M1-B00163R4-- 01 003,MB02,CarbonBlack,OilWet,2024~1273702,2024~1273702,13,27.364166666666666,35.74,2.99,HISTORICAL_TEMPLATE_AND_BENCHMARK_ONLY,48.0,16.0,5.0,28.0,75.0,145.0,0.0,0.0,2.0,0.0,0.0,0.0,0,0,0,0
M1-B00163R4-- 01 003,MB02,CarbonBlack,OilWet,2024~1273702,2024~1273702,12,27.386666666666667,35.74,2.91,HISTORICAL_TEMPLATE_AND_BENCHMARK_ONLY,47.0,16.0,17.0,15.0,76.0,145.0,0.0,0.0,1.0,0.0,0.0,0.0,0,0,0,0
M1-B00163R4-- 01 003,MB02,CarbonBlack,OilWet,2024~1278656,2024~1278656,9,27.393055555555556,33.26,2.89,HISTORICAL_TEMPLATE_AND_BENCHMARK_ONLY,47.0,16.0,5.0,26.0,75.0,145.0,1.3,4.0,2.0,0.0,0.0,0.2,0,0,0,-3
M1-B00163R4-- 01 003,MB02,CarbonBlack,OilWet,2024~1278656,2024~1278656,7,27.500694444444445,33.26,2.51,HISTORICAL_TEMPLATE_AND_BENCHMARK_ONLY,47.0,16.0,5.0,28.0,75.0,145.0,1.3,4.0,0.0,0.0,0.0,0.2,0,0,0,-3
M1-B00163R4-- 01 003,MB02,CarbonBlack,OilWet,2024~1278656,2024~1278656,8,27.521666666666665,33.26,2.43,HISTORICAL_TEMPLATE_AND_BENCHMARK_ONLY,47.0,16.0,5.0,26.0,76.0,145.0,1.3,4.0,0.0,0.0,0.0,0.2,0,0,0,-3
M1-B00163R4-- 01 003,MB02,CarbonBlack,OilWet,2024~1289924,2024~1289924,11,27.645416666666666,35.57,2.0,HISTORICAL_TEMPLATE_AND_BENCHMARK_ONLY,47.0,16.0,5.0,26.0,76.0,145.0,3.6,2.0,0.0,0.0,0.0,0.55,0,0,0,-9
M1-B00163R4-- 01 003,MB02,CarbonBlack,OilWet,2024~1556560,2024~1556560,3,27.69138888888889,36.49,1.83,HISTORICAL_TEMPLATE_AND_BENCHMARK_ONLY,51.0,16.0,5.0,29.0,45.0,145.0,8.2,17.0,3.0,0.0,0.0,2.45,0,0,0,-150
M1-B00458---- 12 003,MB02,CarbonBlack,OilWet,2024~1520246,2024~1520246,2,25.380277777777778,38.47,6.14,HISTORICAL_TEMPLATE_AND_BENCHMARK_ONLY,49.0,26.0,19.0,23.0,43.0,145.0,3.2,4.0,23.0,0.0,0.0,1.1667,0,0,0,-131
M1-B00458---- 12 003,MB02,CarbonBlack,OilWet,2024~1530164,2024~1530164,3,25.391666666666666,39.88,6.1,HISTORICAL_TEMPLATE_AND_BENCHMARK_ONLY,45.0,25.0,16.0,23.0,42.0,145.0,2.3,29.0,17.0,0.0,0.0,7.4083,0,0,0,-136
M1-B00458---- 12 003,MB02,CarbonBlack,OilWet,2024~1477897,2024~1477897,3,25.396250000000002,37.696666666666665,6.08,HISTORICAL_TEMPLATE_AND_BENCHMARK_ONLY,49.0,26.0,21.0,21.0,43.0,145.0,4.3,22.0,27.0,0.0,0.0,6.7833,0,0,0,-108
M1-B00458---- 12 003,MB02,CarbonBlack,OilWet,2024~1420089,2024~1420089,13,25.400277777777777,37.97,6.07,HISTORICAL_TEMPLATE_AND_BENCHMARK_ONLY,60.0,22.0,5.0,51.0,33.0,145.0,4.9,19.0,33.0,0.0,0.0,5.8333,0,0,0,-78
M1-B00458---- 12 003,MB02,CarbonBlack,OilWet,2024~1494246,2024~1494246,36,25.420694444444443,38.67,5.99,HISTORICAL_TEMPLATE_AND_BENCHMARK_ONLY,50.0,25.0,20.0,27.0,43.0,145.0,0.3,22.0,26.0,0.0,0.0,6.4333,0,0,0,-116
M1-B00458---- 12 003,MB02,CarbonBlack,OilWet,2024~1477897,2024~1477897,4,25.42361111111111,37.696666666666665,5.98,HISTORICAL_TEMPLATE_AND_BENCHMARK_ONLY,50.0,25.0,19.0,26.0,43.0,145.0,4.3,22.0,29.0,0.0,0.0,6.7833,0,0,0,-108
M1-B00458---- 12 003,MB02,CarbonBlack,OilWet,2024~1408814,2024~1408814,2,25.431111111111107,39.34,5.95,HISTORICAL_TEMPLATE_AND_BENCHMARK_ONLY,60.0,22.0,5.0,58.0,34.0,145.0,5.1,16.0,24.0,0.0,0.0,4.9833,0,0,0,-74
M1-B00458---- 12 003,MB02,CarbonBlack,OilWet,2024~1526686,2024~1526686,2,25.433055555555555,39.525000000000006,5.94,HISTORICAL_TEMPLATE_AND_BENCHMARK_ONLY,46.0,25.0,5.0,31.0,42.0,145.0,2.5,21.0,21.0,0.0,0.0,2.5,0,0,0,-134
M1-B00458---- 12 003,MB02,CarbonBlack,OilWet,2024~1528599,2024~1528599,3,25.445416666666667,40.803333333333335,5.9,HISTORICAL_TEMPLATE_AND_BENCHMARK_ONLY,45.0,26.0,18.0,23.0,42.0,145.0,3.0,24.0,21.0,0.0,0.0,9.3583,0,0,0,-135
M1-B00458---- 12 003,MB02,CarbonBlack,OilWet,2024~1518926,2024~1518926,3,25.448055555555555,38.09333333333333,5.89,HISTORICAL_TEMPLATE_AND_BENCHMARK_ONLY,49.0,26.0,19.0,22.0,44.0,145.0,4.0,13.0,23.0,0.0,0.0,9.2833,0,0,0,-130
M1-B00458---- 12 003,MB02,CarbonBlack,OilWet,2024~1495428,2024~1495428,14,25.465694444444445,37.49,5.82,HISTORICAL_TEMPLATE_AND_BENCHMARK_ONLY,49.0,25.0,19.0,24.0,44.0,145.0,5.0,10.0,20.0,0.0,0.0,0.2667,0,0,0,-120
M1-B00458---- 12 003,MB02,CarbonBlack,OilWet,2024~1528581,2024~1528581,2,25.469166666666666,39.86,5.81,HISTORICAL_TEMPLATE_AND_BENCHMARK_ONLY,46.0,25.0,18.0,23.0,43.0,145.0,3.0,24.0,28.0,0.0,0.0,2.0167,0,0,0,-135
M1-B00458---- 12 003,MB02,CarbonBlack,OilWet,2024~1528581,2024~1528581,3,25.480555555555558,39.86,5.77,HISTORICAL_TEMPLATE_AND_BENCHMARK_ONLY,45.0,25.0,5.0,34.0,43.0,145.0,3.0,24.0,23.0,0.0,0.0,2.0167,0,0,0,-135
M1-B00458---- 12 003,MB02,CarbonBlack,OilWet,2024~1297030,2024~1297030,4,25.489391435703755,41.766666666666666,5.74,HISTORICAL_TEMPLATE_AND_BENCHMARK_ONLY,51.0,22.0,26.0,19.0,55.0,145.0,5.7,8.0,26.0,0.0,0.0,8.4333,0,0,0,-11
M1-B00458---- 12 003,MB02,CarbonBlack,OilWet,2024~1477897,2024~1477897,2,25.492916666666666,37.696666666666665,5.72,HISTORICAL_TEMPLATE_AND_BENCHMARK_ONLY,49.0,26.0,21.0,21.0,43.0,145.0,4.3,22.0,27.0,0.0,0.0,6.7833,0,0,0,-108
M1-B00458---- 12 003,MB02,CarbonBlack,OilWet,2024~1420089,2024~1420089,14,25.497083333333332,37.97,5.71,HISTORICAL_TEMPLATE_AND_BENCHMARK_ONLY,60.0,22.0,5.0,56.0,33.0,145.0,4.9,19.0,24.0,0.0,0.0,5.8333,0,0,0,-78
M1-B00458---- 12 003,MB02,CarbonBlack,OilWet,2024~1295960,2024~1295960,15,25.53952514071061,41.68,5.55,HISTORICAL_TEMPLATE_AND_BENCHMARK_ONLY,52.0,21.0,5.0,40.0,55.0,145.0,4.5,16.0,23.0,0.0,0.0,9.4833,0,0,0,-10
M1-B00458---- 12 003,MB02,CarbonBlack,OilWet,2024~1471335,2024~1471335,4,25.54111111111111,42.33,5.55,HISTORICAL_TEMPLATE_AND_BENCHMARK_ONLY,49.0,25.0,5.0,37.0,43.0,145.0,2.2,18.0,24.0,0.0,0.0,7.1333,0,0,0,-105
M1-B00458---- 12 003,MB02,CarbonBlack,OilWet,2024~1294778,2024~1294778,7,25.54236448809586,38.17,5.54,HISTORICAL_TEMPLATE_AND_BENCHMARK_ONLY,52.0,21.0,24.0,17.0,56.0,145.0,3.8,12.0,26.0,0.0,0.0,7.6833,0,0,0,-9
M1-B00458---- 12 003,MB02,CarbonBlack,OilWet,2024~1490281,2024~1490281,4,25.556944444444447,38.473333333333336,5.49,HISTORICAL_TEMPLATE_AND_BENCHMARK_ONLY,49.0,26.0,5.0,36.0,43.0,145.0,2.7,17.0,33.0,0.0,0.0,7.9833,0,0,0,-114
M1-B00458---- 12 003,MB02,CarbonBlack,OilWet,2024~1520246,2024~1520246,2,25.380277777777778,38.47,8.35,HISTORICAL_TEMPLATE_AND_BENCHMARK_ONLY,49.0,26.0,19.0,23.0,43.0,145.0,3.2,4.0,6.0,0.0,0.0,1.1667,0,0,0,-131
M1-B00458---- 12 003,MB02,CarbonBlack,OilWet,2024~1530164,2024~1530164,3,25.391666666666666,39.88,8.31,HISTORICAL_TEMPLATE_AND_BENCHMARK_ONLY,45.0,25.0,16.0,23.0,42.0,145.0,2.3,29.0,0.0,0.0,0.0,7.4083,0,0,0,-136
M1-B00458---- 12 003,MB02,CarbonBlack,OilWet,2024~1477897,2024~1477897,3,25.396250000000002,37.696666666666665,8.29,HISTORICAL_TEMPLATE_AND_BENCHMARK_ONLY,49.0,26.0,21.0,21.0,43.0,145.0,4.3,22.0,10.0,0.0,0.0,6.7833,0,0,0,-108
M1-B00458---- 12 003,MB02,CarbonBlack,OilWet,2024~1420089,2024~1420089,13,25.400277777777777,37.97,8.28,HISTORICAL_TEMPLATE_AND_BENCHMARK_ONLY,60.0,22.0,5.0,51.0,33.0,145.0,4.9,19.0,16.0,0.0,0.0,5.8333,0,0,0,-78
M1-B00458---- 12 003,MB02,CarbonBlack,OilWet,2024~1494246,2024~1494246,36,25.420694444444443,38.67,8.2,HISTORICAL_TEMPLATE_AND_BENCHMARK_ONLY,50.0,25.0,20.0,27.0,43.0,145.0,0.3,22.0,9.0,0.0,0.0,6.4333,0,0,0,-116
M1-B00458---- 12 003,MB02,CarbonBlack,OilWet,2024~1477897,2024~1477897,4,25.42361111111111,37.696666666666665,8.19,HISTORICAL_TEMPLATE_AND_BENCHMARK_ONLY,50.0,25.0,19.0,26.0,43.0,145.0,4.3,22.0,12.0,0.0,0.0,6.7833,0,0,0,-108
M1-B00458---- 12 003,MB02,CarbonBlack,OilWet,2024~1408814,2024~1408814,2,25.431111111111107,39.34,8.16,HISTORICAL_TEMPLATE_AND_BENCHMARK_ONLY,60.0,22.0,5.0,58.0,34.0,145.0,5.1,16.0,7.0,0.0,0.0,4.9833,0,0,0,-74
M1-B00458---- 12 003,MB02,CarbonBlack,OilWet,2024~1526686,2024~1526686,2,25.433055555555555,39.525000000000006,8.16,HISTORICAL_TEMPLATE_AND_BENCHMARK_ONLY,46.0,25.0,5.0,31.0,42.0,145.0,2.5,21.0,4.0,0.0,0.0,2.5,0,0,0,-134
M1-B00458---- 12 003,MB02,CarbonBlack,OilWet,2024~1528599,2024~1528599,3,25.445416666666667,40.803333333333335,8.11,HISTORICAL_TEMPLATE_AND_BENCHMARK_ONLY,45.0,26.0,18.0,23.0,42.0,145.0,3.0,24.0,4.0,0.0,0.0,9.3583,0,0,0,-135
M1-B00458---- 12 003,MB02,CarbonBlack,OilWet,2024~1518926,2024~1518926,3,25.448055555555555,38.09333333333333,8.1,HISTORICAL_TEMPLATE_AND_BENCHMARK_ONLY,49.0,26.0,19.0,22.0,44.0,145.0,4.0,13.0,6.0,0.0,0.0,9.2833,0,0,0,-130
M1-B00458---- 12 003,MB02,CarbonBlack,OilWet,2024~1495428,2024~1495428,14,25.465694444444445,37.49,8.04,HISTORICAL_TEMPLATE_AND_BENCHMARK_ONLY,49.0,25.0,19.0,24.0,44.0,145.0,5.0,10.0,3.0,0.0,0.0,0.2667,0,0,0,-120
M1-B00458---- 12 003,MB02,CarbonBlack,OilWet,2024~1528581,2024~1528581,2,25.469166666666666,39.86,8.03,HISTORICAL_TEMPLATE_AND_BENCHMARK_ONLY,46.0,25.0,18.0,23.0,43.0,145.0,3.0,24.0,11.0,0.0,0.0,2.0167,0,0,0,-135
M1-B00458---- 12 003,MB02,CarbonBlack,OilWet,2024~1528581,2024~1528581,3,25.480555555555558,39.86,7.99,HISTORICAL_TEMPLATE_AND_BENCHMARK_ONLY,45.0,25.0,5.0,34.0,43.0,145.0,3.0,24.0,6.0,0.0,0.0,2.0167,0,0,0,-135
M1-B00458---- 12 003,MB02,CarbonBlack,OilWet,2024~1297030,2024~1297030,4,25.489391435703755,41.766666666666666,7.95,HISTORICAL_TEMPLATE_AND_BENCHMARK_ONLY,51.0,22.0,26.0,19.0,55.0,145.0,5.7,8.0,9.0,0.0,0.0,8.4333,0,0,0,-11
M1-B00458---- 12 003,MB02,CarbonBlack,OilWet,2024~1477897,2024~1477897,2,25.492916666666666,37.696666666666665,7.94,HISTORICAL_TEMPLATE_AND_BENCHMARK_ONLY,49.0,26.0,21.0,21.0,43.0,145.0,4.3,22.0,10.0,0.0,0.0,6.7833,0,0,0,-108
M1-B00458---- 12 003,MB02,CarbonBlack,OilWet,2024~1420089,2024~1420089,14,25.497083333333332,37.97,7.93,HISTORICAL_TEMPLATE_AND_BENCHMARK_ONLY,60.0,22.0,5.0,56.0,33.0,145.0,4.9,19.0,7.0,0.0,0.0,5.8333,0,0,0,-78
M1-B00458---- 12 003,MB02,CarbonBlack,OilWet,2024~1295960,2024~1295960,15,25.53952514071061,41.68,7.77,HISTORICAL_TEMPLATE_AND_BENCHMARK_ONLY,52.0,21.0,5.0,40.0,55.0,145.0,4.5,16.0,6.0,0.0,0.0,9.4833,0,0,0,-10
M1-B00458---- 12 003,MB02,CarbonBlack,OilWet,2024~1471335,2024~1471335,4,25.54111111111111,42.33,7.77,HISTORICAL_TEMPLATE_AND_BENCHMARK_ONLY,49.0,25.0,5.0,37.0,43.0,145.0,2.2,18.0,7.0,0.0,0.0,7.1333,0,0,0,-105
M1-B00458---- 12 003,MB02,CarbonBlack,OilWet,2024~1294778,2024~1294778,7,25.54236448809586,38.17,7.76,HISTORICAL_TEMPLATE_AND_BENCHMARK_ONLY,52.0,21.0,24.0,17.0,56.0,145.0,3.8,12.0,9.0,0.0,0.0,7.6833,0,0,0,-9
M1-B00458---- 12 003,MB02,CarbonBlack,OilWet,2024~1490281,2024~1490281,4,25.556944444444447,38.473333333333336,7.71,HISTORICAL_TEMPLATE_AND_BENCHMARK_ONLY,49.0,26.0,5.0,36.0,43.0,145.0,2.7,17.0,16.0,0.0,0.0,7.9833,0,0,0,-114
M1-B00458---- 12 003,MB02,CarbonBlack,OilWet,2024~1520246,2024~1520246,2,25.380277777777778,38.47,1.14,HISTORICAL_TEMPLATE_AND_BENCHMARK_ONLY,49.0,26.0,19.0,23.0,43.0,145.0,3.2,4.0,3.0,0.0,0.0,1.1667,0,0,0,-131
M1-B00458---- 12 003,MB02,CarbonBlack,OilWet,2024~1530164,2024~1530164,3,25.391666666666666,39.88,1.1,HISTORICAL_TEMPLATE_AND_BENCHMARK_ONLY,45.0,25.0,16.0,23.0,42.0,145.0,2.3,29.0,3.0,0.0,0.0,7.4083,0,0,0,-136
M1-B00458---- 12 003,MB02,CarbonBlack,OilWet,2024~1477897,2024~1477897,3,25.396250000000002,37.696666666666665,1.08,HISTORICAL_TEMPLATE_AND_BENCHMARK_ONLY,49.0,26.0,21.0,21.0,43.0,145.0,4.3,22.0,7.0,0.0,0.0,6.7833,0,0,0,-108
M1-B00458---- 12 003,MB02,CarbonBlack,OilWet,2024~1420089,2024~1420089,13,25.400277777777777,37.97,1.06,HISTORICAL_TEMPLATE_AND_BENCHMARK_ONLY,60.0,22.0,5.0,51.0,33.0,145.0,4.9,19.0,13.0,0.0,0.0,5.8333,0,0,0,-78
M1-B00458---- 12 003,MB02,CarbonBlack,OilWet,2024~1494246,2024~1494246,36,25.420694444444443,38.67,0.98,HISTORICAL_TEMPLATE_AND_BENCHMARK_ONLY,50.0,25.0,20.0,27.0,43.0,145.0,0.3,22.0,6.0,0.0,0.0,6.4333,0,0,0,-116
M1-B00458---- 12 003,MB02,CarbonBlack,OilWet,2024~1477897,2024~1477897,4,25.42361111111111,37.696666666666665,0.97,HISTORICAL_TEMPLATE_AND_BENCHMARK_ONLY,50.0,25.0,19.0,26.0,43.0,145.0,4.3,22.0,9.0,0.0,0.0,6.7833,0,0,0,-108
M1-B00458---- 12 003,MB02,CarbonBlack,OilWet,2024~1408814,2024~1408814,2,25.431111111111107,39.34,0.94,HISTORICAL_TEMPLATE_AND_BENCHMARK_ONLY,60.0,22.0,5.0,58.0,34.0,145.0,5.1,16.0,4.0,0.0,0.0,4.9833,0,0,0,-74
M1-B00458---- 12 003,MB02,CarbonBlack,OilWet,2024~1526686,2024~1526686,2,25.433055555555555,39.525000000000006,0.93,HISTORICAL_TEMPLATE_AND_BENCHMARK_ONLY,46.0,25.0,5.0,31.0,42.0,145.0,2.5,21.0,1.0,0.0,0.0,2.5,0,0,0,-134
M1-B00458---- 12 003,MB02,CarbonBlack,OilWet,2024~1528599,2024~1528599,3,25.445416666666667,40.803333333333335,0.89,HISTORICAL_TEMPLATE_AND_BENCHMARK_ONLY,45.0,26.0,18.0,23.0,42.0,145.0,3.0,24.0,1.0,0.0,0.0,9.3583,0,0,0,-135
M1-B00458---- 12 003,MB02,CarbonBlack,OilWet,2024~1518926,2024~1518926,3,25.448055555555555,38.09333333333333,0.88,HISTORICAL_TEMPLATE_AND_BENCHMARK_ONLY,49.0,26.0,19.0,22.0,44.0,145.0,4.0,13.0,3.0,0.0,0.0,9.2833,0,0,0,-130
M1-B00458---- 12 003,MB02,CarbonBlack,OilWet,2024~1495428,2024~1495428,14,25.465694444444445,37.49,0.81,HISTORICAL_TEMPLATE_AND_BENCHMARK_ONLY,49.0,25.0,19.0,24.0,44.0,145.0,5.0,10.0,0.0,0.0,0.0,0.2667,0,0,0,-120
M1-B00458---- 12 003,MB02,CarbonBlack,OilWet,2024~1528581,2024~1528581,2,25.469166666666666,39.86,0.79,HISTORICAL_TEMPLATE_AND_BENCHMARK_ONLY,46.0,25.0,18.0,23.0,43.0,145.0,3.0,24.0,8.0,0.0,0.0,2.0167,0,0,0,-135
M1-B00458---- 12 003,MB02,CarbonBlack,OilWet,2024~1528581,2024~1528581,3,25.480555555555558,39.86,0.75,HISTORICAL_TEMPLATE_AND_BENCHMARK_ONLY,45.0,25.0,5.0,34.0,43.0,145.0,3.0,24.0,3.0,0.0,0.0,2.0167,0,0,0,-135
M1-B00458---- 12 003,MB02,CarbonBlack,OilWet,2024~1297030,2024~1297030,4,25.489391435703755,41.766666666666666,0.72,HISTORICAL_TEMPLATE_AND_BENCHMARK_ONLY,51.0,22.0,26.0,19.0,55.0,145.0,5.7,8.0,6.0,0.0,0.0,8.4333,0,0,0,-11
M1-B00458---- 12 003,MB02,CarbonBlack,OilWet,2024~1477897,2024~1477897,2,25.492916666666666,37.696666666666665,0.7,HISTORICAL_TEMPLATE_AND_BENCHMARK_ONLY,49.0,26.0,21.0,21.0,43.0,145.0,4.3,22.0,7.0,0.0,0.0,6.7833,0,0,0,-108
M1-B00458---- 12 003,MB02,CarbonBlack,OilWet,2024~1420089,2024~1420089,14,25.497083333333332,37.97,0.69,HISTORICAL_TEMPLATE_AND_BENCHMARK_ONLY,60.0,22.0,5.0,56.0,33.0,145.0,4.9,19.0,4.0,0.0,0.0,5.8333,0,0,0,-78
M1-B00458---- 12 003,MB02,CarbonBlack,OilWet,2024~1295960,2024~1295960,15,25.53952514071061,41.68,0.52,HISTORICAL_TEMPLATE_AND_BENCHMARK_ONLY,52.0,21.0,5.0,40.0,55.0,145.0,4.5,16.0,3.0,0.0,0.0,9.4833,0,0,0,-10
M1-B00458---- 12 003,MB02,CarbonBlack,OilWet,2024~1471335,2024~1471335,4,25.54111111111111,42.33,0.51,HISTORICAL_TEMPLATE_AND_BENCHMARK_ONLY,49.0,25.0,5.0,37.0,43.0,145.0,2.2,18.0,4.0,0.0,0.0,7.1333,0,0,0,-105
M1-B00458---- 12 003,MB02,CarbonBlack,OilWet,2024~1294778,2024~1294778,7,25.54236448809586,38.17,0.51,HISTORICAL_TEMPLATE_AND_BENCHMARK_ONLY,52.0,21.0,24.0,17.0,56.0,145.0,3.8,12.0,6.0,0.0,0.0,7.6833,0,0,0,-9
M1-B00458---- 12 003,MB02,CarbonBlack,OilWet,2024~1490281,2024~1490281,4,25.556944444444447,38.473333333333336,0.45,HISTORICAL_TEMPLATE_AND_BENCHMARK_ONLY,49.0,26.0,5.0,36.0,43.0,145.0,2.7,17.0,13.0,0.0,0.0,7.9833,0,0,0,-114
M1-B00458---- 12 003,MB02,CarbonBlack,OilWet,2024~1520246,2024~1520246,2,25.380277777777778,38.47,2.53,HISTORICAL_TEMPLATE_AND_BENCHMARK_ONLY,49.0,26.0,19.0,23.0,43.0,145.0,3.2,4.0,2.0,0.0,0.0,1.1667,0,0,0,-131
M1-B00458---- 12 003,MB02,CarbonBlack,OilWet,2024~1530164,2024~1530164,3,25.391666666666666,39.88,2.49,HISTORICAL_TEMPLATE_AND_BENCHMARK_ONLY,45.0,25.0,16.0,23.0,42.0,145.0,2.3,29.0,4.0,0.0,0.0,7.4083,0,0,0,-136
M1-B00458---- 12 003,MB02,CarbonBlack,OilWet,2024~1477897,2024~1477897,3,25.396250000000002,37.696666666666665,2.47,HISTORICAL_TEMPLATE_AND_BENCHMARK_ONLY,49.0,26.0,21.0,21.0,43.0,145.0,4.3,22.0,6.0,0.0,0.0,6.7833,0,0,0,-108
M1-B00458---- 12 003,MB02,CarbonBlack,OilWet,2024~1420089,2024~1420089,13,25.400277777777777,37.97,2.46,HISTORICAL_TEMPLATE_AND_BENCHMARK_ONLY,60.0,22.0,5.0,51.0,33.0,145.0,4.9,19.0,12.0,0.0,0.0,5.8333,0,0,0,-78
M1-B00458---- 12 003,MB02,CarbonBlack,OilWet,2024~1494246,2024~1494246,36,25.420694444444443,38.67,2.38,HISTORICAL_TEMPLATE_AND_BENCHMARK_ONLY,50.0,25.0,20.0,27.0,43.0,145.0,0.3,22.0,5.0,0.0,0.0,6.4333,0,0,0,-116
M1-B00458---- 12 003,MB02,CarbonBlack,OilWet,2024~1477897,2024~1477897,4,25.42361111111111,37.696666666666665,2.37,HISTORICAL_TEMPLATE_AND_BENCHMARK_ONLY,50.0,25.0,19.0,26.0,43.0,145.0,4.3,22.0,8.0,0.0,0.0,6.7833,0,0,0,-108
M1-B00458---- 12 003,MB02,CarbonBlack,OilWet,2024~1408814,2024~1408814,2,25.431111111111107,39.34,2.34,HISTORICAL_TEMPLATE_AND_BENCHMARK_ONLY,60.0,22.0,5.0,58.0,34.0,145.0,5.1,16.0,3.0,0.0,0.0,4.9833,0,0,0,-74
M1-B00458---- 12 003,MB02,CarbonBlack,OilWet,2024~1526686,2024~1526686,2,25.433055555555555,39.525000000000006,2.33,HISTORICAL_TEMPLATE_AND_BENCHMARK_ONLY,46.0,25.0,5.0,31.0,42.0,145.0,2.5,21.0,0.0,0.0,0.0,2.5,0,0,0,-134
M1-B00458---- 12 003,MB02,CarbonBlack,OilWet,2024~1528599,2024~1528599,3,25.445416666666667,40.803333333333335,2.28,HISTORICAL_TEMPLATE_AND_BENCHMARK_ONLY,45.0,26.0,18.0,23.0,42.0,145.0,3.0,24.0,0.0,0.0,0.0,9.3583,0,0,0,-135
M1-B00458---- 12 003,MB02,CarbonBlack,OilWet,2024~1518926,2024~1518926,3,25.448055555555555,38.09333333333333,2.27,HISTORICAL_TEMPLATE_AND_BENCHMARK_ONLY,49.0,26.0,19.0,22.0,44.0,145.0,4.0,13.0,2.0,0.0,0.0,9.2833,0,0,0,-130
M1-B00458---- 12 003,MB02,CarbonBlack,OilWet,2024~1495428,2024~1495428,14,25.465694444444445,37.49,2.21,HISTORICAL_TEMPLATE_AND_BENCHMARK_ONLY,49.0,25.0,19.0,24.0,44.0,145.0,5.0,10.0,1.0,0.0,0.0,0.2667,0,0,0,-120
M1-B00458---- 12 003,MB02,CarbonBlack,OilWet,2024~1528581,2024~1528581,2,25.469166666666666,39.86,2.19,HISTORICAL_TEMPLATE_AND_BENCHMARK_ONLY,46.0,25.0,18.0,23.0,43.0,145.0,3.0,24.0,7.0,0.0,0.0,2.0167,0,0,0,-135
M1-B00458---- 12 003,MB02,CarbonBlack,OilWet,2024~1528581,2024~1528581,3,25.480555555555558,39.86,2.15,HISTORICAL_TEMPLATE_AND_BENCHMARK_ONLY,45.0,25.0,5.0,34.0,43.0,145.0,3.0,24.0,2.0,0.0,0.0,2.0167,0,0,0,-135
M1-B00458---- 12 003,MB02,CarbonBlack,OilWet,2024~1297030,2024~1297030,4,25.489391435703755,41.766666666666666,2.11,HISTORICAL_TEMPLATE_AND_BENCHMARK_ONLY,51.0,22.0,26.0,19.0,55.0,145.0,5.7,8.0,5.0,0.0,0.0,8.4333,0,0,0,-11
M1-B00458---- 12 003,MB02,CarbonBlack,OilWet,2024~1477897,2024~1477897,2,25.492916666666666,37.696666666666665,2.1,HISTORICAL_TEMPLATE_AND_BENCHMARK_ONLY,49.0,26.0,21.0,21.0,43.0,145.0,4.3,22.0,6.0,0.0,0.0,6.7833,0,0,0,-108
M1-B00458---- 12 003,MB02,CarbonBlack,OilWet,2024~1420089,2024~1420089,14,25.497083333333332,37.97,2.08,HISTORICAL_TEMPLATE_AND_BENCHMARK_ONLY,60.0,22.0,5.0,56.0,33.0,145.0,4.9,19.0,3.0,0.0,0.0,5.8333,0,0,0,-78
M1-B00458---- 12 003,MB02,CarbonBlack,OilWet,2024~1295960,2024~1295960,15,25.53952514071061,41.68,1.92,HISTORICAL_TEMPLATE_AND_BENCHMARK_ONLY,52.0,21.0,5.0,40.0,55.0,145.0,4.5,16.0,2.0,0.0,0.0,9.4833,0,0,0,-10
M1-B00458---- 12 003,MB02,CarbonBlack,OilWet,2024~1471335,2024~1471335,4,25.54111111111111,42.33,1.92,HISTORICAL_TEMPLATE_AND_BENCHMARK_ONLY,49.0,25.0,5.0,37.0,43.0,145.0,2.2,18.0,3.0,0.0,0.0,7.1333,0,0,0,-105
M1-B00458---- 12 003,MB02,CarbonBlack,OilWet,2024~1294778,2024~1294778,7,25.54236448809586,38.17,1.91,HISTORICAL_TEMPLATE_AND_BENCHMARK_ONLY,52.0,21.0,24.0,17.0,56.0,145.0,3.8,12.0,5.0,0.0,0.0,7.6833,0,0,0,-9
M1-B00458---- 12 003,MB02,CarbonBlack,OilWet,2024~1490281,2024~1490281,4,25.556944444444447,38.473333333333336,1.85,HISTORICAL_TEMPLATE_AND_BENCHMARK_ONLY,49.0,26.0,5.0,36.0,43.0,145.0,2.7,17.0,12.0,0.0,0.0,7.9833,0,0,0,-114
M1-B00458---- 12 003,MB02,CarbonBlack,OilWet,2024~1520246,2024~1520246,2,25.380277777777778,38.47,10.9,HISTORICAL_TEMPLATE_AND_BENCHMARK_ONLY,49.0,26.0,19.0,23.0,43.0,145.0,1.9,0.0,22.0,0.0,0.0,0.8,0,0,0,-132
M1-B00458---- 12 003,MB02,CarbonBlack,OilWet,2024~1530164,2024~1530164,3,25.391666666666666,39.88,10.86,HISTORICAL_TEMPLATE_AND_BENCHMARK_ONLY,45.0,25.0,16.0,23.0,42.0,145.0,1.0,25.0,16.0,0.0,0.0,5.4417,0,0,0,-137
M1-B00458---- 12 003,MB02,CarbonBlack,OilWet,2024~1477897,2024~1477897,3,25.396250000000002,37.696666666666665,10.84,HISTORICAL_TEMPLATE_AND_BENCHMARK_ONLY,49.0,26.0,21.0,21.0,43.0,145.0,5.6,18.0,26.0,0.0,0.0,4.8167,0,0,0,-109
M1-B00458---- 12 003,MB02,CarbonBlack,OilWet,2024~1420089,2024~1420089,13,25.400277777777777,37.97,10.83,HISTORICAL_TEMPLATE_AND_BENCHMARK_ONLY,60.0,22.0,5.0,51.0,33.0,145.0,6.2,15.0,32.0,0.0,0.0,3.8667,0,0,0,-80
M1-B00458---- 12 003,MB02,CarbonBlack,OilWet,2024~1494246,2024~1494246,36,25.420694444444443,38.67,10.75,HISTORICAL_TEMPLATE_AND_BENCHMARK_ONLY,50.0,25.0,20.0,27.0,43.0,145.0,1.6,18.0,25.0,0.0,0.0,4.4667,0,0,0,-117
M1-B00458---- 12 003,MB02,CarbonBlack,OilWet,2024~1477897,2024~1477897,4,25.42361111111111,37.696666666666665,10.74,HISTORICAL_TEMPLATE_AND_BENCHMARK_ONLY,50.0,25.0,19.0,26.0,43.0,145.0,5.6,18.0,28.0,0.0,0.0,4.8167,0,0,0,-109
M1-B00458---- 12 003,MB02,CarbonBlack,OilWet,2024~1408814,2024~1408814,2,25.431111111111107,39.34,10.72,HISTORICAL_TEMPLATE_AND_BENCHMARK_ONLY,60.0,22.0,5.0,58.0,34.0,145.0,6.4,12.0,23.0,0.0,0.0,3.0167,0,0,0,-75
M1-B00458---- 12 003,MB02,CarbonBlack,OilWet,2024~1526686,2024~1526686,2,25.433055555555555,39.525000000000006,10.71,HISTORICAL_TEMPLATE_AND_BENCHMARK_ONLY,46.0,25.0,5.0,31.0,42.0,145.0,1.2,17.0,20.0,0.0,0.0,0.5333,0,0,0,-135
M1-B00458---- 12 003,MB02,CarbonBlack,OilWet,2024~1528599,2024~1528599,3,25.445416666666667,40.803333333333335,10.67,HISTORICAL_TEMPLATE_AND_BENCHMARK_ONLY,45.0,26.0,18.0,23.0,42.0,145.0,1.7,20.0,20.0,0.0,0.0,7.3917,0,0,0,-136
M1-B00458---- 12 003,MB02,CarbonBlack,OilWet,2024~1518926,2024~1518926,3,25.448055555555555,38.09333333333333,10.66,HISTORICAL_TEMPLATE_AND_BENCHMARK_ONLY,49.0,26.0,19.0,22.0,44.0,145.0,2.7,9.0,22.0,0.0,0.0,7.3167,0,0,0,-131
M1-B00458---- 12 003,MB02,CarbonBlack,OilWet,2024~1495428,2024~1495428,14,25.465694444444445,37.49,10.6,HISTORICAL_TEMPLATE_AND_BENCHMARK_ONLY,49.0,25.0,19.0,24.0,44.0,145.0,3.7,6.0,19.0,0.0,0.0,2.2333,0,0,0,-121
M1-B00458---- 12 003,MB02,CarbonBlack,OilWet,2024~1528581,2024~1528581,2,25.469166666666666,39.86,10.58,HISTORICAL_TEMPLATE_AND_BENCHMARK_ONLY,46.0,25.0,18.0,23.0,43.0,145.0,1.7,20.0,27.0,0.0,0.0,0.05,0,0,0,-136
M1-B00458---- 12 003,MB02,CarbonBlack,OilWet,2024~1528581,2024~1528581,3,25.480555555555558,39.86,10.54,HISTORICAL_TEMPLATE_AND_BENCHMARK_ONLY,45.0,25.0,5.0,34.0,43.0,145.0,1.7,20.0,22.0,0.0,0.0,0.05,0,0,0,-136
M1-B00458---- 12 003,MB02,CarbonBlack,OilWet,2024~1297030,2024~1297030,4,25.489391435703755,41.766666666666666,10.51,HISTORICAL_TEMPLATE_AND_BENCHMARK_ONLY,51.0,22.0,26.0,19.0,55.0,145.0,7.0,4.0,25.0,0.0,0.0,6.4667,0,0,0,-12
M1-B00458---- 12 003,MB02,CarbonBlack,OilWet,2024~1477897,2024~1477897,2,25.492916666666666,37.696666666666665,10.5,HISTORICAL_TEMPLATE_AND_BENCHMARK_ONLY,49.0,26.0,21.0,21.0,43.0,145.0,5.6,18.0,26.0,0.0,0.0,4.8167,0,0,0,-109
M1-B00458---- 12 003,MB02,CarbonBlack,OilWet,2024~1420089,2024~1420089,14,25.497083333333332,37.97,10.49,HISTORICAL_TEMPLATE_AND_BENCHMARK_ONLY,60.0,22.0,5.0,56.0,33.0,145.0,6.2,15.0,23.0,0.0,0.0,3.8667,0,0,0,-80
M1-B00458---- 12 003,MB02,CarbonBlack,OilWet,2024~1295960,2024~1295960,15,25.53952514071061,41.68,10.34,HISTORICAL_TEMPLATE_AND_BENCHMARK_ONLY,52.0,21.0,5.0,40.0,55.0,145.0,5.8,12.0,22.0,0.0,0.0,7.5167,0,0,0,-11
M1-B00458---- 12 003,MB02,CarbonBlack,OilWet,2024~1471335,2024~1471335,4,25.54111111111111,42.33,10.33,HISTORICAL_TEMPLATE_AND_BENCHMARK_ONLY,49.0,25.0,5.0,37.0,43.0,145.0,3.5,14.0,23.0,0.0,0.0,5.1667,0,0,0,-106
M1-B00458---- 12 003,MB02,CarbonBlack,OilWet,2024~1294778,2024~1294778,7,25.54236448809586,38.17,10.33,HISTORICAL_TEMPLATE_AND_BENCHMARK_ONLY,52.0,21.0,24.0,17.0,56.0,145.0,5.1,8.0,25.0,0.0,0.0,5.7167,0,0,0,-10
M1-B00458---- 12 003,MB02,CarbonBlack,OilWet,2024~1475240,2024~1475240,3,25.555694444444445,43.19333333333333,10.28,HISTORICAL_TEMPLATE_AND_BENCHMARK_ONLY,49.0,26.0,16.0,25.0,43.0,145.0,5.6,19.0,26.0,0.0,0.0,5.1667,0,0,0,-108
M1-B00458---- 12 003,MB02,CarbonBlack,OilWet,2024~1520246,2024~1520246,2,25.380277777777778,38.47,7.48,HISTORICAL_TEMPLATE_AND_BENCHMARK_ONLY,49.0,26.0,19.0,23.0,43.0,145.0,1.9,0.0,4.0,0.0,0.0,0.8,0,0,0,-132
M1-B00458---- 12 003,MB02,CarbonBlack,OilWet,2024~1530164,2024~1530164,3,25.391666666666666,39.88,7.44,HISTORICAL_TEMPLATE_AND_BENCHMARK_ONLY,45.0,25.0,16.0,23.0,42.0,145.0,1.0,25.0,10.0,0.0,0.0,5.4417,0,0,0,-137
M1-B00458---- 12 003,MB02,CarbonBlack,OilWet,2024~1477897,2024~1477897,3,25.396250000000002,37.696666666666665,7.43,HISTORICAL_TEMPLATE_AND_BENCHMARK_ONLY,49.0,26.0,21.0,21.0,43.0,145.0,5.6,18.0,0.0,0.0,0.0,4.8167,0,0,0,-109
M1-B00458---- 12 003,MB02,CarbonBlack,OilWet,2024~1420089,2024~1420089,13,25.400277777777777,37.97,7.41,HISTORICAL_TEMPLATE_AND_BENCHMARK_ONLY,60.0,22.0,5.0,51.0,33.0,145.0,6.2,15.0,6.0,0.0,0.0,3.8667,0,0,0,-80
M1-B00458---- 12 003,MB02,CarbonBlack,OilWet,2024~1494246,2024~1494246,36,25.420694444444443,38.67,7.34,HISTORICAL_TEMPLATE_AND_BENCHMARK_ONLY,50.0,25.0,20.0,27.0,43.0,145.0,1.6,18.0,1.0,0.0,0.0,4.4667,0,0,0,-117
M1-B00458---- 12 003,MB02,CarbonBlack,OilWet,2024~1477897,2024~1477897,4,25.42361111111111,37.696666666666665,7.33,HISTORICAL_TEMPLATE_AND_BENCHMARK_ONLY,50.0,25.0,19.0,26.0,43.0,145.0,5.6,18.0,2.0,0.0,0.0,4.8167,0,0,0,-109
M1-B00458---- 12 003,MB02,CarbonBlack,OilWet,2024~1408814,2024~1408814,2,25.431111111111107,39.34,7.3,HISTORICAL_TEMPLATE_AND_BENCHMARK_ONLY,60.0,22.0,5.0,58.0,34.0,145.0,6.4,12.0,3.0,0.0,0.0,3.0167,0,0,0,-75
M1-B00458---- 12 003,MB02,CarbonBlack,OilWet,2024~1526686,2024~1526686,2,25.433055555555555,39.525000000000006,7.29,HISTORICAL_TEMPLATE_AND_BENCHMARK_ONLY,46.0,25.0,5.0,31.0,42.0,145.0,1.2,17.0,6.0,0.0,0.0,0.5333,0,0,0,-135
M1-B00458---- 12 003,MB02,CarbonBlack,OilWet,2024~1528599,2024~1528599,3,25.445416666666667,40.803333333333335,7.25,HISTORICAL_TEMPLATE_AND_BENCHMARK_ONLY,45.0,26.0,18.0,23.0,42.0,145.0,1.7,20.0,6.0,0.0,0.0,7.3917,0,0,0,-136
M1-B00458---- 12 003,MB02,CarbonBlack,OilWet,2024~1518926,2024~1518926,3,25.448055555555555,38.09333333333333,7.24,HISTORICAL_TEMPLATE_AND_BENCHMARK_ONLY,49.0,26.0,19.0,22.0,44.0,145.0,2.7,9.0,4.0,0.0,0.0,7.3167,0,0,0,-131
M1-B00458---- 12 003,MB02,CarbonBlack,OilWet,2024~1495428,2024~1495428,14,25.465694444444445,37.49,7.17,HISTORICAL_TEMPLATE_AND_BENCHMARK_ONLY,49.0,25.0,19.0,24.0,44.0,145.0,3.7,6.0,7.0,0.0,0.0,2.2333,0,0,0,-121
M1-B00458---- 12 003,MB02,CarbonBlack,OilWet,2024~1528581,2024~1528581,2,25.469166666666666,39.86,7.16,HISTORICAL_TEMPLATE_AND_BENCHMARK_ONLY,46.0,25.0,18.0,23.0,43.0,145.0,1.7,20.0,1.0,0.0,0.0,0.05,0,0,0,-136
M1-B00458---- 12 003,MB02,CarbonBlack,OilWet,2024~1528581,2024~1528581,3,25.480555555555558,39.86,7.12,HISTORICAL_TEMPLATE_AND_BENCHMARK_ONLY,45.0,25.0,5.0,34.0,43.0,145.0,1.7,20.0,4.0,0.0,0.0,0.05,0,0,0,-136
M1-B00458---- 12 003,MB02,CarbonBlack,OilWet,2024~1297030,2024~1297030,4,25.489391435703755,41.766666666666666,7.09,HISTORICAL_TEMPLATE_AND_BENCHMARK_ONLY,51.0,22.0,26.0,19.0,55.0,145.0,7.0,4.0,1.0,0.0,0.0,6.4667,0,0,0,-12
M1-B00458---- 12 003,MB02,CarbonBlack,OilWet,2024~1477897,2024~1477897,2,25.492916666666666,37.696666666666665,7.07,HISTORICAL_TEMPLATE_AND_BENCHMARK_ONLY,49.0,26.0,21.0,21.0,43.0,145.0,5.6,18.0,0.0,0.0,0.0,4.8167,0,0,0,-109
M1-B00458---- 12 003,MB02,CarbonBlack,OilWet,2024~1420089,2024~1420089,14,25.497083333333332,37.97,7.06,HISTORICAL_TEMPLATE_AND_BENCHMARK_ONLY,60.0,22.0,5.0,56.0,33.0,145.0,6.2,15.0,3.0,0.0,0.0,3.8667,0,0,0,-80
M1-B00458---- 12 003,MB02,CarbonBlack,OilWet,2024~1295960,2024~1295960,15,25.53952514071061,41.68,6.9,HISTORICAL_TEMPLATE_AND_BENCHMARK_ONLY,52.0,21.0,5.0,40.0,55.0,145.0,5.8,12.0,4.0,0.0,0.0,7.5167,0,0,0,-11
M1-B00458---- 12 003,MB02,CarbonBlack,OilWet,2024~1471335,2024~1471335,4,25.54111111111111,42.33,6.9,HISTORICAL_TEMPLATE_AND_BENCHMARK_ONLY,49.0,25.0,5.0,37.0,43.0,145.0,3.5,14.0,3.0,0.0,0.0,5.1667,0,0,0,-106
M1-B00458---- 12 003,MB02,CarbonBlack,OilWet,2024~1294778,2024~1294778,7,25.54236448809586,38.17,6.89,HISTORICAL_TEMPLATE_AND_BENCHMARK_ONLY,52.0,21.0,24.0,17.0,56.0,145.0,5.1,8.0,1.0,0.0,0.0,5.7167,0,0,0,-10
M1-B00458---- 12 003,MB02,CarbonBlack,OilWet,2024~1475240,2024~1475240,3,25.555694444444445,43.19333333333333,6.84,HISTORICAL_TEMPLATE_AND_BENCHMARK_ONLY,49.0,26.0,16.0,25.0,43.0,145.0,5.6,19.0,0.0,0.0,0.0,5.1667,0,0,0,-108
M1-B00458---- 12 003,MB02,CarbonBlack,OilWet,2024~1520246,2024~1520246,2,25.380277777777778,38.47,7.56,HISTORICAL_TEMPLATE_AND_BENCHMARK_ONLY,49.0,26.0,19.0,23.0,43.0,145.0,1.9,0.0,8.0,0.0,0.0,0.8,0,0,0,-132
M1-B00458---- 12 003,MB02,CarbonBlack,OilWet,2024~1530164,2024~1530164,3,25.391666666666666,39.88,7.52,HISTORICAL_TEMPLATE_AND_BENCHMARK_ONLY,45.0,25.0,16.0,23.0,42.0,145.0,1.0,25.0,2.0,0.0,0.0,5.4417,0,0,0,-137
M1-B00458---- 12 003,MB02,CarbonBlack,OilWet,2024~1477897,2024~1477897,3,25.396250000000002,37.696666666666665,7.5,HISTORICAL_TEMPLATE_AND_BENCHMARK_ONLY,49.0,26.0,21.0,21.0,43.0,145.0,5.6,18.0,12.0,0.0,0.0,4.8167,0,0,0,-109
M1-B00458---- 12 003,MB02,CarbonBlack,OilWet,2024~1420089,2024~1420089,13,25.400277777777777,37.97,7.49,HISTORICAL_TEMPLATE_AND_BENCHMARK_ONLY,60.0,22.0,5.0,51.0,33.0,145.0,6.2,15.0,18.0,0.0,0.0,3.8667,0,0,0,-80
M1-B00458---- 12 003,MB02,CarbonBlack,OilWet,2024~1494246,2024~1494246,36,25.420694444444443,38.67,7.41,HISTORICAL_TEMPLATE_AND_BENCHMARK_ONLY,50.0,25.0,20.0,27.0,43.0,145.0,1.6,18.0,11.0,0.0,0.0,4.4667,0,0,0,-117
M1-B00458---- 12 003,MB02,CarbonBlack,OilWet,2024~1477897,2024~1477897,4,25.42361111111111,37.696666666666665,7.4,HISTORICAL_TEMPLATE_AND_BENCHMARK_ONLY,50.0,25.0,19.0,26.0,43.0,145.0,5.6,18.0,14.0,0.0,0.0,4.8167,0,0,0,-109
M1-B00458---- 12 003,MB02,CarbonBlack,OilWet,2024~1408814,2024~1408814,2,25.431111111111107,39.34,7.38,HISTORICAL_TEMPLATE_AND_BENCHMARK_ONLY,60.0,22.0,5.0,58.0,34.0,145.0,6.4,12.0,9.0,0.0,0.0,3.0167,0,0,0,-75
M1-B00458---- 12 003,MB02,CarbonBlack,OilWet,2024~1526686,2024~1526686,2,25.433055555555555,39.525000000000006,7.37,HISTORICAL_TEMPLATE_AND_BENCHMARK_ONLY,46.0,25.0,5.0,31.0,42.0,145.0,1.2,17.0,6.0,0.0,0.0,0.5333,0,0,0,-135
M1-B00458---- 12 003,MB02,CarbonBlack,OilWet,2024~1528599,2024~1528599,3,25.445416666666667,40.803333333333335,7.32,HISTORICAL_TEMPLATE_AND_BENCHMARK_ONLY,45.0,26.0,18.0,23.0,42.0,145.0,1.7,20.0,6.0,0.0,0.0,7.3917,0,0,0,-136
M1-B00458---- 12 003,MB02,CarbonBlack,OilWet,2024~1518926,2024~1518926,3,25.448055555555555,38.09333333333333,7.31,HISTORICAL_TEMPLATE_AND_BENCHMARK_ONLY,49.0,26.0,19.0,22.0,44.0,145.0,2.7,9.0,8.0,0.0,0.0,7.3167,0,0,0,-131
M1-B00458---- 12 003,MB02,CarbonBlack,OilWet,2024~1495428,2024~1495428,14,25.465694444444445,37.49,7.25,HISTORICAL_TEMPLATE_AND_BENCHMARK_ONLY,49.0,25.0,19.0,24.0,44.0,145.0,3.7,6.0,5.0,0.0,0.0,2.2333,0,0,0,-121
M1-B00458---- 12 003,MB02,CarbonBlack,OilWet,2024~1528581,2024~1528581,2,25.469166666666666,39.86,7.24,HISTORICAL_TEMPLATE_AND_BENCHMARK_ONLY,46.0,25.0,18.0,23.0,43.0,145.0,1.7,20.0,13.0,0.0,0.0,0.05,0,0,0,-136
M1-B00458---- 12 003,MB02,CarbonBlack,OilWet,2024~1528581,2024~1528581,3,25.480555555555558,39.86,7.2,HISTORICAL_TEMPLATE_AND_BENCHMARK_ONLY,45.0,25.0,5.0,34.0,43.0,145.0,1.7,20.0,8.0,0.0,0.0,0.05,0,0,0,-136
M1-B00458---- 12 003,MB02,CarbonBlack,OilWet,2024~1297030,2024~1297030,4,25.489391435703755,41.766666666666666,7.16,HISTORICAL_TEMPLATE_AND_BENCHMARK_ONLY,51.0,22.0,26.0,19.0,55.0,145.0,7.0,4.0,11.0,0.0,0.0,6.4667,0,0,0,-12
M1-B00458---- 12 003,MB02,CarbonBlack,OilWet,2024~1477897,2024~1477897,2,25.492916666666666,37.696666666666665,7.15,HISTORICAL_TEMPLATE_AND_BENCHMARK_ONLY,49.0,26.0,21.0,21.0,43.0,145.0,5.6,18.0,12.0,0.0,0.0,4.8167,0,0,0,-109
M1-B00458---- 12 003,MB02,CarbonBlack,OilWet,2024~1420089,2024~1420089,14,25.497083333333332,37.97,7.14,HISTORICAL_TEMPLATE_AND_BENCHMARK_ONLY,60.0,22.0,5.0,56.0,33.0,145.0,6.2,15.0,9.0,0.0,0.0,3.8667,0,0,0,-80
M1-B00458---- 12 003,MB02,CarbonBlack,OilWet,2024~1295960,2024~1295960,15,25.53952514071061,41.68,6.98,HISTORICAL_TEMPLATE_AND_BENCHMARK_ONLY,52.0,21.0,5.0,40.0,55.0,145.0,5.8,12.0,8.0,0.0,0.0,7.5167,0,0,0,-11
M1-B00458---- 12 003,MB02,CarbonBlack,OilWet,2024~1471335,2024~1471335,4,25.54111111111111,42.33,6.98,HISTORICAL_TEMPLATE_AND_BENCHMARK_ONLY,49.0,25.0,5.0,37.0,43.0,145.0,3.5,14.0,9.0,0.0,0.0,5.1667,0,0,0,-106
M1-B00458---- 12 003,MB02,CarbonBlack,OilWet,2024~1294778,2024~1294778,7,25.54236448809586,38.17,6.97,HISTORICAL_TEMPLATE_AND_BENCHMARK_ONLY,52.0,21.0,24.0,17.0,56.0,145.0,5.1,8.0,11.0,0.0,0.0,5.7167,0,0,0,-10
M1-B00458---- 12 003,MB02,CarbonBlack,OilWet,2024~1475240,2024~1475240,3,25.555694444444445,43.19333333333333,6.92,HISTORICAL_TEMPLATE_AND_BENCHMARK_ONLY,49.0,26.0,16.0,25.0,43.0,145.0,5.6,19.0,12.0,0.0,0.0,5.1667,0,0,0,-108
M1-B00458---- 12 003,MB02,CarbonBlack,OilWet,2024~1520246,2024~1520246,2,25.380277777777778,38.47,8.99,HISTORICAL_TEMPLATE_AND_BENCHMARK_ONLY,49.0,26.0,19.0,23.0,43.0,145.0,1.9,0.0,5.0,0.0,0.0,0.8,0,0,0,-132
M1-B00458---- 12 003,MB02,CarbonBlack,OilWet,2024~1530164,2024~1530164,3,25.391666666666666,39.88,8.95,HISTORICAL_TEMPLATE_AND_BENCHMARK_ONLY,45.0,25.0,16.0,23.0,42.0,145.0,1.0,25.0,1.0,0.0,0.0,5.4417,0,0,0,-137
M1-B00458---- 12 003,MB02,CarbonBlack,OilWet,2024~1477897,2024~1477897,3,25.396250000000002,37.696666666666665,8.93,HISTORICAL_TEMPLATE_AND_BENCHMARK_ONLY,49.0,26.0,21.0,21.0,43.0,145.0,5.6,18.0,9.0,0.0,0.0,4.8167,0,0,0,-109
M1-B00458---- 12 003,MB02,CarbonBlack,OilWet,2024~1420089,2024~1420089,13,25.400277777777777,37.97,8.92,HISTORICAL_TEMPLATE_AND_BENCHMARK_ONLY,60.0,22.0,5.0,51.0,33.0,145.0,6.2,15.0,15.0,0.0,0.0,3.8667,0,0,0,-80
M1-B00458---- 12 003,MB02,CarbonBlack,OilWet,2024~1494246,2024~1494246,36,25.420694444444443,38.67,8.84,HISTORICAL_TEMPLATE_AND_BENCHMARK_ONLY,50.0,25.0,20.0,27.0,43.0,145.0,1.6,18.0,8.0,0.0,0.0,4.4667,0,0,0,-117
M1-B00458---- 12 003,MB02,CarbonBlack,OilWet,2024~1477897,2024~1477897,4,25.42361111111111,37.696666666666665,8.83,HISTORICAL_TEMPLATE_AND_BENCHMARK_ONLY,50.0,25.0,19.0,26.0,43.0,145.0,5.6,18.0,11.0,0.0,0.0,4.8167,0,0,0,-109
M1-B00458---- 12 003,MB02,CarbonBlack,OilWet,2024~1408814,2024~1408814,2,25.431111111111107,39.34,8.81,HISTORICAL_TEMPLATE_AND_BENCHMARK_ONLY,60.0,22.0,5.0,58.0,34.0,145.0,6.4,12.0,6.0,0.0,0.0,3.0167,0,0,0,-75
M1-B00458---- 12 003,MB02,CarbonBlack,OilWet,2024~1526686,2024~1526686,2,25.433055555555555,39.525000000000006,8.8,HISTORICAL_TEMPLATE_AND_BENCHMARK_ONLY,46.0,25.0,5.0,31.0,42.0,145.0,1.2,17.0,3.0,0.0,0.0,0.5333,0,0,0,-135
M1-B00458---- 12 003,MB02,CarbonBlack,OilWet,2024~1528599,2024~1528599,3,25.445416666666667,40.803333333333335,8.75,HISTORICAL_TEMPLATE_AND_BENCHMARK_ONLY,45.0,26.0,18.0,23.0,42.0,145.0,1.7,20.0,3.0,0.0,0.0,7.3917,0,0,0,-136
M1-B00458---- 12 003,MB02,CarbonBlack,OilWet,2024~1518926,2024~1518926,3,25.448055555555555,38.09333333333333,8.75,HISTORICAL_TEMPLATE_AND_BENCHMARK_ONLY,49.0,26.0,19.0,22.0,44.0,145.0,2.7,9.0,5.0,0.0,0.0,7.3167,0,0,0,-131
M1-B00458---- 12 003,MB02,CarbonBlack,OilWet,2024~1495428,2024~1495428,14,25.465694444444445,37.49,8.68,HISTORICAL_TEMPLATE_AND_BENCHMARK_ONLY,49.0,25.0,19.0,24.0,44.0,145.0,3.7,6.0,2.0,0.0,0.0,2.2333,0,0,0,-121
M1-B00458---- 12 003,MB02,CarbonBlack,OilWet,2024~1528581,2024~1528581,2,25.469166666666666,39.86,8.67,HISTORICAL_TEMPLATE_AND_BENCHMARK_ONLY,46.0,25.0,18.0,23.0,43.0,145.0,1.7,20.0,10.0,0.0,0.0,0.05,0,0,0,-136
M1-B00458---- 12 003,MB02,CarbonBlack,OilWet,2024~1528581,2024~1528581,3,25.480555555555558,39.86,8.63,HISTORICAL_TEMPLATE_AND_BENCHMARK_ONLY,45.0,25.0,5.0,34.0,43.0,145.0,1.7,20.0,5.0,0.0,0.0,0.05,0,0,0,-136
M1-B00458---- 12 003,MB02,CarbonBlack,OilWet,2024~1297030,2024~1297030,4,25.489391435703755,41.766666666666666,8.6,HISTORICAL_TEMPLATE_AND_BENCHMARK_ONLY,51.0,22.0,26.0,19.0,55.0,145.0,7.0,4.0,8.0,0.0,0.0,6.4667,0,0,0,-12
M1-B00458---- 12 003,MB02,CarbonBlack,OilWet,2024~1477897,2024~1477897,2,25.492916666666666,37.696666666666665,8.58,HISTORICAL_TEMPLATE_AND_BENCHMARK_ONLY,49.0,26.0,21.0,21.0,43.0,145.0,5.6,18.0,9.0,0.0,0.0,4.8167,0,0,0,-109
M1-B00458---- 12 003,MB02,CarbonBlack,OilWet,2024~1420089,2024~1420089,14,25.497083333333332,37.97,8.57,HISTORICAL_TEMPLATE_AND_BENCHMARK_ONLY,60.0,22.0,5.0,56.0,33.0,145.0,6.2,15.0,6.0,0.0,0.0,3.8667,0,0,0,-80
M1-B00458---- 12 003,MB02,CarbonBlack,OilWet,2024~1295960,2024~1295960,15,25.53952514071061,41.68,8.42,HISTORICAL_TEMPLATE_AND_BENCHMARK_ONLY,52.0,21.0,5.0,40.0,55.0,145.0,5.8,12.0,5.0,0.0,0.0,7.5167,0,0,0,-11
M1-B00458---- 12 003,MB02,CarbonBlack,OilWet,2024~1471335,2024~1471335,4,25.54111111111111,42.33,8.41,HISTORICAL_TEMPLATE_AND_BENCHMARK_ONLY,49.0,25.0,5.0,37.0,43.0,145.0,3.5,14.0,6.0,0.0,0.0,5.1667,0,0,0,-106
M1-B00458---- 12 003,MB02,CarbonBlack,OilWet,2024~1294778,2024~1294778,7,25.54236448809586,38.17,8.41,HISTORICAL_TEMPLATE_AND_BENCHMARK_ONLY,52.0,21.0,24.0,17.0,56.0,145.0,5.1,8.0,8.0,0.0,0.0,5.7167,0,0,0,-10
M1-B00458---- 12 003,MB02,CarbonBlack,OilWet,2024~1475240,2024~1475240,3,25.555694444444445,43.19333333333333,8.36,HISTORICAL_TEMPLATE_AND_BENCHMARK_ONLY,49.0,26.0,16.0,25.0,43.0,145.0,5.6,19.0,9.0,0.0,0.0,5.1667,0,0,0,-108
M1-B00458---- 12 003,MB02,CarbonBlack,OilWet,2024~1520246,2024~1520246,2,25.380277777777778,38.47,6.9,HISTORICAL_TEMPLATE_AND_BENCHMARK_ONLY,49.0,26.0,19.0,23.0,43.0,145.0,3.6,1.0,21.0,0.0,0.0,0.2,0,0,0,-132
M1-B00458---- 12 003,MB02,CarbonBlack,OilWet,2024~1530164,2024~1530164,3,25.391666666666666,39.88,6.86,HISTORICAL_TEMPLATE_AND_BENCHMARK_ONLY,45.0,25.0,16.0,23.0,42.0,145.0,2.7,26.0,15.0,0.0,0.0,6.4417,0,0,0,-137
M1-B00458---- 12 003,MB02,CarbonBlack,OilWet,2024~1477897,2024~1477897,3,25.396250000000002,37.696666666666665,6.84,HISTORICAL_TEMPLATE_AND_BENCHMARK_ONLY,49.0,26.0,21.0,21.0,43.0,145.0,3.9,19.0,25.0,0.0,0.0,5.8167,0,0,0,-109
M1-B00458---- 12 003,MB02,CarbonBlack,OilWet,2024~1420089,2024~1420089,13,25.400277777777777,37.97,6.83,HISTORICAL_TEMPLATE_AND_BENCHMARK_ONLY,60.0,22.0,5.0,51.0,33.0,145.0,4.5,16.0,31.0,0.0,0.0,4.8667,0,0,0,-79
M1-B00458---- 12 003,MB02,CarbonBlack,OilWet,2024~1494246,2024~1494246,36,25.420694444444443,38.67,6.75,HISTORICAL_TEMPLATE_AND_BENCHMARK_ONLY,50.0,25.0,20.0,27.0,43.0,145.0,0.1,19.0,24.0,0.0,0.0,5.4667,0,0,0,-117
M1-B00458---- 12 003,MB02,CarbonBlack,OilWet,2024~1477897,2024~1477897,4,25.42361111111111,37.696666666666665,6.74,HISTORICAL_TEMPLATE_AND_BENCHMARK_ONLY,50.0,25.0,19.0,26.0,43.0,145.0,3.9,19.0,27.0,0.0,0.0,5.8167,0,0,0,-109
M1-B00458---- 12 003,MB02,CarbonBlack,OilWet,2024~1408814,2024~1408814,2,25.431111111111107,39.34,6.71,HISTORICAL_TEMPLATE_AND_BENCHMARK_ONLY,60.0,22.0,5.0,58.0,34.0,145.0,4.7,13.0,22.0,0.0,0.0,4.0167,0,0,0,-74
M1-B00458---- 12 003,MB02,CarbonBlack,OilWet,2024~1526686,2024~1526686,2,25.433055555555555,39.525000000000006,6.71,HISTORICAL_TEMPLATE_AND_BENCHMARK_ONLY,46.0,25.0,5.0,31.0,42.0,145.0,2.9,18.0,19.0,0.0,0.0,1.5333,0,0,0,-135
M1-B00458---- 12 003,MB02,CarbonBlack,OilWet,2024~1528599,2024~1528599,3,25.445416666666667,40.803333333333335,6.66,HISTORICAL_TEMPLATE_AND_BENCHMARK_ONLY,45.0,26.0,18.0,23.0,42.0,145.0,3.4,21.0,19.0,0.0,0.0,8.3917,0,0,0,-136
M1-B00458---- 12 003,MB02,CarbonBlack,OilWet,2024~1518926,2024~1518926,3,25.448055555555555,38.09333333333333,6.65,HISTORICAL_TEMPLATE_AND_BENCHMARK_ONLY,49.0,26.0,19.0,22.0,44.0,145.0,4.4,10.0,21.0,0.0,0.0,8.3167,0,0,0,-131
M1-B00458---- 12 003,MB02,CarbonBlack,OilWet,2024~1495428,2024~1495428,14,25.465694444444445,37.49,6.59,HISTORICAL_TEMPLATE_AND_BENCHMARK_ONLY,49.0,25.0,19.0,24.0,44.0,145.0,5.4,7.0,18.0,0.0,0.0,1.2333,0,0,0,-121
M1-B00458---- 12 003,MB02,CarbonBlack,OilWet,2024~1528581,2024~1528581,2,25.469166666666666,39.86,6.58,HISTORICAL_TEMPLATE_AND_BENCHMARK_ONLY,46.0,25.0,18.0,23.0,43.0,145.0,3.4,21.0,26.0,0.0,0.0,1.05,0,0,0,-136
M1-B00458---- 12 003,MB02,CarbonBlack,OilWet,2024~1528581,2024~1528581,3,25.480555555555558,39.86,6.53,HISTORICAL_TEMPLATE_AND_BENCHMARK_ONLY,45.0,25.0,5.0,34.0,43.0,145.0,3.4,21.0,21.0,0.0,0.0,1.05,0,0,0,-136
M1-B00458---- 12 003,MB02,CarbonBlack,OilWet,2024~1297030,2024~1297030,4,25.489391435703755,41.766666666666666,6.5,HISTORICAL_TEMPLATE_AND_BENCHMARK_ONLY,51.0,22.0,26.0,19.0,55.0,145.0,5.3,5.0,24.0,0.0,0.0,7.4667,0,0,0,-12
M1-B00458---- 12 003,MB02,CarbonBlack,OilWet,2024~1477897,2024~1477897,2,25.492916666666666,37.696666666666665,6.49,HISTORICAL_TEMPLATE_AND_BENCHMARK_ONLY,49.0,26.0,21.0,21.0,43.0,145.0,3.9,19.0,25.0,0.0,0.0,5.8167,0,0,0,-109
M1-B00458---- 12 003,MB02,CarbonBlack,OilWet,2024~1420089,2024~1420089,14,25.497083333333332,37.97,6.47,HISTORICAL_TEMPLATE_AND_BENCHMARK_ONLY,60.0,22.0,5.0,56.0,33.0,145.0,4.5,16.0,22.0,0.0,0.0,4.8667,0,0,0,-79
M1-B00458---- 12 003,MB02,CarbonBlack,OilWet,2024~1475913,2024~1475913,4,25.53013888888889,43.50666666666667,6.35,HISTORICAL_TEMPLATE_AND_BENCHMARK_ONLY,49.0,25.0,18.0,23.0,41.0,145.0,3.9,20.0,27.0,0.0,0.0,9.8167,0,0,0,-108
M1-B00458---- 12 003,MB02,CarbonBlack,OilWet,2024~1295960,2024~1295960,15,25.53952514071061,41.68,6.32,HISTORICAL_TEMPLATE_AND_BENCHMARK_ONLY,52.0,21.0,5.0,40.0,55.0,145.0,4.1,13.0,21.0,0.0,0.0,8.5167,0,0,0,-11
M1-B00458---- 12 003,MB02,CarbonBlack,OilWet,2024~1471335,2024~1471335,4,25.54111111111111,42.33,6.31,HISTORICAL_TEMPLATE_AND_BENCHMARK_ONLY,49.0,25.0,5.0,37.0,43.0,145.0,1.8,15.0,22.0,0.0,0.0,6.1667,0,0,0,-106
M1-B00458---- 12 003,MB02,CarbonBlack,OilWet,2024~1294778,2024~1294778,7,25.54236448809586,38.17,6.31,HISTORICAL_TEMPLATE_AND_BENCHMARK_ONLY,52.0,21.0,24.0,17.0,56.0,145.0,3.4,9.0,24.0,0.0,0.0,6.7167,0,0,0,-10
M1-B00458---- 12 003,MB02,CarbonBlack,OilWet,2024~1520246,2024~1520246,2,25.380277777777778,38.47,8.15,HISTORICAL_TEMPLATE_AND_BENCHMARK_ONLY,49.0,26.0,19.0,23.0,43.0,145.0,3.6,1.0,4.0,0.0,0.0,0.2,0,0,0,-132
M1-B00458---- 12 003,MB02,CarbonBlack,OilWet,2024~1530164,2024~1530164,3,25.391666666666666,39.88,8.11,HISTORICAL_TEMPLATE_AND_BENCHMARK_ONLY,45.0,25.0,16.0,23.0,42.0,145.0,2.7,26.0,2.0,0.0,0.0,6.4417,0,0,0,-137
M1-B00458---- 12 003,MB02,CarbonBlack,OilWet,2024~1477897,2024~1477897,3,25.396250000000002,37.696666666666665,8.09,HISTORICAL_TEMPLATE_AND_BENCHMARK_ONLY,49.0,26.0,21.0,21.0,43.0,145.0,3.9,19.0,8.0,0.0,0.0,5.8167,0,0,0,-109
M1-B00458---- 12 003,MB02,CarbonBlack,OilWet,2024~1420089,2024~1420089,13,25.400277777777777,37.97,8.08,HISTORICAL_TEMPLATE_AND_BENCHMARK_ONLY,60.0,22.0,5.0,51.0,33.0,145.0,4.5,16.0,14.0,0.0,0.0,4.8667,0,0,0,-79
M1-B00458---- 12 003,MB02,CarbonBlack,OilWet,2024~1494246,2024~1494246,36,25.420694444444443,38.67,8.0,HISTORICAL_TEMPLATE_AND_BENCHMARK_ONLY,50.0,25.0,20.0,27.0,43.0,145.0,0.1,19.0,7.0,0.0,0.0,5.4667,0,0,0,-117
M1-B00458---- 12 003,MB02,CarbonBlack,OilWet,2024~1477897,2024~1477897,4,25.42361111111111,37.696666666666665,7.99,HISTORICAL_TEMPLATE_AND_BENCHMARK_ONLY,50.0,25.0,19.0,26.0,43.0,145.0,3.9,19.0,10.0,0.0,0.0,5.8167,0,0,0,-109
M1-B00458---- 12 003,MB02,CarbonBlack,OilWet,2024~1408814,2024~1408814,2,25.431111111111107,39.34,7.97,HISTORICAL_TEMPLATE_AND_BENCHMARK_ONLY,60.0,22.0,5.0,58.0,34.0,145.0,4.7,13.0,5.0,0.0,0.0,4.0167,0,0,0,-74
M1-B00458---- 12 003,MB02,CarbonBlack,OilWet,2024~1526686,2024~1526686,2,25.433055555555555,39.525000000000006,7.96,HISTORICAL_TEMPLATE_AND_BENCHMARK_ONLY,46.0,25.0,5.0,31.0,42.0,145.0,2.9,18.0,2.0,0.0,0.0,1.5333,0,0,0,-135
M1-B00458---- 12 003,MB02,CarbonBlack,OilWet,2024~1528599,2024~1528599,3,25.445416666666667,40.803333333333335,7.92,HISTORICAL_TEMPLATE_AND_BENCHMARK_ONLY,45.0,26.0,18.0,23.0,42.0,145.0,3.4,21.0,2.0,0.0,0.0,8.3917,0,0,0,-136
M1-B00458---- 12 003,MB02,CarbonBlack,OilWet,2024~1518926,2024~1518926,3,25.448055555555555,38.09333333333333,7.91,HISTORICAL_TEMPLATE_AND_BENCHMARK_ONLY,49.0,26.0,19.0,22.0,44.0,145.0,4.4,10.0,4.0,0.0,0.0,8.3167,0,0,0,-131
M1-B00458---- 12 003,MB02,CarbonBlack,OilWet,2024~1495428,2024~1495428,14,25.465694444444445,37.49,7.84,HISTORICAL_TEMPLATE_AND_BENCHMARK_ONLY,49.0,25.0,19.0,24.0,44.0,145.0,5.4,7.0,1.0,0.0,0.0,1.2333,0,0,0,-121
M1-B00458---- 12 003,MB02,CarbonBlack,OilWet,2024~1528581,2024~1528581,2,25.469166666666666,39.86,7.83,HISTORICAL_TEMPLATE_AND_BENCHMARK_ONLY,46.0,25.0,18.0,23.0,43.0,145.0,3.4,21.0,9.0,0.0,0.0,1.05,0,0,0,-136
M1-B00458---- 12 003,MB02,CarbonBlack,OilWet,2024~1528581,2024~1528581,3,25.480555555555558,39.86,7.79,HISTORICAL_TEMPLATE_AND_BENCHMARK_ONLY,45.0,25.0,5.0,34.0,43.0,145.0,3.4,21.0,4.0,0.0,0.0,1.05,0,0,0,-136
M1-B00458---- 12 003,MB02,CarbonBlack,OilWet,2024~1297030,2024~1297030,4,25.489391435703755,41.766666666666666,7.76,HISTORICAL_TEMPLATE_AND_BENCHMARK_ONLY,51.0,22.0,26.0,19.0,55.0,145.0,5.3,5.0,7.0,0.0,0.0,7.4667,0,0,0,-12
M1-B00458---- 12 003,MB02,CarbonBlack,OilWet,2024~1477897,2024~1477897,2,25.492916666666666,37.696666666666665,7.74,HISTORICAL_TEMPLATE_AND_BENCHMARK_ONLY,49.0,26.0,21.0,21.0,43.0,145.0,3.9,19.0,8.0,0.0,0.0,5.8167,0,0,0,-109
M1-B00458---- 12 003,MB02,CarbonBlack,OilWet,2024~1420089,2024~1420089,14,25.497083333333332,37.97,7.73,HISTORICAL_TEMPLATE_AND_BENCHMARK_ONLY,60.0,22.0,5.0,56.0,33.0,145.0,4.5,16.0,5.0,0.0,0.0,4.8667,0,0,0,-79
M1-B00458---- 12 003,MB02,CarbonBlack,OilWet,2024~1475913,2024~1475913,4,25.53013888888889,43.50666666666667,7.61,HISTORICAL_TEMPLATE_AND_BENCHMARK_ONLY,49.0,25.0,18.0,23.0,41.0,145.0,3.9,20.0,10.0,0.0,0.0,9.8167,0,0,0,-108
M1-B00458---- 12 003,MB02,CarbonBlack,OilWet,2024~1295960,2024~1295960,15,25.53952514071061,41.68,7.57,HISTORICAL_TEMPLATE_AND_BENCHMARK_ONLY,52.0,21.0,5.0,40.0,55.0,145.0,4.1,13.0,4.0,0.0,0.0,8.5167,0,0,0,-11
M1-B00458---- 12 003,MB02,CarbonBlack,OilWet,2024~1471335,2024~1471335,4,25.54111111111111,42.33,7.57,HISTORICAL_TEMPLATE_AND_BENCHMARK_ONLY,49.0,25.0,5.0,37.0,43.0,145.0,1.8,15.0,5.0,0.0,0.0,6.1667,0,0,0,-106
M1-B00458---- 12 003,MB02,CarbonBlack,OilWet,2024~1294778,2024~1294778,7,25.54236448809586,38.17,7.56,HISTORICAL_TEMPLATE_AND_BENCHMARK_ONLY,52.0,21.0,24.0,17.0,56.0,145.0,3.4,9.0,7.0,0.0,0.0,6.7167,0,0,0,-10
M1-B00163R4-- 01 003,MB02,CarbonBlack,OilWet,2024~1289924,2024~1289924,12,27.3175,35.57,1.62,HISTORICAL_TEMPLATE_AND_BENCHMARK_ONLY,47.0,16.0,5.0,26.0,75.0,145.0,5.3,13.0,3.0,0.0,0.0,0.35,0,0,0,-4
M1-B00163R4-- 01 003,MB02,CarbonBlack,OilWet,2024~1273702,2024~1273702,13,27.364166666666666,35.74,1.45,HISTORICAL_TEMPLATE_AND_BENCHMARK_ONLY,48.0,16.0,5.0,28.0,75.0,145.0,1.7,15.0,3.0,0.0,0.0,0.9,0,0,0,4
M1-B00163R4-- 01 003,MB02,CarbonBlack,OilWet,2024~1273702,2024~1273702,12,27.386666666666667,35.74,1.37,HISTORICAL_TEMPLATE_AND_BENCHMARK_ONLY,47.0,16.0,17.0,15.0,76.0,145.0,1.7,15.0,4.0,0.0,0.0,0.9,0,0,0,4
M1-B00163R4-- 01 003,MB02,CarbonBlack,OilWet,2024~1278656,2024~1278656,9,27.393055555555556,33.26,1.35,HISTORICAL_TEMPLATE_AND_BENCHMARK_ONLY,47.0,16.0,5.0,26.0,75.0,145.0,3.0,19.0,7.0,0.0,0.0,1.1,0,0,0,2
M1-B00163R4-- 01 003,MB02,CarbonBlack,OilWet,2024~1278656,2024~1278656,7,27.500694444444445,33.26,0.96,HISTORICAL_TEMPLATE_AND_BENCHMARK_ONLY,47.0,16.0,5.0,28.0,75.0,145.0,3.0,19.0,5.0,0.0,0.0,1.1,0,0,0,2
M1-B00163R4-- 01 003,MB02,CarbonBlack,OilWet,2024~1278656,2024~1278656,8,27.521666666666665,33.26,0.88,HISTORICAL_TEMPLATE_AND_BENCHMARK_ONLY,47.0,16.0,5.0,26.0,76.0,145.0,3.0,19.0,5.0,0.0,0.0,1.1,0,0,0,2
M1-B00163R4-- 01 003,MB02,CarbonBlack,OilWet,2024~1289924,2024~1289924,11,27.645416666666666,35.57,0.44,HISTORICAL_TEMPLATE_AND_BENCHMARK_ONLY,47.0,16.0,5.0,26.0,76.0,145.0,5.3,13.0,5.0,0.0,0.0,0.35,0,0,0,-4
M1-B00163R4-- 01 003,MB02,CarbonBlack,OilWet,2024~1556560,2024~1556560,3,27.69138888888889,36.49,0.27,HISTORICAL_TEMPLATE_AND_BENCHMARK_ONLY,51.0,16.0,5.0,29.0,45.0,145.0,6.5,2.0,8.0,0.0,0.0,3.35,0,0,0,-146
M1-B00163R4-- 01 003,MB02,CarbonBlack,OilWet,2024~1289924,2024~1289924,12,27.3175,35.57,-0.83,HISTORICAL_TEMPLATE_AND_BENCHMARK_ONLY,47.0,16.0,5.0,26.0,75.0,145.0,5.3,13.0,1.0,0.0,0.0,0.35,0,0,0,-4
M1-B00163R4-- 01 003,MB02,CarbonBlack,OilWet,2024~1273702,2024~1273702,13,27.364166666666666,35.74,-1.0,HISTORICAL_TEMPLATE_AND_BENCHMARK_ONLY,48.0,16.0,5.0,28.0,75.0,145.0,1.7,15.0,1.0,0.0,0.0,0.9,0,0,0,4
M1-B00163R4-- 01 003,MB02,CarbonBlack,OilWet,2024~1273702,2024~1273702,12,27.386666666666667,35.74,-1.09,HISTORICAL_TEMPLATE_AND_BENCHMARK_ONLY,47.0,16.0,17.0,15.0,76.0,145.0,1.7,15.0,2.0,0.0,0.0,0.9,0,0,0,4
M1-B00163R4-- 01 003,MB02,CarbonBlack,OilWet,2024~1278656,2024~1278656,9,27.393055555555556,33.26,-1.11,HISTORICAL_TEMPLATE_AND_BENCHMARK_ONLY,47.0,16.0,5.0,26.0,75.0,145.0,3.0,19.0,5.0,0.0,0.0,1.1,0,0,0,2
M1-B00163R4-- 01 003,MB02,CarbonBlack,OilWet,2024~1278656,2024~1278656,7,27.500694444444445,33.26,-1.51,HISTORICAL_TEMPLATE_AND_BENCHMARK_ONLY,47.0,16.0,5.0,28.0,75.0,145.0,3.0,19.0,3.0,0.0,0.0,1.1,0,0,0,2
M1-B00163R4-- 01 003,MB02,CarbonBlack,OilWet,2024~1278656,2024~1278656,8,27.521666666666665,33.26,-1.59,HISTORICAL_TEMPLATE_AND_BENCHMARK_ONLY,47.0,16.0,5.0,26.0,76.0,145.0,3.0,19.0,3.0,0.0,0.0,1.1,0,0,0,2
M1-B00163R4-- 01 003,MB02,CarbonBlack,OilWet,2024~1289924,2024~1289924,11,27.645416666666666,35.57,-2.04,HISTORICAL_TEMPLATE_AND_BENCHMARK_ONLY,47.0,16.0,5.0,26.0,76.0,145.0,5.3,13.0,3.0,0.0,0.0,0.35,0,0,0,-4
M1-B00163R4-- 01 003,MB02,CarbonBlack,OilWet,2024~1556560,2024~1556560,3,27.69138888888889,36.49,-2.21,HISTORICAL_TEMPLATE_AND_BENCHMARK_ONLY,51.0,16.0,5.0,29.0,45.0,145.0,6.5,2.0,6.0,0.0,0.0,3.35,0,0,0,-146
M1-B00163R4-- 01 003,MB02,CarbonBlack,OilWet,2024~1289924,2024~1289924,12,27.3175,35.57,2.79,HISTORICAL_TEMPLATE_AND_BENCHMARK_ONLY,47.0,16.0,5.0,26.0,75.0,145.0,5.3,13.0,4.0,0.0,0.0,0.35,0,0,0,-4
M1-B00163R4-- 01 003,MB02,CarbonBlack,OilWet,2024~1273702,2024~1273702,13,27.364166666666666,35.74,2.62,HISTORICAL_TEMPLATE_AND_BENCHMARK_ONLY,48.0,16.0,5.0,28.0,75.0,145.0,1.7,15.0,4.0,0.0,0.0,0.9,0,0,0,4
M1-B00163R4-- 01 003,MB02,CarbonBlack,OilWet,2024~1273702,2024~1273702,12,27.386666666666667,35.74,2.54,HISTORICAL_TEMPLATE_AND_BENCHMARK_ONLY,47.0,16.0,17.0,15.0,76.0,145.0,1.7,15.0,3.0,0.0,0.0,0.9,0,0,0,4
M1-B00163R4-- 01 003,MB02,CarbonBlack,OilWet,2024~1278656,2024~1278656,9,27.393055555555556,33.26,2.52,HISTORICAL_TEMPLATE_AND_BENCHMARK_ONLY,47.0,16.0,5.0,26.0,75.0,145.0,3.0,19.0,0.0,0.0,0.0,1.1,0,0,0,2
M1-B00163R4-- 01 003,MB02,CarbonBlack,OilWet,2024~1278656,2024~1278656,7,27.500694444444445,33.26,2.14,HISTORICAL_TEMPLATE_AND_BENCHMARK_ONLY,47.0,16.0,5.0,28.0,75.0,145.0,3.0,19.0,2.0,0.0,0.0,1.1,0,0,0,2
M1-B00163R4-- 01 003,MB02,CarbonBlack,OilWet,2024~1278656,2024~1278656,8,27.521666666666665,33.26,2.06,HISTORICAL_TEMPLATE_AND_BENCHMARK_ONLY,47.0,16.0,5.0,26.0,76.0,145.0,3.0,19.0,2.0,0.0,0.0,1.1,0,0,0,2
M1-B00163R4-- 01 003,MB02,CarbonBlack,OilWet,2024~1289924,2024~1289924,11,27.645416666666666,35.57,1.62,HISTORICAL_TEMPLATE_AND_BENCHMARK_ONLY,47.0,16.0,5.0,26.0,76.0,145.0,5.3,13.0,2.0,0.0,0.0,0.35,0,0,0,-4
M1-B00163R4-- 01 003,MB02,CarbonBlack,OilWet,2024~1556560,2024~1556560,3,27.69138888888889,36.49,1.46,HISTORICAL_TEMPLATE_AND_BENCHMARK_ONLY,51.0,16.0,5.0,29.0,45.0,145.0,6.5,2.0,1.0,0.0,0.0,3.35,0,0,0,-146
M1-B00163R4-- 01 003,MB02,CarbonBlack,OilWet,2024~1289924,2024~1289924,12,27.3175,35.57,0.67,HISTORICAL_TEMPLATE_AND_BENCHMARK_ONLY,47.0,16.0,5.0,26.0,75.0,145.0,2.3,6.0,2.0,0.0,0.0,0.75,0,0,0,-7
M1-B00163R4-- 01 003,MB02,CarbonBlack,OilWet,2024~1273702,2024~1273702,13,27.364166666666666,35.74,0.5,HISTORICAL_TEMPLATE_AND_BENCHMARK_ONLY,48.0,16.0,5.0,28.0,75.0,145.0,1.3,4.0,2.0,0.0,0.0,0.2,0,0,0,2
M1-B00163R4-- 01 003,MB02,CarbonBlack,OilWet,2024~1273702,2024~1273702,12,27.386666666666667,35.74,0.41,HISTORICAL_TEMPLATE_AND_BENCHMARK_ONLY,47.0,16.0,17.0,15.0,76.0,145.0,1.3,4.0,1.0,0.0,0.0,0.2,0,0,0,2
M1-B00163R4-- 01 003,MB02,CarbonBlack,OilWet,2024~1278656,2024~1278656,9,27.393055555555556,33.26,0.39,HISTORICAL_TEMPLATE_AND_BENCHMARK_ONLY,47.0,16.0,5.0,26.0,75.0,145.0,0.0,0.0,2.0,0.0,0.0,0.0,0,0,0,0
M1-B00163R4-- 01 003,MB02,CarbonBlack,OilWet,2024~1278656,2024~1278656,7,27.500694444444445,33.26,0.0,HISTORICAL_TEMPLATE_AND_BENCHMARK_ONLY,47.0,16.0,5.0,28.0,75.0,145.0,0.0,0.0,0.0,0.0,0.0,0.0,0,0,0,0
M1-B00163R4-- 01 003,MB02,CarbonBlack,OilWet,2024~1278656,2024~1278656,8,27.521666666666665,33.26,-0.08,HISTORICAL_TEMPLATE_AND_BENCHMARK_ONLY,47.0,16.0,5.0,26.0,76.0,145.0,0.0,0.0,0.0,0.0,0.0,0.0,0,0,0,0
M1-B00163R4-- 01 003,MB02,CarbonBlack,OilWet,2024~1289924,2024~1289924,11,27.645416666666666,35.57,-0.53,HISTORICAL_TEMPLATE_AND_BENCHMARK_ONLY,47.0,16.0,5.0,26.0,76.0,145.0,2.3,6.0,0.0,0.0,0.0,0.75,0,0,0,-7
M1-B00163R4-- 01 003,MB02,CarbonBlack,OilWet,2024~1556560,2024~1556560,3,27.69138888888889,36.49,-0.69,HISTORICAL_TEMPLATE_AND_BENCHMARK_ONLY,51.0,16.0,5.0,29.0,45.0,145.0,9.5,21.0,3.0,0.0,0.0,2.25,0,0,0,-148
M1-B00163R4-- 01 003,MB02,CarbonBlack,OilWet,2024~1289924,2024~1289924,12,27.3175,35.57,0.74,HISTORICAL_TEMPLATE_AND_BENCHMARK_ONLY,47.0,16.0,5.0,26.0,75.0,145.0,2.3,6.0,2.0,0.0,0.0,0.75,0,0,0,-7
M1-B00163R4-- 01 003,MB02,CarbonBlack,OilWet,2024~1273702,2024~1273702,13,27.364166666666666,35.74,0.57,HISTORICAL_TEMPLATE_AND_BENCHMARK_ONLY,48.0,16.0,5.0,28.0,75.0,145.0,1.3,4.0,2.0,0.0,0.0,0.2,0,0,0,2
M1-B00163R4-- 01 003,MB02,CarbonBlack,OilWet,2024~1273702,2024~1273702,12,27.386666666666667,35.74,0.49,HISTORICAL_TEMPLATE_AND_BENCHMARK_ONLY,47.0,16.0,17.0,15.0,76.0,145.0,1.3,4.0,1.0,0.0,0.0,0.2,0,0,0,2
M1-B00163R4-- 01 003,MB02,CarbonBlack,OilWet,2024~1278656,2024~1278656,9,27.393055555555556,33.26,0.47,HISTORICAL_TEMPLATE_AND_BENCHMARK_ONLY,47.0,16.0,5.0,26.0,75.0,145.0,0.0,0.0,2.0,0.0,0.0,0.0,0,0,0,0
M1-B00163R4-- 01 003,MB02,CarbonBlack,OilWet,2024~1278656,2024~1278656,7,27.500694444444445,33.26,0.08,HISTORICAL_TEMPLATE_AND_BENCHMARK_ONLY,47.0,16.0,5.0,28.0,75.0,145.0,0.0,0.0,0.0,0.0,0.0,0.0,0,0,0,0
M1-B00163R4-- 01 003,MB02,CarbonBlack,OilWet,2024~1278656,2024~1278656,8,27.521666666666665,33.26,0.0,HISTORICAL_TEMPLATE_AND_BENCHMARK_ONLY,47.0,16.0,5.0,26.0,76.0,145.0,0.0,0.0,0.0,0.0,0.0,0.0,0,0,0,0
M1-B00163R4-- 01 003,MB02,CarbonBlack,OilWet,2024~1289924,2024~1289924,11,27.645416666666666,35.57,-0.45,HISTORICAL_TEMPLATE_AND_BENCHMARK_ONLY,47.0,16.0,5.0,26.0,76.0,145.0,2.3,6.0,0.0,0.0,0.0,0.75,0,0,0,-7
M1-B00163R4-- 01 003,MB02,CarbonBlack,OilWet,2024~1556560,2024~1556560,3,27.69138888888889,36.49,-0.62,HISTORICAL_TEMPLATE_AND_BENCHMARK_ONLY,51.0,16.0,5.0,29.0,45.0,145.0,9.5,21.0,3.0,0.0,0.0,2.25,0,0,0,-148
M1-B00163R4-- 01 003,MB02,CarbonBlack,OilWet,2024~1289924,2024~1289924,12,27.3175,35.57,0.28,HISTORICAL_TEMPLATE_AND_BENCHMARK_ONLY,47.0,16.0,5.0,26.0,75.0,145.0,2.3,6.0,4.0,0.0,0.0,0.75,0,0,0,-7
M1-B00163R4-- 01 003,MB02,CarbonBlack,OilWet,2024~1273702,2024~1273702,13,27.364166666666666,35.74,0.11,HISTORICAL_TEMPLATE_AND_BENCHMARK_ONLY,48.0,16.0,5.0,28.0,75.0,145.0,1.3,4.0,4.0,0.0,0.0,0.2,0,0,0,2
M1-B00163R4-- 01 003,MB02,CarbonBlack,OilWet,2024~1273702,2024~1273702,12,27.386666666666667,35.74,0.02,HISTORICAL_TEMPLATE_AND_BENCHMARK_ONLY,47.0,16.0,17.0,15.0,76.0,145.0,1.3,4.0,3.0,0.0,0.0,0.2,0,0,0,2
M1-B00163R4-- 01 003,MB02,CarbonBlack,OilWet,2024~1278656,2024~1278656,9,27.393055555555556,33.26,0.0,HISTORICAL_TEMPLATE_AND_BENCHMARK_ONLY,47.0,16.0,5.0,26.0,75.0,145.0,0.0,0.0,0.0,0.0,0.0,0.0,0,0,0,0
M1-B00163R4-- 01 003,MB02,CarbonBlack,OilWet,2024~1278656,2024~1278656,7,27.500694444444445,33.26,-0.39,HISTORICAL_TEMPLATE_AND_BENCHMARK_ONLY,47.0,16.0,5.0,28.0,75.0,145.0,0.0,0.0,2.0,0.0,0.0,0.0,0,0,0,0
M1-B00163R4-- 01 003,MB02,CarbonBlack,OilWet,2024~1278656,2024~1278656,8,27.521666666666665,33.26,-0.47,HISTORICAL_TEMPLATE_AND_BENCHMARK_ONLY,47.0,16.0,5.0,26.0,76.0,145.0,0.0,0.0,2.0,0.0,0.0,0.0,0,0,0,0
M1-B00163R4-- 01 003,MB02,CarbonBlack,OilWet,2024~1289924,2024~1289924,11,27.645416666666666,35.57,-0.92,HISTORICAL_TEMPLATE_AND_BENCHMARK_ONLY,47.0,16.0,5.0,26.0,76.0,145.0,2.3,6.0,2.0,0.0,0.0,0.75,0,0,0,-7
M1-B00163R4-- 01 003,MB02,CarbonBlack,OilWet,2024~1556560,2024~1556560,3,27.69138888888889,36.49,-1.09,HISTORICAL_TEMPLATE_AND_BENCHMARK_ONLY,51.0,16.0,5.0,29.0,45.0,145.0,9.5,21.0,1.0,0.0,0.0,2.25,0,0,0,-148
M1-B00163R4-- 01 003,MB02,CarbonBlack,OilWet,2024~1289924,2024~1289924,12,27.3175,35.57,6.1,HISTORICAL_TEMPLATE_AND_BENCHMARK_ONLY,47.0,16.0,5.0,26.0,75.0,145.0,2.3,6.0,18.0,0.0,0.0,0.75,0,0,0,-7
M1-B00163R4-- 01 003,MB02,CarbonBlack,OilWet,2024~1273702,2024~1273702,13,27.364166666666666,35.74,5.94,HISTORICAL_TEMPLATE_AND_BENCHMARK_ONLY,48.0,16.0,5.0,28.0,75.0,145.0,1.3,4.0,18.0,0.0,0.0,0.2,0,0,0,2
M1-B00163R4-- 01 003,MB02,CarbonBlack,OilWet,2024~1273702,2024~1273702,12,27.386666666666667,35.74,5.86,HISTORICAL_TEMPLATE_AND_BENCHMARK_ONLY,47.0,16.0,17.0,15.0,76.0,145.0,1.3,4.0,19.0,0.0,0.0,0.2,0,0,0,2
M1-B00163R4-- 01 003,MB02,CarbonBlack,OilWet,2024~1278656,2024~1278656,9,27.393055555555556,33.26,5.84,HISTORICAL_TEMPLATE_AND_BENCHMARK_ONLY,47.0,16.0,5.0,26.0,75.0,145.0,0.0,0.0,22.0,0.0,0.0,0.0,0,0,0,0
M1-B00163R4-- 01 003,MB02,CarbonBlack,OilWet,2024~1278656,2024~1278656,7,27.500694444444445,33.26,5.47,HISTORICAL_TEMPLATE_AND_BENCHMARK_ONLY,47.0,16.0,5.0,28.0,75.0,145.0,0.0,0.0,20.0,0.0,0.0,0.0,0,0,0,0
M1-B00163R4-- 01 003,MB02,CarbonBlack,OilWet,2024~1278656,2024~1278656,8,27.521666666666665,33.26,5.4,HISTORICAL_TEMPLATE_AND_BENCHMARK_ONLY,47.0,16.0,5.0,26.0,76.0,145.0,0.0,0.0,20.0,0.0,0.0,0.0,0,0,0,0
M1-B00163R4-- 01 003,MB02,CarbonBlack,OilWet,2024~1289924,2024~1289924,11,27.645416666666666,35.57,4.97,HISTORICAL_TEMPLATE_AND_BENCHMARK_ONLY,47.0,16.0,5.0,26.0,76.0,145.0,2.3,6.0,20.0,0.0,0.0,0.75,0,0,0,-7
M1-B00163R4-- 01 003,MB02,CarbonBlack,OilWet,2024~1556560,2024~1556560,3,27.69138888888889,36.49,4.81,HISTORICAL_TEMPLATE_AND_BENCHMARK_ONLY,51.0,16.0,5.0,29.0,45.0,145.0,9.5,21.0,23.0,0.0,0.0,2.25,0,0,0,-148
M1-B00163RT-- 01 001,MB02,CarbonBlack,OilWet,2024~1503258,2024~1503258,1,27.012295321637428,53.29333333333333,10.31,HISTORICAL_TEMPLATE_AND_BENCHMARK_ONLY,35.0,15.0,19.0,59.0,93.0,145.0,8.6,24.0,2.0,0.0,0.0,66.0,0,0,0,-101
M1-B00163RT-- 01 001,MB02,CarbonBlack,OilWet,2024~1503258,2024~1503258,1,27.012295321637428,53.29333333333333,9.26,HISTORICAL_TEMPLATE_AND_BENCHMARK_ONLY,35.0,15.0,19.0,59.0,93.0,145.0,8.6,24.0,23.0,0.0,0.0,66.0,0,0,0,-101
M1-B00163RT-- 01 001,MB02,CarbonBlack,OilWet,2024~1503258,2024~1503258,1,27.012295321637428,53.29333333333333,6.48,HISTORICAL_TEMPLATE_AND_BENCHMARK_ONLY,35.0,15.0,19.0,59.0,93.0,145.0,8.6,24.0,21.0,0.0,0.0,66.0,0,0,0,-101
M1-B00163RT-- 01 001,MB02,CarbonBlack,OilWet,2024~1503258,2024~1503258,1,27.012295321637428,53.29333333333333,9.61,HISTORICAL_TEMPLATE_AND_BENCHMARK_ONLY,35.0,15.0,19.0,59.0,93.0,145.0,8.6,24.0,19.0,0.0,0.0,66.0,0,0,0,-101
M1-B00163RT-- 01 001,MB02,CarbonBlack,OilWet,2024~1503258,2024~1503258,1,27.012295321637428,53.29333333333333,9.33,HISTORICAL_TEMPLATE_AND_BENCHMARK_ONLY,35.0,15.0,19.0,59.0,93.0,145.0,8.6,24.0,18.0,0.0,0.0,66.0,0,0,0,-101
M1-B00163RT-- 01 001,MB02,CarbonBlack,OilWet,2024~1437384,2024~1437384,6,27.015416666666667,59.2,9.32,HISTORICAL_TEMPLATE_AND_BENCHMARK_ONLY,34.0,16.0,5.0,72.0,99.0,145.0,5.4,8.0,4.0,0.0,0.0,65.8,0,0,0,-67
M1-B00163RT-- 01 001,MB02,CarbonBlack,OilWet,2024~1437384,2024~1437384,7,27.155277777777776,59.2,8.85,HISTORICAL_TEMPLATE_AND_BENCHMARK_ONLY,34.0,16.0,19.0,58.0,97.0,145.0,5.4,8.0,8.0,0.0,0.0,65.8,0,0,0,-67
M1-B00163RT-- 01 001,MB02,CarbonBlack,OilWet,2024~1437384,2024~1437384,8,27.57967592592593,59.2,7.43,HISTORICAL_TEMPLATE_AND_BENCHMARK_ONLY,34.0,16.0,22.0,58.0,100.0,145.0,5.4,8.0,4.0,0.0,0.0,65.8,0,0,0,-67
M1-B00163RT-- 01 001,MB02,CarbonBlack,OilWet,2024~1503258,2024~1503258,1,27.012295321637428,53.29333333333333,7.7,HISTORICAL_TEMPLATE_AND_BENCHMARK_ONLY,35.0,15.0,19.0,59.0,93.0,145.0,8.6,24.0,20.0,0.0,0.0,66.0,0,0,0,-101
M1-B00163RT-- 01 001,MB02,CarbonBlack,OilWet,2024~1437384,2024~1437384,6,27.015416666666667,59.2,7.69,HISTORICAL_TEMPLATE_AND_BENCHMARK_ONLY,34.0,16.0,5.0,72.0,99.0,145.0,5.4,8.0,2.0,0.0,0.0,65.8,0,0,0,-67
M1-B00163RT-- 01 001,MB02,CarbonBlack,OilWet,2024~1437384,2024~1437384,7,27.155277777777776,59.2,7.21,HISTORICAL_TEMPLATE_AND_BENCHMARK_ONLY,34.0,16.0,19.0,58.0,97.0,145.0,5.4,8.0,6.0,0.0,0.0,65.8,0,0,0,-67
M1-B00163RT-- 01 001,MB02,CarbonBlack,OilWet,2024~1437384,2024~1437384,8,27.57967592592593,59.2,5.76,HISTORICAL_TEMPLATE_AND_BENCHMARK_ONLY,34.0,16.0,22.0,58.0,100.0,145.0,5.4,8.0,2.0,0.0,0.0,65.8,0,0,0,-67
M1-B00163RT-- 01 001,MB02,CarbonBlack,OilWet,2024~1503258,2024~1503258,1,27.012295321637428,53.29333333333333,8.83,HISTORICAL_TEMPLATE_AND_BENCHMARK_ONLY,35.0,15.0,19.0,59.0,93.0,145.0,8.6,24.0,19.0,0.0,0.0,66.0,0,0,0,-101
M1-B00163RT-- 01 001,MB02,CarbonBlack,OilWet,2024~1437384,2024~1437384,6,27.015416666666667,59.2,8.82,HISTORICAL_TEMPLATE_AND_BENCHMARK_ONLY,34.0,16.0,5.0,72.0,99.0,145.0,5.4,8.0,3.0,0.0,0.0,65.8,0,0,0,-67
M1-B00163RT-- 01 001,MB02,CarbonBlack,OilWet,2024~1437384,2024~1437384,7,27.155277777777776,59.2,8.34,HISTORICAL_TEMPLATE_AND_BENCHMARK_ONLY,34.0,16.0,19.0,58.0,97.0,145.0,5.4,8.0,7.0,0.0,0.0,65.8,0,0,0,-67
M1-B00163RT-- 01 001,MB02,CarbonBlack,OilWet,2024~1437384,2024~1437384,8,27.57967592592593,59.2,6.91,HISTORICAL_TEMPLATE_AND_BENCHMARK_ONLY,34.0,16.0,22.0,58.0,100.0,145.0,5.4,8.0,3.0,0.0,0.0,65.8,0,0,0,-67
M1-B00163RT-- 01 001,MB02,CarbonBlack,OilWet,2024~1503258,2024~1503258,1,27.012295321637428,53.29333333333333,8.45,HISTORICAL_TEMPLATE_AND_BENCHMARK_ONLY,35.0,15.0,19.0,59.0,93.0,145.0,8.6,24.0,20.0,0.0,0.0,66.0,0,0,0,-101
M1-B00163RT-- 01 001,MB02,CarbonBlack,OilWet,2024~1437384,2024~1437384,6,27.015416666666667,59.2,8.44,HISTORICAL_TEMPLATE_AND_BENCHMARK_ONLY,34.0,16.0,5.0,72.0,99.0,145.0,5.4,8.0,2.0,0.0,0.0,65.8,0,0,0,-67
M1-B00163RT-- 01 001,MB02,CarbonBlack,OilWet,2024~1437384,2024~1437384,7,27.155277777777776,59.2,7.97,HISTORICAL_TEMPLATE_AND_BENCHMARK_ONLY,34.0,16.0,19.0,58.0,97.0,145.0,5.4,8.0,6.0,0.0,0.0,65.8,0,0,0,-67
M1-B00163RT-- 01 001,MB02,CarbonBlack,OilWet,2024~1437384,2024~1437384,8,27.57967592592593,59.2,6.53,HISTORICAL_TEMPLATE_AND_BENCHMARK_ONLY,34.0,16.0,22.0,58.0,100.0,145.0,5.4,8.0,2.0,0.0,0.0,65.8,0,0,0,-67
M1-B00163RT-- 01 001,MB02,CarbonBlack,OilWet,2024~1503258,2024~1503258,1,27.012295321637428,53.29333333333333,12.98,HISTORICAL_TEMPLATE_AND_BENCHMARK_ONLY,35.0,15.0,19.0,59.0,93.0,145.0,13.3,22.0,1.0,0.0,0.0,1.7,0,0,0,-86
M1-B00163RT-- 01 001,MB02,CarbonBlack,OilWet,2024~1503258,2024~1503258,1,27.012295321637428,53.29333333333333,16.1,HISTORICAL_TEMPLATE_AND_BENCHMARK_ONLY,35.0,15.0,19.0,59.0,93.0,145.0,13.3,22.0,20.0,0.0,0.0,1.7,0,0,0,-86
M1-B00163RT-- 01 002,MB02,CarbonBlack,OilWet,2024~1579350,2024~1579350,5,27.266666666666666,56.92,8.91,HISTORICAL_TEMPLATE_AND_BENCHMARK_ONLY,34.0,16.0,17.0,66.0,103.0,145.0,0.3,1.0,5.0,0.0,0.0,1.7,0,0,0,-17
M1-B00163RT-- 01 002,MB02,CarbonBlack,OilWet,2024~1579350,2024~1579350,2,27.27,56.92,8.9,HISTORICAL_TEMPLATE_AND_BENCHMARK_ONLY,34.0,17.0,5.0,75.0,102.0,145.0,0.3,1.0,2.0,0.0,0.0,1.7,0,0,0,-17
M1-B00163RT-- 01 002,MB02,CarbonBlack,OilWet,2024~1579350,2024~1579350,4,27.57531862745098,56.92,7.88,HISTORICAL_TEMPLATE_AND_BENCHMARK_ONLY,34.0,17.0,18.0,65.0,102.0,145.0,0.3,1.0,12.0,0.0,0.0,1.7,0,0,0,-17
M1-B00163RT-- 01 002,MB02,CarbonBlack,OilWet,2025~1748433,2025~1748433,5,29.150277777777777,58.29,2.62,HISTORICAL_TEMPLATE_AND_BENCHMARK_ONLY,34.0,16.0,5.0,256.0,34.0,145.0,11.1,2.0,1.0,0.0,0.0,3.8,0,0,0,-113
M1-B00163RT-- 01 002,MB02,CarbonBlack,OilWet,2024~1543570,2024~1543570,5,29.595694444444444,57.88,1.13,HISTORICAL_TEMPLATE_AND_BENCHMARK_ONLY,34.0,17.0,17.0,67.0,152.0,145.0,3.7,3.0,1.0,0.0,0.0,2.4,0,0,0,1
M1-B00163RT-- 01 002,MB02,CarbonBlack,OilWet,2024~1579350,2024~1579350,5,27.266666666666666,56.92,10.91,HISTORICAL_TEMPLATE_AND_BENCHMARK_ONLY,34.0,16.0,17.0,66.0,103.0,145.0,0.3,1.0,5.0,0.0,0.0,1.7,0,0,0,-17
M1-B00163RT-- 01 002,MB02,CarbonBlack,OilWet,2024~1579350,2024~1579350,2,27.27,56.92,10.9,HISTORICAL_TEMPLATE_AND_BENCHMARK_ONLY,34.0,17.0,5.0,75.0,102.0,145.0,0.3,1.0,2.0,0.0,0.0,1.7,0,0,0,-17
M1-B00163RT-- 01 002,MB02,CarbonBlack,OilWet,2024~1579350,2024~1579350,4,27.57531862745098,56.92,9.91,HISTORICAL_TEMPLATE_AND_BENCHMARK_ONLY,34.0,17.0,18.0,65.0,102.0,145.0,0.3,1.0,12.0,0.0,0.0,1.7,0,0,0,-17
M1-B00163RT-- 01 002,MB02,CarbonBlack,OilWet,2025~1748433,2025~1748433,5,29.150277777777777,58.29,4.76,HISTORICAL_TEMPLATE_AND_BENCHMARK_ONLY,34.0,16.0,5.0,256.0,34.0,145.0,11.1,2.0,1.0,0.0,0.0,3.8,0,0,0,-113
M1-B00163RT-- 01 002,MB02,CarbonBlack,OilWet,2024~1543570,2024~1543570,5,29.595694444444444,57.88,3.3,HISTORICAL_TEMPLATE_AND_BENCHMARK_ONLY,34.0,17.0,17.0,67.0,152.0,145.0,3.7,3.0,1.0,0.0,0.0,2.4,0,0,0,1
M1-B00163RT-- 01 002,MB02,CarbonBlack,OilWet,2024~1579350,2024~1579350,5,27.266666666666666,56.92,11.93,HISTORICAL_TEMPLATE_AND_BENCHMARK_ONLY,34.0,16.0,17.0,66.0,103.0,145.0,0.3,1.0,3.0,0.0,0.0,1.7,0,0,0,-17
M1-B00163RT-- 01 002,MB02,CarbonBlack,OilWet,2024~1579350,2024~1579350,2,27.27,56.92,11.92,HISTORICAL_TEMPLATE_AND_BENCHMARK_ONLY,34.0,17.0,5.0,75.0,102.0,145.0,0.3,1.0,0.0,0.0,0.0,1.7,0,0,0,-17
M1-B00163RT-- 01 002,MB02,CarbonBlack,OilWet,2024~1579350,2024~1579350,4,27.57531862745098,56.92,10.93,HISTORICAL_TEMPLATE_AND_BENCHMARK_ONLY,34.0,17.0,18.0,65.0,102.0,145.0,0.3,1.0,10.0,0.0,0.0,1.7,0,0,0,-17
M1-B00163RT-- 01 002,MB02,CarbonBlack,OilWet,2025~1748433,2025~1748433,5,29.150277777777777,58.29,5.84,HISTORICAL_TEMPLATE_AND_BENCHMARK_ONLY,34.0,16.0,5.0,256.0,34.0,145.0,11.1,2.0,3.0,0.0,0.0,3.8,0,0,0,-113
M1-B00163RT-- 01 002,MB02,CarbonBlack,OilWet,2024~1543570,2024~1543570,5,29.595694444444444,57.88,4.41,HISTORICAL_TEMPLATE_AND_BENCHMARK_ONLY,34.0,17.0,17.0,67.0,152.0,145.0,3.7,3.0,1.0,0.0,0.0,2.4,0,0,0,1
M1-B00163RT-- 01 002,MB02,CarbonBlack,OilWet,2024~1579350,2024~1579350,5,27.266666666666666,56.92,12.44,HISTORICAL_TEMPLATE_AND_BENCHMARK_ONLY,34.0,16.0,17.0,66.0,103.0,145.0,0.3,1.0,7.0,0.0,0.0,1.7,0,0,0,-17
M1-B00163RT-- 01 002,MB02,CarbonBlack,OilWet,2024~1579350,2024~1579350,2,27.27,56.92,12.43,HISTORICAL_TEMPLATE_AND_BENCHMARK_ONLY,34.0,17.0,5.0,75.0,102.0,145.0,0.3,1.0,4.0,0.0,0.0,1.7,0,0,0,-17
M1-B00163RT-- 01 002,MB02,CarbonBlack,OilWet,2024~1579350,2024~1579350,4,27.57531862745098,56.92,11.45,HISTORICAL_TEMPLATE_AND_BENCHMARK_ONLY,34.0,17.0,18.0,65.0,102.0,145.0,0.3,1.0,14.0,0.0,0.0,1.7,0,0,0,-17
M1-B00163RT-- 01 002,MB02,CarbonBlack,OilWet,2025~1748433,2025~1748433,5,29.150277777777777,58.29,6.39,HISTORICAL_TEMPLATE_AND_BENCHMARK_ONLY,34.0,16.0,5.0,256.0,34.0,145.0,11.1,2.0,1.0,0.0,0.0,3.8,0,0,0,-113
M1-B00163RT-- 01 002,MB02,CarbonBlack,OilWet,2024~1543570,2024~1543570,5,29.595694444444444,57.88,4.96,HISTORICAL_TEMPLATE_AND_BENCHMARK_ONLY,34.0,17.0,17.0,67.0,152.0,145.0,3.7,3.0,3.0,0.0,0.0,2.4,0,0,0,1
M1-B00163RT-- 01 002,MB02,CarbonBlack,OilWet,2024~1579350,2024~1579350,5,27.266666666666666,56.92,-6.07,HISTORICAL_TEMPLATE_AND_BENCHMARK_ONLY,34.0,16.0,17.0,66.0,103.0,145.0,1.4,13.0,0.0,0.0,0.0,4.1,0,0,0,-22
M1-B00163RT-- 01 002,MB02,CarbonBlack,OilWet,2024~1579350,2024~1579350,2,27.27,56.92,-6.08,HISTORICAL_TEMPLATE_AND_BENCHMARK_ONLY,34.0,17.0,5.0,75.0,102.0,145.0,1.4,13.0,3.0,0.0,0.0,4.1,0,0,0,-22
M1-B00163RT-- 01 002,MB02,CarbonBlack,OilWet,2024~1579350,2024~1579350,4,27.57531862745098,56.92,-7.27,HISTORICAL_TEMPLATE_AND_BENCHMARK_ONLY,34.0,17.0,18.0,65.0,102.0,145.0,1.4,13.0,7.0,0.0,0.0,4.1,0,0,0,-22
M1-B00163RT-- 01 002,MB02,CarbonBlack,OilWet,2025~1748433,2025~1748433,5,29.150277777777777,58.29,-13.4,HISTORICAL_TEMPLATE_AND_BENCHMARK_ONLY,34.0,16.0,5.0,256.0,34.0,145.0,9.4,10.0,6.0,0.0,0.0,6.2,0,0,0,-118
M1-B00163RT-- 01 002,MB02,CarbonBlack,OilWet,2024~1543570,2024~1543570,5,29.595694444444444,57.88,-15.13,HISTORICAL_TEMPLATE_AND_BENCHMARK_ONLY,34.0,17.0,17.0,67.0,152.0,145.0,2.0,9.0,4.0,0.0,0.0,0.0,0,0,0,-4
M1-B00163RT-- 01 002,MB02,CarbonBlack,OilWet,2024~1579350,2024~1579350,5,27.266666666666666,56.92,-5.18,HISTORICAL_TEMPLATE_AND_BENCHMARK_ONLY,34.0,16.0,17.0,66.0,103.0,145.0,1.4,13.0,5.0,0.0,0.0,4.1,0,0,0,-22
M1-B00163RT-- 01 002,MB02,CarbonBlack,OilWet,2024~1579350,2024~1579350,2,27.27,56.92,-5.19,HISTORICAL_TEMPLATE_AND_BENCHMARK_ONLY,34.0,17.0,5.0,75.0,102.0,145.0,1.4,13.0,2.0,0.0,0.0,4.1,0,0,0,-22
M1-B00163RT-- 01 002,MB02,CarbonBlack,OilWet,2024~1579350,2024~1579350,4,27.57531862745098,56.92,-6.37,HISTORICAL_TEMPLATE_AND_BENCHMARK_ONLY,34.0,17.0,18.0,65.0,102.0,145.0,1.4,13.0,12.0,0.0,0.0,4.1,0,0,0,-22
M1-B00163RT-- 01 002,MB02,CarbonBlack,OilWet,2025~1748433,2025~1748433,5,29.150277777777777,58.29,-12.44,HISTORICAL_TEMPLATE_AND_BENCHMARK_ONLY,34.0,16.0,5.0,256.0,34.0,145.0,9.4,10.0,1.0,0.0,0.0,6.2,0,0,0,-118
M1-B00163RT-- 01 002,MB02,CarbonBlack,OilWet,2024~1543570,2024~1543570,5,29.595694444444444,57.88,-14.16,HISTORICAL_TEMPLATE_AND_BENCHMARK_ONLY,34.0,17.0,17.0,67.0,152.0,145.0,2.0,9.0,1.0,0.0,0.0,0.0,0,0,0,-4
M1-B00163RT-- 01 002,MB02,CarbonBlack,OilWet,2024~1579350,2024~1579350,5,27.266666666666666,56.92,-2.08,HISTORICAL_TEMPLATE_AND_BENCHMARK_ONLY,34.0,16.0,17.0,66.0,103.0,145.0,1.4,13.0,13.0,0.0,0.0,4.1,0,0,0,-22
M1-B00163RT-- 01 002,MB02,CarbonBlack,OilWet,2024~1579350,2024~1579350,2,27.27,56.92,-2.09,HISTORICAL_TEMPLATE_AND_BENCHMARK_ONLY,34.0,17.0,5.0,75.0,102.0,145.0,1.4,13.0,10.0,0.0,0.0,4.1,0,0,0,-22
M1-B00163RT-- 01 002,MB02,CarbonBlack,OilWet,2024~1579350,2024~1579350,4,27.57531862745098,56.92,-3.24,HISTORICAL_TEMPLATE_AND_BENCHMARK_ONLY,34.0,17.0,18.0,65.0,102.0,145.0,1.4,13.0,20.0,0.0,0.0,4.1,0,0,0,-22
M1-B00163RT-- 01 002,MB02,CarbonBlack,OilWet,2025~1748433,2025~1748433,5,29.150277777777777,58.29,-9.13,HISTORICAL_TEMPLATE_AND_BENCHMARK_ONLY,34.0,16.0,5.0,256.0,34.0,145.0,9.4,10.0,7.0,0.0,0.0,6.2,0,0,0,-118
M1-B00163RT-- 01 002,MB02,CarbonBlack,OilWet,2024~1543570,2024~1543570,5,29.595694444444444,57.88,-10.8,HISTORICAL_TEMPLATE_AND_BENCHMARK_ONLY,34.0,17.0,17.0,67.0,152.0,145.0,2.0,9.0,9.0,0.0,0.0,0.0,0,0,0,-4
M1-B00163RT-- 01 002,MB02,CarbonBlack,OilWet,2024~1579350,2024~1579350,5,27.266666666666666,56.92,-3.69,HISTORICAL_TEMPLATE_AND_BENCHMARK_ONLY,34.0,16.0,17.0,66.0,103.0,145.0,1.4,13.0,3.0,0.0,0.0,4.1,0,0,0,-22
M1-B00163RT-- 01 002,MB02,CarbonBlack,OilWet,2024~1579350,2024~1579350,2,27.27,56.92,-3.7,HISTORICAL_TEMPLATE_AND_BENCHMARK_ONLY,34.0,17.0,5.0,75.0,102.0,145.0,1.4,13.0,0.0,0.0,0.0,4.1,0,0,0,-22
M1-B00163RT-- 01 002,MB02,CarbonBlack,OilWet,2024~1579350,2024~1579350,4,27.57531862745098,56.92,-4.87,HISTORICAL_TEMPLATE_AND_BENCHMARK_ONLY,34.0,17.0,18.0,65.0,102.0,145.0,1.4,13.0,10.0,0.0,0.0,4.1,0,0,0,-22
M1-B00163RT-- 01 002,MB02,CarbonBlack,OilWet,2025~1748433,2025~1748433,5,29.150277777777777,58.29,-10.86,HISTORICAL_TEMPLATE_AND_BENCHMARK_ONLY,34.0,16.0,5.0,256.0,34.0,145.0,9.4,10.0,3.0,0.0,0.0,6.2,0,0,0,-118
M1-B00163RT-- 01 002,MB02,CarbonBlack,OilWet,2024~1543570,2024~1543570,5,29.595694444444444,57.88,-12.55,HISTORICAL_TEMPLATE_AND_BENCHMARK_ONLY,34.0,17.0,17.0,67.0,152.0,145.0,2.0,9.0,1.0,0.0,0.0,0.0,0,0,0,-4
M1-B00163RT-- 01 002,MB02,CarbonBlack,OilWet,2024~1539276,2024~1539276,7,27.18982175925926,53.42,3.07,HISTORICAL_TEMPLATE_AND_BENCHMARK_ONLY,34.0,16.0,5.0,74.0,82.0,145.0,0.0,0.0,5.0,0.0,0.0,0.0,0,0,0,0
M1-B00163RT-- 01 002,MB02,CarbonBlack,OilWet,2024~1579350,2024~1579350,5,27.266666666666666,56.92,2.79,HISTORICAL_TEMPLATE_AND_BENCHMARK_ONLY,34.0,16.0,17.0,66.0,103.0,145.0,0.7,0.0,2.0,0.0,0.0,4.1,0,0,0,-21
M1-B00163RT-- 01 002,MB02,CarbonBlack,OilWet,2024~1579350,2024~1579350,2,27.27,56.92,2.78,HISTORICAL_TEMPLATE_AND_BENCHMARK_ONLY,34.0,17.0,5.0,75.0,102.0,145.0,0.7,0.0,5.0,0.0,0.0,4.1,0,0,0,-21
M1-B00163RT-- 01 002,MB02,CarbonBlack,OilWet,2024~1579350,2024~1579350,4,27.57531862745098,56.92,1.69,HISTORICAL_TEMPLATE_AND_BENCHMARK_ONLY,34.0,17.0,18.0,65.0,102.0,145.0,0.7,0.0,5.0,0.0,0.0,4.1,0,0,0,-21
M1-B00163RT-- 01 002,MB02,CarbonBlack,OilWet,2024~1539276,2024~1539276,5,28.050238425925926,53.42,0.0,HISTORICAL_TEMPLATE_AND_BENCHMARK_ONLY,34.0,16.0,5.0,73.0,82.0,145.0,0.0,0.0,0.0,0.0,0.0,0.0,0,0,0,0
M1-B00163RT-- 01 002,MB02,CarbonBlack,OilWet,2024~1539276,2024~1539276,8,28.210377314814817,53.42,-0.57,HISTORICAL_TEMPLATE_AND_BENCHMARK_ONLY,34.0,16.0,5.0,74.0,82.0,145.0,0.0,0.0,5.0,0.0,0.0,0.0,0,0,0,0
M1-B00163RT-- 01 002,MB02,CarbonBlack,OilWet,2024~1539276,2024~1539276,6,28.401733870967742,53.42,-1.25,HISTORICAL_TEMPLATE_AND_BENCHMARK_ONLY,34.0,17.0,5.0,70.0,84.0,145.0,0.0,0.0,2.0,0.0,0.0,0.0,0,0,0,0
M1-B00163RT-- 01 002,MB02,CarbonBlack,OilWet,2024~1539276,2024~1539276,7,27.18982175925926,53.42,4.27,HISTORICAL_TEMPLATE_AND_BENCHMARK_ONLY,34.0,16.0,5.0,74.0,82.0,145.0,0.0,0.0,3.0,0.0,0.0,0.0,0,0,0,0
M1-B00163RT-- 01 002,MB02,CarbonBlack,OilWet,2024~1579350,2024~1579350,5,27.266666666666666,56.92,4.0,HISTORICAL_TEMPLATE_AND_BENCHMARK_ONLY,34.0,16.0,17.0,66.0,103.0,145.0,0.7,0.0,0.0,0.0,0.0,4.1,0,0,0,-21
M1-B00163RT-- 01 002,MB02,CarbonBlack,OilWet,2024~1579350,2024~1579350,2,27.27,56.92,3.98,HISTORICAL_TEMPLATE_AND_BENCHMARK_ONLY,34.0,17.0,5.0,75.0,102.0,145.0,0.7,0.0,3.0,0.0,0.0,4.1,0,0,0,-21
M1-B00163RT-- 01 002,MB02,CarbonBlack,OilWet,2024~1579350,2024~1579350,4,27.57531862745098,56.92,2.91,HISTORICAL_TEMPLATE_AND_BENCHMARK_ONLY,34.0,17.0,18.0,65.0,102.0,145.0,0.7,0.0,7.0,0.0,0.0,4.1,0,0,0,-21
M1-B00163RT-- 01 002,MB02,CarbonBlack,OilWet,2024~1539276,2024~1539276,5,28.050238425925926,53.42,1.24,HISTORICAL_TEMPLATE_AND_BENCHMARK_ONLY,34.0,16.0,5.0,73.0,82.0,145.0,0.0,0.0,2.0,0.0,0.0,0.0,0,0,0,0
M1-B00163RT-- 01 002,MB02,CarbonBlack,OilWet,2024~1539276,2024~1539276,8,28.210377314814817,53.42,0.67,HISTORICAL_TEMPLATE_AND_BENCHMARK_ONLY,34.0,16.0,5.0,74.0,82.0,145.0,0.0,0.0,3.0,0.0,0.0,0.0,0,0,0,0
M1-B00163RT-- 01 002,MB02,CarbonBlack,OilWet,2024~1539276,2024~1539276,6,28.401733870967742,53.42,0.0,HISTORICAL_TEMPLATE_AND_BENCHMARK_ONLY,34.0,17.0,5.0,70.0,84.0,145.0,0.0,0.0,0.0,0.0,0.0,0.0,0,0,0,0
M1-B00458---- 12 005,MB02,CarbonBlack,OilWet,2265443,2265443,3,26.932499999999997,41.87,5.14,HISTORICAL_TEMPLATE_AND_BENCHMARK_ONLY,45.0,22.0,13.0,25.0,43.0,145.0,8.2,55.0,27.0,0.0,0.0,,0,0,0,-20
M1-B00458---- 12 005,MB02,CarbonBlack,OilWet,2259982,2259982,1,26.974166666666665,41.11666666666667,5.0,HISTORICAL_TEMPLATE_AND_BENCHMARK_ONLY,45.0,23.0,5.0,29.0,43.0,145.0,5.8,23.0,5.0,0.0,0.0,,0,0,0,-16
M1-B00458---- 12 005,MB02,CarbonBlack,OilWet,2288861,2288861,2,27.05166666666667,42.13333333333333,4.72,HISTORICAL_TEMPLATE_AND_BENCHMARK_ONLY,45.0,22.0,5.0,32.0,43.0,145.0,8.0,26.0,25.0,0.0,0.0,,0,0,0,-35
M1-B00458---- 12 005,MB02,CarbonBlack,OilWet,2265443,2265443,2,27.052916666666665,41.87,4.72,HISTORICAL_TEMPLATE_AND_BENCHMARK_ONLY,45.0,22.0,5.0,31.0,44.0,145.0,8.2,55.0,28.0,0.0,0.0,,0,0,0,-20
M1-B00458---- 12 005,MB02,CarbonBlack,OilWet,2270571,2270571,1,27.058472222222225,41.72333333333333,4.7,HISTORICAL_TEMPLATE_AND_BENCHMARK_ONLY,45.0,21.0,12.0,25.0,43.0,145.0,4.9,28.0,5.0,0.0,0.0,,0,0,0,-22
M1-B00458---- 12 005,MB02,CarbonBlack,OilWet,2290445,2290445,3,27.069444444444443,41.57,4.66,HISTORICAL_TEMPLATE_AND_BENCHMARK_ONLY,46.0,22.0,5.0,34.0,43.0,145.0,12.5,23.0,23.0,0.0,0.0,,0,0,0,-36
M1-B00458---- 12 005,MB02,CarbonBlack,OilWet,2280726,2280726,2,27.07027777777778,41.31,4.66,HISTORICAL_TEMPLATE_AND_BENCHMARK_ONLY,45.0,22.0,11.0,27.0,43.0,145.0,6.9,40.0,24.0,0.0,0.0,,0,0,0,-31
M1-B00458---- 12 005,MB02,CarbonBlack,OilWet,2262189,2262189,2,27.081111111111113,40.79,4.62,HISTORICAL_TEMPLATE_AND_BENCHMARK_ONLY,46.0,22.0,5.0,32.0,43.0,145.0,4.5,35.0,30.0,0.0,0.0,,0,0,0,-17
M1-B00458---- 12 005,MB02,CarbonBlack,OilWet,2270875,2270875,1,27.084722222222222,41.5,4.61,HISTORICAL_TEMPLATE_AND_BENCHMARK_ONLY,45.0,22.0,12.0,23.0,43.0,145.0,4.7,20.0,8.0,0.0,0.0,,0,0,0,-23
M1-B00458---- 12 005,MB02,CarbonBlack,OilWet,2262189,2262189,1,27.094166666666666,40.79,4.58,HISTORICAL_TEMPLATE_AND_BENCHMARK_ONLY,45.0,22.0,3.0,35.0,42.0,145.0,4.5,35.0,1.0,0.0,0.0,,0,0,0,-17
M1-B00458---- 12 005,MB02,CarbonBlack,OilWet,2269180,2269180,3,27.109583333333333,41.013333333333335,4.52,HISTORICAL_TEMPLATE_AND_BENCHMARK_ONLY,45.0,21.0,5.0,39.0,43.0,145.0,7.1,37.0,27.0,0.0,0.0,,0,0,0,-21
M1-B00458---- 12 005,MB02,CarbonBlack,OilWet,2285647,2285647,4,27.125694444444445,41.37,4.46,HISTORICAL_TEMPLATE_AND_BENCHMARK_ONLY,45.0,22.0,5.0,33.0,42.0,145.0,6.1,27.0,28.0,0.0,0.0,,0,0,0,-33
M1-B00458---- 12 005,MB02,CarbonBlack,OilWet,2285647,2285647,3,27.14472222222222,41.37,4.4,HISTORICAL_TEMPLATE_AND_BENCHMARK_ONLY,46.0,21.0,12.0,28.0,42.0,145.0,6.1,27.0,28.0,0.0,0.0,,0,0,0,-33
M1-B00458---- 12 005,MB02,CarbonBlack,OilWet,2253166,2253166,3,27.195555555555554,42.22,4.22,HISTORICAL_TEMPLATE_AND_BENCHMARK_ONLY,45.0,22.0,13.0,27.0,43.0,145.0,11.8,35.0,34.0,0.0,0.0,,0,0,0,-12
M1-B00458---- 12 005,MB02,CarbonBlack,OilWet,2231055,2231055,1,27.215833333333332,41.93333333333333,4.15,HISTORICAL_TEMPLATE_AND_BENCHMARK_ONLY,46.0,23.0,11.0,26.0,38.0,145.0,1.0,6.0,4.0,0.0,0.0,23.0,0,0,0,1
M1-B00458---- 12 005,MB02,CarbonBlack,OilWet,2256800,2256800,3,27.281805555555557,41.25,3.91,HISTORICAL_TEMPLATE_AND_BENCHMARK_ONLY,45.0,22.0,14.0,26.0,44.0,145.0,7.5,26.0,28.0,0.0,0.0,42.5,0,0,0,-14
M1-B00458---- 12 005,MB02,CarbonBlack,OilWet,2280726,2280726,1,27.315833333333334,41.31,3.79,HISTORICAL_TEMPLATE_AND_BENCHMARK_ONLY,46.0,22.0,5.0,30.0,44.0,145.0,6.9,40.0,2.0,0.0,0.0,,0,0,0,-31
M1-B00458---- 12 005,MB02,CarbonBlack,OilWet,2256800,2256800,4,27.320694444444445,41.25,3.78,HISTORICAL_TEMPLATE_AND_BENCHMARK_ONLY,45.0,22.0,13.0,25.0,43.0,145.0,7.5,26.0,22.0,0.0,0.0,42.5,0,0,0,-14
M1-B00458---- 12 005,MB02,CarbonBlack,OilWet,2285647,2285647,2,27.326805555555556,41.37,3.76,HISTORICAL_TEMPLATE_AND_BENCHMARK_ONLY,45.0,22.0,11.0,29.0,43.0,145.0,6.1,27.0,25.0,0.0,0.0,,0,0,0,-33
M1-B00458---- 12 005,MB02,CarbonBlack,OilWet,2253166,2253166,2,27.347083333333334,42.55,3.68,HISTORICAL_TEMPLATE_AND_BENCHMARK_ONLY,45.0,23.0,12.0,30.0,43.0,145.0,11.8,35.0,25.0,0.0,0.0,,0,0,0,-12
M1-B00458---- 12 005,MB02,CarbonBlack,OilWet,2265443,2265443,3,26.932499999999997,41.87,-1.55,HISTORICAL_TEMPLATE_AND_BENCHMARK_ONLY,45.0,22.0,13.0,25.0,43.0,145.0,8.2,55.0,10.0,0.0,0.0,,0,0,0,-20
M1-B00458---- 12 005,MB02,CarbonBlack,OilWet,2259982,2259982,1,26.974166666666665,41.11666666666667,-1.7,HISTORICAL_TEMPLATE_AND_BENCHMARK_ONLY,45.0,23.0,5.0,29.0,43.0,145.0,5.8,23.0,12.0,0.0,0.0,,0,0,0,-16
M1-B00458---- 12 005,MB02,CarbonBlack,OilWet,2288861,2288861,2,27.05166666666667,42.13333333333333,-2.0,HISTORICAL_TEMPLATE_AND_BENCHMARK_ONLY,45.0,22.0,5.0,32.0,43.0,145.0,8.0,26.0,8.0,0.0,0.0,,0,0,0,-35
M1-B00458---- 12 005,MB02,CarbonBlack,OilWet,2265443,2265443,2,27.052916666666665,41.87,-2.0,HISTORICAL_TEMPLATE_AND_BENCHMARK_ONLY,45.0,22.0,5.0,31.0,44.0,145.0,8.2,55.0,11.0,0.0,0.0,,0,0,0,-20
M1-B00458---- 12 005,MB02,CarbonBlack,OilWet,2270571,2270571,1,27.058472222222225,41.72333333333333,-2.02,HISTORICAL_TEMPLATE_AND_BENCHMARK_ONLY,45.0,21.0,12.0,25.0,43.0,145.0,4.9,28.0,22.0,0.0,0.0,,0,0,0,-22
M1-B00458---- 12 005,MB02,CarbonBlack,OilWet,2290445,2290445,3,27.069444444444443,41.57,-2.06,HISTORICAL_TEMPLATE_AND_BENCHMARK_ONLY,46.0,22.0,5.0,34.0,43.0,145.0,12.5,23.0,6.0,0.0,0.0,,0,0,0,-36
M1-B00458---- 12 005,MB02,CarbonBlack,OilWet,2280726,2280726,2,27.07027777777778,41.31,-2.07,HISTORICAL_TEMPLATE_AND_BENCHMARK_ONLY,45.0,22.0,11.0,27.0,43.0,145.0,6.9,40.0,7.0,0.0,0.0,,0,0,0,-31
M1-B00458---- 12 005,MB02,CarbonBlack,OilWet,2262189,2262189,2,27.081111111111113,40.79,-2.11,HISTORICAL_TEMPLATE_AND_BENCHMARK_ONLY,46.0,22.0,5.0,32.0,43.0,145.0,4.5,35.0,13.0,0.0,0.0,,0,0,0,-17
M1-B00458---- 12 005,MB02,CarbonBlack,OilWet,2270875,2270875,1,27.084722222222222,41.5,-2.12,HISTORICAL_TEMPLATE_AND_BENCHMARK_ONLY,45.0,22.0,12.0,23.0,43.0,145.0,4.7,20.0,25.0,0.0,0.0,,0,0,0,-23
M1-B00458---- 12 005,MB02,CarbonBlack,OilWet,2262189,2262189,1,27.094166666666666,40.79,-2.16,HISTORICAL_TEMPLATE_AND_BENCHMARK_ONLY,45.0,22.0,3.0,35.0,42.0,145.0,4.5,35.0,18.0,0.0,0.0,,0,0,0,-17
M1-B00458---- 12 005,MB02,CarbonBlack,OilWet,2269180,2269180,3,27.109583333333333,41.013333333333335,-2.21,HISTORICAL_TEMPLATE_AND_BENCHMARK_ONLY,45.0,21.0,5.0,39.0,43.0,145.0,7.1,37.0,10.0,0.0,0.0,,0,0,0,-21
M1-B00458---- 12 005,MB02,CarbonBlack,OilWet,2285647,2285647,4,27.125694444444445,41.37,-2.27,HISTORICAL_TEMPLATE_AND_BENCHMARK_ONLY,45.0,22.0,5.0,33.0,42.0,145.0,6.1,27.0,11.0,0.0,0.0,,0,0,0,-33
M1-B00458---- 12 005,MB02,CarbonBlack,OilWet,2285647,2285647,3,27.14472222222222,41.37,-2.35,HISTORICAL_TEMPLATE_AND_BENCHMARK_ONLY,46.0,21.0,12.0,28.0,42.0,145.0,6.1,27.0,11.0,0.0,0.0,,0,0,0,-33
M1-B00458---- 12 005,MB02,CarbonBlack,OilWet,2253166,2253166,3,27.195555555555554,42.22,-2.54,HISTORICAL_TEMPLATE_AND_BENCHMARK_ONLY,45.0,22.0,13.0,27.0,43.0,145.0,11.8,35.0,17.0,0.0,0.0,,0,0,0,-12
M1-B00458---- 12 005,MB02,CarbonBlack,OilWet,2231055,2231055,1,27.215833333333332,41.93333333333333,-2.61,HISTORICAL_TEMPLATE_AND_BENCHMARK_ONLY,46.0,23.0,11.0,26.0,38.0,145.0,1.0,6.0,21.0,0.0,0.0,23.0,0,0,0,1
M1-B00458---- 12 005,MB02,CarbonBlack,OilWet,2256800,2256800,3,27.281805555555557,41.25,-2.86,HISTORICAL_TEMPLATE_AND_BENCHMARK_ONLY,45.0,22.0,14.0,26.0,44.0,145.0,7.5,26.0,11.0,0.0,0.0,42.5,0,0,0,-14
M1-B00458---- 12 005,MB02,CarbonBlack,OilWet,2280726,2280726,1,27.315833333333334,41.31,-2.99,HISTORICAL_TEMPLATE_AND_BENCHMARK_ONLY,46.0,22.0,5.0,30.0,44.0,145.0,6.9,40.0,15.0,0.0,0.0,,0,0,0,-31
M1-B00458---- 12 005,MB02,CarbonBlack,OilWet,2256800,2256800,4,27.320694444444445,41.25,-3.01,HISTORICAL_TEMPLATE_AND_BENCHMARK_ONLY,45.0,22.0,13.0,25.0,43.0,145.0,7.5,26.0,5.0,0.0,0.0,42.5,0,0,0,-14
M1-B00458---- 12 005,MB02,CarbonBlack,OilWet,2285647,2285647,2,27.326805555555556,41.37,-3.03,HISTORICAL_TEMPLATE_AND_BENCHMARK_ONLY,45.0,22.0,11.0,29.0,43.0,145.0,6.1,27.0,8.0,0.0,0.0,,0,0,0,-33
M1-B00458---- 12 005,MB02,CarbonBlack,OilWet,2253166,2253166,2,27.347083333333334,42.55,-3.11,HISTORICAL_TEMPLATE_AND_BENCHMARK_ONLY,45.0,23.0,12.0,30.0,43.0,145.0,11.8,35.0,8.0,0.0,0.0,,0,0,0,-12
M1-B00458---- 12 005,MB02,CarbonBlack,OilWet,2265443,2265443,3,26.932499999999997,41.87,-0.91,HISTORICAL_TEMPLATE_AND_BENCHMARK_ONLY,45.0,22.0,13.0,25.0,43.0,145.0,8.2,55.0,3.0,0.0,0.0,,0,0,0,-20
M1-B00458---- 12 005,MB02,CarbonBlack,OilWet,2259982,2259982,1,26.974166666666665,41.11666666666667,-1.07,HISTORICAL_TEMPLATE_AND_BENCHMARK_ONLY,45.0,23.0,5.0,29.0,43.0,145.0,5.8,23.0,19.0,0.0,0.0,,0,0,0,-16
M1-B00458---- 12 005,MB02,CarbonBlack,OilWet,2288861,2288861,2,27.05166666666667,42.13333333333333,-1.36,HISTORICAL_TEMPLATE_AND_BENCHMARK_ONLY,45.0,22.0,5.0,32.0,43.0,145.0,8.0,26.0,1.0,0.0,0.0,,0,0,0,-35
M1-B00458---- 12 005,MB02,CarbonBlack,OilWet,2265443,2265443,2,27.052916666666665,41.87,-1.36,HISTORICAL_TEMPLATE_AND_BENCHMARK_ONLY,45.0,22.0,5.0,31.0,44.0,145.0,8.2,55.0,4.0,0.0,0.0,,0,0,0,-20
M1-B00458---- 12 005,MB02,CarbonBlack,OilWet,2270571,2270571,1,27.058472222222225,41.72333333333333,-1.38,HISTORICAL_TEMPLATE_AND_BENCHMARK_ONLY,45.0,21.0,12.0,25.0,43.0,145.0,4.9,28.0,29.0,0.0,0.0,,0,0,0,-22
M1-B00458---- 12 005,MB02,CarbonBlack,OilWet,2290445,2290445,3,27.069444444444443,41.57,-1.42,HISTORICAL_TEMPLATE_AND_BENCHMARK_ONLY,46.0,22.0,5.0,34.0,43.0,145.0,12.5,23.0,1.0,0.0,0.0,,0,0,0,-36
M1-B00458---- 12 005,MB02,CarbonBlack,OilWet,2280726,2280726,2,27.07027777777778,41.31,-1.43,HISTORICAL_TEMPLATE_AND_BENCHMARK_ONLY,45.0,22.0,11.0,27.0,43.0,145.0,6.9,40.0,0.0,0.0,0.0,,0,0,0,-31
M1-B00458---- 12 005,MB02,CarbonBlack,OilWet,2262189,2262189,2,27.081111111111113,40.79,-1.47,HISTORICAL_TEMPLATE_AND_BENCHMARK_ONLY,46.0,22.0,5.0,32.0,43.0,145.0,4.5,35.0,6.0,0.0,0.0,,0,0,0,-17
M1-B00458---- 12 005,MB02,CarbonBlack,OilWet,2270875,2270875,1,27.084722222222222,41.5,-1.48,HISTORICAL_TEMPLATE_AND_BENCHMARK_ONLY,45.0,22.0,12.0,23.0,43.0,145.0,4.7,20.0,32.0,0.0,0.0,,0,0,0,-23
M1-B00458---- 12 005,MB02,CarbonBlack,OilWet,2262189,2262189,1,27.094166666666666,40.79,-1.52,HISTORICAL_TEMPLATE_AND_BENCHMARK_ONLY,45.0,22.0,3.0,35.0,42.0,145.0,4.5,35.0,25.0,0.0,0.0,,0,0,0,-17
M1-B00458---- 12 005,MB02,CarbonBlack,OilWet,2269180,2269180,3,27.109583333333333,41.013333333333335,-1.57,HISTORICAL_TEMPLATE_AND_BENCHMARK_ONLY,45.0,21.0,5.0,39.0,43.0,145.0,7.1,37.0,3.0,0.0,0.0,,0,0,0,-21
M1-B00458---- 12 005,MB02,CarbonBlack,OilWet,2285647,2285647,4,27.125694444444445,41.37,-1.63,HISTORICAL_TEMPLATE_AND_BENCHMARK_ONLY,45.0,22.0,5.0,33.0,42.0,145.0,6.1,27.0,4.0,0.0,0.0,,0,0,0,-33
M1-B00458---- 12 005,MB02,CarbonBlack,OilWet,2285647,2285647,3,27.14472222222222,41.37,-1.71,HISTORICAL_TEMPLATE_AND_BENCHMARK_ONLY,46.0,21.0,12.0,28.0,42.0,145.0,6.1,27.0,4.0,0.0,0.0,,0,0,0,-33
M1-B00458---- 12 005,MB02,CarbonBlack,OilWet,2253166,2253166,3,27.195555555555554,42.22,-1.9,HISTORICAL_TEMPLATE_AND_BENCHMARK_ONLY,45.0,22.0,13.0,27.0,43.0,145.0,11.8,35.0,10.0,0.0,0.0,,0,0,0,-12
M1-B00458---- 12 005,MB02,CarbonBlack,OilWet,2231055,2231055,1,27.215833333333332,41.93333333333333,-1.97,HISTORICAL_TEMPLATE_AND_BENCHMARK_ONLY,46.0,23.0,11.0,26.0,38.0,145.0,1.0,6.0,28.0,0.0,0.0,23.0,0,0,0,1
M1-B00458---- 12 005,MB02,CarbonBlack,OilWet,2256800,2256800,3,27.281805555555557,41.25,-2.22,HISTORICAL_TEMPLATE_AND_BENCHMARK_ONLY,45.0,22.0,14.0,26.0,44.0,145.0,7.5,26.0,4.0,0.0,0.0,42.5,0,0,0,-14
M1-B00458---- 12 005,MB02,CarbonBlack,OilWet,2280726,2280726,1,27.315833333333334,41.31,-2.35,HISTORICAL_TEMPLATE_AND_BENCHMARK_ONLY,46.0,22.0,5.0,30.0,44.0,145.0,6.9,40.0,22.0,0.0,0.0,,0,0,0,-31
M1-B00458---- 12 005,MB02,CarbonBlack,OilWet,2256800,2256800,4,27.320694444444445,41.25,-2.36,HISTORICAL_TEMPLATE_AND_BENCHMARK_ONLY,45.0,22.0,13.0,25.0,43.0,145.0,7.5,26.0,2.0,0.0,0.0,42.5,0,0,0,-14
M1-B00458---- 12 005,MB02,CarbonBlack,OilWet,2285647,2285647,2,27.326805555555556,41.37,-2.39,HISTORICAL_TEMPLATE_AND_BENCHMARK_ONLY,45.0,22.0,11.0,29.0,43.0,145.0,6.1,27.0,1.0,0.0,0.0,,0,0,0,-33
M1-B00458---- 12 005,MB02,CarbonBlack,OilWet,2253166,2253166,2,27.347083333333334,42.55,-2.46,HISTORICAL_TEMPLATE_AND_BENCHMARK_ONLY,45.0,23.0,12.0,30.0,43.0,145.0,11.8,35.0,1.0,0.0,0.0,,0,0,0,-12
M1-B00458---- 12 005,MB02,CarbonBlack,OilWet,2265443,2265443,3,26.932499999999997,41.87,-0.15,HISTORICAL_TEMPLATE_AND_BENCHMARK_ONLY,45.0,22.0,13.0,25.0,43.0,145.0,7.5,47.0,4.0,0.0,0.0,,0,0,0,-19
M1-B00458---- 12 005,MB02,CarbonBlack,OilWet,2259982,2259982,1,26.974166666666665,41.11666666666667,-0.31,HISTORICAL_TEMPLATE_AND_BENCHMARK_ONLY,45.0,23.0,5.0,29.0,43.0,145.0,5.1,15.0,18.0,0.0,0.0,,0,0,0,-15
M1-B00458---- 12 005,MB02,CarbonBlack,OilWet,2288861,2288861,2,27.05166666666667,42.13333333333333,-0.59,HISTORICAL_TEMPLATE_AND_BENCHMARK_ONLY,45.0,22.0,5.0,32.0,43.0,145.0,7.3,18.0,2.0,0.0,0.0,,0,0,0,-34
M1-B00458---- 12 005,MB02,CarbonBlack,OilWet,2265443,2265443,2,27.052916666666665,41.87,-0.6,HISTORICAL_TEMPLATE_AND_BENCHMARK_ONLY,45.0,22.0,5.0,31.0,44.0,145.0,7.5,47.0,5.0,0.0,0.0,,0,0,0,-19
M1-B00458---- 12 005,MB02,CarbonBlack,OilWet,2270571,2270571,1,27.058472222222225,41.72333333333333,-0.62,HISTORICAL_TEMPLATE_AND_BENCHMARK_ONLY,45.0,21.0,12.0,25.0,43.0,145.0,4.2,20.0,28.0,0.0,0.0,,0,0,0,-21
M1-B00458---- 12 005,MB02,CarbonBlack,OilWet,2290445,2290445,3,27.069444444444443,41.57,-0.66,HISTORICAL_TEMPLATE_AND_BENCHMARK_ONLY,46.0,22.0,5.0,34.0,43.0,145.0,11.8,15.0,0.0,0.0,0.0,,0,0,0,-35
M1-B00458---- 12 005,MB02,CarbonBlack,OilWet,2280726,2280726,2,27.07027777777778,41.31,-0.66,HISTORICAL_TEMPLATE_AND_BENCHMARK_ONLY,45.0,22.0,11.0,27.0,43.0,145.0,6.2,32.0,1.0,0.0,0.0,,0,0,0,-30
M1-B00458---- 12 005,MB02,CarbonBlack,OilWet,2262189,2262189,2,27.081111111111113,40.79,-0.7,HISTORICAL_TEMPLATE_AND_BENCHMARK_ONLY,46.0,22.0,5.0,32.0,43.0,145.0,3.8,27.0,7.0,0.0,0.0,,0,0,0,-16
M1-B00458---- 12 005,MB02,CarbonBlack,OilWet,2270875,2270875,1,27.084722222222222,41.5,-0.72,HISTORICAL_TEMPLATE_AND_BENCHMARK_ONLY,45.0,22.0,12.0,23.0,43.0,145.0,4.0,12.0,31.0,0.0,0.0,,0,0,0,-22
M1-B00458---- 12 005,MB02,CarbonBlack,OilWet,2262189,2262189,1,27.094166666666666,40.79,-0.75,HISTORICAL_TEMPLATE_AND_BENCHMARK_ONLY,45.0,22.0,3.0,35.0,42.0,145.0,3.8,27.0,24.0,0.0,0.0,,0,0,0,-16
M1-B00458---- 12 005,MB02,CarbonBlack,OilWet,2269180,2269180,3,27.109583333333333,41.013333333333335,-0.81,HISTORICAL_TEMPLATE_AND_BENCHMARK_ONLY,45.0,21.0,5.0,39.0,43.0,145.0,6.4,29.0,4.0,0.0,0.0,,0,0,0,-20
M1-B00458---- 12 005,MB02,CarbonBlack,OilWet,2285647,2285647,4,27.125694444444445,41.37,-0.87,HISTORICAL_TEMPLATE_AND_BENCHMARK_ONLY,45.0,22.0,5.0,33.0,42.0,145.0,5.4,19.0,5.0,0.0,0.0,,0,0,0,-32
M1-B00458---- 12 005,MB02,CarbonBlack,OilWet,2285647,2285647,3,27.14472222222222,41.37,-0.94,HISTORICAL_TEMPLATE_AND_BENCHMARK_ONLY,46.0,21.0,12.0,28.0,42.0,145.0,5.4,19.0,5.0,0.0,0.0,,0,0,0,-32
M1-B00458---- 12 005,MB02,CarbonBlack,OilWet,2253166,2253166,3,27.195555555555554,42.22,-1.13,HISTORICAL_TEMPLATE_AND_BENCHMARK_ONLY,45.0,22.0,13.0,27.0,43.0,145.0,11.1,27.0,11.0,0.0,0.0,,0,0,0,-11
M1-B00458---- 12 005,MB02,CarbonBlack,OilWet,2231055,2231055,1,27.215833333333332,41.93333333333333,-1.21,HISTORICAL_TEMPLATE_AND_BENCHMARK_ONLY,46.0,23.0,11.0,26.0,38.0,145.0,0.3,2.0,27.0,0.0,0.0,67.0,0,0,0,2
M1-B00458---- 12 005,MB02,CarbonBlack,OilWet,2256800,2256800,3,27.281805555555557,41.25,-1.45,HISTORICAL_TEMPLATE_AND_BENCHMARK_ONLY,45.0,22.0,14.0,26.0,44.0,145.0,6.8,18.0,5.0,0.0,0.0,86.5,0,0,0,-13
M1-B00458---- 12 005,MB02,CarbonBlack,OilWet,2280726,2280726,1,27.315833333333334,41.31,-1.58,HISTORICAL_TEMPLATE_AND_BENCHMARK_ONLY,46.0,22.0,5.0,30.0,44.0,145.0,6.2,32.0,21.0,0.0,0.0,,0,0,0,-30
M1-B00458---- 12 005,MB02,CarbonBlack,OilWet,2256800,2256800,4,27.320694444444445,41.25,-1.6,HISTORICAL_TEMPLATE_AND_BENCHMARK_ONLY,45.0,22.0,13.0,25.0,43.0,145.0,6.8,18.0,1.0,0.0,0.0,86.5,0,0,0,-13
M1-B00458---- 12 005,MB02,CarbonBlack,OilWet,2285647,2285647,2,27.326805555555556,41.37,-1.62,HISTORICAL_TEMPLATE_AND_BENCHMARK_ONLY,45.0,22.0,11.0,29.0,43.0,145.0,5.4,19.0,2.0,0.0,0.0,,0,0,0,-32
M1-B00458---- 12 005,MB02,CarbonBlack,OilWet,2253166,2253166,2,27.347083333333334,42.55,-1.69,HISTORICAL_TEMPLATE_AND_BENCHMARK_ONLY,45.0,23.0,12.0,30.0,43.0,145.0,11.1,27.0,2.0,0.0,0.0,,0,0,0,-11
M1-B00458---- 12 005,MB02,CarbonBlack,OilWet,2265443,2265443,3,26.932499999999997,41.87,-0.98,HISTORICAL_TEMPLATE_AND_BENCHMARK_ONLY,45.0,22.0,13.0,25.0,43.0,145.0,7.5,47.0,0.0,0.0,0.0,,0,0,0,-19
M1-B00458---- 12 005,MB02,CarbonBlack,OilWet,2259982,2259982,1,26.974166666666665,41.11666666666667,-1.14,HISTORICAL_TEMPLATE_AND_BENCHMARK_ONLY,45.0,23.0,5.0,29.0,43.0,145.0,5.1,15.0,22.0,0.0,0.0,,0,0,0,-15
M1-B00458---- 12 005,MB02,CarbonBlack,OilWet,2288861,2288861,2,27.05166666666667,42.13333333333333,-1.43,HISTORICAL_TEMPLATE_AND_BENCHMARK_ONLY,45.0,22.0,5.0,32.0,43.0,145.0,7.3,18.0,2.0,0.0,0.0,,0,0,0,-34
M1-B00458---- 12 005,MB02,CarbonBlack,OilWet,2265443,2265443,2,27.052916666666665,41.87,-1.43,HISTORICAL_TEMPLATE_AND_BENCHMARK_ONLY,45.0,22.0,5.0,31.0,44.0,145.0,7.5,47.0,1.0,0.0,0.0,,0,0,0,-19
M1-B00458---- 12 005,MB02,CarbonBlack,OilWet,2270571,2270571,1,27.058472222222225,41.72333333333333,-1.45,HISTORICAL_TEMPLATE_AND_BENCHMARK_ONLY,45.0,21.0,12.0,25.0,43.0,145.0,4.2,20.0,32.0,0.0,0.0,,0,0,0,-21
M1-B00458---- 12 005,MB02,CarbonBlack,OilWet,2290445,2290445,3,27.069444444444443,41.57,-1.49,HISTORICAL_TEMPLATE_AND_BENCHMARK_ONLY,46.0,22.0,5.0,34.0,43.0,145.0,11.8,15.0,4.0,0.0,0.0,,0,0,0,-35
M1-B00458---- 12 005,MB02,CarbonBlack,OilWet,2280726,2280726,2,27.07027777777778,41.31,-1.5,HISTORICAL_TEMPLATE_AND_BENCHMARK_ONLY,45.0,22.0,11.0,27.0,43.0,145.0,6.2,32.0,3.0,0.0,0.0,,0,0,0,-30
M1-B00458---- 12 005,MB02,CarbonBlack,OilWet,2262189,2262189,2,27.081111111111113,40.79,-1.54,HISTORICAL_TEMPLATE_AND_BENCHMARK_ONLY,46.0,22.0,5.0,32.0,43.0,145.0,3.8,27.0,3.0,0.0,0.0,,0,0,0,-16
M1-B00458---- 12 005,MB02,CarbonBlack,OilWet,2270875,2270875,1,27.084722222222222,41.5,-1.55,HISTORICAL_TEMPLATE_AND_BENCHMARK_ONLY,45.0,22.0,12.0,23.0,43.0,145.0,4.0,12.0,35.0,0.0,0.0,,0,0,0,-22
M1-B00458---- 12 005,MB02,CarbonBlack,OilWet,2262189,2262189,1,27.094166666666666,40.79,-1.59,HISTORICAL_TEMPLATE_AND_BENCHMARK_ONLY,45.0,22.0,3.0,35.0,42.0,145.0,3.8,27.0,28.0,0.0,0.0,,0,0,0,-16
M1-B00458---- 12 005,MB02,CarbonBlack,OilWet,2269180,2269180,3,27.109583333333333,41.013333333333335,-1.64,HISTORICAL_TEMPLATE_AND_BENCHMARK_ONLY,45.0,21.0,5.0,39.0,43.0,145.0,6.4,29.0,0.0,0.0,0.0,,0,0,0,-20
M1-B00458---- 12 005,MB02,CarbonBlack,OilWet,2285647,2285647,4,27.125694444444445,41.37,-1.7,HISTORICAL_TEMPLATE_AND_BENCHMARK_ONLY,45.0,22.0,5.0,33.0,42.0,145.0,5.4,19.0,1.0,0.0,0.0,,0,0,0,-32
M1-B00458---- 12 005,MB02,CarbonBlack,OilWet,2285647,2285647,3,27.14472222222222,41.37,-1.78,HISTORICAL_TEMPLATE_AND_BENCHMARK_ONLY,46.0,21.0,12.0,28.0,42.0,145.0,5.4,19.0,1.0,0.0,0.0,,0,0,0,-32
M1-B00458---- 12 005,MB02,CarbonBlack,OilWet,2253166,2253166,3,27.195555555555554,42.22,-1.97,HISTORICAL_TEMPLATE_AND_BENCHMARK_ONLY,45.0,22.0,13.0,27.0,43.0,145.0,11.1,27.0,7.0,0.0,0.0,,0,0,0,-11
M1-B00458---- 12 005,MB02,CarbonBlack,OilWet,2231055,2231055,1,27.215833333333332,41.93333333333333,-2.04,HISTORICAL_TEMPLATE_AND_BENCHMARK_ONLY,46.0,23.0,11.0,26.0,38.0,145.0,0.3,2.0,31.0,0.0,0.0,67.0,0,0,0,2
M1-B00458---- 12 005,MB02,CarbonBlack,OilWet,2256800,2256800,3,27.281805555555557,41.25,-2.29,HISTORICAL_TEMPLATE_AND_BENCHMARK_ONLY,45.0,22.0,14.0,26.0,44.0,145.0,6.8,18.0,1.0,0.0,0.0,86.5,0,0,0,-13
M1-B00458---- 12 005,MB02,CarbonBlack,OilWet,2280726,2280726,1,27.315833333333334,41.31,-2.42,HISTORICAL_TEMPLATE_AND_BENCHMARK_ONLY,46.0,22.0,5.0,30.0,44.0,145.0,6.2,32.0,25.0,0.0,0.0,,0,0,0,-30
M1-B00458---- 12 005,MB02,CarbonBlack,OilWet,2256800,2256800,4,27.320694444444445,41.25,-2.44,HISTORICAL_TEMPLATE_AND_BENCHMARK_ONLY,45.0,22.0,13.0,25.0,43.0,145.0,6.8,18.0,5.0,0.0,0.0,86.5,0,0,0,-13
M1-B00458---- 12 005,MB02,CarbonBlack,OilWet,2285647,2285647,2,27.326805555555556,41.37,-2.46,HISTORICAL_TEMPLATE_AND_BENCHMARK_ONLY,45.0,22.0,11.0,29.0,43.0,145.0,5.4,19.0,2.0,0.0,0.0,,0,0,0,-32
M1-B00458---- 12 005,MB02,CarbonBlack,OilWet,2253166,2253166,2,27.347083333333334,42.55,-2.54,HISTORICAL_TEMPLATE_AND_BENCHMARK_ONLY,45.0,23.0,12.0,30.0,43.0,145.0,11.1,27.0,2.0,0.0,0.0,,0,0,0,-11
M1-B00458---- 12 005,MB02,CarbonBlack,OilWet,2265443,2265443,3,26.932499999999997,41.87,1.04,HISTORICAL_TEMPLATE_AND_BENCHMARK_ONLY,45.0,22.0,13.0,25.0,43.0,145.0,7.2,49.0,31.0,0.0,0.0,,0,0,0,-21
M1-B00458---- 12 005,MB02,CarbonBlack,OilWet,2259982,2259982,1,26.974166666666665,41.11666666666667,0.89,HISTORICAL_TEMPLATE_AND_BENCHMARK_ONLY,45.0,23.0,5.0,29.0,43.0,145.0,4.8,17.0,9.0,0.0,0.0,,0,0,0,-17
M1-B00458---- 12 005,MB02,CarbonBlack,OilWet,2288861,2288861,2,27.05166666666667,42.13333333333333,0.6,HISTORICAL_TEMPLATE_AND_BENCHMARK_ONLY,45.0,22.0,5.0,32.0,43.0,145.0,7.0,20.0,29.0,0.0,0.0,,0,0,0,-36
M1-B00458---- 12 005,MB02,CarbonBlack,OilWet,2265443,2265443,2,27.052916666666665,41.87,0.6,HISTORICAL_TEMPLATE_AND_BENCHMARK_ONLY,45.0,22.0,5.0,31.0,44.0,145.0,7.2,49.0,32.0,0.0,0.0,,0,0,0,-21
M1-B00458---- 12 005,MB02,CarbonBlack,OilWet,2270571,2270571,1,27.058472222222225,41.72333333333333,0.58,HISTORICAL_TEMPLATE_AND_BENCHMARK_ONLY,45.0,21.0,12.0,25.0,43.0,145.0,3.9,22.0,1.0,0.0,0.0,,0,0,0,-24
M1-B00458---- 12 005,MB02,CarbonBlack,OilWet,2290445,2290445,3,27.069444444444443,41.57,0.54,HISTORICAL_TEMPLATE_AND_BENCHMARK_ONLY,46.0,22.0,5.0,34.0,43.0,145.0,11.5,17.0,27.0,0.0,0.0,,0,0,0,-37
M1-B00458---- 12 005,MB02,CarbonBlack,OilWet,2280726,2280726,2,27.07027777777778,41.31,0.53,HISTORICAL_TEMPLATE_AND_BENCHMARK_ONLY,45.0,22.0,11.0,27.0,43.0,145.0,5.9,34.0,28.0,0.0,0.0,,0,0,0,-33
M1-B00458---- 12 005,MB02,CarbonBlack,OilWet,2262189,2262189,2,27.081111111111113,40.79,0.5,HISTORICAL_TEMPLATE_AND_BENCHMARK_ONLY,46.0,22.0,5.0,32.0,43.0,145.0,3.5,29.0,34.0,0.0,0.0,,0,0,0,-19
M1-B00458---- 12 005,MB02,CarbonBlack,OilWet,2270875,2270875,1,27.084722222222222,41.5,0.48,HISTORICAL_TEMPLATE_AND_BENCHMARK_ONLY,45.0,22.0,12.0,23.0,43.0,145.0,3.7,14.0,4.0,0.0,0.0,,0,0,0,-24
M1-B00458---- 12 005,MB02,CarbonBlack,OilWet,2262189,2262189,1,27.094166666666666,40.79,0.45,HISTORICAL_TEMPLATE_AND_BENCHMARK_ONLY,45.0,22.0,3.0,35.0,42.0,145.0,3.5,29.0,3.0,0.0,0.0,,0,0,0,-19
M1-B00458---- 12 005,MB02,CarbonBlack,OilWet,2269180,2269180,3,27.109583333333333,41.013333333333335,0.39,HISTORICAL_TEMPLATE_AND_BENCHMARK_ONLY,45.0,21.0,5.0,39.0,43.0,145.0,6.1,31.0,31.0,0.0,0.0,,0,0,0,-22
M1-B00458---- 12 005,MB02,CarbonBlack,OilWet,2285647,2285647,4,27.125694444444445,41.37,0.33,HISTORICAL_TEMPLATE_AND_BENCHMARK_ONLY,45.0,22.0,5.0,33.0,42.0,145.0,5.1,21.0,32.0,0.0,0.0,,0,0,0,-35
M1-B00458---- 12 005,MB02,CarbonBlack,OilWet,2285647,2285647,3,27.14472222222222,41.37,0.26,HISTORICAL_TEMPLATE_AND_BENCHMARK_ONLY,46.0,21.0,12.0,28.0,42.0,145.0,5.1,21.0,32.0,0.0,0.0,,0,0,0,-35
M1-B00458---- 12 005,MB02,CarbonBlack,OilWet,2253166,2253166,3,27.195555555555554,42.22,0.07,HISTORICAL_TEMPLATE_AND_BENCHMARK_ONLY,45.0,22.0,13.0,27.0,43.0,145.0,10.8,29.0,38.0,0.0,0.0,,0,0,0,-13
M1-B00458---- 12 005,MB02,CarbonBlack,OilWet,2231055,2231055,1,27.215833333333332,41.93333333333333,0.0,HISTORICAL_TEMPLATE_AND_BENCHMARK_ONLY,46.0,23.0,11.0,26.0,38.0,145.0,0.0,0.0,0.0,0.0,0.0,0.0,0,0,0,0
M1-B00458---- 12 005,MB02,CarbonBlack,OilWet,2256800,2256800,3,27.281805555555557,41.25,-0.24,HISTORICAL_TEMPLATE_AND_BENCHMARK_ONLY,45.0,22.0,14.0,26.0,44.0,145.0,6.5,20.0,32.0,0.0,0.0,19.5,0,0,0,-15
M1-B00458---- 12 005,MB02,CarbonBlack,OilWet,2280726,2280726,1,27.315833333333334,41.31,-0.37,HISTORICAL_TEMPLATE_AND_BENCHMARK_ONLY,46.0,22.0,5.0,30.0,44.0,145.0,5.9,34.0,6.0,0.0,0.0,,0,0,0,-33
M1-B00458---- 12 005,MB02,CarbonBlack,OilWet,2256800,2256800,4,27.320694444444445,41.25,-0.39,HISTORICAL_TEMPLATE_AND_BENCHMARK_ONLY,45.0,22.0,13.0,25.0,43.0,145.0,6.5,20.0,26.0,0.0,0.0,19.5,0,0,0,-15
M1-B00458---- 12 005,MB02,CarbonBlack,OilWet,2285647,2285647,2,27.326805555555556,41.37,-0.41,HISTORICAL_TEMPLATE_AND_BENCHMARK_ONLY,45.0,22.0,11.0,29.0,43.0,145.0,5.1,21.0,29.0,0.0,0.0,,0,0,0,-35
M1-B00458---- 12 005,MB02,CarbonBlack,OilWet,2253166,2253166,2,27.347083333333334,42.55,-0.48,HISTORICAL_TEMPLATE_AND_BENCHMARK_ONLY,45.0,23.0,12.0,30.0,43.0,145.0,10.8,29.0,29.0,0.0,0.0,,0,0,0,-13
M1-B00458---- 12 005,MB02,CarbonBlack,OilWet,2265443,2265443,3,26.932499999999997,41.87,-1.12,HISTORICAL_TEMPLATE_AND_BENCHMARK_ONLY,45.0,22.0,13.0,25.0,43.0,145.0,7.2,49.0,2.0,0.0,0.0,,0,0,0,-21
M1-B00458---- 12 005,MB02,CarbonBlack,OilWet,2259982,2259982,1,26.974166666666665,41.11666666666667,-1.28,HISTORICAL_TEMPLATE_AND_BENCHMARK_ONLY,45.0,23.0,5.0,29.0,43.0,145.0,4.8,17.0,20.0,0.0,0.0,,0,0,0,-17
M1-B00458---- 12 005,MB02,CarbonBlack,OilWet,2288861,2288861,2,27.05166666666667,42.13333333333333,-1.57,HISTORICAL_TEMPLATE_AND_BENCHMARK_ONLY,45.0,22.0,5.0,32.0,43.0,145.0,7.0,20.0,0.0,0.0,0.0,,0,0,0,-36
M1-B00458---- 12 005,MB02,CarbonBlack,OilWet,2265443,2265443,2,27.052916666666665,41.87,-1.57,HISTORICAL_TEMPLATE_AND_BENCHMARK_ONLY,45.0,22.0,5.0,31.0,44.0,145.0,7.2,49.0,3.0,0.0,0.0,,0,0,0,-21
M1-B00458---- 12 005,MB02,CarbonBlack,OilWet,2270571,2270571,1,27.058472222222225,41.72333333333333,-1.59,HISTORICAL_TEMPLATE_AND_BENCHMARK_ONLY,45.0,21.0,12.0,25.0,43.0,145.0,3.9,22.0,30.0,0.0,0.0,,0,0,0,-24
M1-B00458---- 12 005,MB02,CarbonBlack,OilWet,2290445,2290445,3,27.069444444444443,41.57,-1.64,HISTORICAL_TEMPLATE_AND_BENCHMARK_ONLY,46.0,22.0,5.0,34.0,43.0,145.0,11.5,17.0,2.0,0.0,0.0,,0,0,0,-37
M1-B00458---- 12 005,MB02,CarbonBlack,OilWet,2280726,2280726,2,27.07027777777778,41.31,-1.64,HISTORICAL_TEMPLATE_AND_BENCHMARK_ONLY,45.0,22.0,11.0,27.0,43.0,145.0,5.9,34.0,1.0,0.0,0.0,,0,0,0,-33
M1-B00458---- 12 005,MB02,CarbonBlack,OilWet,2262189,2262189,2,27.081111111111113,40.79,-1.68,HISTORICAL_TEMPLATE_AND_BENCHMARK_ONLY,46.0,22.0,5.0,32.0,43.0,145.0,3.5,29.0,5.0,0.0,0.0,,0,0,0,-19
M1-B00458---- 12 005,MB02,CarbonBlack,OilWet,2270875,2270875,1,27.084722222222222,41.5,-1.69,HISTORICAL_TEMPLATE_AND_BENCHMARK_ONLY,45.0,22.0,12.0,23.0,43.0,145.0,3.7,14.0,33.0,0.0,0.0,,0,0,0,-24
M1-B00458---- 12 005,MB02,CarbonBlack,OilWet,2262189,2262189,1,27.094166666666666,40.79,-1.73,HISTORICAL_TEMPLATE_AND_BENCHMARK_ONLY,45.0,22.0,3.0,35.0,42.0,145.0,3.5,29.0,26.0,0.0,0.0,,0,0,0,-19
M1-B00458---- 12 005,MB02,CarbonBlack,OilWet,2269180,2269180,3,27.109583333333333,41.013333333333335,-1.79,HISTORICAL_TEMPLATE_AND_BENCHMARK_ONLY,45.0,21.0,5.0,39.0,43.0,145.0,6.1,31.0,2.0,0.0,0.0,,0,0,0,-22
M1-B00458---- 12 005,MB02,CarbonBlack,OilWet,2285647,2285647,4,27.125694444444445,41.37,-1.85,HISTORICAL_TEMPLATE_AND_BENCHMARK_ONLY,45.0,22.0,5.0,33.0,42.0,145.0,5.1,21.0,3.0,0.0,0.0,,0,0,0,-35
M1-B00458---- 12 005,MB02,CarbonBlack,OilWet,2285647,2285647,3,27.14472222222222,41.37,-1.92,HISTORICAL_TEMPLATE_AND_BENCHMARK_ONLY,46.0,21.0,12.0,28.0,42.0,145.0,5.1,21.0,3.0,0.0,0.0,,0,0,0,-35
M1-B00458---- 12 005,MB02,CarbonBlack,OilWet,2253166,2253166,3,27.195555555555554,42.22,-2.11,HISTORICAL_TEMPLATE_AND_BENCHMARK_ONLY,45.0,22.0,13.0,27.0,43.0,145.0,10.8,29.0,9.0,0.0,0.0,,0,0,0,-13
M1-B00458---- 12 005,MB02,CarbonBlack,OilWet,2231055,2231055,1,27.215833333333332,41.93333333333333,-2.18,HISTORICAL_TEMPLATE_AND_BENCHMARK_ONLY,46.0,23.0,11.0,26.0,38.0,145.0,0.0,0.0,29.0,0.0,0.0,0.0,0,0,0,0
M1-B00458---- 12 005,MB02,CarbonBlack,OilWet,2256800,2256800,3,27.281805555555557,41.25,-2.43,HISTORICAL_TEMPLATE_AND_BENCHMARK_ONLY,45.0,22.0,14.0,26.0,44.0,145.0,6.5,20.0,3.0,0.0,0.0,19.5,0,0,0,-15
M1-B00458---- 12 005,MB02,CarbonBlack,OilWet,2280726,2280726,1,27.315833333333334,41.31,-2.56,HISTORICAL_TEMPLATE_AND_BENCHMARK_ONLY,46.0,22.0,5.0,30.0,44.0,145.0,5.9,34.0,23.0,0.0,0.0,,0,0,0,-33
M1-B00458---- 12 005,MB02,CarbonBlack,OilWet,2256800,2256800,4,27.320694444444445,41.25,-2.58,HISTORICAL_TEMPLATE_AND_BENCHMARK_ONLY,45.0,22.0,13.0,25.0,43.0,145.0,6.5,20.0,3.0,0.0,0.0,19.5,0,0,0,-15
M1-B00458---- 12 005,MB02,CarbonBlack,OilWet,2285647,2285647,2,27.326805555555556,41.37,-2.6,HISTORICAL_TEMPLATE_AND_BENCHMARK_ONLY,45.0,22.0,11.0,29.0,43.0,145.0,5.1,21.0,0.0,0.0,0.0,,0,0,0,-35
M1-B00458---- 12 005,MB02,CarbonBlack,OilWet,2253166,2253166,2,27.347083333333334,42.55,-2.68,HISTORICAL_TEMPLATE_AND_BENCHMARK_ONLY,45.0,23.0,12.0,30.0,43.0,145.0,10.8,29.0,0.0,0.0,0.0,,0,0,0,-13
M1-B00458---- 12 005,MB02,CarbonBlack,OilWet,2259982,2259982,1,26.974166666666665,41.11666666666667,15.93,HISTORICAL_TEMPLATE_AND_BENCHMARK_ONLY,45.0,23.0,5.0,29.0,43.0,145.0,2.5,2.0,7.0,0.0,0.0,,0,0,0,-12
M1-B00458---- 12 005,MB02,CarbonBlack,OilWet,2290445,2290445,3,27.069444444444443,41.57,15.63,HISTORICAL_TEMPLATE_AND_BENCHMARK_ONLY,46.0,22.0,5.0,34.0,43.0,145.0,9.2,2.0,25.0,0.0,0.0,,0,0,0,-32
M1-B00458---- 12 005,MB02,CarbonBlack,OilWet,2280726,2280726,2,27.07027777777778,41.31,15.63,HISTORICAL_TEMPLATE_AND_BENCHMARK_ONLY,45.0,22.0,11.0,27.0,43.0,145.0,3.6,15.0,26.0,0.0,0.0,,0,0,0,-28
M1-B00458---- 12 005,MB02,CarbonBlack,OilWet,2262189,2262189,2,27.081111111111113,40.79,15.6,HISTORICAL_TEMPLATE_AND_BENCHMARK_ONLY,46.0,22.0,5.0,32.0,43.0,145.0,1.2,10.0,32.0,0.0,0.0,,0,0,0,-14
M1-B00458---- 12 005,MB02,CarbonBlack,OilWet,2270875,2270875,1,27.084722222222222,41.5,15.58,HISTORICAL_TEMPLATE_AND_BENCHMARK_ONLY,45.0,22.0,12.0,23.0,43.0,145.0,1.4,5.0,6.0,0.0,0.0,,0,0,0,-19
M1-B00458---- 12 005,MB02,CarbonBlack,OilWet,2262189,2262189,1,27.094166666666666,40.79,15.56,HISTORICAL_TEMPLATE_AND_BENCHMARK_ONLY,45.0,22.0,3.0,35.0,42.0,145.0,1.2,10.0,1.0,0.0,0.0,,0,0,0,-14
M1-B00458---- 12 005,MB02,CarbonBlack,OilWet,2269180,2269180,3,27.109583333333333,41.013333333333335,15.51,HISTORICAL_TEMPLATE_AND_BENCHMARK_ONLY,45.0,21.0,5.0,39.0,43.0,145.0,3.8,12.0,29.0,0.0,0.0,,0,0,0,-17
M1-B00458---- 12 005,MB02,CarbonBlack,OilWet,2285647,2285647,4,27.125694444444445,41.37,15.46,HISTORICAL_TEMPLATE_AND_BENCHMARK_ONLY,45.0,22.0,5.0,33.0,42.0,145.0,2.8,2.0,30.0,0.0,0.0,,0,0,0,-30
M1-B00458---- 12 005,MB02,CarbonBlack,OilWet,2285647,2285647,3,27.14472222222222,41.37,15.4,HISTORICAL_TEMPLATE_AND_BENCHMARK_ONLY,46.0,21.0,12.0,28.0,42.0,145.0,2.8,2.0,30.0,0.0,0.0,,0,0,0,-30
M1-B00458---- 12 005,MB02,CarbonBlack,OilWet,2256800,2256800,3,27.281805555555557,41.25,14.97,HISTORICAL_TEMPLATE_AND_BENCHMARK_ONLY,45.0,22.0,14.0,26.0,44.0,145.0,4.2,1.0,30.0,0.0,0.0,86.5,0,0,0,-10
M1-B00458---- 12 005,MB02,CarbonBlack,OilWet,2280726,2280726,1,27.315833333333334,41.31,14.86,HISTORICAL_TEMPLATE_AND_BENCHMARK_ONLY,46.0,22.0,5.0,30.0,44.0,145.0,3.6,15.0,4.0,0.0,0.0,,0,0,0,-28
M1-B00458---- 12 005,MB02,CarbonBlack,OilWet,2256800,2256800,4,27.320694444444445,41.25,14.85,HISTORICAL_TEMPLATE_AND_BENCHMARK_ONLY,45.0,22.0,13.0,25.0,43.0,145.0,4.2,1.0,24.0,0.0,0.0,86.5,0,0,0,-10
M1-B00458---- 12 005,MB02,CarbonBlack,OilWet,2285647,2285647,2,27.326805555555556,41.37,14.83,HISTORICAL_TEMPLATE_AND_BENCHMARK_ONLY,45.0,22.0,11.0,29.0,43.0,145.0,2.8,2.0,27.0,0.0,0.0,,0,0,0,-30
M1-B00458---- 12 005,MB02,CarbonBlack,OilWet,2265346,2265346,1,27.389583333333334,40.63333333333333,14.63,HISTORICAL_TEMPLATE_AND_BENCHMARK_ONLY,45.0,24.0,12.0,25.0,43.0,145.0,4.4,7.0,3.0,0.0,0.0,,0,0,0,-15
M1-B00458---- 12 005,MB02,CarbonBlack,OilWet,2275252,2275252,2,27.440277777777776,41.02666666666666,14.48,HISTORICAL_TEMPLATE_AND_BENCHMARK_ONLY,45.0,22.0,12.0,27.0,43.0,145.0,8.0,6.0,25.0,0.0,0.0,,0,0,0,-23
M1-B00458---- 12 005,MB02,CarbonBlack,OilWet,2304745,2304745,4,27.49027777777778,39.803333333333335,14.32,HISTORICAL_TEMPLATE_AND_BENCHMARK_ONLY,45.0,22.0,16.0,29.0,63.0,145.0,7.5,8.0,38.0,0.0,0.0,,0,0,0,-41
M1-B00458---- 12 005,MB02,CarbonBlack,OilWet,2334449,2334449,24,27.506944444444443,40.24,14.27,HISTORICAL_TEMPLATE_AND_BENCHMARK_ONLY,48.0,21.0,15.0,26.0,62.0,145.0,5.1,3.0,41.0,0.0,0.0,,0,0,0,-64
M1-B00458---- 12 005,MB02,CarbonBlack,OilWet,2276452,2276452,3,27.51127173237969,41.51333333333333,14.26,HISTORICAL_TEMPLATE_AND_BENCHMARK_ONLY,45.0,22.0,12.0,26.0,43.0,145.0,8.9,8.0,18.0,0.0,0.0,,0,0,0,-23
M1-B00458---- 12 005,MB02,CarbonBlack,OilWet,2265346,2265346,2,27.535416666666666,40.63333333333333,14.18,HISTORICAL_TEMPLATE_AND_BENCHMARK_ONLY,45.0,23.0,5.0,36.0,43.0,145.0,4.4,7.0,23.0,0.0,0.0,,0,0,0,-15
M1-B00458---- 12 005,MB02,CarbonBlack,OilWet,2275252,2275252,3,27.541944444444447,41.02666666666666,14.16,HISTORICAL_TEMPLATE_AND_BENCHMARK_ONLY,45.0,22.0,13.0,23.0,43.0,145.0,8.0,6.0,27.0,0.0,0.0,,0,0,0,-23
M1-B00458---- 12 005,MB02,CarbonBlack,OilWet,2259982,2259982,1,26.974166666666665,41.11666666666667,12.54,HISTORICAL_TEMPLATE_AND_BENCHMARK_ONLY,45.0,23.0,5.0,29.0,43.0,145.0,2.5,2.0,11.0,0.0,0.0,,0,0,0,-12
M1-B00458---- 12 005,MB02,CarbonBlack,OilWet,2290445,2290445,3,27.069444444444443,41.57,12.24,HISTORICAL_TEMPLATE_AND_BENCHMARK_ONLY,46.0,22.0,5.0,34.0,43.0,145.0,9.2,2.0,7.0,0.0,0.0,,0,0,0,-32
M1-B00458---- 12 005,MB02,CarbonBlack,OilWet,2280726,2280726,2,27.07027777777778,41.31,12.23,HISTORICAL_TEMPLATE_AND_BENCHMARK_ONLY,45.0,22.0,11.0,27.0,43.0,145.0,3.6,15.0,8.0,0.0,0.0,,0,0,0,-28
M1-B00458---- 12 005,MB02,CarbonBlack,OilWet,2262189,2262189,2,27.081111111111113,40.79,12.2,HISTORICAL_TEMPLATE_AND_BENCHMARK_ONLY,46.0,22.0,5.0,32.0,43.0,145.0,1.2,10.0,14.0,0.0,0.0,,0,0,0,-14
M1-B00458---- 12 005,MB02,CarbonBlack,OilWet,2270875,2270875,1,27.084722222222222,41.5,12.19,HISTORICAL_TEMPLATE_AND_BENCHMARK_ONLY,45.0,22.0,12.0,23.0,43.0,145.0,1.4,5.0,24.0,0.0,0.0,,0,0,0,-19
M1-B00458---- 12 005,MB02,CarbonBlack,OilWet,2262189,2262189,1,27.094166666666666,40.79,12.16,HISTORICAL_TEMPLATE_AND_BENCHMARK_ONLY,45.0,22.0,3.0,35.0,42.0,145.0,1.2,10.0,17.0,0.0,0.0,,0,0,0,-14
M1-B00458---- 12 005,MB02,CarbonBlack,OilWet,2269180,2269180,3,27.109583333333333,41.013333333333335,12.11,HISTORICAL_TEMPLATE_AND_BENCHMARK_ONLY,45.0,21.0,5.0,39.0,43.0,145.0,3.8,12.0,11.0,0.0,0.0,,0,0,0,-17
M1-B00458---- 12 005,MB02,CarbonBlack,OilWet,2285647,2285647,4,27.125694444444445,41.37,12.05,HISTORICAL_TEMPLATE_AND_BENCHMARK_ONLY,45.0,22.0,5.0,33.0,42.0,145.0,2.8,2.0,12.0,0.0,0.0,,0,0,0,-30
M1-B00458---- 12 005,MB02,CarbonBlack,OilWet,2285647,2285647,3,27.14472222222222,41.37,11.99,HISTORICAL_TEMPLATE_AND_BENCHMARK_ONLY,46.0,21.0,12.0,28.0,42.0,145.0,2.8,2.0,12.0,0.0,0.0,,0,0,0,-30
M1-B00458---- 12 005,MB02,CarbonBlack,OilWet,2256800,2256800,3,27.281805555555557,41.25,11.55,HISTORICAL_TEMPLATE_AND_BENCHMARK_ONLY,45.0,22.0,14.0,26.0,44.0,145.0,4.2,1.0,12.0,0.0,0.0,86.5,0,0,0,-10
M1-B00458---- 12 005,MB02,CarbonBlack,OilWet,2280726,2280726,1,27.315833333333334,41.31,11.44,HISTORICAL_TEMPLATE_AND_BENCHMARK_ONLY,46.0,22.0,5.0,30.0,44.0,145.0,3.6,15.0,14.0,0.0,0.0,,0,0,0,-28
M1-B00458---- 12 005,MB02,CarbonBlack,OilWet,2256800,2256800,4,27.320694444444445,41.25,11.42,HISTORICAL_TEMPLATE_AND_BENCHMARK_ONLY,45.0,22.0,13.0,25.0,43.0,145.0,4.2,1.0,6.0,0.0,0.0,86.5,0,0,0,-10
M1-B00458---- 12 005,MB02,CarbonBlack,OilWet,2285647,2285647,2,27.326805555555556,41.37,11.4,HISTORICAL_TEMPLATE_AND_BENCHMARK_ONLY,45.0,22.0,11.0,29.0,43.0,145.0,2.8,2.0,9.0,0.0,0.0,,0,0,0,-30
M1-B00458---- 12 005,MB02,CarbonBlack,OilWet,2265346,2265346,1,27.389583333333334,40.63333333333333,11.2,HISTORICAL_TEMPLATE_AND_BENCHMARK_ONLY,45.0,24.0,12.0,25.0,43.0,145.0,4.4,7.0,21.0,0.0,0.0,,0,0,0,-15
M1-B00458---- 12 005,MB02,CarbonBlack,OilWet,2275252,2275252,2,27.440277777777776,41.02666666666666,11.03,HISTORICAL_TEMPLATE_AND_BENCHMARK_ONLY,45.0,22.0,12.0,27.0,43.0,145.0,8.0,6.0,7.0,0.0,0.0,,0,0,0,-23
M1-B00458---- 12 005,MB02,CarbonBlack,OilWet,2304745,2304745,4,27.49027777777778,39.803333333333335,10.87,HISTORICAL_TEMPLATE_AND_BENCHMARK_ONLY,45.0,22.0,16.0,29.0,63.0,145.0,7.5,8.0,20.0,0.0,0.0,,0,0,0,-41
M1-B00458---- 12 005,MB02,CarbonBlack,OilWet,2334449,2334449,24,27.506944444444443,40.24,10.82,HISTORICAL_TEMPLATE_AND_BENCHMARK_ONLY,48.0,21.0,15.0,26.0,62.0,145.0,5.1,3.0,23.0,0.0,0.0,,0,0,0,-64
M1-B00458---- 12 005,MB02,CarbonBlack,OilWet,2276452,2276452,3,27.51127173237969,41.51333333333333,10.8,HISTORICAL_TEMPLATE_AND_BENCHMARK_ONLY,45.0,22.0,12.0,26.0,43.0,145.0,8.9,8.0,0.0,0.0,0.0,,0,0,0,-23
M1-B00458---- 12 005,MB02,CarbonBlack,OilWet,2265346,2265346,2,27.535416666666666,40.63333333333333,10.72,HISTORICAL_TEMPLATE_AND_BENCHMARK_ONLY,45.0,23.0,5.0,36.0,43.0,145.0,4.4,7.0,5.0,0.0,0.0,,0,0,0,-15
M1-B00458---- 12 005,MB02,CarbonBlack,OilWet,2275252,2275252,3,27.541944444444447,41.02666666666666,10.7,HISTORICAL_TEMPLATE_AND_BENCHMARK_ONLY,45.0,22.0,13.0,23.0,43.0,145.0,8.0,6.0,9.0,0.0,0.0,,0,0,0,-23
M1-B00458---- 12 005,MB02,CarbonBlack,OilWet,2265443,2265443,3,26.932499999999997,41.87,13.39,HISTORICAL_TEMPLATE_AND_BENCHMARK_ONLY,45.0,22.0,13.0,25.0,43.0,145.0,4.9,30.0,32.0,0.0,0.0,,0,0,0,-16
M1-B00458---- 12 005,MB02,CarbonBlack,OilWet,2259982,2259982,1,26.974166666666665,41.11666666666667,13.25,HISTORICAL_TEMPLATE_AND_BENCHMARK_ONLY,45.0,23.0,5.0,29.0,43.0,145.0,2.5,2.0,10.0,0.0,0.0,,0,0,0,-12
M1-B00458---- 12 005,MB02,CarbonBlack,OilWet,2288861,2288861,2,27.05166666666667,42.13333333333333,13.0,HISTORICAL_TEMPLATE_AND_BENCHMARK_ONLY,45.0,22.0,5.0,32.0,43.0,145.0,4.7,1.0,30.0,0.0,0.0,,0,0,0,-31
M1-B00458---- 12 005,MB02,CarbonBlack,OilWet,2265443,2265443,2,27.052916666666665,41.87,13.0,HISTORICAL_TEMPLATE_AND_BENCHMARK_ONLY,45.0,22.0,5.0,31.0,44.0,145.0,4.9,30.0,33.0,0.0,0.0,,0,0,0,-16
M1-B00458---- 12 005,MB02,CarbonBlack,OilWet,2270571,2270571,1,27.058472222222225,41.72333333333333,12.98,HISTORICAL_TEMPLATE_AND_BENCHMARK_ONLY,45.0,21.0,12.0,25.0,43.0,145.0,1.6,3.0,0.0,0.0,0.0,,0,0,0,-19
M1-B00458---- 12 005,MB02,CarbonBlack,OilWet,2290445,2290445,3,27.069444444444443,41.57,12.95,HISTORICAL_TEMPLATE_AND_BENCHMARK_ONLY,46.0,22.0,5.0,34.0,43.0,145.0,9.2,2.0,28.0,0.0,0.0,,0,0,0,-32
M1-B00458---- 12 005,MB02,CarbonBlack,OilWet,2280726,2280726,2,27.07027777777778,41.31,12.94,HISTORICAL_TEMPLATE_AND_BENCHMARK_ONLY,45.0,22.0,11.0,27.0,43.0,145.0,3.6,15.0,29.0,0.0,0.0,,0,0,0,-27
M1-B00458---- 12 005,MB02,CarbonBlack,OilWet,2262189,2262189,2,27.081111111111113,40.79,12.91,HISTORICAL_TEMPLATE_AND_BENCHMARK_ONLY,46.0,22.0,5.0,32.0,43.0,145.0,1.2,10.0,35.0,0.0,0.0,,0,0,0,-13
M1-B00458---- 12 005,MB02,CarbonBlack,OilWet,2270875,2270875,1,27.084722222222222,41.5,12.9,HISTORICAL_TEMPLATE_AND_BENCHMARK_ONLY,45.0,22.0,12.0,23.0,43.0,145.0,1.4,5.0,3.0,0.0,0.0,,0,0,0,-19
M1-B00458---- 12 005,MB02,CarbonBlack,OilWet,2262189,2262189,1,27.094166666666666,40.79,12.87,HISTORICAL_TEMPLATE_AND_BENCHMARK_ONLY,45.0,22.0,3.0,35.0,42.0,145.0,1.2,10.0,4.0,0.0,0.0,,0,0,0,-13
M1-B00458---- 12 005,MB02,CarbonBlack,OilWet,2269180,2269180,3,27.109583333333333,41.013333333333335,12.82,HISTORICAL_TEMPLATE_AND_BENCHMARK_ONLY,45.0,21.0,5.0,39.0,43.0,145.0,3.8,12.0,32.0,0.0,0.0,,0,0,0,-17
M1-B00458---- 12 005,MB02,CarbonBlack,OilWet,2285647,2285647,4,27.125694444444445,41.37,12.76,HISTORICAL_TEMPLATE_AND_BENCHMARK_ONLY,45.0,22.0,5.0,33.0,42.0,145.0,2.8,2.0,33.0,0.0,0.0,,0,0,0,-29
M1-B00458---- 12 005,MB02,CarbonBlack,OilWet,2285647,2285647,3,27.14472222222222,41.37,12.7,HISTORICAL_TEMPLATE_AND_BENCHMARK_ONLY,46.0,21.0,12.0,28.0,42.0,145.0,2.8,2.0,33.0,0.0,0.0,,0,0,0,-29
M1-B00458---- 12 005,MB02,CarbonBlack,OilWet,2231055,2231055,1,27.215833333333332,41.93333333333333,12.47,HISTORICAL_TEMPLATE_AND_BENCHMARK_ONLY,46.0,23.0,11.0,26.0,38.0,145.0,2.3,19.0,1.0,0.0,0.0,22.0,0,0,0,5
M1-B00458---- 12 005,MB02,CarbonBlack,OilWet,2256800,2256800,3,27.281805555555557,41.25,12.26,HISTORICAL_TEMPLATE_AND_BENCHMARK_ONLY,45.0,22.0,14.0,26.0,44.0,145.0,4.2,1.0,33.0,0.0,0.0,2.5,0,0,0,-10
M1-B00458---- 12 005,MB02,CarbonBlack,OilWet,2280726,2280726,1,27.315833333333334,41.31,12.15,HISTORICAL_TEMPLATE_AND_BENCHMARK_ONLY,46.0,22.0,5.0,30.0,44.0,145.0,3.6,15.0,7.0,0.0,0.0,,0,0,0,-27
M1-B00458---- 12 005,MB02,CarbonBlack,OilWet,2256800,2256800,4,27.320694444444445,41.25,12.14,HISTORICAL_TEMPLATE_AND_BENCHMARK_ONLY,45.0,22.0,13.0,25.0,43.0,145.0,4.2,1.0,27.0,0.0,0.0,2.5,0,0,0,-10
M1-B00458---- 12 005,MB02,CarbonBlack,OilWet,2285647,2285647,2,27.326805555555556,41.37,12.12,HISTORICAL_TEMPLATE_AND_BENCHMARK_ONLY,45.0,22.0,11.0,29.0,43.0,145.0,2.8,2.0,30.0,0.0,0.0,,0,0,0,-29
M1-B00458---- 12 005,MB02,CarbonBlack,OilWet,2265346,2265346,1,27.389583333333334,40.63333333333333,11.92,HISTORICAL_TEMPLATE_AND_BENCHMARK_ONLY,45.0,24.0,12.0,25.0,43.0,145.0,4.4,7.0,0.0,0.0,0.0,,0,0,0,-15
M1-B00458---- 12 005,MB02,CarbonBlack,OilWet,2270875,2270875,2,27.39375,41.8,11.9,HISTORICAL_TEMPLATE_AND_BENCHMARK_ONLY,45.0,22.0,9.0,27.0,43.0,145.0,1.4,5.0,3.0,0.0,0.0,,0,0,0,-19
M1-B00458---- 12 007,MB02,CarbonBlack,OilWet,2375891,2375891,3,31.647916666666667,39.86333333333334,6.71,HISTORICAL_TEMPLATE_AND_BENCHMARK_ONLY,50.0,22.0,18.0,23.0,103.0,148.0,9.8,16.0,33.0,0.0,0.0,,0,0,0,-3
M1-B00458---- 12 007,MB02,CarbonBlack,OilWet,2370888,2370888,3,32.11138888888889,41.56333333333333,5.34,HISTORICAL_TEMPLATE_AND_BENCHMARK_ONLY,50.0,22.0,17.0,23.0,102.0,148.0,0.0,0.0,28.0,0.0,0.0,,0,0,0,0
M1-B00458---- 12 007,MB02,CarbonBlack,OilWet,2382421,2382421,3,32.12472222222222,38.88333333333333,5.3,HISTORICAL_TEMPLATE_AND_BENCHMARK_ONLY,51.0,22.0,19.0,21.0,105.0,148.0,1.0,8.0,34.0,0.0,0.0,,0,0,0,-8
M1-B00458---- 12 007,MB02,CarbonBlack,OilWet,2377570,2377570,2,32.13763888888889,38.20666666666667,5.26,HISTORICAL_TEMPLATE_AND_BENCHMARK_ONLY,50.0,22.0,18.0,23.0,102.0,148.0,6.5,2.0,34.0,0.0,0.0,,0,0,0,-6
M1-B00458---- 12 007,MB02,CarbonBlack,OilWet,2375891,2375891,3,31.647916666666667,39.86333333333334,5.63,HISTORICAL_TEMPLATE_AND_BENCHMARK_ONLY,50.0,22.0,18.0,23.0,103.0,148.0,0.0,0.0,37.0,0.0,0.0,,0,0,0,0
M1-B00458---- 12 007,MB02,CarbonBlack,OilWet,2370888,2370888,3,32.11138888888889,41.56333333333333,4.25,HISTORICAL_TEMPLATE_AND_BENCHMARK_ONLY,50.0,22.0,17.0,23.0,102.0,148.0,9.8,16.0,32.0,0.0,0.0,,0,0,0,2
M1-B00458---- 12 007,MB02,CarbonBlack,OilWet,2382421,2382421,3,32.12472222222222,38.88333333333333,4.21,HISTORICAL_TEMPLATE_AND_BENCHMARK_ONLY,51.0,22.0,19.0,21.0,105.0,148.0,8.8,8.0,38.0,0.0,0.0,,0,0,0,-5
M1-B00458---- 12 007,MB02,CarbonBlack,OilWet,2377570,2377570,2,32.13763888888889,38.20666666666667,4.17,HISTORICAL_TEMPLATE_AND_BENCHMARK_ONLY,50.0,22.0,18.0,23.0,102.0,148.0,3.3,18.0,38.0,0.0,0.0,,0,0,0,-3
M1-B00458---- 12 007,MB02,CarbonBlack,OilWet,2375891,2375891,3,31.647916666666667,39.86333333333334,2.92,HISTORICAL_TEMPLATE_AND_BENCHMARK_ONLY,50.0,22.0,18.0,23.0,103.0,148.0,0.0,0.0,10.0,0.0,0.0,,0,0,0,0
M1-B00458---- 12 007,MB02,CarbonBlack,OilWet,2370888,2370888,3,32.11138888888889,41.56333333333333,1.5,HISTORICAL_TEMPLATE_AND_BENCHMARK_ONLY,50.0,22.0,17.0,23.0,102.0,148.0,9.8,16.0,5.0,0.0,0.0,,0,0,0,2
M1-B00458---- 12 007,MB02,CarbonBlack,OilWet,2382421,2382421,3,32.12472222222222,38.88333333333333,1.45,HISTORICAL_TEMPLATE_AND_BENCHMARK_ONLY,51.0,22.0,19.0,21.0,105.0,148.0,8.8,8.0,11.0,0.0,0.0,,0,0,0,-5
M1-B00458---- 12 007,MB02,CarbonBlack,OilWet,2377570,2377570,2,32.13763888888889,38.20666666666667,1.41,HISTORICAL_TEMPLATE_AND_BENCHMARK_ONLY,50.0,22.0,18.0,23.0,102.0,148.0,3.3,18.0,11.0,0.0,0.0,,0,0,0,-3
M1-B00458---- 12 007,MB02,CarbonBlack,OilWet,2375891,2375891,3,31.647916666666667,39.86333333333334,0.0,HISTORICAL_TEMPLATE_AND_BENCHMARK_ONLY,50.0,22.0,18.0,23.0,103.0,148.0,0.0,0.0,0.0,0.0,0.0,,0,0,0,0
M1-B00458---- 12 007,MB02,CarbonBlack,OilWet,2370888,2370888,3,32.11138888888889,41.56333333333333,-1.46,HISTORICAL_TEMPLATE_AND_BENCHMARK_ONLY,50.0,22.0,17.0,23.0,102.0,148.0,9.8,16.0,5.0,0.0,0.0,,0,0,0,2
M1-B00458---- 12 007,MB02,CarbonBlack,OilWet,2382421,2382421,3,32.12472222222222,38.88333333333333,-1.51,HISTORICAL_TEMPLATE_AND_BENCHMARK_ONLY,51.0,22.0,19.0,21.0,105.0,148.0,8.8,8.0,1.0,0.0,0.0,,0,0,0,-5
M1-B00458---- 12 007,MB02,CarbonBlack,OilWet,2377570,2377570,2,32.13763888888889,38.20666666666667,-1.55,HISTORICAL_TEMPLATE_AND_BENCHMARK_ONLY,50.0,22.0,18.0,23.0,102.0,148.0,3.3,18.0,1.0,0.0,0.0,,0,0,0,-3
M1-B00458---- 12 007,MB02,CarbonBlack,OilWet,2375891,2375891,3,31.647916666666667,39.86333333333334,2.12,HISTORICAL_TEMPLATE_AND_BENCHMARK_ONLY,50.0,22.0,18.0,23.0,103.0,148.0,9.8,16.0,7.0,0.0,0.0,,0,0,0,-3
M1-B00458---- 12 007,MB02,CarbonBlack,OilWet,2370888,2370888,3,32.11138888888889,41.56333333333333,0.68,HISTORICAL_TEMPLATE_AND_BENCHMARK_ONLY,50.0,22.0,17.0,23.0,102.0,148.0,0.0,0.0,2.0,0.0,0.0,,0,0,0,0
M1-B00458---- 12 007,MB02,CarbonBlack,OilWet,2382421,2382421,3,32.12472222222222,38.88333333333333,0.64,HISTORICAL_TEMPLATE_AND_BENCHMARK_ONLY,51.0,22.0,19.0,21.0,105.0,148.0,1.0,8.0,8.0,0.0,0.0,,0,0,0,-8
M1-B00458---- 12 007,MB02,CarbonBlack,OilWet,2377570,2377570,2,32.13763888888889,38.20666666666667,0.6,HISTORICAL_TEMPLATE_AND_BENCHMARK_ONLY,50.0,22.0,18.0,23.0,102.0,148.0,6.5,2.0,8.0,0.0,0.0,,0,0,0,-6
M1-B00458---- 12 007,MB02,CarbonBlack,OilWet,2375891,2375891,3,31.647916666666667,39.86333333333334,1.44,HISTORICAL_TEMPLATE_AND_BENCHMARK_ONLY,50.0,22.0,18.0,23.0,103.0,148.0,9.8,16.0,5.0,0.0,0.0,,0,0,0,-3
M1-B00458---- 12 007,MB02,CarbonBlack,OilWet,2370888,2370888,3,32.11138888888889,41.56333333333333,0.0,HISTORICAL_TEMPLATE_AND_BENCHMARK_ONLY,50.0,22.0,17.0,23.0,102.0,148.0,0.0,0.0,0.0,0.0,0.0,,0,0,0,0
M1-B00458---- 12 007,MB02,CarbonBlack,OilWet,2382421,2382421,3,32.12472222222222,38.88333333333333,-0.04,HISTORICAL_TEMPLATE_AND_BENCHMARK_ONLY,51.0,22.0,19.0,21.0,105.0,148.0,1.0,8.0,6.0,0.0,0.0,,0,0,0,-8
M1-B00458---- 12 007,MB02,CarbonBlack,OilWet,2377570,2377570,2,32.13763888888889,38.20666666666667,-0.08,HISTORICAL_TEMPLATE_AND_BENCHMARK_ONLY,50.0,22.0,18.0,23.0,102.0,148.0,6.5,2.0,6.0,0.0,0.0,,0,0,0,-6
M1-B00458---- 12 007,MB02,CarbonBlack,OilWet,2375891,2375891,3,31.647916666666667,39.86333333333334,8.74,HISTORICAL_TEMPLATE_AND_BENCHMARK_ONLY,50.0,22.0,18.0,23.0,103.0,148.0,2.7,22.0,33.0,0.0,0.0,,0,0,0,-2
M1-B00458---- 12 007,MB02,CarbonBlack,OilWet,2370888,2370888,3,32.11138888888889,41.56333333333333,7.41,HISTORICAL_TEMPLATE_AND_BENCHMARK_ONLY,50.0,22.0,17.0,23.0,102.0,148.0,7.1,6.0,28.0,0.0,0.0,,0,0,0,0
M1-B00458---- 12 007,MB02,CarbonBlack,OilWet,2382421,2382421,3,32.12472222222222,38.88333333333333,7.37,HISTORICAL_TEMPLATE_AND_BENCHMARK_ONLY,51.0,22.0,19.0,21.0,105.0,148.0,6.1,14.0,34.0,0.0,0.0,,0,0,0,-7
M1-B00458---- 12 007,MB02,CarbonBlack,OilWet,2377570,2377570,2,32.13763888888889,38.20666666666667,7.33,HISTORICAL_TEMPLATE_AND_BENCHMARK_ONLY,50.0,22.0,18.0,23.0,102.0,148.0,0.6,4.0,34.0,0.0,0.0,,0,0,0,-5
M1-B00458---- 12 007,MB02,CarbonBlack,OilWet,2375891,2375891,3,31.647916666666667,39.86333333333334,5.23,HISTORICAL_TEMPLATE_AND_BENCHMARK_ONLY,50.0,22.0,18.0,23.0,103.0,148.0,2.7,22.0,3.0,0.0,0.0,,0,0,0,-2
M1-B00458---- 12 007,MB02,CarbonBlack,OilWet,2370888,2370888,3,32.11138888888889,41.56333333333333,3.84,HISTORICAL_TEMPLATE_AND_BENCHMARK_ONLY,50.0,22.0,17.0,23.0,102.0,148.0,7.1,6.0,2.0,0.0,0.0,,0,0,0,0
M1-B00458---- 12 007,MB02,CarbonBlack,OilWet,2382421,2382421,3,32.12472222222222,38.88333333333333,3.8,HISTORICAL_TEMPLATE_AND_BENCHMARK_ONLY,51.0,22.0,19.0,21.0,105.0,148.0,6.1,14.0,4.0,0.0,0.0,,0,0,0,-7
M1-B00458---- 12 007,MB02,CarbonBlack,OilWet,2377570,2377570,2,32.13763888888889,38.20666666666667,3.76,HISTORICAL_TEMPLATE_AND_BENCHMARK_ONLY,50.0,22.0,18.0,23.0,102.0,148.0,0.6,4.0,4.0,0.0,0.0,,0,0,0,-5
M1-B00458---- 12 007,MB02,CarbonBlack,OilWet,2375891,2375891,3,31.647916666666667,39.86333333333334,1.56,HISTORICAL_TEMPLATE_AND_BENCHMARK_ONLY,50.0,22.0,18.0,23.0,103.0,148.0,2.7,22.0,1.0,0.0,0.0,,0,0,0,-2
M1-B00458---- 12 007,MB02,CarbonBlack,OilWet,2370888,2370888,3,32.11138888888889,41.56333333333333,0.12,HISTORICAL_TEMPLATE_AND_BENCHMARK_ONLY,50.0,22.0,17.0,23.0,102.0,148.0,7.1,6.0,6.0,0.0,0.0,,0,0,0,0
M1-B00458---- 12 007,MB02,CarbonBlack,OilWet,2382421,2382421,3,32.12472222222222,38.88333333333333,0.08,HISTORICAL_TEMPLATE_AND_BENCHMARK_ONLY,51.0,22.0,19.0,21.0,105.0,148.0,6.1,14.0,0.0,0.0,0.0,,0,0,0,-7
M1-B00458---- 12 007,MB02,CarbonBlack,OilWet,2377570,2377570,2,32.13763888888889,38.20666666666667,0.04,HISTORICAL_TEMPLATE_AND_BENCHMARK_ONLY,50.0,22.0,18.0,23.0,102.0,148.0,0.6,4.0,0.0,0.0,0.0,,0,0,0,-5
M1-B00458---- 12 007,MB02,CarbonBlack,OilWet,2375891,2375891,3,31.647916666666667,39.86333333333334,14.37,HISTORICAL_TEMPLATE_AND_BENCHMARK_ONLY,50.0,22.0,18.0,23.0,103.0,148.0,0.0,0.0,43.0,0.0,0.0,,0,0,0,-1
M1-B00458---- 12 007,MB02,CarbonBlack,OilWet,2370888,2370888,3,32.11138888888889,41.56333333333333,13.12,HISTORICAL_TEMPLATE_AND_BENCHMARK_ONLY,50.0,22.0,17.0,23.0,102.0,148.0,9.8,16.0,38.0,0.0,0.0,,0,0,0,2
M1-B00458---- 12 007,MB02,CarbonBlack,OilWet,2382421,2382421,3,32.12472222222222,38.88333333333333,13.08,HISTORICAL_TEMPLATE_AND_BENCHMARK_ONLY,51.0,22.0,19.0,21.0,105.0,148.0,8.8,8.0,44.0,0.0,0.0,,0,0,0,-6
M1-B00458---- 12 007,MB02,CarbonBlack,OilWet,2377570,2377570,2,32.13763888888889,38.20666666666667,13.05,HISTORICAL_TEMPLATE_AND_BENCHMARK_ONLY,50.0,22.0,18.0,23.0,102.0,148.0,3.3,18.0,44.0,0.0,0.0,,0,0,0,-3
M1-B00458---- 12 008,MB02,CarbonBlack,OilWet,2391327,2391327,5,30.735555555555553,41.39,9.35,HISTORICAL_TEMPLATE_AND_BENCHMARK_ONLY,51.0,21.0,17.0,22.0,103.0,148.0,3.9,10.0,32.0,0.0,0.0,,0,0,0,-10
M1-B00458---- 12 008,MB02,CarbonBlack,OilWet,7518748,7518748,68,30.787297979797984,40.55,9.19,HISTORICAL_TEMPLATE_AND_BENCHMARK_ONLY,56.0,22.0,17.0,23.0,95.0,148.0,5.7,9.0,34.0,0.0,0.0,,0,0,0,-56
M1-B00458---- 12 008,MB02,CarbonBlack,OilWet,7518748,7518748,67,30.83313131313131,40.55,9.06,HISTORICAL_TEMPLATE_AND_BENCHMARK_ONLY,52.0,22.0,18.0,23.0,95.0,148.0,5.7,9.0,34.0,0.0,0.0,,0,0,0,-56
M1-B00458---- 12 008,MB02,CarbonBlack,OilWet,7720316,7720316,24,30.923430555555555,39.19,8.79,HISTORICAL_TEMPLATE_AND_BENCHMARK_ONLY,48.0,23.0,17.0,25.0,124.0,148.0,16.6,1.0,36.0,0.0,0.0,,0,0,0,-110
M1-B00458---- 12 008,MB02,CarbonBlack,OilWet,2384219,2384219,3,30.956805555555555,38.75333333333334,8.69,HISTORICAL_TEMPLATE_AND_BENCHMARK_ONLY,51.0,22.0,18.0,22.0,104.0,148.0,0.0,0.0,40.0,0.0,0.0,,0,0,0,0
M1-B00458---- 12 008,MB02,CarbonBlack,OilWet,2391327,2391327,5,30.735555555555553,41.39,4.26,HISTORICAL_TEMPLATE_AND_BENCHMARK_ONLY,51.0,21.0,17.0,22.0,103.0,148.0,3.9,10.0,3.0,0.0,0.0,,0,0,0,-10
M1-B00458---- 12 008,MB02,CarbonBlack,OilWet,7518748,7518748,68,30.787297979797984,40.55,4.1,HISTORICAL_TEMPLATE_AND_BENCHMARK_ONLY,56.0,22.0,17.0,23.0,95.0,148.0,5.7,9.0,1.0,0.0,0.0,,0,0,0,-56
M1-B00458---- 12 008,MB02,CarbonBlack,OilWet,7518748,7518748,67,30.83313131313131,40.55,3.96,HISTORICAL_TEMPLATE_AND_BENCHMARK_ONLY,52.0,22.0,18.0,23.0,95.0,148.0,5.7,9.0,1.0,0.0,0.0,,0,0,0,-56
M1-B00458---- 12 008,MB02,CarbonBlack,OilWet,7720316,7720316,24,30.923430555555555,39.19,3.68,HISTORICAL_TEMPLATE_AND_BENCHMARK_ONLY,48.0,23.0,17.0,25.0,124.0,148.0,16.6,1.0,1.0,0.0,0.0,,0,0,0,-110
M1-B00458---- 12 008,MB02,CarbonBlack,OilWet,2384219,2384219,3,30.956805555555555,38.75333333333334,3.58,HISTORICAL_TEMPLATE_AND_BENCHMARK_ONLY,51.0,22.0,18.0,22.0,104.0,148.0,0.0,0.0,5.0,0.0,0.0,,0,0,0,0
M1-B00458---- 12 008,MB02,CarbonBlack,OilWet,2391327,2391327,5,30.735555555555553,41.39,0.71,HISTORICAL_TEMPLATE_AND_BENCHMARK_ONLY,51.0,21.0,17.0,22.0,103.0,148.0,3.9,10.0,8.0,0.0,0.0,,0,0,0,-10
M1-B00458---- 12 008,MB02,CarbonBlack,OilWet,7518748,7518748,68,30.787297979797984,40.55,0.55,HISTORICAL_TEMPLATE_AND_BENCHMARK_ONLY,56.0,22.0,17.0,23.0,95.0,148.0,5.7,9.0,6.0,0.0,0.0,,0,0,0,-56
M1-B00458---- 12 008,MB02,CarbonBlack,OilWet,7518748,7518748,67,30.83313131313131,40.55,0.4,HISTORICAL_TEMPLATE_AND_BENCHMARK_ONLY,52.0,22.0,18.0,23.0,95.0,148.0,5.7,9.0,6.0,0.0,0.0,,0,0,0,-56
M1-B00458---- 12 008,MB02,CarbonBlack,OilWet,7720316,7720316,24,30.923430555555555,39.19,0.11,HISTORICAL_TEMPLATE_AND_BENCHMARK_ONLY,48.0,23.0,17.0,25.0,124.0,148.0,16.6,1.0,4.0,0.0,0.0,,0,0,0,-110
M1-B00458---- 12 008,MB02,CarbonBlack,OilWet,2384219,2384219,3,30.956805555555555,38.75333333333334,0.0,HISTORICAL_TEMPLATE_AND_BENCHMARK_ONLY,51.0,22.0,18.0,22.0,104.0,148.0,0.0,0.0,0.0,0.0,0.0,,0,0,0,0
M1-B00458---- 12 008,MB02,CarbonBlack,OilWet,2391327,2391327,5,30.735555555555553,41.39,3.67,HISTORICAL_TEMPLATE_AND_BENCHMARK_ONLY,51.0,21.0,17.0,22.0,103.0,148.0,3.9,10.0,7.0,0.0,0.0,,0,0,0,-10
M1-B00458---- 12 008,MB02,CarbonBlack,OilWet,7518748,7518748,68,30.787297979797984,40.55,3.51,HISTORICAL_TEMPLATE_AND_BENCHMARK_ONLY,56.0,22.0,17.0,23.0,95.0,148.0,5.7,9.0,9.0,0.0,0.0,,0,0,0,-56
M1-B00458---- 12 008,MB02,CarbonBlack,OilWet,7518748,7518748,67,30.83313131313131,40.55,3.37,HISTORICAL_TEMPLATE_AND_BENCHMARK_ONLY,52.0,22.0,18.0,23.0,95.0,148.0,5.7,9.0,9.0,0.0,0.0,,0,0,0,-56
M1-B00458---- 12 008,MB02,CarbonBlack,OilWet,7720316,7720316,24,30.923430555555555,39.19,3.08,HISTORICAL_TEMPLATE_AND_BENCHMARK_ONLY,48.0,23.0,17.0,25.0,124.0,148.0,16.6,1.0,11.0,0.0,0.0,,0,0,0,-110
M1-B00458---- 12 008,MB02,CarbonBlack,OilWet,2384219,2384219,3,30.956805555555555,38.75333333333334,2.98,HISTORICAL_TEMPLATE_AND_BENCHMARK_ONLY,51.0,22.0,18.0,22.0,104.0,148.0,0.0,0.0,15.0,0.0,0.0,,0,0,0,0
M1-B00458---- 12 008,MB02,CarbonBlack,OilWet,2391327,2391327,5,30.735555555555553,41.39,6.75,HISTORICAL_TEMPLATE_AND_BENCHMARK_ONLY,51.0,21.0,17.0,22.0,103.0,148.0,0.0,0.0,24.0,0.0,0.0,,0,0,0,0
M1-B00458---- 12 008,MB02,CarbonBlack,OilWet,7518748,7518748,68,30.787297979797984,40.55,6.6,HISTORICAL_TEMPLATE_AND_BENCHMARK_ONLY,56.0,22.0,17.0,23.0,95.0,148.0,9.6,1.0,26.0,0.0,0.0,,0,0,0,-47
M1-B00458---- 12 008,MB02,CarbonBlack,OilWet,7518748,7518748,67,30.83313131313131,40.55,6.46,HISTORICAL_TEMPLATE_AND_BENCHMARK_ONLY,52.0,22.0,18.0,23.0,95.0,148.0,9.6,1.0,26.0,0.0,0.0,,0,0,0,-47
M1-B00458---- 12 008,MB02,CarbonBlack,OilWet,7720316,7720316,24,30.923430555555555,39.19,6.18,HISTORICAL_TEMPLATE_AND_BENCHMARK_ONLY,48.0,23.0,17.0,25.0,124.0,148.0,20.5,11.0,28.0,0.0,0.0,,0,0,0,-100
M1-B00458---- 12 008,MB02,CarbonBlack,OilWet,2384219,2384219,3,30.956805555555555,38.75333333333334,6.08,HISTORICAL_TEMPLATE_AND_BENCHMARK_ONLY,51.0,22.0,18.0,22.0,104.0,148.0,3.9,10.0,32.0,0.0,0.0,,0,0,0,9
M1-B00458---- 12 008,MB02,CarbonBlack,OilWet,2391327,2391327,5,30.735555555555553,41.39,4.17,HISTORICAL_TEMPLATE_AND_BENCHMARK_ONLY,51.0,21.0,17.0,22.0,103.0,148.0,0.0,0.0,3.0,0.0,0.0,,0,0,0,0
M1-B00458---- 12 008,MB02,CarbonBlack,OilWet,7518748,7518748,68,30.787297979797984,40.55,4.01,HISTORICAL_TEMPLATE_AND_BENCHMARK_ONLY,56.0,22.0,17.0,23.0,95.0,148.0,9.6,1.0,5.0,0.0,0.0,,0,0,0,-47
M1-B00458---- 12 008,MB02,CarbonBlack,OilWet,7518748,7518748,67,30.83313131313131,40.55,3.87,HISTORICAL_TEMPLATE_AND_BENCHMARK_ONLY,52.0,22.0,18.0,23.0,95.0,148.0,9.6,1.0,5.0,0.0,0.0,,0,0,0,-47
M1-B00458---- 12 008,MB02,CarbonBlack,OilWet,7720316,7720316,24,30.923430555555555,39.19,3.59,HISTORICAL_TEMPLATE_AND_BENCHMARK_ONLY,48.0,23.0,17.0,25.0,124.0,148.0,20.5,11.0,7.0,0.0,0.0,,0,0,0,-100
M1-B00458---- 12 008,MB02,CarbonBlack,OilWet,2391327,2391327,5,30.735555555555553,41.39,3.52,HISTORICAL_TEMPLATE_AND_BENCHMARK_ONLY,51.0,21.0,17.0,22.0,103.0,148.0,0.0,0.0,4.0,0.0,0.0,,0,0,0,0
M1-B00458---- 12 008,MB02,CarbonBlack,OilWet,7518748,7518748,68,30.787297979797984,40.55,3.36,HISTORICAL_TEMPLATE_AND_BENCHMARK_ONLY,56.0,22.0,17.0,23.0,95.0,148.0,9.6,1.0,2.0,0.0,0.0,,0,0,0,-47
M1-B00458---- 12 008,MB02,CarbonBlack,OilWet,7518748,7518748,67,30.83313131313131,40.55,3.21,HISTORICAL_TEMPLATE_AND_BENCHMARK_ONLY,52.0,22.0,18.0,23.0,95.0,148.0,9.6,1.0,2.0,0.0,0.0,,0,0,0,-47
M1-B00458---- 12 008,MB02,CarbonBlack,OilWet,7720316,7720316,24,30.923430555555555,39.19,2.93,HISTORICAL_TEMPLATE_AND_BENCHMARK_ONLY,48.0,23.0,17.0,25.0,124.0,148.0,20.5,11.0,0.0,0.0,0.0,,0,0,0,-100
M1-B00458---- 12 008,MB02,CarbonBlack,OilWet,2384219,2384219,3,30.956805555555555,38.75333333333334,2.82,HISTORICAL_TEMPLATE_AND_BENCHMARK_ONLY,51.0,22.0,18.0,22.0,104.0,148.0,3.9,10.0,4.0,0.0,0.0,,0,0,0,9
M1-B00458---- 12 008,MB02,CarbonBlack,OilWet,2391327,2391327,5,30.735555555555553,41.39,6.55,HISTORICAL_TEMPLATE_AND_BENCHMARK_ONLY,51.0,21.0,17.0,22.0,103.0,148.0,0.0,0.0,2.0,0.0,0.0,,0,0,0,0
M1-B00458---- 12 008,MB02,CarbonBlack,OilWet,7518748,7518748,68,30.787297979797984,40.55,6.39,HISTORICAL_TEMPLATE_AND_BENCHMARK_ONLY,56.0,22.0,17.0,23.0,95.0,148.0,9.6,1.0,4.0,0.0,0.0,,0,0,0,-47
M1-B00458---- 12 008,MB02,CarbonBlack,OilWet,7518748,7518748,67,30.83313131313131,40.55,6.25,HISTORICAL_TEMPLATE_AND_BENCHMARK_ONLY,52.0,22.0,18.0,23.0,95.0,148.0,9.6,1.0,4.0,0.0,0.0,,0,0,0,-47
M1-B00458---- 12 008,MB02,CarbonBlack,OilWet,7720316,7720316,24,30.923430555555555,39.19,5.98,HISTORICAL_TEMPLATE_AND_BENCHMARK_ONLY,48.0,23.0,17.0,25.0,124.0,148.0,20.5,11.0,6.0,0.0,0.0,,0,0,0,-100
M1-B00458---- 12 008,MB02,CarbonBlack,OilWet,2384219,2384219,3,30.956805555555555,38.75333333333334,5.88,HISTORICAL_TEMPLATE_AND_BENCHMARK_ONLY,51.0,22.0,18.0,22.0,104.0,148.0,3.9,10.0,10.0,0.0,0.0,,0,0,0,9
M1-B00458---- 12 008,MB02,CarbonBlack,OilWet,2391327,2391327,5,30.735555555555553,41.39,0.0,HISTORICAL_TEMPLATE_AND_BENCHMARK_ONLY,51.0,21.0,17.0,22.0,103.0,148.0,0.0,0.0,0.0,0.0,0.0,,0,0,0,0
M1-B00458---- 12 008,MB02,CarbonBlack,OilWet,7518748,7518748,68,30.787297979797984,40.55,-0.17,HISTORICAL_TEMPLATE_AND_BENCHMARK_ONLY,56.0,22.0,17.0,23.0,95.0,148.0,9.6,1.0,2.0,0.0,0.0,,0,0,0,-47
M1-B00458---- 12 008,MB02,CarbonBlack,OilWet,7518748,7518748,67,30.83313131313131,40.55,-0.32,HISTORICAL_TEMPLATE_AND_BENCHMARK_ONLY,52.0,22.0,18.0,23.0,95.0,148.0,9.6,1.0,2.0,0.0,0.0,,0,0,0,-47
M1-B00458---- 12 008,MB02,CarbonBlack,OilWet,7720316,7720316,24,30.923430555555555,39.19,-0.61,HISTORICAL_TEMPLATE_AND_BENCHMARK_ONLY,48.0,23.0,17.0,25.0,124.0,148.0,20.5,11.0,4.0,0.0,0.0,,0,0,0,-100
M1-B00458---- 12 008,MB02,CarbonBlack,OilWet,2384219,2384219,3,30.956805555555555,38.75333333333334,-0.72,HISTORICAL_TEMPLATE_AND_BENCHMARK_ONLY,51.0,22.0,18.0,22.0,104.0,148.0,3.9,10.0,8.0,0.0,0.0,,0,0,0,9
M1-B00458---- 12 008,MB02,CarbonBlack,OilWet,2391327,2391327,5,30.735555555555553,41.39,1.83,HISTORICAL_TEMPLATE_AND_BENCHMARK_ONLY,51.0,21.0,17.0,22.0,103.0,148.0,0.0,0.0,0.0,0.0,0.0,,0,0,0,0
M1-B00458---- 12 008,MB02,CarbonBlack,OilWet,7518748,7518748,68,30.787297979797984,40.55,1.67,HISTORICAL_TEMPLATE_AND_BENCHMARK_ONLY,56.0,22.0,17.0,23.0,95.0,148.0,9.6,1.0,2.0,0.0,0.0,,0,0,0,-47
M1-B00458---- 12 008,MB02,CarbonBlack,OilWet,7518748,7518748,67,30.83313131313131,40.55,1.52,HISTORICAL_TEMPLATE_AND_BENCHMARK_ONLY,52.0,22.0,18.0,23.0,95.0,148.0,9.6,1.0,2.0,0.0,0.0,,0,0,0,-47
M1-B00458---- 12 008,MB02,CarbonBlack,OilWet,7720316,7720316,24,30.923430555555555,39.19,1.23,HISTORICAL_TEMPLATE_AND_BENCHMARK_ONLY,48.0,23.0,17.0,25.0,124.0,148.0,20.5,11.0,4.0,0.0,0.0,,0,0,0,-100
M1-B00458---- 12 008,MB02,CarbonBlack,OilWet,2384219,2384219,3,30.956805555555555,38.75333333333334,1.13,HISTORICAL_TEMPLATE_AND_BENCHMARK_ONLY,51.0,22.0,18.0,22.0,104.0,148.0,3.9,10.0,8.0,0.0,0.0,,0,0,0,9
M1-T33025W3-- 04 004,ML09,Silica,OilWet,1868091,1868091,3,43.68887560788204,49.44,13.35,HISTORICAL_TEMPLATE_AND_BENCHMARK_ONLY,54.0,30.0,46.0,42.0,97.0,165.0,16.7,25.0,37.0,0.0,0.0,3.0,0,0,0,-47
M1-T33025W3-- 04 004,ML09,Silica,OilWet,1868091,1868091,5,44.33554227454871,49.44,12.07,HISTORICAL_TEMPLATE_AND_BENCHMARK_ONLY,64.0,30.0,40.0,45.0,98.0,165.0,16.7,25.0,33.0,0.0,0.0,3.0,0,0,0,-47
M1-T33025W3-- 04 004,ML09,Silica,OilWet,1868091,1868091,4,44.413597830104266,49.44,11.92,HISTORICAL_TEMPLATE_AND_BENCHMARK_ONLY,64.0,30.0,47.0,38.0,98.0,165.0,16.7,25.0,33.0,0.0,0.0,3.0,0,0,0,-47
M1-T33025W3-- 04 004,ML09,Silica,OilWet,1868091,1868091,3,43.68887560788204,49.44,8.31,HISTORICAL_TEMPLATE_AND_BENCHMARK_ONLY,54.0,30.0,46.0,42.0,97.0,165.0,16.7,25.0,16.0,0.0,0.0,3.0,0,0,0,-47
M1-T33025W3-- 04 004,ML09,Silica,OilWet,1868091,1868091,5,44.33554227454871,49.44,6.96,HISTORICAL_TEMPLATE_AND_BENCHMARK_ONLY,64.0,30.0,40.0,45.0,98.0,165.0,16.7,25.0,12.0,0.0,0.0,3.0,0,0,0,-47
M1-T33025W3-- 04 004,ML09,Silica,OilWet,1868091,1868091,4,44.413597830104266,49.44,6.79,HISTORICAL_TEMPLATE_AND_BENCHMARK_ONLY,64.0,30.0,47.0,38.0,98.0,165.0,16.7,25.0,12.0,0.0,0.0,3.0,0,0,0,-47
M1-T33025W3-- 04 004,ML09,Silica,OilWet,1868091,1868091,3,43.68887560788204,49.44,8.02,HISTORICAL_TEMPLATE_AND_BENCHMARK_ONLY,54.0,30.0,46.0,42.0,97.0,165.0,16.7,25.0,13.0,0.0,0.0,3.0,0,0,0,-47
M1-T33025W3-- 04 004,ML09,Silica,OilWet,1868091,1868091,5,44.33554227454871,49.44,6.66,HISTORICAL_TEMPLATE_AND_BENCHMARK_ONLY,64.0,30.0,40.0,45.0,98.0,165.0,16.7,25.0,9.0,0.0,0.0,3.0,0,0,0,-47
M1-T33025W3-- 04 004,ML09,Silica,OilWet,1868091,1868091,4,44.413597830104266,49.44,6.49,HISTORICAL_TEMPLATE_AND_BENCHMARK_ONLY,64.0,30.0,47.0,38.0,98.0,165.0,16.7,25.0,9.0,0.0,0.0,3.0,0,0,0,-47
M1-A00205W3-- 03 003,MB02,CarbonBlack,OilWet,1798993,1798993,30,25.885694444444447,40.88,10.27,HISTORICAL_TEMPLATE_AND_BENCHMARK_ONLY,53.0,16.0,5.0,32.0,104.0,150.0,13.9,31.0,15.0,0.0,0.0,39.6,0,0,0,49
M1-A00205W3-- 03 003,MB02,CarbonBlack,OilWet,2025~1746376,2025~1746376,9,25.955694444444443,39.38,10.03,HISTORICAL_TEMPLATE_AND_BENCHMARK_ONLY,53.0,16.0,5.0,40.0,75.0,150.0,19.2,9.0,8.0,0.0,0.0,1.6,0,0,0,78
M1-A00205W3-- 03 003,MB02,CarbonBlack,OilWet,2025~1746376,2025~1746376,8,26.000694444444445,42.05,9.87,HISTORICAL_TEMPLATE_AND_BENCHMARK_ONLY,54.0,15.0,3.0,40.0,75.0,150.0,19.2,9.0,12.0,0.0,0.0,1.6,0,0,0,78
M1-A00205W3-- 03 003,MB02,CarbonBlack,OilWet,1801106,1801106,5,26.056527777777777,41.14,9.68,HISTORICAL_TEMPLATE_AND_BENCHMARK_ONLY,53.0,17.0,5.0,32.0,103.0,150.0,14.3,30.0,16.0,0.0,0.0,,0,0,0,48
M1-A00205W3-- 03 003,MB02,CarbonBlack,OilWet,1801106,1801106,7,26.07345804988662,41.14,9.62,HISTORICAL_TEMPLATE_AND_BENCHMARK_ONLY,53.0,16.0,5.0,33.0,104.0,150.0,14.3,30.0,15.0,0.0,0.0,,0,0,0,48
M1-A00205W3-- 03 003,MB02,CarbonBlack,OilWet,2024~1667086,2024~1667086,7,26.160138888888888,36.91,9.32,HISTORICAL_TEMPLATE_AND_BENCHMARK_ONLY,53.0,16.0,5.0,34.0,104.0,150.0,19.2,9.0,16.0,0.0,0.0,1.3,0,0,0,122
M1-A00205W3-- 03 003,MB02,CarbonBlack,OilWet,1877749,1877749,13,26.223807356275845,40.82,9.1,HISTORICAL_TEMPLATE_AND_BENCHMARK_ONLY,53.0,16.0,5.0,32.0,123.0,150.0,4.6,3.0,11.0,0.0,0.0,19.5,0,0,0,7
M1-A00205W3-- 03 003,MB02,CarbonBlack,OilWet,2025~1765660,2025~1765660,18,26.368319160997732,40.95,8.6,HISTORICAL_TEMPLATE_AND_BENCHMARK_ONLY,53.0,16.0,9.0,26.0,75.0,150.0,19.9,2.0,10.0,0.0,0.0,0.8,0,0,0,68
M1-A00205W3-- 03 003,MB02,CarbonBlack,OilWet,1886561,1886561,42,26.424583333333334,37.31,8.4,HISTORICAL_TEMPLATE_AND_BENCHMARK_ONLY,54.0,16.0,5.0,33.0,123.0,150.0,0.8,6.0,18.0,0.0,0.0,0.5,0,0,0,4
M1-A00205W3-- 03 003,MB02,CarbonBlack,OilWet,1801106,1801106,6,26.43138888888889,41.14,8.38,HISTORICAL_TEMPLATE_AND_BENCHMARK_ONLY,54.0,16.0,5.0,33.0,103.0,150.0,14.3,30.0,12.0,0.0,0.0,,0,0,0,48
M1-A00205W3-- 03 003,MB02,CarbonBlack,OilWet,2025~1746376,2025~1746376,7,26.478055555555557,42.05,8.22,HISTORICAL_TEMPLATE_AND_BENCHMARK_ONLY,54.0,15.0,11.0,34.0,72.0,150.0,19.2,9.0,18.0,0.0,0.0,1.6,0,0,0,78
M1-A00205W3-- 03 003,MB02,CarbonBlack,OilWet,1857147,1857147,30,26.530490362811793,37.6,8.03,HISTORICAL_TEMPLATE_AND_BENCHMARK_ONLY,53.0,16.0,4.0,33.0,126.0,150.0,7.2,5.0,8.0,0.0,0.0,1.9,0,0,0,18
M1-A00205W3-- 03 003,MB02,CarbonBlack,OilWet,1798993,1798993,33,26.569861111111113,40.88,7.9,HISTORICAL_TEMPLATE_AND_BENCHMARK_ONLY,53.0,16.0,5.0,32.0,104.0,150.0,13.9,31.0,13.0,0.0,0.0,39.6,0,0,0,49
M1-A00205W3-- 03 003,MB02,CarbonBlack,OilWet,2025~1699952,2025~1699952,10,26.634999999999998,38.5,7.67,HISTORICAL_TEMPLATE_AND_BENCHMARK_ONLY,53.0,16.0,5.0,34.0,102.0,150.0,16.9,13.0,16.0,0.0,0.0,1.9,0,0,0,104
M1-A00205W3-- 03 003,MB02,CarbonBlack,OilWet,2025~1697768,2025~1697768,8,26.63986111111111,37.76,7.65,HISTORICAL_TEMPLATE_AND_BENCHMARK_ONLY,54.0,15.0,5.0,38.0,104.0,150.0,18.6,8.0,11.0,0.0,0.0,1.8,0,0,0,105
M1-A00205W3-- 03 003,MB02,CarbonBlack,OilWet,1798993,1798993,30,25.885694444444447,40.88,10.94,HISTORICAL_TEMPLATE_AND_BENCHMARK_ONLY,53.0,16.0,5.0,32.0,104.0,150.0,12.9,39.0,30.0,0.0,0.0,40.0,0,0,0,51
M1-A00205W3-- 03 003,MB02,CarbonBlack,OilWet,2025~1746376,2025~1746376,8,26.000694444444445,42.05,10.54,HISTORICAL_TEMPLATE_AND_BENCHMARK_ONLY,54.0,15.0,3.0,40.0,75.0,150.0,18.2,17.0,27.0,0.0,0.0,2.0,0,0,0,79
M1-A00205W3-- 03 003,MB02,CarbonBlack,OilWet,1801106,1801106,5,26.056527777777777,41.14,10.35,HISTORICAL_TEMPLATE_AND_BENCHMARK_ONLY,53.0,17.0,5.0,32.0,103.0,150.0,13.3,38.0,31.0,0.0,0.0,,0,0,0,50
M1-A00205W3-- 03 003,MB02,CarbonBlack,OilWet,1801106,1801106,7,26.07345804988662,41.14,10.29,HISTORICAL_TEMPLATE_AND_BENCHMARK_ONLY,53.0,16.0,5.0,33.0,104.0,150.0,13.3,38.0,30.0,0.0,0.0,,0,0,0,50
M1-A00205W3-- 03 003,MB02,CarbonBlack,OilWet,1788102,1788102,39,26.108355335533552,46.25,10.17,HISTORICAL_TEMPLATE_AND_BENCHMARK_ONLY,54.0,17.0,5.0,30.0,103.0,150.0,13.3,30.0,18.0,0.0,0.0,5.1,0,0,0,56
M1-A00205W3-- 03 003,MB02,CarbonBlack,OilWet,1877749,1877749,13,26.223807356275845,40.82,9.77,HISTORICAL_TEMPLATE_AND_BENCHMARK_ONLY,53.0,16.0,5.0,32.0,123.0,150.0,3.6,5.0,26.0,0.0,0.0,19.9,0,0,0,9
M1-A00205W3-- 03 003,MB02,CarbonBlack,OilWet,1788102,1788102,36,26.367222222222225,46.25,9.28,HISTORICAL_TEMPLATE_AND_BENCHMARK_ONLY,53.0,17.0,5.0,33.0,103.0,150.0,13.3,30.0,25.0,0.0,0.0,5.1,0,0,0,56
M1-A00205W3-- 03 003,MB02,CarbonBlack,OilWet,2025~1765660,2025~1765660,18,26.368319160997732,40.95,9.27,HISTORICAL_TEMPLATE_AND_BENCHMARK_ONLY,53.0,16.0,9.0,26.0,75.0,150.0,18.9,10.0,5.0,0.0,0.0,0.4,0,0,0,69
M1-A00205W3-- 03 003,MB02,CarbonBlack,OilWet,1801106,1801106,6,26.43138888888889,41.14,9.06,HISTORICAL_TEMPLATE_AND_BENCHMARK_ONLY,54.0,16.0,5.0,33.0,103.0,150.0,13.3,38.0,27.0,0.0,0.0,,0,0,0,50
M1-A00205W3-- 03 003,MB02,CarbonBlack,OilWet,2025~1746376,2025~1746376,7,26.478055555555557,42.05,8.9,HISTORICAL_TEMPLATE_AND_BENCHMARK_ONLY,54.0,15.0,11.0,34.0,72.0,150.0,18.2,17.0,33.0,0.0,0.0,2.0,0,0,0,79
M1-A00205W3-- 03 003,MB02,CarbonBlack,OilWet,1798993,1798993,33,26.569861111111113,40.88,8.58,HISTORICAL_TEMPLATE_AND_BENCHMARK_ONLY,53.0,16.0,5.0,32.0,104.0,150.0,12.9,39.0,28.0,0.0,0.0,40.0,0,0,0,51
M1-T09170WS-- 02 004,MB03,Silica,OilWet,1853744,1853744,4,39.603085062582345,59.82333333333333,8.91,HISTORICAL_TEMPLATE_AND_BENCHMARK_ONLY,24.0,35.0,63.0,28.0,98.0,165.0,5.3,35.0,40.0,0.0,0.0,3.35,0,0,0,26
M1-T09170WS-- 02 004,MB03,Silica,OilWet,1868063,1868063,4,39.610487801073255,63.52,8.89,HISTORICAL_TEMPLATE_AND_BENCHMARK_ONLY,24.0,35.0,59.0,28.0,105.0,165.0,2.3,24.0,37.0,0.0,0.0,0.1,0,0,0,19
M1-T09170WS-- 02 004,MB03,Silica,OilWet,1853735,1853735,3,39.67652777777778,61.586666666666666,8.74,HISTORICAL_TEMPLATE_AND_BENCHMARK_ONLY,24.0,35.0,58.0,27.0,96.0,165.0,5.9,22.0,31.0,0.0,0.0,2.95,0,0,0,26
M1-T09170WS-- 02 004,MB03,Silica,OilWet,1926009,1926009,9,39.71459808684673,59.25,8.66,HISTORICAL_TEMPLATE_AND_BENCHMARK_ONLY,24.0,35.0,60.0,27.0,106.0,165.0,8.0,12.0,32.0,0.0,0.0,1.25,0,0,0,-10
M1-T09170WS-- 02 004,MB03,Silica,OilWet,1846768,1846768,2,39.759473951471236,57.89666666666667,8.55,HISTORICAL_TEMPLATE_AND_BENCHMARK_ONLY,23.0,36.0,61.0,27.0,87.0,165.0,2.4,30.0,36.0,0.0,0.0,1.3,0,0,0,31
M1-T09170WS-- 02 004,MB03,Silica,OilWet,1939710,1939710,4,39.76169377802482,60.43,8.55,HISTORICAL_TEMPLATE_AND_BENCHMARK_ONLY,34.0,36.0,54.0,27.0,104.0,165.0,2.9,11.0,34.0,0.0,0.0,1.4,0,0,0,-18
M1-T09170WS-- 02 004,MB03,Silica,OilWet,1861092,1861092,4,39.76293142018007,61.336666666666666,8.54,HISTORICAL_TEMPLATE_AND_BENCHMARK_ONLY,24.0,35.0,68.0,30.0,94.0,165.0,2.0,20.0,30.0,0.0,0.0,0.15,0,0,0,24
M1-T09170WS-- 02 004,MB03,Silica,OilWet,1919980,1919980,7,39.765972222222224,60.31,8.54,HISTORICAL_TEMPLATE_AND_BENCHMARK_ONLY,24.0,36.0,65.0,28.0,103.0,165.0,5.2,9.0,31.0,0.0,0.0,0.35,0,0,0,-8
M1-T09170WS-- 02 004,MB03,Silica,OilWet,1863959,1863959,4,39.78527777777778,60.75666666666666,8.49,HISTORICAL_TEMPLATE_AND_BENCHMARK_ONLY,24.0,36.0,56.0,28.0,104.0,165.0,3.3,11.0,29.0,0.0,0.0,0.1,0,0,0,20
M1-T09170WS-- 02 004,MB03,Silica,OilWet,1827612,1827612,4,39.79083333333333,57.55666666666667,8.48,HISTORICAL_TEMPLATE_AND_BENCHMARK_ONLY,24.0,36.0,68.0,29.0,74.0,165.0,10.6,17.0,29.0,0.0,0.0,0.6,0,0,0,42
M1-T09170WS-- 02 004,MB03,Silica,OilWet,1928096,1928096,13,39.79152777777778,58.14,8.48,HISTORICAL_TEMPLATE_AND_BENCHMARK_ONLY,23.0,36.0,64.0,27.0,104.0,165.0,8.2,8.0,27.0,0.0,0.0,0.55,0,0,0,-12
M1-T09170WS-- 02 004,MB03,Silica,OilWet,1850428,1850428,4,39.81391600024705,57.91333333333333,8.43,HISTORICAL_TEMPLATE_AND_BENCHMARK_ONLY,24.0,36.0,56.0,29.0,85.0,165.0,3.7,27.0,35.0,0.0,0.0,0.85,0,0,0,29
M1-T09170WS-- 02 004,MB03,Silica,OilWet,1885766,1885766,52,39.81597791483351,60.06,8.42,HISTORICAL_TEMPLATE_AND_BENCHMARK_ONLY,23.0,36.0,74.0,31.0,104.0,165.0,2.8,31.0,34.0,0.0,0.0,1.4,0,0,0,10
M1-T09170WS-- 02 004,MB03,Silica,OilWet,2025~1692630,2025~1692630,3,39.82277777777778,57.64000000000001,8.41,HISTORICAL_TEMPLATE_AND_BENCHMARK_ONLY,24.0,37.0,66.0,41.0,75.0,165.0,18.0,44.0,33.0,0.0,0.0,1.9,0,0,0,114
M1-T09170WS-- 02 004,MB03,Silica,OilWet,1941532,1941532,7,39.86377950702679,59.405,8.31,HISTORICAL_TEMPLATE_AND_BENCHMARK_ONLY,34.0,36.0,54.0,28.0,105.0,165.0,2.8,6.0,34.0,0.0,0.0,2.15,0,0,0,-19
M1-T09170WS-- 02 004,MB03,Silica,OilWet,1941532,1941532,10,39.875972222222224,59.405,8.28,HISTORICAL_TEMPLATE_AND_BENCHMARK_ONLY,34.0,35.0,54.0,27.0,105.0,165.0,2.8,6.0,38.0,0.0,0.0,2.15,0,0,0,-19
M1-T09170WS-- 02 004,MB03,Silica,OilWet,1855636,1855636,4,39.87635523954135,58.91333333333333,8.28,HISTORICAL_TEMPLATE_AND_BENCHMARK_ONLY,23.0,36.0,60.0,29.0,94.0,165.0,4.1,24.0,35.0,0.0,0.0,0.4,0,0,0,25
M1-T09170WS-- 02 004,MB03,Silica,OilWet,1923797,1923797,9,39.91055315988692,58.72,8.2,HISTORICAL_TEMPLATE_AND_BENCHMARK_ONLY,24.0,35.0,65.0,29.0,105.0,165.0,8.0,12.0,29.0,0.0,0.0,0.1,0,0,0,-10
M1-T09170WS-- 02 004,MB03,Silica,OilWet,2025~1692630,2025~1692630,4,39.91252950702679,57.64000000000001,8.2,HISTORICAL_TEMPLATE_AND_BENCHMARK_ONLY,24.0,37.0,69.0,42.0,75.0,165.0,18.0,44.0,20.0,0.0,0.0,1.9,0,0,0,114
M1-T09170WS-- 02 004,MB03,Silica,OilWet,1871544,1871544,5,39.923024301876644,62.47,8.18,HISTORICAL_TEMPLATE_AND_BENCHMARK_ONLY,23.0,36.0,60.0,29.0,105.0,165.0,1.8,3.0,36.0,0.0,0.0,1.1,0,0,0,17
M1-T09170WS-- 02 004,MB03,Silica,OilWet,1853744,1853744,4,39.603085062582345,59.82333333333333,4.02,HISTORICAL_TEMPLATE_AND_BENCHMARK_ONLY,24.0,35.0,63.0,28.0,98.0,165.0,5.3,35.0,2.0,0.0,0.0,3.35,0,0,0,26
M1-T09170WS-- 02 004,MB03,Silica,OilWet,1868063,1868063,4,39.610487801073255,63.52,4.0,HISTORICAL_TEMPLATE_AND_BENCHMARK_ONLY,24.0,35.0,59.0,28.0,105.0,165.0,2.3,24.0,5.0,0.0,0.0,0.1,0,0,0,19
M1-T09170WS-- 02 004,MB03,Silica,OilWet,1853735,1853735,3,39.67652777777778,61.586666666666666,3.84,HISTORICAL_TEMPLATE_AND_BENCHMARK_ONLY,24.0,35.0,58.0,27.0,96.0,165.0,5.9,22.0,11.0,0.0,0.0,2.95,0,0,0,26
M1-T09170WS-- 02 004,MB03,Silica,OilWet,1926009,1926009,9,39.71459808684673,59.25,3.75,HISTORICAL_TEMPLATE_AND_BENCHMARK_ONLY,24.0,35.0,60.0,27.0,106.0,165.0,8.0,12.0,10.0,0.0,0.0,1.25,0,0,0,-10
M1-T09170WS-- 02 004,MB03,Silica,OilWet,1846768,1846768,2,39.759473951471236,57.89666666666667,3.64,HISTORICAL_TEMPLATE_AND_BENCHMARK_ONLY,23.0,36.0,61.0,27.0,87.0,165.0,2.4,30.0,6.0,0.0,0.0,1.3,0,0,0,31
M1-T09170WS-- 02 004,MB03,Silica,OilWet,1939710,1939710,4,39.76169377802482,60.43,3.63,HISTORICAL_TEMPLATE_AND_BENCHMARK_ONLY,34.0,36.0,54.0,27.0,104.0,165.0,2.9,11.0,8.0,0.0,0.0,1.4,0,0,0,-18
M1-T09170WS-- 02 004,MB03,Silica,OilWet,1861092,1861092,4,39.76293142018007,61.336666666666666,3.63,HISTORICAL_TEMPLATE_AND_BENCHMARK_ONLY,24.0,35.0,68.0,30.0,94.0,165.0,2.0,20.0,12.0,0.0,0.0,0.15,0,0,0,24
M1-T09170WS-- 02 004,MB03,Silica,OilWet,1919980,1919980,7,39.765972222222224,60.31,3.62,HISTORICAL_TEMPLATE_AND_BENCHMARK_ONLY,24.0,36.0,65.0,28.0,103.0,165.0,5.2,9.0,11.0,0.0,0.0,0.35,0,0,0,-8
M1-T09170WS-- 02 004,MB03,Silica,OilWet,1863959,1863959,4,39.78527777777778,60.75666666666666,3.58,HISTORICAL_TEMPLATE_AND_BENCHMARK_ONLY,24.0,36.0,56.0,28.0,104.0,165.0,3.3,11.0,13.0,0.0,0.0,0.1,0,0,0,20
M1-T09170WS-- 02 004,MB03,Silica,OilWet,1827612,1827612,4,39.79083333333333,57.55666666666667,3.56,HISTORICAL_TEMPLATE_AND_BENCHMARK_ONLY,24.0,36.0,68.0,29.0,74.0,165.0,10.6,17.0,13.0,0.0,0.0,0.6,0,0,0,42
M1-T09170WS-- 02 004,MB03,Silica,OilWet,1928096,1928096,13,39.79152777777778,58.14,3.56,HISTORICAL_TEMPLATE_AND_BENCHMARK_ONLY,23.0,36.0,64.0,27.0,104.0,165.0,8.2,8.0,15.0,0.0,0.0,0.55,0,0,0,-12
M1-T09170WS-- 02 004,MB03,Silica,OilWet,1850428,1850428,4,39.81391600024705,57.91333333333333,3.51,HISTORICAL_TEMPLATE_AND_BENCHMARK_ONLY,24.0,36.0,56.0,29.0,85.0,165.0,3.7,27.0,7.0,0.0,0.0,0.85,0,0,0,29
M1-T09170WS-- 02 004,MB03,Silica,OilWet,1885766,1885766,52,39.81597791483351,60.06,3.5,HISTORICAL_TEMPLATE_AND_BENCHMARK_ONLY,23.0,36.0,74.0,31.0,104.0,165.0,2.8,31.0,8.0,0.0,0.0,1.4,0,0,0,10
M1-T09170WS-- 02 004,MB03,Silica,OilWet,2025~1692630,2025~1692630,3,39.82277777777778,57.64000000000001,3.49,HISTORICAL_TEMPLATE_AND_BENCHMARK_ONLY,24.0,37.0,66.0,41.0,75.0,165.0,18.0,44.0,9.0,0.0,0.0,1.9,0,0,0,114
M1-T09170WS-- 02 004,MB03,Silica,OilWet,1941532,1941532,7,39.86377950702679,59.405,3.39,HISTORICAL_TEMPLATE_AND_BENCHMARK_ONLY,34.0,36.0,54.0,28.0,105.0,165.0,2.8,6.0,8.0,0.0,0.0,2.15,0,0,0,-19
M1-T09170WS-- 02 004,MB03,Silica,OilWet,1941532,1941532,10,39.875972222222224,59.405,3.36,HISTORICAL_TEMPLATE_AND_BENCHMARK_ONLY,34.0,35.0,54.0,27.0,105.0,165.0,2.8,6.0,4.0,0.0,0.0,2.15,0,0,0,-19
M1-T09170WS-- 02 004,MB03,Silica,OilWet,1855636,1855636,4,39.87635523954135,58.91333333333333,3.36,HISTORICAL_TEMPLATE_AND_BENCHMARK_ONLY,23.0,36.0,60.0,29.0,94.0,165.0,4.1,24.0,7.0,0.0,0.0,0.4,0,0,0,25
M1-T09170WS-- 02 004,MB03,Silica,OilWet,1923797,1923797,9,39.91055315988692,58.72,3.27,HISTORICAL_TEMPLATE_AND_BENCHMARK_ONLY,24.0,35.0,65.0,29.0,105.0,165.0,8.0,12.0,13.0,0.0,0.0,0.1,0,0,0,-10
M1-T09170WS-- 02 004,MB03,Silica,OilWet,2025~1692630,2025~1692630,4,39.91252950702679,57.64000000000001,3.27,HISTORICAL_TEMPLATE_AND_BENCHMARK_ONLY,24.0,37.0,69.0,42.0,75.0,165.0,18.0,44.0,22.0,0.0,0.0,1.9,0,0,0,114
M1-T09170WS-- 02 004,MB03,Silica,OilWet,1871544,1871544,5,39.923024301876644,62.47,3.24,HISTORICAL_TEMPLATE_AND_BENCHMARK_ONLY,23.0,36.0,60.0,29.0,105.0,165.0,1.8,3.0,6.0,0.0,0.0,1.1,0,0,0,17
M1-T09170WS-- 02 004,MB03,Silica,OilWet,1853744,1853744,4,39.603085062582345,59.82333333333333,3.11,HISTORICAL_TEMPLATE_AND_BENCHMARK_ONLY,24.0,35.0,63.0,28.0,98.0,165.0,5.3,35.0,7.0,0.0,0.0,3.35,0,0,0,26
M1-T09170WS-- 02 004,MB03,Silica,OilWet,1868063,1868063,4,39.610487801073255,63.52,3.1,HISTORICAL_TEMPLATE_AND_BENCHMARK_ONLY,24.0,35.0,59.0,28.0,105.0,165.0,2.3,24.0,4.0,0.0,0.0,0.1,0,0,0,19
M1-T09170WS-- 02 004,MB03,Silica,OilWet,1853735,1853735,3,39.67652777777778,61.586666666666666,2.94,HISTORICAL_TEMPLATE_AND_BENCHMARK_ONLY,24.0,35.0,58.0,27.0,96.0,165.0,5.9,22.0,2.0,0.0,0.0,2.95,0,0,0,26
M1-T09170WS-- 02 004,MB03,Silica,OilWet,1926009,1926009,9,39.71459808684673,59.25,2.84,HISTORICAL_TEMPLATE_AND_BENCHMARK_ONLY,24.0,35.0,60.0,27.0,106.0,165.0,8.0,12.0,1.0,0.0,0.0,1.25,0,0,0,-10
M1-T09170WS-- 02 004,MB03,Silica,OilWet,1846768,1846768,2,39.759473951471236,57.89666666666667,2.73,HISTORICAL_TEMPLATE_AND_BENCHMARK_ONLY,23.0,36.0,61.0,27.0,87.0,165.0,2.4,30.0,3.0,0.0,0.0,1.3,0,0,0,31
M1-T09170WS-- 02 004,MB03,Silica,OilWet,1939710,1939710,4,39.76169377802482,60.43,2.73,HISTORICAL_TEMPLATE_AND_BENCHMARK_ONLY,34.0,36.0,54.0,27.0,104.0,165.0,2.9,11.0,1.0,0.0,0.0,1.4,0,0,0,-18
M1-T09170WS-- 02 004,MB03,Silica,OilWet,1861092,1861092,4,39.76293142018007,61.336666666666666,2.72,HISTORICAL_TEMPLATE_AND_BENCHMARK_ONLY,24.0,35.0,68.0,30.0,94.0,165.0,2.0,20.0,3.0,0.0,0.0,0.15,0,0,0,24
M1-T09170WS-- 02 004,MB03,Silica,OilWet,1919980,1919980,7,39.765972222222224,60.31,2.72,HISTORICAL_TEMPLATE_AND_BENCHMARK_ONLY,24.0,36.0,65.0,28.0,103.0,165.0,5.2,9.0,2.0,0.0,0.0,0.35,0,0,0,-8
M1-T09170WS-- 02 004,MB03,Silica,OilWet,1863959,1863959,4,39.78527777777778,60.75666666666666,2.67,HISTORICAL_TEMPLATE_AND_BENCHMARK_ONLY,24.0,36.0,56.0,28.0,104.0,165.0,3.3,11.0,4.0,0.0,0.0,0.1,0,0,0,20
M1-T09170WS-- 02 004,MB03,Silica,OilWet,1827612,1827612,4,39.79083333333333,57.55666666666667,2.66,HISTORICAL_TEMPLATE_AND_BENCHMARK_ONLY,24.0,36.0,68.0,29.0,74.0,165.0,10.6,17.0,4.0,0.0,0.0,0.6,0,0,0,42
M1-T09170WS-- 02 004,MB03,Silica,OilWet,1928096,1928096,13,39.79152777777778,58.14,2.65,HISTORICAL_TEMPLATE_AND_BENCHMARK_ONLY,23.0,36.0,64.0,27.0,104.0,165.0,8.2,8.0,6.0,0.0,0.0,0.55,0,0,0,-12
M1-T09170WS-- 02 004,MB03,Silica,OilWet,1850428,1850428,4,39.81391600024705,57.91333333333333,2.6,HISTORICAL_TEMPLATE_AND_BENCHMARK_ONLY,24.0,36.0,56.0,29.0,85.0,165.0,3.7,27.0,2.0,0.0,0.0,0.85,0,0,0,29
M1-T09170WS-- 02 004,MB03,Silica,OilWet,1885766,1885766,52,39.81597791483351,60.06,2.59,HISTORICAL_TEMPLATE_AND_BENCHMARK_ONLY,23.0,36.0,74.0,31.0,104.0,165.0,2.8,31.0,1.0,0.0,0.0,1.4,0,0,0,10
M1-T09170WS-- 02 004,MB03,Silica,OilWet,2025~1692630,2025~1692630,3,39.82277777777778,57.64000000000001,2.58,HISTORICAL_TEMPLATE_AND_BENCHMARK_ONLY,24.0,37.0,66.0,41.0,75.0,165.0,18.0,44.0,0.0,0.0,0.0,1.9,0,0,0,114
M1-T09170WS-- 02 004,MB03,Silica,OilWet,1941532,1941532,7,39.86377950702679,59.405,2.48,HISTORICAL_TEMPLATE_AND_BENCHMARK_ONLY,34.0,36.0,54.0,28.0,105.0,165.0,2.8,6.0,1.0,0.0,0.0,2.15,0,0,0,-19
M1-T09170WS-- 02 004,MB03,Silica,OilWet,1941532,1941532,10,39.875972222222224,59.405,2.45,HISTORICAL_TEMPLATE_AND_BENCHMARK_ONLY,34.0,35.0,54.0,27.0,105.0,165.0,2.8,6.0,5.0,0.0,0.0,2.15,0,0,0,-19
M1-T09170WS-- 02 004,MB03,Silica,OilWet,1855636,1855636,4,39.87635523954135,58.91333333333333,2.45,HISTORICAL_TEMPLATE_AND_BENCHMARK_ONLY,23.0,36.0,60.0,29.0,94.0,165.0,4.1,24.0,2.0,0.0,0.0,0.4,0,0,0,25
M1-T09170WS-- 02 004,MB03,Silica,OilWet,1923797,1923797,9,39.91055315988692,58.72,2.36,HISTORICAL_TEMPLATE_AND_BENCHMARK_ONLY,24.0,35.0,65.0,29.0,105.0,165.0,8.0,12.0,4.0,0.0,0.0,0.1,0,0,0,-10
M1-T09170WS-- 02 004,MB03,Silica,OilWet,2025~1692630,2025~1692630,4,39.91252950702679,57.64000000000001,2.36,HISTORICAL_TEMPLATE_AND_BENCHMARK_ONLY,24.0,37.0,69.0,42.0,75.0,165.0,18.0,44.0,13.0,0.0,0.0,1.9,0,0,0,114
M1-T09170WS-- 02 004,MB03,Silica,OilWet,1871544,1871544,5,39.923024301876644,62.47,2.33,HISTORICAL_TEMPLATE_AND_BENCHMARK_ONLY,23.0,36.0,60.0,29.0,105.0,165.0,1.8,3.0,3.0,0.0,0.0,1.1,0,0,0,17
M1-T15760---- 06 001,ML09,Silica,OilWet,2028040,2028040,1,35.73488191005143,53.34,-1.33,HISTORICAL_TEMPLATE_AND_BENCHMARK_ONLY,46.0,38.0,46.0,45.0,170.0,165.0,7.6,27.0,9.0,0.0,0.0,0.0,0,0,0,-36
M1-T15760---- 06 001,ML09,Silica,OilWet,2026171,2026171,8,35.99811385507396,52.63,-2.07,HISTORICAL_TEMPLATE_AND_BENCHMARK_ONLY,41.0,39.0,45.0,31.0,170.0,165.0,7.8,16.0,34.0,0.0,0.0,1.0,0,0,0,-35
M1-T15760---- 06 001,ML09,Silica,OilWet,2145498,2145498,12,36.364773014233116,54.25,-3.11,HISTORICAL_TEMPLATE_AND_BENCHMARK_ONLY,41.0,38.0,50.0,42.0,116.0,165.0,6.4,7.0,36.0,0.0,0.0,3.0,0,0,0,-97
M1-T15760---- 06 001,ML09,Silica,OilWet,2028040,2028040,1,35.73488191005143,53.34,0.83,HISTORICAL_TEMPLATE_AND_BENCHMARK_ONLY,46.0,38.0,46.0,45.0,170.0,165.0,7.6,27.0,31.0,0.0,0.0,0.0,0,0,0,-36
M1-T15760---- 06 001,ML09,Silica,OilWet,2026171,2026171,8,35.99811385507396,52.63,0.1,HISTORICAL_TEMPLATE_AND_BENCHMARK_ONLY,41.0,39.0,45.0,31.0,170.0,165.0,7.8,16.0,12.0,0.0,0.0,1.0,0,0,0,-35
M1-T15760---- 06 001,ML09,Silica,OilWet,2145498,2145498,12,36.364773014233116,54.25,-0.92,HISTORICAL_TEMPLATE_AND_BENCHMARK_ONLY,41.0,38.0,50.0,42.0,116.0,165.0,6.4,7.0,14.0,0.0,0.0,3.0,0,0,0,-97
M1-A00205W4-- 01 001,MB02,CarbonBlack,OilWet,2024~1306791,2024~1306791,5,27.384722222222223,40.09,6.93,HISTORICAL_TEMPLATE_AND_BENCHMARK_ONLY,51.0,15.0,5.0,51.0,78.0,150.0,1.2,0.0,19.0,0.0,0.0,0.5,0,0,0,14
M1-A00205W4-- 01 001,MB02,CarbonBlack,OilWet,2024~1306791,2024~1306791,7,27.442350427350423,40.09,6.74,HISTORICAL_TEMPLATE_AND_BENCHMARK_ONLY,51.0,16.0,5.0,51.0,78.0,150.0,1.2,0.0,23.0,0.0,0.0,0.5,0,0,0,14
M1-A00205W4-- 01 001,MB02,CarbonBlack,OilWet,2024~1306791,2024~1306791,5,27.384722222222223,40.09,1.08,HISTORICAL_TEMPLATE_AND_BENCHMARK_ONLY,51.0,15.0,5.0,51.0,78.0,150.0,2.2,9.0,22.0,0.0,0.0,1.7,0,0,0,8
M1-A00205W4-- 01 001,MB02,CarbonBlack,OilWet,2024~1306791,2024~1306791,7,27.442350427350423,40.09,0.87,HISTORICAL_TEMPLATE_AND_BENCHMARK_ONLY,51.0,16.0,5.0,51.0,78.0,150.0,2.2,9.0,18.0,0.0,0.0,1.7,0,0,0,8
M1-A00205W4-- 01 001,MB02,CarbonBlack,OilWet,2024~1306791,2024~1306791,5,27.384722222222223,40.09,1.54,HISTORICAL_TEMPLATE_AND_BENCHMARK_ONLY,51.0,15.0,5.0,51.0,78.0,150.0,2.2,9.0,22.0,0.0,0.0,1.7,0,0,0,8
M1-A00205W4-- 01 001,MB02,CarbonBlack,OilWet,2024~1306791,2024~1306791,7,27.442350427350423,40.09,1.33,HISTORICAL_TEMPLATE_AND_BENCHMARK_ONLY,51.0,16.0,5.0,51.0,78.0,150.0,2.2,9.0,18.0,0.0,0.0,1.7,0,0,0,8
M1-B00458B1-- 02 002,MB02,CarbonBlack,OilWet,2024~1568992,2024~1568992,3,23.245,39.973333333333336,23.45,HISTORICAL_TEMPLATE_AND_BENCHMARK_ONLY,45.0,25.0,5.0,33.0,23.0,145.0,18.8,13.0,22.0,0.0,0.0,1.0,0,0,0,-108
M1-B00458B1-- 02 002,MB02,CarbonBlack,OilWet,2024~1540734,2024~1540734,1,23.72791666666667,43.44,21.86,HISTORICAL_TEMPLATE_AND_BENCHMARK_ONLY,45.0,25.0,16.0,21.0,23.0,145.0,16.1,7.0,13.0,0.0,0.0,0.5,0,0,0,-93
M1-B00458B1-- 02 002,MB02,CarbonBlack,OilWet,2024~1472116,2024~1472116,4,26.055134099616858,40.49666666666666,14.2,HISTORICAL_TEMPLATE_AND_BENCHMARK_ONLY,61.0,21.0,5.0,48.0,43.0,145.0,4.8,8.0,20.0,0.0,0.0,1.6,0,0,0,-57
M1-B00458B1-- 02 002,MB02,CarbonBlack,OilWet,2024~1556577,2024~1556577,3,26.34791666666667,41.29333333333333,13.23,HISTORICAL_TEMPLATE_AND_BENCHMARK_ONLY,45.0,26.0,15.0,23.0,42.0,145.0,16.2,3.0,18.0,0.0,0.0,0.6,0,0,0,-101
M1-B00458B1-- 02 002,MB02,CarbonBlack,OilWet,2024~1472116,2024~1472116,3,26.569539056043872,40.49666666666666,12.5,HISTORICAL_TEMPLATE_AND_BENCHMARK_ONLY,61.0,21.0,5.0,51.0,44.0,145.0,4.8,8.0,24.0,0.0,0.0,1.6,0,0,0,-57
M1-B00458B1-- 02 002,MB02,CarbonBlack,OilWet,2024~1444904,2024~1444904,4,26.808011278266093,41.873333333333335,11.72,HISTORICAL_TEMPLATE_AND_BENCHMARK_ONLY,60.0,22.0,5.0,46.0,43.0,145.0,3.0,10.0,17.0,0.0,0.0,7.0667,0,0,0,-44
M1-B00458B1-- 02 002,MB02,CarbonBlack,OilWet,2024~1452778,2024~1452778,2,26.997165690030798,39.556666666666665,11.09,HISTORICAL_TEMPLATE_AND_BENCHMARK_ONLY,61.0,21.0,5.0,56.0,43.0,145.0,1.5,3.0,13.0,0.0,0.0,0.5,0,0,0,-47
M1-B00458B1-- 02 002,MB02,CarbonBlack,OilWet,2024~1568992,2024~1568992,3,23.245,39.973333333333336,19.59,HISTORICAL_TEMPLATE_AND_BENCHMARK_ONLY,45.0,25.0,5.0,33.0,23.0,145.0,18.8,13.0,2.0,0.0,0.0,1.0,0,0,0,-108
M1-B00458B1-- 02 002,MB02,CarbonBlack,OilWet,2024~1540734,2024~1540734,1,23.72791666666667,43.44,17.92,HISTORICAL_TEMPLATE_AND_BENCHMARK_ONLY,45.0,25.0,16.0,21.0,23.0,145.0,16.1,7.0,33.0,0.0,0.0,0.5,0,0,0,-93
M1-B00458B1-- 02 002,MB02,CarbonBlack,OilWet,2024~1472116,2024~1472116,4,26.055134099616858,40.49666666666666,9.87,HISTORICAL_TEMPLATE_AND_BENCHMARK_ONLY,61.0,21.0,5.0,48.0,43.0,145.0,4.8,8.0,0.0,0.0,0.0,1.6,0,0,0,-57
M1-B00458B1-- 02 002,MB02,CarbonBlack,OilWet,2024~1556577,2024~1556577,3,26.34791666666667,41.29333333333333,8.86,HISTORICAL_TEMPLATE_AND_BENCHMARK_ONLY,45.0,26.0,15.0,23.0,42.0,145.0,16.2,3.0,2.0,0.0,0.0,0.6,0,0,0,-101
M1-B00458B1-- 02 002,MB02,CarbonBlack,OilWet,2024~1472116,2024~1472116,3,26.569539056043872,40.49666666666666,8.09,HISTORICAL_TEMPLATE_AND_BENCHMARK_ONLY,61.0,21.0,5.0,51.0,44.0,145.0,4.8,8.0,4.0,0.0,0.0,1.6,0,0,0,-57
M1-B00458B1-- 02 002,MB02,CarbonBlack,OilWet,2024~1444904,2024~1444904,4,26.808011278266093,41.873333333333335,7.27,HISTORICAL_TEMPLATE_AND_BENCHMARK_ONLY,60.0,22.0,5.0,46.0,43.0,145.0,3.0,10.0,3.0,0.0,0.0,7.0667,0,0,0,-44
M1-B00458B1-- 02 002,MB02,CarbonBlack,OilWet,2024~1452778,2024~1452778,2,26.997165690030798,39.556666666666665,6.61,HISTORICAL_TEMPLATE_AND_BENCHMARK_ONLY,61.0,21.0,5.0,56.0,43.0,145.0,1.5,3.0,7.0,0.0,0.0,0.5,0,0,0,-47
M1-B00458B1-- 02 002,MB02,CarbonBlack,OilWet,2024~1568992,2024~1568992,3,23.245,39.973333333333336,20.33,HISTORICAL_TEMPLATE_AND_BENCHMARK_ONLY,45.0,25.0,5.0,33.0,23.0,145.0,18.8,13.0,4.0,0.0,0.0,1.0,0,0,0,-108
M1-B00458B1-- 02 002,MB02,CarbonBlack,OilWet,2024~1540734,2024~1540734,1,23.72791666666667,43.44,18.67,HISTORICAL_TEMPLATE_AND_BENCHMARK_ONLY,45.0,25.0,16.0,21.0,23.0,145.0,16.1,7.0,31.0,0.0,0.0,0.5,0,0,0,-93
M1-B00458B1-- 02 002,MB02,CarbonBlack,OilWet,2024~1472116,2024~1472116,4,26.055134099616858,40.49666666666666,10.7,HISTORICAL_TEMPLATE_AND_BENCHMARK_ONLY,61.0,21.0,5.0,48.0,43.0,145.0,4.8,8.0,2.0,0.0,0.0,1.6,0,0,0,-57
M1-B00458B1-- 02 002,MB02,CarbonBlack,OilWet,2024~1556577,2024~1556577,3,26.34791666666667,41.29333333333333,9.7,HISTORICAL_TEMPLATE_AND_BENCHMARK_ONLY,45.0,26.0,15.0,23.0,42.0,145.0,16.2,3.0,0.0,0.0,0.0,0.6,0,0,0,-101
M1-B00458B1-- 02 002,MB02,CarbonBlack,OilWet,2024~1472116,2024~1472116,3,26.569539056043872,40.49666666666666,8.94,HISTORICAL_TEMPLATE_AND_BENCHMARK_ONLY,61.0,21.0,5.0,51.0,44.0,145.0,4.8,8.0,6.0,0.0,0.0,1.6,0,0,0,-57
M1-B00458B1-- 02 002,MB02,CarbonBlack,OilWet,2024~1444904,2024~1444904,4,26.808011278266093,41.873333333333335,8.12,HISTORICAL_TEMPLATE_AND_BENCHMARK_ONLY,60.0,22.0,5.0,46.0,43.0,145.0,3.0,10.0,1.0,0.0,0.0,7.0667,0,0,0,-44
M1-B00458B1-- 02 002,MB02,CarbonBlack,OilWet,2024~1452778,2024~1452778,2,26.997165690030798,39.556666666666665,7.47,HISTORICAL_TEMPLATE_AND_BENCHMARK_ONLY,61.0,21.0,5.0,56.0,43.0,145.0,1.5,3.0,5.0,0.0,0.0,0.5,0,0,0,-47
M1-B00460B--- 02 001,MB02,CarbonBlack,OilWet,2024~1454990,2024~1454990,4,27.676805555555553,56.48,7.47,HISTORICAL_TEMPLATE_AND_BENCHMARK_ONLY,73.0,15.0,5.0,46.0,90.0,145.0,0.0,8.0,3.0,0.0,0.0,1.1,0,0,0,-52
M1-B00460B--- 02 001,MB02,CarbonBlack,OilWet,2024~1473090,2024~1473090,52,27.852222222222224,57.31,6.89,HISTORICAL_TEMPLATE_AND_BENCHMARK_ONLY,76.0,16.0,5.0,48.0,92.0,145.0,3.6,3.0,9.0,0.0,0.0,3.5,0,0,0,-61
M1-B00460B--- 02 001,MB02,CarbonBlack,OilWet,2024~1360362,2024~1360362,15,27.919722222222223,54.68,6.66,HISTORICAL_TEMPLATE_AND_BENCHMARK_ONLY,66.0,16.0,21.0,42.0,90.0,145.0,1.3,3.0,11.0,0.0,0.0,0.0,0,0,0,-3
M1-B00460B--- 02 001,MB02,CarbonBlack,OilWet,2024~1360362,2024~1360362,17,27.963472222222222,54.68,6.51,HISTORICAL_TEMPLATE_AND_BENCHMARK_ONLY,64.0,15.0,19.0,43.0,91.0,145.0,1.3,3.0,7.0,0.0,0.0,0.0,0,0,0,-3
M1-B00460B--- 02 001,MB02,CarbonBlack,OilWet,2024~1454990,2024~1454990,3,27.972638888888888,56.48,6.48,HISTORICAL_TEMPLATE_AND_BENCHMARK_ONLY,71.0,16.0,5.0,46.0,91.0,145.0,0.0,8.0,4.0,0.0,0.0,1.1,0,0,0,-52
M1-B00460B--- 02 001,MB02,CarbonBlack,OilWet,2024~1466175,2024~1466175,14,27.98625,56.76,6.44,HISTORICAL_TEMPLATE_AND_BENCHMARK_ONLY,74.0,15.0,5.0,47.0,91.0,145.0,2.9,3.0,17.0,0.0,0.0,2.0,0,0,0,-58
M1-B00460B--- 02 001,MB02,CarbonBlack,OilWet,2024~1466175,2024~1466175,13,28.026944444444442,56.76,6.3,HISTORICAL_TEMPLATE_AND_BENCHMARK_ONLY,73.0,15.0,5.0,46.0,90.0,145.0,2.9,3.0,6.0,0.0,0.0,2.0,0,0,0,-58
M1-B00163R4-- 01 003,MB02,CarbonBlack,OilWet,2024~1289924,2024~1289924,12,27.3175,35.57,25.35,HISTORICAL_TEMPLATE_AND_BENCHMARK_ONLY,47.0,16.0,5.0,26.0,75.0,145.0,5.7,9.0,31.0,0.0,0.0,0.65,0,0,0,42
M1-B00163R4-- 01 003,MB02,CarbonBlack,OilWet,2024~1273702,2024~1273702,13,27.364166666666666,35.74,25.22,HISTORICAL_TEMPLATE_AND_BENCHMARK_ONLY,48.0,16.0,5.0,28.0,75.0,145.0,9.3,11.0,31.0,0.0,0.0,1.2,0,0,0,51
M1-B00163R4-- 01 003,MB02,CarbonBlack,OilWet,2024~1273702,2024~1273702,12,27.386666666666667,35.74,25.16,HISTORICAL_TEMPLATE_AND_BENCHMARK_ONLY,47.0,16.0,17.0,15.0,76.0,145.0,9.3,11.0,32.0,0.0,0.0,1.2,0,0,0,51
M1-B00163R4-- 01 003,MB02,CarbonBlack,OilWet,2024~1278656,2024~1278656,9,27.393055555555556,33.26,25.15,HISTORICAL_TEMPLATE_AND_BENCHMARK_ONLY,47.0,16.0,5.0,26.0,75.0,145.0,8.0,15.0,35.0,0.0,0.0,1.4,0,0,0,48
M1-B00163R4-- 01 003,MB02,CarbonBlack,OilWet,2024~1278656,2024~1278656,7,27.500694444444445,33.26,24.85,HISTORICAL_TEMPLATE_AND_BENCHMARK_ONLY,47.0,16.0,5.0,28.0,75.0,145.0,8.0,15.0,33.0,0.0,0.0,1.4,0,0,0,48
M1-B00163R4-- 01 003,MB02,CarbonBlack,OilWet,2024~1278656,2024~1278656,8,27.521666666666665,33.26,24.79,HISTORICAL_TEMPLATE_AND_BENCHMARK_ONLY,47.0,16.0,5.0,26.0,76.0,145.0,8.0,15.0,33.0,0.0,0.0,1.4,0,0,0,48
M1-B00163R4-- 01 003,MB02,CarbonBlack,OilWet,2024~1289924,2024~1289924,11,27.645416666666666,35.57,24.46,HISTORICAL_TEMPLATE_AND_BENCHMARK_ONLY,47.0,16.0,5.0,26.0,76.0,145.0,5.7,9.0,33.0,0.0,0.0,0.65,0,0,0,42
M1-B00163R4-- 01 003,MB02,CarbonBlack,OilWet,2024~1556560,2024~1556560,3,27.69138888888889,36.49,24.33,HISTORICAL_TEMPLATE_AND_BENCHMARK_ONLY,51.0,16.0,5.0,29.0,45.0,145.0,17.5,6.0,36.0,0.0,0.0,3.65,0,0,0,-99
M1-B00163R4-- 01 003,MB02,CarbonBlack,OilWet,2024~1289924,2024~1289924,12,27.3175,35.57,21.13,HISTORICAL_TEMPLATE_AND_BENCHMARK_ONLY,47.0,16.0,5.0,26.0,75.0,145.0,5.7,9.0,6.0,0.0,0.0,0.65,0,0,0,42
M1-B00163R4-- 01 003,MB02,CarbonBlack,OilWet,2024~1273702,2024~1273702,13,27.364166666666666,35.74,20.99,HISTORICAL_TEMPLATE_AND_BENCHMARK_ONLY,48.0,16.0,5.0,28.0,75.0,145.0,9.3,11.0,6.0,0.0,0.0,1.2,0,0,0,51
M1-B00163R4-- 01 003,MB02,CarbonBlack,OilWet,2024~1273702,2024~1273702,12,27.386666666666667,35.74,20.93,HISTORICAL_TEMPLATE_AND_BENCHMARK_ONLY,47.0,16.0,17.0,15.0,76.0,145.0,9.3,11.0,5.0,0.0,0.0,1.2,0,0,0,51
M1-B00163R4-- 01 003,MB02,CarbonBlack,OilWet,2024~1278656,2024~1278656,9,27.393055555555556,33.26,20.91,HISTORICAL_TEMPLATE_AND_BENCHMARK_ONLY,47.0,16.0,5.0,26.0,75.0,145.0,8.0,15.0,2.0,0.0,0.0,1.4,0,0,0,48
M1-B00163R4-- 01 003,MB02,CarbonBlack,OilWet,2024~1278656,2024~1278656,7,27.500694444444445,33.26,20.6,HISTORICAL_TEMPLATE_AND_BENCHMARK_ONLY,47.0,16.0,5.0,28.0,75.0,145.0,8.0,15.0,4.0,0.0,0.0,1.4,0,0,0,48
M1-B00163R4-- 01 003,MB02,CarbonBlack,OilWet,2024~1278656,2024~1278656,8,27.521666666666665,33.26,20.54,HISTORICAL_TEMPLATE_AND_BENCHMARK_ONLY,47.0,16.0,5.0,26.0,76.0,145.0,8.0,15.0,4.0,0.0,0.0,1.4,0,0,0,48
M1-B00163R4-- 01 003,MB02,CarbonBlack,OilWet,2024~1289924,2024~1289924,11,27.645416666666666,35.57,20.18,HISTORICAL_TEMPLATE_AND_BENCHMARK_ONLY,47.0,16.0,5.0,26.0,76.0,145.0,5.7,9.0,4.0,0.0,0.0,0.65,0,0,0,42
M1-B00163R4-- 01 003,MB02,CarbonBlack,OilWet,2024~1556560,2024~1556560,3,27.69138888888889,36.49,20.05,HISTORICAL_TEMPLATE_AND_BENCHMARK_ONLY,51.0,16.0,5.0,29.0,45.0,145.0,17.5,6.0,1.0,0.0,0.0,3.65,0,0,0,-99
M1-B00163R4-- 01 003,MB02,CarbonBlack,OilWet,2024~1289924,2024~1289924,12,27.3175,35.57,16.4,HISTORICAL_TEMPLATE_AND_BENCHMARK_ONLY,47.0,16.0,5.0,26.0,75.0,145.0,5.7,9.0,8.0,0.0,0.0,0.65,0,0,0,42
M1-B00163R4-- 01 003,MB02,CarbonBlack,OilWet,2024~1273702,2024~1273702,13,27.364166666666666,35.74,16.26,HISTORICAL_TEMPLATE_AND_BENCHMARK_ONLY,48.0,16.0,5.0,28.0,75.0,145.0,9.3,11.0,8.0,0.0,0.0,1.2,0,0,0,51
M1-B00163R4-- 01 003,MB02,CarbonBlack,OilWet,2024~1273702,2024~1273702,12,27.386666666666667,35.74,16.19,HISTORICAL_TEMPLATE_AND_BENCHMARK_ONLY,47.0,16.0,17.0,15.0,76.0,145.0,9.3,11.0,7.0,0.0,0.0,1.2,0,0,0,51
M1-B00163R4-- 01 003,MB02,CarbonBlack,OilWet,2024~1278656,2024~1278656,9,27.393055555555556,33.26,16.17,HISTORICAL_TEMPLATE_AND_BENCHMARK_ONLY,47.0,16.0,5.0,26.0,75.0,145.0,8.0,15.0,4.0,0.0,0.0,1.4,0,0,0,48
M1-B00163R4-- 01 003,MB02,CarbonBlack,OilWet,2024~1278656,2024~1278656,7,27.500694444444445,33.26,15.84,HISTORICAL_TEMPLATE_AND_BENCHMARK_ONLY,47.0,16.0,5.0,28.0,75.0,145.0,8.0,15.0,6.0,0.0,0.0,1.4,0,0,0,48
M1-B00163R4-- 01 003,MB02,CarbonBlack,OilWet,2024~1278656,2024~1278656,8,27.521666666666665,33.26,15.78,HISTORICAL_TEMPLATE_AND_BENCHMARK_ONLY,47.0,16.0,5.0,26.0,76.0,145.0,8.0,15.0,6.0,0.0,0.0,1.4,0,0,0,48
M1-B00163R4-- 01 003,MB02,CarbonBlack,OilWet,2024~1289924,2024~1289924,11,27.645416666666666,35.57,15.4,HISTORICAL_TEMPLATE_AND_BENCHMARK_ONLY,47.0,16.0,5.0,26.0,76.0,145.0,5.7,9.0,6.0,0.0,0.0,0.65,0,0,0,42
M1-B00163R4-- 01 003,MB02,CarbonBlack,OilWet,2024~1556560,2024~1556560,3,27.69138888888889,36.49,15.26,HISTORICAL_TEMPLATE_AND_BENCHMARK_ONLY,51.0,16.0,5.0,29.0,45.0,145.0,17.5,6.0,3.0,0.0,0.0,3.65,0,0,0,-99
M1-B00458---- 12 003,MB02,CarbonBlack,OilWet,2024~1520246,2024~1520246,2,25.380277777777778,38.47,28.41,HISTORICAL_TEMPLATE_AND_BENCHMARK_ONLY,49.0,26.0,19.0,23.0,43.0,145.0,9.7,17.0,20.0,0.0,0.0,6.4167,0,0,0,-71
M1-B00458---- 12 003,MB02,CarbonBlack,OilWet,2024~1530164,2024~1530164,3,25.391666666666666,39.88,28.38,HISTORICAL_TEMPLATE_AND_BENCHMARK_ONLY,45.0,25.0,16.0,23.0,42.0,145.0,8.8,8.0,14.0,0.0,0.0,0.175,0,0,0,-76
M1-B00458---- 12 003,MB02,CarbonBlack,OilWet,2024~1494246,2024~1494246,36,25.420694444444443,38.67,28.29,HISTORICAL_TEMPLATE_AND_BENCHMARK_ONLY,50.0,25.0,20.0,27.0,43.0,145.0,6.2,1.0,23.0,0.0,0.0,1.15,0,0,0,-56
M1-B00458---- 12 003,MB02,CarbonBlack,OilWet,2024~1408814,2024~1408814,2,25.431111111111107,39.34,28.26,HISTORICAL_TEMPLATE_AND_BENCHMARK_ONLY,60.0,22.0,5.0,58.0,34.0,145.0,1.4,5.0,21.0,0.0,0.0,2.6,0,0,0,-14
M1-B00458---- 12 003,MB02,CarbonBlack,OilWet,2024~1526686,2024~1526686,2,25.433055555555555,39.525000000000006,28.26,HISTORICAL_TEMPLATE_AND_BENCHMARK_ONLY,46.0,25.0,5.0,31.0,42.0,145.0,9.0,0.0,18.0,0.0,0.0,5.0833,0,0,0,-75
M1-B00458---- 12 003,MB02,CarbonBlack,OilWet,2024~1528599,2024~1528599,3,25.445416666666667,40.803333333333335,28.22,HISTORICAL_TEMPLATE_AND_BENCHMARK_ONLY,45.0,26.0,18.0,23.0,42.0,145.0,9.5,3.0,18.0,0.0,0.0,1.775,0,0,0,-76
M1-B00458---- 12 003,MB02,CarbonBlack,OilWet,2024~1528581,2024~1528581,2,25.469166666666666,39.86,28.16,HISTORICAL_TEMPLATE_AND_BENCHMARK_ONLY,46.0,25.0,18.0,23.0,43.0,145.0,9.5,3.0,25.0,0.0,0.0,5.5667,0,0,0,-75
M1-B00458---- 12 003,MB02,CarbonBlack,OilWet,2024~1473796,2024~1473796,3,25.470672508918582,44.95,28.15,HISTORICAL_TEMPLATE_AND_BENCHMARK_ONLY,49.0,25.0,17.0,22.0,43.0,145.0,5.0,14.0,20.0,0.0,0.0,0.45,0,0,0,-46
M1-B00458---- 12 003,MB02,CarbonBlack,OilWet,2024~1528581,2024~1528581,3,25.480555555555558,39.86,28.13,HISTORICAL_TEMPLATE_AND_BENCHMARK_ONLY,45.0,25.0,5.0,34.0,43.0,145.0,9.5,3.0,20.0,0.0,0.0,5.5667,0,0,0,-75
M1-B00458---- 12 003,MB02,CarbonBlack,OilWet,2024~1297030,2024~1297030,4,25.489391435703755,41.766666666666666,28.1,HISTORICAL_TEMPLATE_AND_BENCHMARK_ONLY,51.0,22.0,26.0,19.0,55.0,145.0,0.8,13.0,23.0,0.0,0.0,0.85,0,0,0,49
M1-B00458---- 12 003,MB02,CarbonBlack,OilWet,2024~1473796,2024~1473796,4,25.525833333333335,44.95,28.0,HISTORICAL_TEMPLATE_AND_BENCHMARK_ONLY,49.0,26.0,5.0,35.0,43.0,145.0,5.0,14.0,16.0,0.0,0.0,0.45,0,0,0,-46
M1-B00458---- 12 003,MB02,CarbonBlack,OilWet,2024~1475913,2024~1475913,4,25.53013888888889,43.50666666666667,27.99,HISTORICAL_TEMPLATE_AND_BENCHMARK_ONLY,49.0,25.0,18.0,23.0,41.0,145.0,2.2,2.0,26.0,0.0,0.0,3.2,0,0,0,-47
M1-B00458---- 12 003,MB02,CarbonBlack,OilWet,2024~1295960,2024~1295960,15,25.53952514071061,41.68,27.96,HISTORICAL_TEMPLATE_AND_BENCHMARK_ONLY,52.0,21.0,5.0,40.0,55.0,145.0,2.0,5.0,20.0,0.0,0.0,1.9,0,0,0,49
M1-B00458---- 12 003,MB02,CarbonBlack,OilWet,2024~1471335,2024~1471335,4,25.54111111111111,42.33,27.95,HISTORICAL_TEMPLATE_AND_BENCHMARK_ONLY,49.0,25.0,5.0,37.0,43.0,145.0,4.3,3.0,21.0,0.0,0.0,0.45,0,0,0,-46
M1-B00458---- 12 003,MB02,CarbonBlack,OilWet,2024~1475240,2024~1475240,3,25.555694444444445,43.19333333333333,27.91,HISTORICAL_TEMPLATE_AND_BENCHMARK_ONLY,49.0,26.0,16.0,25.0,43.0,145.0,2.2,2.0,24.0,0.0,0.0,0.45,0,0,0,-47
M1-B00458---- 12 003,MB02,CarbonBlack,OilWet,2024~1490281,2024~1490281,4,25.556944444444447,38.473333333333336,27.91,HISTORICAL_TEMPLATE_AND_BENCHMARK_ONLY,49.0,26.0,5.0,36.0,43.0,145.0,9.2,4.0,30.0,0.0,0.0,0.4,0,0,0,-55
M1-B00458---- 12 003,MB02,CarbonBlack,OilWet,2024~1494246,2024~1494246,34,25.562690986629782,38.67,27.89,HISTORICAL_TEMPLATE_AND_BENCHMARK_ONLY,49.0,26.0,17.0,25.0,42.0,145.0,6.2,1.0,22.0,0.0,0.0,1.15,0,0,0,-56
M1-B00458---- 12 003,MB02,CarbonBlack,OilWet,2024~1304820,2024~1304820,4,25.592441807377277,42.54666666666666,27.81,HISTORICAL_TEMPLATE_AND_BENCHMARK_ONLY,51.0,22.0,5.0,38.0,54.0,145.0,2.4,24.0,21.0,0.0,0.0,1.7,0,0,0,45
M1-B00458---- 12 003,MB02,CarbonBlack,OilWet,2024~1295960,2024~1295960,14,25.592875317448193,41.68,27.81,HISTORICAL_TEMPLATE_AND_BENCHMARK_ONLY,51.0,22.0,24.0,21.0,55.0,145.0,2.0,5.0,26.0,0.0,0.0,1.9,0,0,0,49
M1-B00458---- 12 003,MB02,CarbonBlack,OilWet,2024~1495428,2024~1495428,8,25.596944444444446,38.62,27.8,HISTORICAL_TEMPLATE_AND_BENCHMARK_ONLY,49.0,25.0,19.0,25.0,43.0,145.0,11.5,11.0,20.0,0.0,0.0,7.85,0,0,0,-61
M1-T09170WS-- 01 009,ML09,Silica,OilWet,2024~1412424,2024~1412424,5,42.30361111111111,60.57,10.67,HISTORICAL_TEMPLATE_AND_BENCHMARK_ONLY,21.0,47.0,44.0,24.0,108.0,165.0,0.6,2.0,39.0,0.0,0.0,1.5,0,0,0,3
M1-T09170WS-- 01 009,ML09,Silica,OilWet,2024~1371284,2024~1371284,3,42.32666666666667,57.56,10.62,HISTORICAL_TEMPLATE_AND_BENCHMARK_ONLY,22.0,47.0,48.0,25.0,93.0,165.0,0.6,1.0,31.0,0.0,0.0,0.05,0,0,0,25
M1-T09170WS-- 01 009,ML09,Silica,OilWet,2024~1323754,2024~1323754,4,42.33902777777778,60.290000000000006,10.59,HISTORICAL_TEMPLATE_AND_BENCHMARK_ONLY,21.0,58.0,25.0,42.0,93.0,165.0,5.3,17.0,31.0,0.0,0.0,0.6,0,0,0,53
M1-T09170WS-- 01 009,ML09,Silica,OilWet,2024~1423906,2024~1423906,5,42.34597222222222,60.43,10.58,HISTORICAL_TEMPLATE_AND_BENCHMARK_ONLY,20.0,47.0,47.0,23.0,109.0,165.0,2.3,4.0,34.0,0.0,0.0,6.0667,0,0,0,-3
M1-T09170WS-- 01 009,ML09,Silica,OilWet,2024~1371284,2024~1371284,4,42.352916666666665,57.56,10.56,HISTORICAL_TEMPLATE_AND_BENCHMARK_ONLY,21.0,46.0,47.0,25.0,94.0,165.0,0.6,1.0,32.0,0.0,0.0,0.05,0,0,0,25
M1-T09170WS-- 01 009,ML09,Silica,OilWet,2024~1276191,2024~1276191,3,42.38127647442164,61.59666666666666,10.5,HISTORICAL_TEMPLATE_AND_BENCHMARK_ONLY,30.0,59.0,45.0,54.0,69.0,165.0,4.4,17.0,34.0,0.0,0.0,1.15,0,0,0,77
M1-T09170WS-- 01 009,ML09,Silica,OilWet,2024~1389876,2024~1389876,2,42.40833333333333,61.59,10.44,HISTORICAL_TEMPLATE_AND_BENCHMARK_ONLY,21.0,49.0,49.0,21.0,107.0,165.0,3.9,7.0,34.0,0.0,0.0,1.55,0,0,0,15
M1-T09170WS-- 01 009,ML09,Silica,OilWet,2024~1323754,2024~1323754,6,42.41430555555556,60.290000000000006,10.43,HISTORICAL_TEMPLATE_AND_BENCHMARK_ONLY,22.0,58.0,24.0,40.0,92.0,165.0,5.3,17.0,31.0,0.0,0.0,0.6,0,0,0,53
M1-T09170WS-- 01 009,ML09,Silica,OilWet,2024~1342434,2024~1342434,2,42.47013888888889,61.61000000000001,10.31,HISTORICAL_TEMPLATE_AND_BENCHMARK_ONLY,20.0,49.0,30.0,41.0,93.0,165.0,2.7,16.0,32.0,0.0,0.0,2.9,0,0,0,41
M1-T09170WS-- 01 009,ML09,Silica,OilWet,2024~1276191,2024~1276191,2,42.51503408091469,61.59666666666666,10.22,HISTORICAL_TEMPLATE_AND_BENCHMARK_ONLY,27.0,60.0,48.0,53.0,70.0,165.0,4.4,17.0,31.0,0.0,0.0,1.15,0,0,0,77
M1-T09170WS-- 01 009,ML09,Silica,OilWet,2024~1415951,2024~1415951,1,42.530972222222225,57.95,10.19,HISTORICAL_TEMPLATE_AND_BENCHMARK_ONLY,23.0,57.0,41.0,19.0,109.0,165.0,0.1,3.0,15.0,0.0,0.0,0.5,0,0,0,1
M1-T09170WS-- 01 009,ML09,Silica,OilWet,2024~1367336,2024~1367336,1,42.54097222222222,58.68333333333334,10.16,HISTORICAL_TEMPLATE_AND_BENCHMARK_ONLY,22.0,50.0,49.0,23.0,91.0,165.0,3.2,5.0,8.0,0.0,0.0,3.95,0,0,0,27
M1-T09170WS-- 01 009,ML09,Silica,OilWet,2024~1360343,2024~1360343,4,42.553333333333335,58.32,10.14,HISTORICAL_TEMPLATE_AND_BENCHMARK_ONLY,21.0,46.0,48.0,25.0,95.0,165.0,3.3,7.0,27.0,0.0,0.0,3.95,0,0,0,29
M1-T09170WS-- 01 009,ML09,Silica,OilWet,2024~1420226,2024~1420226,4,42.60944444444444,60.156666666666666,10.02,HISTORICAL_TEMPLATE_AND_BENCHMARK_ONLY,21.0,46.0,45.0,25.0,110.0,165.0,0.1,1.0,30.0,0.0,0.0,1.1,0,0,0,-1
M1-T09170WS-- 01 009,ML09,Silica,OilWet,2024~1395686,2024~1395686,5,42.610416666666666,58.2,10.02,HISTORICAL_TEMPLATE_AND_BENCHMARK_ONLY,21.0,46.0,49.0,24.0,109.0,165.0,3.0,3.0,38.0,0.0,0.0,0.7,0,0,0,12
M1-T09170WS-- 01 009,ML09,Silica,OilWet,2024~1330348,2024~1330348,2,42.61472222222222,58.620000000000005,10.01,HISTORICAL_TEMPLATE_AND_BENCHMARK_ONLY,20.0,58.0,26.0,43.0,94.0,165.0,1.9,8.0,30.0,0.0,0.0,0.7,0,0,0,47
M1-T09170WS-- 01 009,ML09,Silica,OilWet,2024~1416747,2024~1416747,5,42.63152777777778,59.49666666666667,9.97,HISTORICAL_TEMPLATE_AND_BENCHMARK_ONLY,20.0,46.0,46.0,24.0,108.0,165.0,0.1,3.0,28.0,0.0,0.0,0.0,0,0,0,0
M1-T09170WS-- 01 009,ML09,Silica,OilWet,2024~1352608,2024~1352608,1,42.64763888888889,58.68333333333334,9.94,HISTORICAL_TEMPLATE_AND_BENCHMARK_ONLY,23.0,60.0,22.0,37.0,92.0,165.0,0.8,14.0,15.0,0.0,0.0,2.1,0,0,0,35
M1-T09170WS-- 01 009,ML09,Silica,OilWet,2024~1321713,2024~1321713,3,42.70708333333333,59.9675,9.81,HISTORICAL_TEMPLATE_AND_BENCHMARK_ONLY,21.0,65.0,24.0,42.0,93.0,165.0,4.0,7.0,27.0,0.0,0.0,1.0,0,0,0,54
M1-T09170WS-- 01 009,ML09,Silica,OilWet,2024~1352608,2024~1352608,4,42.712777777777774,58.68333333333334,9.8,HISTORICAL_TEMPLATE_AND_BENCHMARK_ONLY,20.0,52.0,27.0,41.0,92.0,165.0,0.8,14.0,29.0,0.0,0.0,2.1,0,0,0,35
M1-T09170WS-- 01 009,ML09,Silica,OilWet,2024~1412424,2024~1412424,5,42.30361111111111,60.57,7.16,HISTORICAL_TEMPLATE_AND_BENCHMARK_ONLY,21.0,47.0,44.0,24.0,108.0,165.0,0.6,2.0,9.0,0.0,0.0,1.5,0,0,0,3
M1-T09170WS-- 01 009,ML09,Silica,OilWet,2024~1371284,2024~1371284,3,42.32666666666667,57.56,7.11,HISTORICAL_TEMPLATE_AND_BENCHMARK_ONLY,22.0,47.0,48.0,25.0,93.0,165.0,0.6,1.0,1.0,0.0,0.0,0.05,0,0,0,25
M1-T09170WS-- 01 009,ML09,Silica,OilWet,2024~1323754,2024~1323754,4,42.33902777777778,60.290000000000006,7.08,HISTORICAL_TEMPLATE_AND_BENCHMARK_ONLY,21.0,58.0,25.0,42.0,93.0,165.0,5.3,17.0,1.0,0.0,0.0,0.6,0,0,0,53
M1-T09170WS-- 01 009,ML09,Silica,OilWet,2024~1423906,2024~1423906,5,42.34597222222222,60.43,7.07,HISTORICAL_TEMPLATE_AND_BENCHMARK_ONLY,20.0,47.0,47.0,23.0,109.0,165.0,2.3,4.0,4.0,0.0,0.0,6.0667,0,0,0,-3
M1-T09170WS-- 01 009,ML09,Silica,OilWet,2024~1371284,2024~1371284,4,42.352916666666665,57.56,7.05,HISTORICAL_TEMPLATE_AND_BENCHMARK_ONLY,21.0,46.0,47.0,25.0,94.0,165.0,0.6,1.0,2.0,0.0,0.0,0.05,0,0,0,25
M1-T09170WS-- 01 009,ML09,Silica,OilWet,2024~1276191,2024~1276191,3,42.38127647442164,61.59666666666666,6.99,HISTORICAL_TEMPLATE_AND_BENCHMARK_ONLY,30.0,59.0,45.0,54.0,69.0,165.0,4.4,17.0,4.0,0.0,0.0,1.15,0,0,0,77
M1-T09170WS-- 01 009,ML09,Silica,OilWet,2024~1389876,2024~1389876,2,42.40833333333333,61.59,6.93,HISTORICAL_TEMPLATE_AND_BENCHMARK_ONLY,21.0,49.0,49.0,21.0,107.0,165.0,3.9,7.0,4.0,0.0,0.0,1.55,0,0,0,15
M1-T09170WS-- 01 009,ML09,Silica,OilWet,2024~1323754,2024~1323754,6,42.41430555555556,60.290000000000006,6.92,HISTORICAL_TEMPLATE_AND_BENCHMARK_ONLY,22.0,58.0,24.0,40.0,92.0,165.0,5.3,17.0,1.0,0.0,0.0,0.6,0,0,0,53
M1-T09170WS-- 01 009,ML09,Silica,OilWet,2024~1342434,2024~1342434,2,42.47013888888889,61.61000000000001,6.8,HISTORICAL_TEMPLATE_AND_BENCHMARK_ONLY,20.0,49.0,30.0,41.0,93.0,165.0,2.7,16.0,2.0,0.0,0.0,2.9,0,0,0,41
M1-T09170WS-- 01 009,ML09,Silica,OilWet,2024~1276191,2024~1276191,2,42.51503408091469,61.59666666666666,6.7,HISTORICAL_TEMPLATE_AND_BENCHMARK_ONLY,27.0,60.0,48.0,53.0,70.0,165.0,4.4,17.0,1.0,0.0,0.0,1.15,0,0,0,77
M1-T09170WS-- 01 009,ML09,Silica,OilWet,2024~1415951,2024~1415951,1,42.530972222222225,57.95,6.66,HISTORICAL_TEMPLATE_AND_BENCHMARK_ONLY,23.0,57.0,41.0,19.0,109.0,165.0,0.1,3.0,15.0,0.0,0.0,0.5,0,0,0,1
M1-T09170WS-- 01 009,ML09,Silica,OilWet,2024~1367336,2024~1367336,1,42.54097222222222,58.68333333333334,6.64,HISTORICAL_TEMPLATE_AND_BENCHMARK_ONLY,22.0,50.0,49.0,23.0,91.0,165.0,3.2,5.0,22.0,0.0,0.0,3.95,0,0,0,27
M1-T09170WS-- 01 009,ML09,Silica,OilWet,2024~1360343,2024~1360343,4,42.553333333333335,58.32,6.61,HISTORICAL_TEMPLATE_AND_BENCHMARK_ONLY,21.0,46.0,48.0,25.0,95.0,165.0,3.3,7.0,3.0,0.0,0.0,3.95,0,0,0,29
M1-T09170WS-- 01 009,ML09,Silica,OilWet,2024~1420226,2024~1420226,4,42.60944444444444,60.156666666666666,6.49,HISTORICAL_TEMPLATE_AND_BENCHMARK_ONLY,21.0,46.0,45.0,25.0,110.0,165.0,0.1,1.0,0.0,0.0,0.0,1.1,0,0,0,-1
M1-T09170WS-- 01 009,ML09,Silica,OilWet,2024~1395686,2024~1395686,5,42.610416666666666,58.2,6.49,HISTORICAL_TEMPLATE_AND_BENCHMARK_ONLY,21.0,46.0,49.0,24.0,109.0,165.0,3.0,3.0,8.0,0.0,0.0,0.7,0,0,0,12
M1-T09170WS-- 01 009,ML09,Silica,OilWet,2024~1330348,2024~1330348,2,42.61472222222222,58.620000000000005,6.48,HISTORICAL_TEMPLATE_AND_BENCHMARK_ONLY,20.0,58.0,26.0,43.0,94.0,165.0,1.9,8.0,0.0,0.0,0.0,0.7,0,0,0,47
M1-T09170WS-- 01 009,ML09,Silica,OilWet,2024~1416747,2024~1416747,5,42.63152777777778,59.49666666666667,6.44,HISTORICAL_TEMPLATE_AND_BENCHMARK_ONLY,20.0,46.0,46.0,24.0,108.0,165.0,0.1,3.0,2.0,0.0,0.0,0.0,0,0,0,0
M1-T09170WS-- 01 009,ML09,Silica,OilWet,2024~1352608,2024~1352608,1,42.64763888888889,58.68333333333334,6.41,HISTORICAL_TEMPLATE_AND_BENCHMARK_ONLY,23.0,60.0,22.0,37.0,92.0,165.0,0.8,14.0,15.0,0.0,0.0,2.1,0,0,0,35
M1-T09170WS-- 01 009,ML09,Silica,OilWet,2024~1321713,2024~1321713,3,42.70708333333333,59.9675,6.28,HISTORICAL_TEMPLATE_AND_BENCHMARK_ONLY,21.0,65.0,24.0,42.0,93.0,165.0,4.0,7.0,3.0,0.0,0.0,1.0,0,0,0,54
M1-T09170WS-- 01 009,ML09,Silica,OilWet,2024~1352608,2024~1352608,4,42.712777777777774,58.68333333333334,6.26,HISTORICAL_TEMPLATE_AND_BENCHMARK_ONLY,20.0,52.0,27.0,41.0,92.0,165.0,0.8,14.0,1.0,0.0,0.0,2.1,0,0,0,35
M1-T09170WS-- 01 009,ML09,Silica,OilWet,2024~1412424,2024~1412424,5,42.30361111111111,60.57,4.27,HISTORICAL_TEMPLATE_AND_BENCHMARK_ONLY,21.0,47.0,44.0,24.0,108.0,165.0,0.6,2.0,2.0,0.0,0.0,1.5,0,0,0,3
M1-T09170WS-- 01 009,ML09,Silica,OilWet,2024~1371284,2024~1371284,3,42.32666666666667,57.56,4.22,HISTORICAL_TEMPLATE_AND_BENCHMARK_ONLY,22.0,47.0,48.0,25.0,93.0,165.0,0.6,1.0,10.0,0.0,0.0,0.05,0,0,0,25
M1-T09170WS-- 01 009,ML09,Silica,OilWet,2024~1323754,2024~1323754,4,42.33902777777778,60.290000000000006,4.19,HISTORICAL_TEMPLATE_AND_BENCHMARK_ONLY,21.0,58.0,25.0,42.0,93.0,165.0,5.3,17.0,10.0,0.0,0.0,0.6,0,0,0,53
M1-T09170WS-- 01 009,ML09,Silica,OilWet,2024~1423906,2024~1423906,5,42.34597222222222,60.43,4.17,HISTORICAL_TEMPLATE_AND_BENCHMARK_ONLY,20.0,47.0,47.0,23.0,109.0,165.0,2.3,4.0,7.0,0.0,0.0,6.0667,0,0,0,-3
M1-T09170WS-- 01 009,ML09,Silica,OilWet,2024~1371284,2024~1371284,4,42.352916666666665,57.56,4.16,HISTORICAL_TEMPLATE_AND_BENCHMARK_ONLY,21.0,46.0,47.0,25.0,94.0,165.0,0.6,1.0,9.0,0.0,0.0,0.05,0,0,0,25
M1-T09170WS-- 01 009,ML09,Silica,OilWet,2024~1276191,2024~1276191,3,42.38127647442164,61.59666666666666,4.09,HISTORICAL_TEMPLATE_AND_BENCHMARK_ONLY,30.0,59.0,45.0,54.0,69.0,165.0,4.4,17.0,7.0,0.0,0.0,1.15,0,0,0,77
M1-T09170WS-- 01 009,ML09,Silica,OilWet,2024~1389876,2024~1389876,2,42.40833333333333,61.59,4.03,HISTORICAL_TEMPLATE_AND_BENCHMARK_ONLY,21.0,49.0,49.0,21.0,107.0,165.0,3.9,7.0,7.0,0.0,0.0,1.55,0,0,0,15
M1-T09170WS-- 01 009,ML09,Silica,OilWet,2024~1323754,2024~1323754,6,42.41430555555556,60.290000000000006,4.02,HISTORICAL_TEMPLATE_AND_BENCHMARK_ONLY,22.0,58.0,24.0,40.0,92.0,165.0,5.3,17.0,10.0,0.0,0.0,0.6,0,0,0,53
M1-T09170WS-- 01 009,ML09,Silica,OilWet,2024~1342434,2024~1342434,2,42.47013888888889,61.61000000000001,3.89,HISTORICAL_TEMPLATE_AND_BENCHMARK_ONLY,20.0,49.0,30.0,41.0,93.0,165.0,2.7,16.0,9.0,0.0,0.0,2.9,0,0,0,41
M1-T09170WS-- 01 009,ML09,Silica,OilWet,2024~1276191,2024~1276191,2,42.51503408091469,61.59666666666666,3.79,HISTORICAL_TEMPLATE_AND_BENCHMARK_ONLY,27.0,60.0,48.0,53.0,70.0,165.0,4.4,17.0,10.0,0.0,0.0,1.15,0,0,0,77
M1-T09170WS-- 01 009,ML09,Silica,OilWet,2024~1415951,2024~1415951,1,42.530972222222225,57.95,3.76,HISTORICAL_TEMPLATE_AND_BENCHMARK_ONLY,23.0,57.0,41.0,19.0,109.0,165.0,0.1,3.0,26.0,0.0,0.0,0.5,0,0,0,1
M1-T09170WS-- 01 009,ML09,Silica,OilWet,2024~1367336,2024~1367336,1,42.54097222222222,58.68333333333334,3.73,HISTORICAL_TEMPLATE_AND_BENCHMARK_ONLY,22.0,50.0,49.0,23.0,91.0,165.0,3.2,5.0,33.0,0.0,0.0,3.95,0,0,0,27
M1-T09170WS-- 01 009,ML09,Silica,OilWet,2024~1360343,2024~1360343,4,42.553333333333335,58.32,3.71,HISTORICAL_TEMPLATE_AND_BENCHMARK_ONLY,21.0,46.0,48.0,25.0,95.0,165.0,3.3,7.0,14.0,0.0,0.0,3.95,0,0,0,29
M1-T09170WS-- 01 009,ML09,Silica,OilWet,2024~1420226,2024~1420226,4,42.60944444444444,60.156666666666666,3.58,HISTORICAL_TEMPLATE_AND_BENCHMARK_ONLY,21.0,46.0,45.0,25.0,110.0,165.0,0.1,1.0,11.0,0.0,0.0,1.1,0,0,0,-1
M1-T09170WS-- 01 009,ML09,Silica,OilWet,2024~1395686,2024~1395686,5,42.610416666666666,58.2,3.58,HISTORICAL_TEMPLATE_AND_BENCHMARK_ONLY,21.0,46.0,49.0,24.0,109.0,165.0,3.0,3.0,3.0,0.0,0.0,0.7,0,0,0,12
M1-T09170WS-- 01 009,ML09,Silica,OilWet,2024~1330348,2024~1330348,2,42.61472222222222,58.620000000000005,3.57,HISTORICAL_TEMPLATE_AND_BENCHMARK_ONLY,20.0,58.0,26.0,43.0,94.0,165.0,1.9,8.0,11.0,0.0,0.0,0.7,0,0,0,47
M1-T09170WS-- 01 009,ML09,Silica,OilWet,2024~1416747,2024~1416747,5,42.63152777777778,59.49666666666667,3.53,HISTORICAL_TEMPLATE_AND_BENCHMARK_ONLY,20.0,46.0,46.0,24.0,108.0,165.0,0.1,3.0,13.0,0.0,0.0,0.0,0,0,0,0
M1-T09170WS-- 01 009,ML09,Silica,OilWet,2024~1352608,2024~1352608,1,42.64763888888889,58.68333333333334,3.49,HISTORICAL_TEMPLATE_AND_BENCHMARK_ONLY,23.0,60.0,22.0,37.0,92.0,165.0,0.8,14.0,26.0,0.0,0.0,2.1,0,0,0,35
M1-T09170WS-- 01 009,ML09,Silica,OilWet,2024~1321713,2024~1321713,3,42.70708333333333,59.9675,3.36,HISTORICAL_TEMPLATE_AND_BENCHMARK_ONLY,21.0,65.0,24.0,42.0,93.0,165.0,4.0,7.0,14.0,0.0,0.0,1.0,0,0,0,54
M1-T09170WS-- 01 009,ML09,Silica,OilWet,2024~1352608,2024~1352608,4,42.712777777777774,58.68333333333334,3.34,HISTORICAL_TEMPLATE_AND_BENCHMARK_ONLY,20.0,52.0,27.0,41.0,92.0,165.0,0.8,14.0,12.0,0.0,0.0,2.1,0,0,0,35
M1-T09170---- 24 001,ML09,Silica,OilWet,2024~1456692,2024~1456692,5,43.31888888888889,57.95333333333334,5.65,HISTORICAL_TEMPLATE_AND_BENCHMARK_ONLY,21.0,49.0,46.0,22.0,109.0,165.0,1.0,8.0,21.0,0.0,0.0,0.0,0,0,0,-4
M1-T09170---- 24 001,ML09,Silica,OilWet,2024~1456692,2024~1456692,5,43.31888888888889,57.95333333333334,4.21,HISTORICAL_TEMPLATE_AND_BENCHMARK_ONLY,21.0,49.0,46.0,22.0,109.0,165.0,1.0,8.0,2.0,0.0,0.0,0.0,0,0,0,-4
M1-T09170---- 24 001,ML09,Silica,OilWet,2024~1456692,2024~1456692,5,43.31888888888889,57.95333333333334,2.09,HISTORICAL_TEMPLATE_AND_BENCHMARK_ONLY,21.0,49.0,46.0,22.0,109.0,165.0,1.0,8.0,4.0,0.0,0.0,0.0,0,0,0,-4
M1-B00163RT-- 01 002,MB02,CarbonBlack,OilWet,2024~1579350,2024~1579350,5,27.266666666666666,56.92,10.02,HISTORICAL_TEMPLATE_AND_BENCHMARK_ONLY,34.0,16.0,17.0,66.0,103.0,145.0,11.3,16.0,15.0,0.0,0.0,2.65,0,0,0,28
M1-B00163RT-- 01 002,MB02,CarbonBlack,OilWet,2024~1579350,2024~1579350,2,27.27,56.92,10.01,HISTORICAL_TEMPLATE_AND_BENCHMARK_ONLY,34.0,17.0,5.0,75.0,102.0,145.0,11.3,16.0,18.0,0.0,0.0,2.65,0,0,0,28
M1-B00163RT-- 01 002,MB02,CarbonBlack,OilWet,2024~1579350,2024~1579350,4,27.57531862745098,56.92,9.0,HISTORICAL_TEMPLATE_AND_BENCHMARK_ONLY,34.0,17.0,18.0,65.0,102.0,145.0,11.3,16.0,8.0,0.0,0.0,2.65,0,0,0,28
M1-B00163RT-- 01 002,MB02,CarbonBlack,OilWet,2025~1748433,2025~1748433,5,29.150277777777777,58.29,3.8,HISTORICAL_TEMPLATE_AND_BENCHMARK_ONLY,34.0,16.0,5.0,256.0,34.0,145.0,0.5,13.0,21.0,0.0,0.0,4.75,0,0,0,-68
M1-B00163RT-- 01 002,MB02,CarbonBlack,OilWet,2024~1543570,2024~1543570,5,29.595694444444444,57.88,2.33,HISTORICAL_TEMPLATE_AND_BENCHMARK_ONLY,34.0,17.0,17.0,67.0,152.0,145.0,7.9,12.0,19.0,0.0,0.0,1.45,0,0,0,46
M1-T00011-M-- 01 003,ML10,Silica,OilWet,2025~1668941,2025~1668941,34,45.801249999999996,44.28,-3.33,HISTORICAL_TEMPLATE_AND_BENCHMARK_ONLY,38.0,16.0,34.0,30.0,73.0,155.0,1.1,13.0,11.0,0.0,0.0,3.7,0,0,0,-3
M1-T00011-M-- 01 003,ML10,Silica,OilWet,2025~1668941,2025~1668941,33,45.81138888888889,44.28,-3.35,HISTORICAL_TEMPLATE_AND_BENCHMARK_ONLY,38.0,16.0,36.0,30.0,72.0,155.0,1.1,13.0,9.0,0.0,0.0,3.7,0,0,0,-3
M1-T00011-M-- 01 003,ML10,Silica,OilWet,2025~1729043,2025~1729043,20,45.98569444444445,41.95,-3.75,HISTORICAL_TEMPLATE_AND_BENCHMARK_ONLY,37.0,15.0,30.0,22.0,96.0,155.0,2.6,3.0,1.0,0.0,0.0,2.7,0,0,0,-37
M1-T00011-M-- 01 003,ML10,Silica,OilWet,2025~1668941,2025~1668941,34,45.801249999999996,44.28,-3.36,HISTORICAL_TEMPLATE_AND_BENCHMARK_ONLY,38.0,16.0,34.0,30.0,73.0,155.0,1.1,13.0,12.0,0.0,0.0,3.7,0,0,0,-3
M1-T00011-M-- 01 003,ML10,Silica,OilWet,2025~1668941,2025~1668941,33,45.81138888888889,44.28,-3.38,HISTORICAL_TEMPLATE_AND_BENCHMARK_ONLY,38.0,16.0,36.0,30.0,72.0,155.0,1.1,13.0,10.0,0.0,0.0,3.7,0,0,0,-3
M1-T00011-M-- 01 003,ML10,Silica,OilWet,2025~1729043,2025~1729043,20,45.98569444444445,41.95,-3.77,HISTORICAL_TEMPLATE_AND_BENCHMARK_ONLY,37.0,15.0,30.0,22.0,96.0,155.0,2.6,3.0,2.0,0.0,0.0,2.7,0,0,0,-37
M1-T00011-M-- 01 003,ML10,Silica,OilWet,2025~1729043,2025~1729043,20,45.98569444444445,41.95,1.5,HISTORICAL_TEMPLATE_AND_BENCHMARK_ONLY,37.0,15.0,30.0,22.0,96.0,155.0,5.4,4.0,18.0,0.0,0.0,1.8,0,0,0,-24
M1-T00011-M-- 01 004,ML10,Silica,OilWet,1887478,1887478,5,38.10111111111111,41.72,14.48,HISTORICAL_TEMPLATE_AND_BENCHMARK_ONLY,35.0,16.0,26.0,22.0,116.0,155.0,16.3,21.0,5.0,0.0,0.0,5.2,0,0,0,-68
M1-A00205W3-- 03 003,MB02,CarbonBlack,OilWet,1798993,1798993,30,25.885694444444447,40.88,5.55,HISTORICAL_TEMPLATE_AND_BENCHMARK_ONLY,53.0,16.0,5.0,32.0,104.0,150.0,2.9,6.0,7.0,0.0,0.0,39.2,0,0,0,-15
M1-A00205W3-- 03 003,MB02,CarbonBlack,OilWet,2025~1746376,2025~1746376,9,25.955694444444443,39.38,5.3,HISTORICAL_TEMPLATE_AND_BENCHMARK_ONLY,53.0,16.0,5.0,40.0,75.0,150.0,8.2,16.0,0.0,0.0,0.0,1.2,0,0,0,13
M1-A00205W3-- 03 003,MB02,CarbonBlack,OilWet,2025~1746376,2025~1746376,8,26.000694444444445,42.05,5.13,HISTORICAL_TEMPLATE_AND_BENCHMARK_ONLY,54.0,15.0,3.0,40.0,75.0,150.0,8.2,16.0,4.0,0.0,0.0,1.2,0,0,0,13
M1-A00205W3-- 03 003,MB02,CarbonBlack,OilWet,1801106,1801106,5,26.056527777777777,41.14,4.93,HISTORICAL_TEMPLATE_AND_BENCHMARK_ONLY,53.0,17.0,5.0,32.0,103.0,150.0,3.3,5.0,8.0,0.0,0.0,,0,0,0,-16
M1-A00205W3-- 03 003,MB02,CarbonBlack,OilWet,1801106,1801106,7,26.07345804988662,41.14,4.87,HISTORICAL_TEMPLATE_AND_BENCHMARK_ONLY,53.0,16.0,5.0,33.0,104.0,150.0,3.3,5.0,7.0,0.0,0.0,,0,0,0,-16
M1-A00205W3-- 03 003,MB02,CarbonBlack,OilWet,1877749,1877749,13,26.223807356275845,40.82,4.32,HISTORICAL_TEMPLATE_AND_BENCHMARK_ONLY,53.0,16.0,5.0,32.0,123.0,150.0,6.4,28.0,3.0,0.0,0.0,19.1,0,0,0,-57
M1-A00205W3-- 03 003,MB02,CarbonBlack,OilWet,2025~1765660,2025~1765660,18,26.368319160997732,40.95,3.79,HISTORICAL_TEMPLATE_AND_BENCHMARK_ONLY,53.0,16.0,9.0,26.0,75.0,150.0,8.9,23.0,18.0,0.0,0.0,1.2,0,0,0,3
M1-A00205W3-- 03 003,MB02,CarbonBlack,OilWet,1801106,1801106,6,26.43138888888889,41.14,3.56,HISTORICAL_TEMPLATE_AND_BENCHMARK_ONLY,54.0,16.0,5.0,33.0,103.0,150.0,3.3,5.0,4.0,0.0,0.0,,0,0,0,-16
M1-A00205W3-- 03 003,MB02,CarbonBlack,OilWet,2025~1746376,2025~1746376,7,26.478055555555557,42.05,3.39,HISTORICAL_TEMPLATE_AND_BENCHMARK_ONLY,54.0,15.0,11.0,34.0,72.0,150.0,8.2,16.0,10.0,0.0,0.0,1.2,0,0,0,13
M1-A00205W3-- 03 003,MB02,CarbonBlack,OilWet,1798993,1798993,33,26.569861111111113,40.88,3.06,HISTORICAL_TEMPLATE_AND_BENCHMARK_ONLY,53.0,16.0,5.0,32.0,104.0,150.0,2.9,6.0,5.0,0.0,0.0,39.2,0,0,0,-15
M1-B00163R4-- 01 004,MB02,CarbonBlack,OilWet,2073189,2073189,15,31.07333333333333,30.49,-2.6,HISTORICAL_TEMPLATE_AND_BENCHMARK_ONLY,50.0,17.0,5.0,28.0,93.0,150.0,13.8,15.0,2.0,0.0,0.0,,0,0,0,95
M1-B00163R4-- 01 004,MB02,CarbonBlack,OilWet,1976906,1976906,19,31.08138888888889,28.79,-2.62,HISTORICAL_TEMPLATE_AND_BENCHMARK_ONLY,50.0,16.0,5.0,27.0,86.0,150.0,13.8,5.0,1.0,0.0,0.0,,0,0,0,150
M1-B00163R4-- 01 004,MB02,CarbonBlack,OilWet,2111572,2111572,8,31.127222222222223,29.58,-2.77,HISTORICAL_TEMPLATE_AND_BENCHMARK_ONLY,50.0,16.0,16.0,19.0,94.0,150.0,14.7,6.0,5.0,0.0,0.0,,0,0,0,75
M1-B00163R4-- 01 004,MB02,CarbonBlack,OilWet,2111572,2111572,9,31.292916666666667,29.58,-3.32,HISTORICAL_TEMPLATE_AND_BENCHMARK_ONLY,50.0,16.0,17.0,19.0,94.0,150.0,14.7,6.0,7.0,0.0,0.0,,0,0,0,75
M1-B00163R4-- 01 004,MB02,CarbonBlack,OilWet,2073189,2073189,15,31.07333333333333,30.49,-2.86,HISTORICAL_TEMPLATE_AND_BENCHMARK_ONLY,50.0,17.0,5.0,28.0,93.0,150.0,13.8,15.0,0.0,0.0,0.0,,0,0,0,95
M1-B00163R4-- 01 004,MB02,CarbonBlack,OilWet,1976906,1976906,19,31.08138888888889,28.79,-2.89,HISTORICAL_TEMPLATE_AND_BENCHMARK_ONLY,50.0,16.0,5.0,27.0,86.0,150.0,13.8,5.0,3.0,0.0,0.0,,0,0,0,150
M1-B00163R4-- 01 004,MB02,CarbonBlack,OilWet,2111572,2111572,8,31.127222222222223,29.58,-3.04,HISTORICAL_TEMPLATE_AND_BENCHMARK_ONLY,50.0,16.0,16.0,19.0,94.0,150.0,14.7,6.0,7.0,0.0,0.0,,0,0,0,75
M1-B00163R4-- 01 004,MB02,CarbonBlack,OilWet,2111572,2111572,9,31.292916666666667,29.58,-3.59,HISTORICAL_TEMPLATE_AND_BENCHMARK_ONLY,50.0,16.0,17.0,19.0,94.0,150.0,14.7,6.0,9.0,0.0,0.0,,0,0,0,75
M1-B00163R4-- 01 004,MB02,CarbonBlack,OilWet,2073189,2073189,15,31.07333333333333,30.49,-0.09,HISTORICAL_TEMPLATE_AND_BENCHMARK_ONLY,50.0,17.0,5.0,28.0,93.0,150.0,13.8,15.0,4.0,0.0,0.0,,0,0,0,95
M1-B00163R4-- 01 004,MB02,CarbonBlack,OilWet,1976906,1976906,19,31.08138888888889,28.79,-0.12,HISTORICAL_TEMPLATE_AND_BENCHMARK_ONLY,50.0,16.0,5.0,27.0,86.0,150.0,13.8,5.0,7.0,0.0,0.0,,0,0,0,150
M1-B00163R4-- 01 004,MB02,CarbonBlack,OilWet,2111572,2111572,8,31.127222222222223,29.58,-0.26,HISTORICAL_TEMPLATE_AND_BENCHMARK_ONLY,50.0,16.0,16.0,19.0,94.0,150.0,14.7,6.0,11.0,0.0,0.0,,0,0,0,75
M1-B00163R4-- 01 004,MB02,CarbonBlack,OilWet,2111572,2111572,9,31.292916666666667,29.58,-0.8,HISTORICAL_TEMPLATE_AND_BENCHMARK_ONLY,50.0,16.0,17.0,19.0,94.0,150.0,14.7,6.0,13.0,0.0,0.0,,0,0,0,75
M1-S08156B1-- 01 004,ML07,Silica,OilWet,2295174,2295174,1,29.367222222222225,27.040000000000003,-16.92,HISTORICAL_TEMPLATE_AND_BENCHMARK_ONLY,39.0,27.0,44.0,17.0,46.0,145.0,4.2,6.0,15.0,0.0,0.0,,0,0,0,-36
M1-S08156B1-- 01 004,ML07,Silica,OilWet,2295174,2295174,1,29.367222222222225,27.040000000000003,-5.32,HISTORICAL_TEMPLATE_AND_BENCHMARK_ONLY,39.0,27.0,44.0,17.0,46.0,145.0,1.6,8.0,4.0,0.0,0.0,,0,0,0,-6
M1-S08156B1-- 01 004,ML07,Silica,OilWet,2295174,2295174,1,29.367222222222225,27.040000000000003,-6.31,HISTORICAL_TEMPLATE_AND_BENCHMARK_ONLY,39.0,27.0,44.0,17.0,46.0,145.0,1.6,8.0,14.0,0.0,0.0,,0,0,0,-6
M1-T00011B2-- 23 003,ML10,Silica,OilWet,2322099,2322099,55,43.92388888888889,40.72,5.62,HISTORICAL_TEMPLATE_AND_BENCHMARK_ONLY,30.0,29.0,7.0,48.0,92.0,155.0,0.0,0.0,4.0,0.0,0.0,,0,0,0,0
M1-T09170---- 23 004,MB03,Silica,OilWet,7465595,7465595,13,40.72944444444444,56.83,1.14,HISTORICAL_TEMPLATE_AND_BENCHMARK_ONLY,34.0,36.0,57.0,29.0,125.0,165.0,12.4,11.0,44.0,0.0,0.0,,0,0,0,-46
M1-T09170---- 23 004,MB03,Silica,OilWet,7465595,7465595,16,40.74861111111111,56.83,1.09,HISTORICAL_TEMPLATE_AND_BENCHMARK_ONLY,33.0,36.0,59.0,32.0,124.0,165.0,12.4,11.0,42.0,0.0,0.0,,0,0,0,-46
M1-T09170---- 23 004,MB03,Silica,OilWet,7465595,7465595,15,40.98013888888889,56.83,0.53,HISTORICAL_TEMPLATE_AND_BENCHMARK_ONLY,33.0,36.0,55.0,32.0,125.0,165.0,12.4,11.0,42.0,0.0,0.0,,0,0,0,-46
M1-T09170---- 23 004,MB03,Silica,OilWet,2371008,2371008,1,41.22069444444445,52.96,-0.05,HISTORICAL_TEMPLATE_AND_BENCHMARK_ONLY,40.0,29.0,69.0,38.0,124.0,165.0,5.1,0.0,2.0,0.0,0.0,,0,0,0,4
M1-T09170---- 23 004,MB03,Silica,OilWet,2389933,2389933,5,41.43431681681682,51.05,-0.57,HISTORICAL_TEMPLATE_AND_BENCHMARK_ONLY,36.0,36.0,57.0,27.0,125.0,165.0,5.0,22.0,41.0,0.0,0.0,,0,0,0,-12
M1-T09170---- 23 004,MB03,Silica,OilWet,2389933,2389933,7,41.54388888888889,51.05,-0.84,HISTORICAL_TEMPLATE_AND_BENCHMARK_ONLY,33.0,37.0,60.0,29.0,125.0,165.0,5.0,22.0,48.0,0.0,0.0,,0,0,0,-12
M1-T09170---- 23 004,MB03,Silica,OilWet,2382540,2382540,9,41.808013888888894,54.42,-1.48,HISTORICAL_TEMPLATE_AND_BENCHMARK_ONLY,41.0,35.0,49.0,32.0,125.0,165.0,5.4,2.0,37.0,0.0,0.0,,0,0,0,-3
M1-T09170---- 23 004,MB03,Silica,OilWet,2389933,2389933,6,41.96319444444444,51.05,-1.86,HISTORICAL_TEMPLATE_AND_BENCHMARK_ONLY,35.0,36.0,57.0,28.0,125.0,165.0,5.0,22.0,40.0,0.0,0.0,,0,0,0,-12
M1-T09170---- 23 004,MB03,Silica,OilWet,2375680,2375680,22,42.192638888888894,54.52,-2.41,HISTORICAL_TEMPLATE_AND_BENCHMARK_ONLY,41.0,36.0,53.0,33.0,126.0,165.0,4.2,11.0,33.0,0.0,0.0,,0,0,0,1
M1-T09170---- 23 004,MB03,Silica,OilWet,2379006,2379006,4,42.349583333333335,53.973333333333336,-2.79,HISTORICAL_TEMPLATE_AND_BENCHMARK_ONLY,41.0,36.0,53.0,31.0,126.0,165.0,0.0,0.0,38.0,0.0,0.0,,0,0,0,0
M1-T09170---- 23 004,MB03,Silica,OilWet,2389933,2389933,8,42.374916666666664,51.05,-2.86,HISTORICAL_TEMPLATE_AND_BENCHMARK_ONLY,37.0,36.0,60.0,34.0,123.0,165.0,5.0,22.0,42.0,0.0,0.0,,0,0,0,-12
M1-T09170---- 23 004,MB03,Silica,OilWet,7465595,7465595,13,40.72944444444444,56.83,11.75,HISTORICAL_TEMPLATE_AND_BENCHMARK_ONLY,34.0,36.0,57.0,29.0,125.0,165.0,12.4,11.0,15.0,0.0,0.0,,0,0,0,-46
M1-T09170---- 23 004,MB03,Silica,OilWet,7465595,7465595,16,40.74861111111111,56.83,11.7,HISTORICAL_TEMPLATE_AND_BENCHMARK_ONLY,33.0,36.0,59.0,32.0,124.0,165.0,12.4,11.0,13.0,0.0,0.0,,0,0,0,-46
M1-T09170---- 23 004,MB03,Silica,OilWet,7465595,7465595,15,40.98013888888889,56.83,11.2,HISTORICAL_TEMPLATE_AND_BENCHMARK_ONLY,33.0,36.0,55.0,32.0,125.0,165.0,12.4,11.0,13.0,0.0,0.0,,0,0,0,-46
M1-T09170---- 23 004,MB03,Silica,OilWet,2371008,2371008,1,41.22069444444445,52.96,10.68,HISTORICAL_TEMPLATE_AND_BENCHMARK_ONLY,40.0,29.0,69.0,38.0,124.0,165.0,5.1,0.0,31.0,0.0,0.0,,0,0,0,4
M1-T09170---- 23 004,MB03,Silica,OilWet,2389933,2389933,5,41.43431681681682,51.05,10.22,HISTORICAL_TEMPLATE_AND_BENCHMARK_ONLY,36.0,36.0,57.0,27.0,125.0,165.0,5.0,22.0,12.0,0.0,0.0,,0,0,0,-12
M1-T09170---- 23 004,MB03,Silica,OilWet,2389933,2389933,7,41.54388888888889,51.05,9.98,HISTORICAL_TEMPLATE_AND_BENCHMARK_ONLY,33.0,37.0,60.0,29.0,125.0,165.0,5.0,22.0,19.0,0.0,0.0,,0,0,0,-12
M1-T09170---- 23 004,MB03,Silica,OilWet,2382540,2382540,9,41.808013888888894,54.42,9.41,HISTORICAL_TEMPLATE_AND_BENCHMARK_ONLY,41.0,35.0,49.0,32.0,125.0,165.0,5.4,2.0,8.0,0.0,0.0,,0,0,0,-3
M1-T09170---- 23 004,MB03,Silica,OilWet,2389933,2389933,6,41.96319444444444,51.05,9.07,HISTORICAL_TEMPLATE_AND_BENCHMARK_ONLY,35.0,36.0,57.0,28.0,125.0,165.0,5.0,22.0,11.0,0.0,0.0,,0,0,0,-12
M1-T09170---- 23 004,MB03,Silica,OilWet,2375680,2375680,22,42.192638888888894,54.52,8.57,HISTORICAL_TEMPLATE_AND_BENCHMARK_ONLY,41.0,36.0,53.0,33.0,126.0,165.0,4.2,11.0,4.0,0.0,0.0,,0,0,0,1
M1-T09170---- 23 004,MB03,Silica,OilWet,2379006,2379006,4,42.349583333333335,53.973333333333336,8.23,HISTORICAL_TEMPLATE_AND_BENCHMARK_ONLY,41.0,36.0,53.0,31.0,126.0,165.0,0.0,0.0,9.0,0.0,0.0,,0,0,0,0
M1-T09170---- 23 004,MB03,Silica,OilWet,2389933,2389933,8,42.374916666666664,51.05,8.18,HISTORICAL_TEMPLATE_AND_BENCHMARK_ONLY,37.0,36.0,60.0,34.0,123.0,165.0,5.0,22.0,13.0,0.0,0.0,,0,0,0,-12
M1-T09170---- 23 004,MB03,Silica,OilWet,7465595,7465595,13,40.72944444444444,56.83,8.76,HISTORICAL_TEMPLATE_AND_BENCHMARK_ONLY,34.0,36.0,57.0,29.0,125.0,165.0,12.4,11.0,13.0,0.0,0.0,,0,0,0,-46
M1-T09170---- 23 004,MB03,Silica,OilWet,7465595,7465595,16,40.74861111111111,56.83,8.72,HISTORICAL_TEMPLATE_AND_BENCHMARK_ONLY,33.0,36.0,59.0,32.0,124.0,165.0,12.4,11.0,11.0,0.0,0.0,,0,0,0,-46
M1-T09170---- 23 004,MB03,Silica,OilWet,7465595,7465595,15,40.98013888888889,56.83,8.2,HISTORICAL_TEMPLATE_AND_BENCHMARK_ONLY,33.0,36.0,55.0,32.0,125.0,165.0,12.4,11.0,11.0,0.0,0.0,,0,0,0,-46
M1-T09170---- 23 004,MB03,Silica,OilWet,2371008,2371008,1,41.22069444444445,52.96,7.66,HISTORICAL_TEMPLATE_AND_BENCHMARK_ONLY,40.0,29.0,69.0,38.0,124.0,165.0,5.1,0.0,33.0,0.0,0.0,,0,0,0,4
M1-T09170---- 23 004,MB03,Silica,OilWet,2389933,2389933,5,41.43431681681682,51.05,7.18,HISTORICAL_TEMPLATE_AND_BENCHMARK_ONLY,36.0,36.0,57.0,27.0,125.0,165.0,5.0,22.0,10.0,0.0,0.0,,0,0,0,-12
M1-T09170---- 23 004,MB03,Silica,OilWet,2389933,2389933,7,41.54388888888889,51.05,6.93,HISTORICAL_TEMPLATE_AND_BENCHMARK_ONLY,33.0,37.0,60.0,29.0,125.0,165.0,5.0,22.0,17.0,0.0,0.0,,0,0,0,-12
M1-T09170---- 23 004,MB03,Silica,OilWet,2382540,2382540,9,41.808013888888894,54.42,6.34,HISTORICAL_TEMPLATE_AND_BENCHMARK_ONLY,41.0,35.0,49.0,32.0,125.0,165.0,5.4,2.0,6.0,0.0,0.0,,0,0,0,-3
M1-T09170---- 23 004,MB03,Silica,OilWet,2389933,2389933,6,41.96319444444444,51.05,5.99,HISTORICAL_TEMPLATE_AND_BENCHMARK_ONLY,35.0,36.0,57.0,28.0,125.0,165.0,5.0,22.0,9.0,0.0,0.0,,0,0,0,-12
M1-T09170---- 23 004,MB03,Silica,OilWet,2375680,2375680,22,42.192638888888894,54.52,5.48,HISTORICAL_TEMPLATE_AND_BENCHMARK_ONLY,41.0,36.0,53.0,33.0,126.0,165.0,4.2,11.0,2.0,0.0,0.0,,0,0,0,1
M1-T09170---- 23 004,MB03,Silica,OilWet,2379006,2379006,4,42.349583333333335,53.973333333333336,5.13,HISTORICAL_TEMPLATE_AND_BENCHMARK_ONLY,41.0,36.0,53.0,31.0,126.0,165.0,0.0,0.0,7.0,0.0,0.0,,0,0,0,0
M1-T09170---- 23 004,MB03,Silica,OilWet,2389933,2389933,8,42.374916666666664,51.05,5.07,HISTORICAL_TEMPLATE_AND_BENCHMARK_ONLY,37.0,36.0,60.0,34.0,123.0,165.0,5.0,22.0,11.0,0.0,0.0,,0,0,0,-12
M1-A06441R1-- 04 001,MB02,CarbonBlack,OilWet,2024~1433852,2024~1433852,3,24.255833333333335,57.26,19.55,HISTORICAL_TEMPLATE_AND_BENCHMARK_ONLY,44.0,16.0,27.0,7.0,32.0,155.0,17.7,9.0,11.0,0.0,0.0,6.2833,0,0,0,557
M1-B00163---- 08 008,MB02,CarbonBlack,OilWet,7727355,7727355,8,33.011250000000004,30.62,-3.76,HISTORICAL_TEMPLATE_AND_BENCHMARK_ONLY,34.0,33.0,24.0,19.0,113.0,150.0,0.0,0.0,7.0,0.0,0.0,,0,0,0,0
