OrderID,BatchNumber,CompoundName,MixerLine,material_system,phase_route,system_route_branch,shadow_cohort,safe_bounds_match_level,recipe_maturity_level,recipe_history_n_batches,similar_recipe_count,similar_recipe_list,similarity_score,cold_start_strategy,recommendation_readiness,has_drymix_stage,has_wetmix_stage,has_pid_stage,has_bottom_stage,has_oilloading_stage,selected_template_id,model_predicted_current_kwh,model_predicted_normalized_candidate_kwh,model_based_saving_kwh,model_based_saving_pct,historical_best_actual_saving_pct,confidence_label,ood_flag,safe_bound_status,route_stage_status,recommendation_status
1788106,1,M1-B00458---- 12 004,MB02,CarbonBlack,OilWet,CarbonBlack_OilWet,PRIORITY_OPERATIONAL_HISTORY,EXACT_RECIPE_MIXER_ROUTE,L4_PILOT_READY,1175,5,M1-B00458B1-- 02 001;M1-B00458---- 12 005;M1-B00458B1-- 02 002;M1-B00458---- 12 007;M1-B00458XM-- 04 002,0.995,EXACT_RECIPE_MIXER_PILOT_GATE,PILOT_REVIEW_READY,True,True,False,True,True,2025~1742938,27.35,25.08,2.27,8.29,12.99,HIGH,False,WITHIN_SAFE_BOUNDS,VALID_ROUTE_STAGES,RECOMMENDED
1788106,2,M1-B00458---- 12 004,MB02,CarbonBlack,OilWet,CarbonBlack_OilWet,PRIORITY_OPERATIONAL_HISTORY,EXACT_RECIPE_MIXER_ROUTE,L4_PILOT_READY,1175,5,M1-B00458B1-- 02 001;M1-B00458---- 12 005;M1-B00458B1-- 02 002;M1-B00458---- 12 007;M1-B00458XM-- 04 002,0.994,EXACT_RECIPE_MIXER_PILOT_GATE,PILOT_REVIEW_READY,True,True,False,True,True,2025~1742938,27.32,25.08,2.24,8.2,10.79,HIGH,False,WITHIN_SAFE_BOUNDS,VALID_ROUTE_STAGES,RECOMMENDED
1788106,3,M1-B00458---- 12 004,MB02,CarbonBlack,OilWet,CarbonBlack_OilWet,PRIORITY_OPERATIONAL_HISTORY,EXACT_RECIPE_MIXER_ROUTE,L4_PILOT_READY,1175,5,M1-B00458B1-- 02 001;M1-B00458---- 12 005;M1-B00458B1-- 02 002;M1-B00458---- 12 007;M1-B00458XM-- 04 002,0.995,EXACT_RECIPE_MIXER_PILOT_GATE,PILOT_REVIEW_READY,True,True,False,True,True,2025~1742938,27.28,25.08,2.2,8.08,9.9,HIGH,False,WITHIN_SAFE_BOUNDS,VALID_ROUTE_STAGES,RECOMMENDED
1782695,1,M1-B00458---- 12 004,MB02,CarbonBlack,OilWet,CarbonBlack_OilWet,PRIORITY_OPERATIONAL_HISTORY,EXACT_RECIPE_MIXER_ROUTE,L3_SHADOW_REVIEW_READY,1175,5,M1-B00458B1-- 02 002;M1-B00458B1-- 02 001;M1-B00458---- 12 005;M1-B00458XM-- 04 002;M1-B00458---- 12 007,1.0,VALIDATED_SHADOW_REVIEW,SHADOW_REVIEW_READY,True,True,False,True,True,,27.51,27.51,0.0,0.0,,HIGH,False,WITHIN_SAFE_BOUNDS,VALID_ROUTE_STAGES,NO_VALID_CANDIDATE
1782695,2,M1-B00458---- 12 004,MB02,CarbonBlack,OilWet,CarbonBlack_OilWet,PRIORITY_OPERATIONAL_HISTORY,EXACT_RECIPE_MIXER_ROUTE,L3_SHADOW_REVIEW_READY,1175,5,M1-B00458B1-- 02 002;M1-B00458B1-- 02 001;M1-B00458---- 12 005;M1-B00458XM-- 04 002;M1-B00458---- 12 007,1.0,VALIDATED_SHADOW_REVIEW,SHADOW_REVIEW_READY,True,True,False,True,True,,27.47,27.47,0.0,0.0,,HIGH,False,WITHIN_SAFE_BOUNDS,VALID_ROUTE_STAGES,NO_VALID_CANDIDATE
1782695,3,M1-B00458---- 12 004,MB02,CarbonBlack,OilWet,CarbonBlack_OilWet,PRIORITY_OPERATIONAL_HISTORY,EXACT_RECIPE_MIXER_ROUTE,L3_SHADOW_REVIEW_READY,1175,5,M1-B00458B1-- 02 002;M1-B00458B1-- 02 001;M1-B00458---- 12 005;M1-B00458---- 12 007;M1-B00458XM-- 04 002,0.999,VALIDATED_SHADOW_REVIEW,SHADOW_REVIEW_READY,True,True,False,True,True,,27.36,27.36,0.0,0.0,,HIGH,False,WITHIN_SAFE_BOUNDS,VALID_ROUTE_STAGES,NO_VALID_CANDIDATE
1786097,1,M1-B00458---- 12 004,MB02,CarbonBlack,OilWet,CarbonBlack_OilWet,PRIORITY_OPERATIONAL_HISTORY,EXACT_RECIPE_MIXER_ROUTE,L4_PILOT_READY,1175,5,M1-B00458B1-- 02 002;M1-B00458B1-- 02 001;M1-B00458---- 12 005;M1-B00458XM-- 04 002;M1-B00458---- 12 007,0.999,EXACT_RECIPE_MIXER_PILOT_GATE,PILOT_REVIEW_READY,True,True,False,True,True,2025~1742938,27.51,25.08,2.43,8.84,12.52,HIGH,False,WITHIN_SAFE_BOUNDS,VALID_ROUTE_STAGES,RECOMMENDED
1786097,2,M1-B00458---- 12 004,MB02,CarbonBlack,OilWet,CarbonBlack_OilWet,PRIORITY_OPERATIONAL_HISTORY,EXACT_RECIPE_MIXER_ROUTE,L4_PILOT_READY,1175,5,M1-B00458B1-- 02 001;M1-B00458B1-- 02 002;M1-B00458---- 12 005;M1-B00458XM-- 04 002;M1-B00458---- 12 007,0.999,EXACT_RECIPE_MIXER_PILOT_GATE,PILOT_REVIEW_READY,True,True,False,True,True,2025~1742938,27.47,25.08,2.39,8.71,10.59,HIGH,False,WITHIN_SAFE_BOUNDS,VALID_ROUTE_STAGES,RECOMMENDED
1786097,4,M1-B00458---- 12 004,MB02,CarbonBlack,OilWet,CarbonBlack_OilWet,PRIORITY_OPERATIONAL_HISTORY,EXACT_RECIPE_MIXER_ROUTE,L4_PILOT_READY,1175,5,M1-B00458B1-- 02 002;M1-B00458B1-- 02 001;M1-B00458---- 12 005;M1-B00458---- 12 007;M1-B00458XM-- 04 002,0.998,EXACT_RECIPE_MIXER_PILOT_GATE,PILOT_REVIEW_READY,True,True,False,True,True,2025~1742938,27.47,25.08,2.39,8.71,10.83,HIGH,False,WITHIN_SAFE_BOUNDS,VALID_ROUTE_STAGES,RECOMMENDED
1780454,1,M1-B00458---- 12 004,MB02,CarbonBlack,OilWet,CarbonBlack_OilWet,PRIORITY_OPERATIONAL_HISTORY,EXACT_RECIPE_MIXER_ROUTE,L4_PILOT_READY,1175,5,M1-B00458B1-- 02 001;M1-B00458---- 12 005;M1-B00458B1-- 02 002;M1-B00458---- 12 007;M1-B00458XM-- 04 002,0.997,EXACT_RECIPE_MIXER_PILOT_GATE,PILOT_REVIEW_READY,True,True,False,True,True,2025~1742938,27.47,25.08,2.39,8.71,12.59,HIGH,False,WITHIN_SAFE_BOUNDS,VALID_ROUTE_STAGES,RECOMMENDED
1887430,4,M1-B00163R4-- 01 004,MB02,CarbonBlack,OilWet,CarbonBlack_OilWet,PRIORITY_OPERATIONAL_HISTORY,EXACT_RECIPE_MIXER_ROUTE,L2_PRELIMINARY_RECIPE_WINDOW,22,5,M1-B00163XV-- 01 001;M1-B00163R4-- 01 003;M1-B00163XV-- 01 002;M1-B00163---- 08 005;M1-B00163XV-- 01 003,0.985,SHADOW_REVIEW_ONLY_WITH_PRELIMINARY_WINDOW,SHADOW_REVIEW_ONLY,True,True,False,True,True,,29.49,29.49,0.0,0.0,,HIGH,False,WITHIN_SAFE_BOUNDS,VALID_ROUTE_STAGES,NO_VALID_CANDIDATE
1887430,5,M1-B00163R4-- 01 004,MB02,CarbonBlack,OilWet,CarbonBlack_OilWet,PRIORITY_OPERATIONAL_HISTORY,EXACT_RECIPE_MIXER_ROUTE,L2_PRELIMINARY_RECIPE_WINDOW,22,5,M1-B00163XV-- 01 001;M1-B00163R4-- 01 003;M1-B00163XV-- 01 002;M1-B00163---- 08 005;M1-B00163XV-- 01 003,0.985,SHADOW_REVIEW_ONLY_WITH_PRELIMINARY_WINDOW,SHADOW_REVIEW_ONLY,True,True,False,True,True,,29.68,29.68,0.0,0.0,,HIGH,False,WITHIN_SAFE_BOUNDS,VALID_ROUTE_STAGES,NO_VALID_CANDIDATE
1887430,6,M1-B00163R4-- 01 004,MB02,CarbonBlack,OilWet,CarbonBlack_OilWet,PRIORITY_OPERATIONAL_HISTORY,EXACT_RECIPE_MIXER_ROUTE,L2_PRELIMINARY_RECIPE_WINDOW,22,5,M1-B00163XV-- 01 001;M1-B00163R4-- 01 003;M1-B00163XV-- 01 002;M1-B00163---- 08 005;M1-B00163XV-- 01 003,0.985,SHADOW_REVIEW_ONLY_WITH_PRELIMINARY_WINDOW,SHADOW_REVIEW_ONLY,True,True,False,True,True,,29.68,29.68,0.0,0.0,,HIGH,False,WITHIN_SAFE_BOUNDS,VALID_ROUTE_STAGES,NO_VALID_CANDIDATE
1919992,25,M1-B00163R4-- 01 004,MB02,CarbonBlack,OilWet,CarbonBlack_OilWet,PRIORITY_OPERATIONAL_HISTORY,EXACT_RECIPE_MIXER_ROUTE,L2_PRELIMINARY_RECIPE_WINDOW,22,5,M1-B00163R4-- 01 003;M1-B00163XV-- 01 001;M1-B00163XV-- 01 002;M1-B00163XV-- 01 003;M1-B00163XM-- 02 003,0.992,SHADOW_REVIEW_ONLY_WITH_PRELIMINARY_WINDOW,SHADOW_REVIEW_ONLY,True,True,False,True,True,,31.24,31.24,0.0,0.0,,LOW,False,WITHIN_SAFE_BOUNDS,VALID_ROUTE_STAGES,NO_VALID_CANDIDATE
1919992,26,M1-B00163R4-- 01 004,MB02,CarbonBlack,OilWet,CarbonBlack_OilWet,PRIORITY_OPERATIONAL_HISTORY,EXACT_RECIPE_MIXER_ROUTE,L2_PRELIMINARY_RECIPE_WINDOW,22,5,M1-B00163R4-- 01 003;M1-B00163XV-- 01 001;M1-B00163XV-- 01 002;M1-B00163XV-- 01 003;M1-B00163XM-- 02 003,0.992,SHADOW_REVIEW_ONLY_WITH_PRELIMINARY_WINDOW,SHADOW_REVIEW_ONLY,True,True,False,True,True,,31.19,31.19,0.0,0.0,,LOW,False,WITHIN_SAFE_BOUNDS,VALID_ROUTE_STAGES,NO_VALID_CANDIDATE
1976906,19,M1-B00163R4-- 01 004,MB02,CarbonBlack,OilWet,CarbonBlack_OilWet,PRIORITY_OPERATIONAL_HISTORY,EXACT_RECIPE_MIXER_ROUTE,L2_PRELIMINARY_RECIPE_WINDOW,22,5,M1-B00163XV-- 01 001;M1-B00163R4-- 01 003;M1-B00163XV-- 01 002;M1-B00163---- 08 005;M1-B00163XM-- 02 003,0.976,SHADOW_REVIEW_ONLY_WITH_PRELIMINARY_WINDOW,SHADOW_REVIEW_ONLY,True,True,False,True,True,,30.09,30.09,0.0,0.0,,HIGH,False,WITHIN_SAFE_BOUNDS,VALID_ROUTE_STAGES,NO_VALID_CANDIDATE
1976906,20,M1-B00163R4-- 01 004,MB02,CarbonBlack,OilWet,CarbonBlack_OilWet,PRIORITY_OPERATIONAL_HISTORY,EXACT_RECIPE_MIXER_ROUTE,L2_PRELIMINARY_RECIPE_WINDOW,22,5,M1-B00163XV-- 01 001;M1-B00163R4-- 01 003;M1-B00163XV-- 01 002;M1-B00163---- 08 005;M1-B00163XV-- 01 003,0.979,SHADOW_REVIEW_ONLY_WITH_PRELIMINARY_WINDOW,SHADOW_REVIEW_ONLY,True,True,False,True,True,,30.09,30.09,0.0,0.0,,HIGH,False,WITHIN_SAFE_BOUNDS,VALID_ROUTE_STAGES,NO_VALID_CANDIDATE
1976906,21,M1-B00163R4-- 01 004,MB02,CarbonBlack,OilWet,CarbonBlack_OilWet,PRIORITY_OPERATIONAL_HISTORY,EXACT_RECIPE_MIXER_ROUTE,L2_PRELIMINARY_RECIPE_WINDOW,22,5,M1-B00163XV-- 01 001;M1-B00163R4-- 01 003;M1-B00163XV-- 01 002;M1-B00163---- 08 005;M1-B00163XV-- 01 003,0.979,SHADOW_REVIEW_ONLY_WITH_PRELIMINARY_WINDOW,SHADOW_REVIEW_ONLY,True,True,False,True,True,,30.3,30.3,0.0,0.0,,HIGH,False,WITHIN_SAFE_BOUNDS,VALID_ROUTE_STAGES,NO_VALID_CANDIDATE
1976906,22,M1-B00163R4-- 01 004,MB02,CarbonBlack,OilWet,CarbonBlack_OilWet,PRIORITY_OPERATIONAL_HISTORY,EXACT_RECIPE_MIXER_ROUTE,L2_PRELIMINARY_RECIPE_WINDOW,22,5,M1-B00163XV-- 01 001;M1-B00163R4-- 01 003;M1-B00163XV-- 01 002;M1-B00163---- 08 005;M1-B00163XM-- 02 003,0.978,SHADOW_REVIEW_ONLY_WITH_PRELIMINARY_WINDOW,SHADOW_REVIEW_ONLY,True,True,False,True,True,,30.28,30.28,0.0,0.0,,HIGH,False,WITHIN_SAFE_BOUNDS,VALID_ROUTE_STAGES,NO_VALID_CANDIDATE
1997980,2,M1-B00163R4-- 01 004,MB02,CarbonBlack,OilWet,CarbonBlack_OilWet,PRIORITY_OPERATIONAL_HISTORY,EXACT_RECIPE_MIXER_ROUTE,L2_PRELIMINARY_RECIPE_WINDOW,22,5,M1-B00163XV-- 01 001;M1-B00163R4-- 01 003;M1-B00163XV-- 01 002;M1-B00163XV-- 01 003;M1-B00163XM-- 02 003,0.984,SHADOW_REVIEW_ONLY_WITH_PRELIMINARY_WINDOW,SHADOW_REVIEW_ONLY,True,True,False,True,True,,31.38,31.38,0.0,0.0,,MEDIUM,False,WITHIN_SAFE_BOUNDS,VALID_ROUTE_STAGES,NO_VALID_CANDIDATE
2024~1273702,12,M1-B00163R4-- 01 003,MB02,CarbonBlack,OilWet,CarbonBlack_OilWet,PRIORITY_OPERATIONAL_HISTORY,EXACT_RECIPE_MIXER_ROUTE,L3_SHADOW_REVIEW_READY,47,5,M1-B00163R4-- 01 004;M1-B00163XV-- 01 001;M1-B00163XV-- 01 002;M1-B00163XV-- 01 003;M1-B00163XV-- 01 004,0.979,VALIDATED_SHADOW_REVIEW,SHADOW_REVIEW_READY,True,True,False,True,True,,29.32,29.32,0.0,0.0,,HIGH,False,WITHIN_SAFE_BOUNDS,VALID_ROUTE_STAGES,NO_VALID_CANDIDATE
2024~1273702,13,M1-B00163R4-- 01 003,MB02,CarbonBlack,OilWet,CarbonBlack_OilWet,PRIORITY_OPERATIONAL_HISTORY,EXACT_RECIPE_MIXER_ROUTE,L3_SHADOW_REVIEW_READY,47,5,M1-B00163R4-- 01 004;M1-B00163XV-- 01 001;M1-B00163XV-- 01 002;M1-B00163XV-- 01 003;M1-B00163XV-- 01 004,0.98,VALIDATED_SHADOW_REVIEW,SHADOW_REVIEW_READY,True,True,False,True,True,,29.13,29.13,0.0,0.0,,MEDIUM,False,WITHIN_SAFE_BOUNDS,VALID_ROUTE_STAGES,NO_VALID_CANDIDATE
2024~1273702,14,M1-B00163R4-- 01 003,MB02,CarbonBlack,OilWet,CarbonBlack_OilWet,PRIORITY_OPERATIONAL_HISTORY,EXACT_RECIPE_MIXER_ROUTE,L3_SHADOW_REVIEW_READY,47,5,M1-B00163R4-- 01 004;M1-B00163XV-- 01 001;M1-B00163XV-- 01 002;M1-B00163XV-- 01 003;M1-B00163XV-- 01 004,0.979,VALIDATED_SHADOW_REVIEW,SHADOW_REVIEW_READY,True,True,False,True,True,,29.18,29.18,0.0,0.0,,MEDIUM,False,WITHIN_SAFE_BOUNDS,VALID_ROUTE_STAGES,NO_VALID_CANDIDATE
2024~1276807,1,M1-B00458---- 12 003,MB02,CarbonBlack,OilWet,CarbonBlack_OilWet,PRIORITY_OPERATIONAL_HISTORY,EXACT_RECIPE_MIXER_ROUTE,L3_SHADOW_REVIEW_READY,1121,5,M1-B00458XV-- 01 002;M1-B00458B1-- 02 003;M1-B00458XM-- 04 002;M1-B00458B1-- 02 002;M1-B00458---- 12 008,0.997,VALIDATED_SHADOW_REVIEW,SHADOW_REVIEW_READY,True,True,False,True,True,,27.9,27.9,0.0,0.0,,HIGH,False,WITHIN_SAFE_BOUNDS,VALID_ROUTE_STAGES,NO_VALID_CANDIDATE
2024~1276807,2,M1-B00458---- 12 003,MB02,CarbonBlack,OilWet,CarbonBlack_OilWet,PRIORITY_OPERATIONAL_HISTORY,EXACT_RECIPE_MIXER_ROUTE,L3_SHADOW_REVIEW_READY,1121,5,M1-B00458XV-- 01 002;M1-B00458B1-- 02 003;M1-B00458XM-- 04 002;M1-B00458B1-- 02 002;M1-B00458---- 12 008,0.997,VALIDATED_SHADOW_REVIEW,SHADOW_REVIEW_READY,True,True,False,True,True,,27.32,27.32,0.0,0.0,,HIGH,False,WITHIN_SAFE_BOUNDS,VALID_ROUTE_STAGES,NO_VALID_CANDIDATE
2024~1276807,3,M1-B00458---- 12 003,MB02,CarbonBlack,OilWet,CarbonBlack_OilWet,PRIORITY_OPERATIONAL_HISTORY,EXACT_RECIPE_MIXER_ROUTE,L3_SHADOW_REVIEW_READY,1121,5,M1-B00458XV-- 01 002;M1-B00458B1-- 02 003;M1-B00458XM-- 04 002;M1-B00458---- 12 008;M1-B00458XM-- 04 003,0.996,VALIDATED_SHADOW_REVIEW,SHADOW_REVIEW_READY,True,True,False,True,True,,27.32,27.32,0.0,0.0,,HIGH,False,WITHIN_SAFE_BOUNDS,VALID_ROUTE_STAGES,NO_VALID_CANDIDATE
2024~1276807,4,M1-B00458---- 12 003,MB02,CarbonBlack,OilWet,CarbonBlack_OilWet,PRIORITY_OPERATIONAL_HISTORY,EXACT_RECIPE_MIXER_ROUTE,L3_SHADOW_REVIEW_READY,1121,5,M1-B00458XV-- 01 002;M1-B00458B1-- 02 003;M1-B00458XM-- 04 002;M1-B00458B1-- 02 002;M1-B00458---- 12 008,0.997,VALIDATED_SHADOW_REVIEW,SHADOW_REVIEW_READY,True,True,False,True,True,,27.32,27.32,0.0,0.0,,HIGH,False,WITHIN_SAFE_BOUNDS,VALID_ROUTE_STAGES,NO_VALID_CANDIDATE
2024~1274870,1,M1-B00458---- 12 003,MB02,CarbonBlack,OilWet,CarbonBlack_OilWet,PRIORITY_OPERATIONAL_HISTORY,EXACT_RECIPE_MIXER_ROUTE,L4_PILOT_READY,1121,5,M1-B00458XM-- 04 002;M1-B00458XV-- 01 002;M1-B00458B1-- 02 003;M1-B00458B1-- 02 002;M1-B00458B1-- 02 001,0.998,EXACT_RECIPE_MIXER_PILOT_GATE,PILOT_REVIEW_READY,True,True,False,True,True,2024~1420089,27.53,25.64,1.89,6.85,10.83,HIGH,False,WITHIN_SAFE_BOUNDS,VALID_ROUTE_STAGES,RECOMMENDED
2024~1274870,2,M1-B00458---- 12 003,MB02,CarbonBlack,OilWet,CarbonBlack_OilWet,PRIORITY_OPERATIONAL_HISTORY,EXACT_RECIPE_MIXER_ROUTE,L3_SHADOW_REVIEW_READY,1121,5,M1-B00458XM-- 04 002;M1-B00458XV-- 01 002;M1-B00458B1-- 02 003;M1-B00458B1-- 02 002;M1-B00458B1-- 02 001,0.998,VALIDATED_SHADOW_REVIEW,SHADOW_REVIEW_READY,True,True,False,True,True,,27.9,27.9,0.0,0.0,,HIGH,False,WITHIN_SAFE_BOUNDS,VALID_ROUTE_STAGES,NO_VALID_CANDIDATE
2024~1274870,3,M1-B00458---- 12 003,MB02,CarbonBlack,OilWet,CarbonBlack_OilWet,PRIORITY_OPERATIONAL_HISTORY,EXACT_RECIPE_MIXER_ROUTE,L3_SHADOW_REVIEW_READY,1121,5,M1-B00458XM-- 04 002;M1-B00458XV-- 01 002;M1-B00458B1-- 02 003;M1-B00458B1-- 02 002;M1-B00458B1-- 02 001,0.998,VALIDATED_SHADOW_REVIEW,SHADOW_REVIEW_READY,True,True,False,True,True,,27.9,27.9,0.0,0.0,,HIGH,False,WITHIN_SAFE_BOUNDS,VALID_ROUTE_STAGES,NO_VALID_CANDIDATE
2024~1274870,4,M1-B00458---- 12 003,MB02,CarbonBlack,OilWet,CarbonBlack_OilWet,PRIORITY_OPERATIONAL_HISTORY,EXACT_RECIPE_MIXER_ROUTE,L4_PILOT_READY,1121,5,M1-B00458XM-- 04 002;M1-B00458XV-- 01 002;M1-B00458B1-- 02 003;M1-B00458B1-- 02 002;M1-B00458B1-- 02 001,0.996,EXACT_RECIPE_MIXER_PILOT_GATE,PILOT_REVIEW_READY,True,True,False,True,True,2024~1420089,27.9,25.64,2.26,8.11,8.92,HIGH,False,WITHIN_SAFE_BOUNDS,VALID_ROUTE_STAGES,RECOMMENDED
2024~1275991,1,M1-B00458---- 12 003,MB02,CarbonBlack,OilWet,CarbonBlack_OilWet,PRIORITY_OPERATIONAL_HISTORY,EXACT_RECIPE_MIXER_ROUTE,L3_SHADOW_REVIEW_READY,1121,5,M1-B00458XM-- 04 002;M1-B00458XV-- 01 002;M1-B00458B1-- 02 002;M1-B00458B1-- 02 003;M1-B00458B1-- 02 001,0.999,VALIDATED_SHADOW_REVIEW,SHADOW_REVIEW_READY,True,True,False,True,True,,27.53,27.53,0.0,0.0,,HIGH,False,WITHIN_SAFE_BOUNDS,VALID_ROUTE_STAGES,NO_VALID_CANDIDATE
2024~1275991,2,M1-B00458---- 12 003,MB02,CarbonBlack,OilWet,CarbonBlack_OilWet,PRIORITY_OPERATIONAL_HISTORY,EXACT_RECIPE_MIXER_ROUTE,L3_SHADOW_REVIEW_READY,1121,5,M1-B00458XM-- 04 002;M1-B00458XV-- 01 002;M1-B00458B1-- 02 002;M1-B00458B1-- 02 003;M1-B00458B1-- 02 001,0.998,VALIDATED_SHADOW_REVIEW,SHADOW_REVIEW_READY,True,True,False,True,True,,27.69,27.69,0.0,0.0,,HIGH,False,WITHIN_SAFE_BOUNDS,VALID_ROUTE_STAGES,NO_VALID_CANDIDATE
2024~1282357,2,M1-B00163R4-- 01 003,MB02,CarbonBlack,OilWet,CarbonBlack_OilWet,PRIORITY_OPERATIONAL_HISTORY,EXACT_RECIPE_MIXER_ROUTE,L3_SHADOW_REVIEW_READY,47,5,M1-B00163R4-- 01 004;M1-B00163XV-- 01 001;M1-B00163XV-- 01 002;M1-B00163XM-- 02 003;M1-B00163XV-- 01 003,0.975,VALIDATED_SHADOW_REVIEW,SHADOW_REVIEW_READY,True,True,False,True,True,,29.32,29.32,0.0,0.0,,HIGH,False,WITHIN_SAFE_BOUNDS,VALID_ROUTE_STAGES,NO_VALID_CANDIDATE
2024~1282357,22,M1-B00163R4-- 01 003,MB02,CarbonBlack,OilWet,CarbonBlack_OilWet,PRIORITY_OPERATIONAL_HISTORY,EXACT_RECIPE_MIXER_ROUTE,L3_SHADOW_REVIEW_READY,47,5,M1-B00163R4-- 01 004;M1-B00163XV-- 01 001;M1-B00163XV-- 01 002;M1-B00163XV-- 01 003;M1-B00163XV-- 01 004,0.987,VALIDATED_SHADOW_REVIEW,SHADOW_REVIEW_READY,True,True,False,True,True,,29.13,29.13,0.0,0.0,,HIGH,False,WITHIN_SAFE_BOUNDS,VALID_ROUTE_STAGES,NO_VALID_CANDIDATE
2024~1282357,26,M1-B00163R4-- 01 003,MB02,CarbonBlack,OilWet,CarbonBlack_OilWet,PRIORITY_OPERATIONAL_HISTORY,EXACT_RECIPE_MIXER_ROUTE,L3_SHADOW_REVIEW_READY,47,5,M1-B00163R4-- 01 004;M1-B00163XV-- 01 001;M1-B00163XV-- 01 002;M1-B00163XV-- 01 003;M1-B00163XM-- 02 003,0.983,VALIDATED_SHADOW_REVIEW,SHADOW_REVIEW_READY,True,True,False,True,True,,29.13,29.13,0.0,0.0,,HIGH,False,WITHIN_SAFE_BOUNDS,VALID_ROUTE_STAGES,NO_VALID_CANDIDATE
2024~1278656,7,M1-B00163R4-- 01 003,MB02,CarbonBlack,OilWet,CarbonBlack_OilWet,PRIORITY_OPERATIONAL_HISTORY,EXACT_RECIPE_MIXER_ROUTE,L3_SHADOW_REVIEW_READY,47,5,M1-B00163R4-- 01 004;M1-B00163XV-- 01 001;M1-B00163XV-- 01 002;M1-B00163XV-- 01 003;M1-B00163XV-- 01 004,0.989,VALIDATED_SHADOW_REVIEW,SHADOW_REVIEW_READY,True,True,False,True,True,,29.13,29.13,0.0,0.0,,HIGH,False,WITHIN_SAFE_BOUNDS,VALID_ROUTE_STAGES,NO_VALID_CANDIDATE
2024~1278656,8,M1-B00163R4-- 01 003,MB02,CarbonBlack,OilWet,CarbonBlack_OilWet,PRIORITY_OPERATIONAL_HISTORY,EXACT_RECIPE_MIXER_ROUTE,L3_SHADOW_REVIEW_READY,47,5,M1-B00163R4-- 01 004;M1-B00163XV-- 01 001;M1-B00163XV-- 01 002;M1-B00163XV-- 01 003;M1-B00163XM-- 02 003,0.988,VALIDATED_SHADOW_REVIEW,SHADOW_REVIEW_READY,True,True,False,True,True,,29.13,29.13,0.0,0.0,,HIGH,False,WITHIN_SAFE_BOUNDS,VALID_ROUTE_STAGES,NO_VALID_CANDIDATE
2024~1278656,9,M1-B00163R4-- 01 003,MB02,CarbonBlack,OilWet,CarbonBlack_OilWet,PRIORITY_OPERATIONAL_HISTORY,EXACT_RECIPE_MIXER_ROUTE,L3_SHADOW_REVIEW_READY,47,5,M1-B00163R4-- 01 004;M1-B00163XV-- 01 001;M1-B00163XV-- 01 002;M1-B00163XV-- 01 003;M1-B00163XM-- 02 003,0.987,VALIDATED_SHADOW_REVIEW,SHADOW_REVIEW_READY,True,True,False,True,True,,29.13,29.13,0.0,0.0,,HIGH,False,WITHIN_SAFE_BOUNDS,VALID_ROUTE_STAGES,NO_VALID_CANDIDATE
2024~1278656,10,M1-B00163R4-- 01 003,MB02,CarbonBlack,OilWet,CarbonBlack_OilWet,PRIORITY_OPERATIONAL_HISTORY,EXACT_RECIPE_MIXER_ROUTE,L3_SHADOW_REVIEW_READY,47,5,M1-B00163R4-- 01 004;M1-B00163XV-- 01 001;M1-B00163XV-- 01 002;M1-B00163XV-- 01 003;M1-B00163XV-- 01 004,0.988,VALIDATED_SHADOW_REVIEW,SHADOW_REVIEW_READY,True,True,False,True,True,,29.32,29.32,0.0,0.0,,HIGH,False,WITHIN_SAFE_BOUNDS,VALID_ROUTE_STAGES,NO_VALID_CANDIDATE
2024~1313395,1,M1-B00163RT-- 01 001,MB02,CarbonBlack,OilWet,CarbonBlack_OilWet,PRIORITY_OPERATIONAL_HISTORY,EXACT_RECIPE_MIXER_ROUTE,L2_PRELIMINARY_RECIPE_WINDOW,20,5,M1-B00163RT-- 01 002;M1-A00205W3-- 03 003;M1-A00205W4-- 01 001;M1-A00205W3-- 03 002;M1-B00163R4-- 01 003,0.988,SHADOW_REVIEW_ONLY_WITH_PRELIMINARY_WINDOW,SHADOW_REVIEW_ONLY,True,True,False,True,True,,29.84,29.84,0.0,0.0,,HIGH,False,OUT_OF_SAFE_BOUNDS,VALID_ROUTE_STAGES,NO_VALID_CANDIDATE
2024~1313395,2,M1-B00163RT-- 01 001,MB02,CarbonBlack,OilWet,CarbonBlack_OilWet,PRIORITY_OPERATIONAL_HISTORY,EXACT_RECIPE_MIXER_ROUTE,L2_PRELIMINARY_RECIPE_WINDOW,20,5,M1-B00163RT-- 01 002;M1-A00205W3-- 03 003;M1-A00205W4-- 01 001;M1-A00205W3-- 03 002;M1-B00163R4-- 01 003,0.991,SHADOW_REVIEW_ONLY_WITH_PRELIMINARY_WINDOW,SHADOW_REVIEW_ONLY,True,True,False,True,True,,29.92,29.92,0.0,0.0,,HIGH,False,OUT_OF_SAFE_BOUNDS,VALID_ROUTE_STAGES,NO_VALID_CANDIDATE
2024~1313395,3,M1-B00163RT-- 01 001,MB02,CarbonBlack,OilWet,CarbonBlack_OilWet,PRIORITY_OPERATIONAL_HISTORY,EXACT_RECIPE_MIXER_ROUTE,L2_PRELIMINARY_RECIPE_WINDOW,20,5,M1-B00163RT-- 01 002;M1-A00205W3-- 03 003;M1-A00205W4-- 01 001;M1-A00205W3-- 03 002;M1-B00163R4-- 01 003,0.993,SHADOW_REVIEW_ONLY_WITH_PRELIMINARY_WINDOW,SHADOW_REVIEW_ONLY,True,True,False,True,True,,29.84,29.84,0.0,0.0,,HIGH,False,OUT_OF_SAFE_BOUNDS,VALID_ROUTE_STAGES,NO_VALID_CANDIDATE
2024~1313395,4,M1-B00163RT-- 01 001,MB02,CarbonBlack,OilWet,CarbonBlack_OilWet,PRIORITY_OPERATIONAL_HISTORY,EXACT_RECIPE_MIXER_ROUTE,L2_PRELIMINARY_RECIPE_WINDOW,20,5,M1-B00163RT-- 01 002;M1-A00205W3-- 03 003;M1-A00205W4-- 01 001;M1-A00205W3-- 03 002;M1-B00163R4-- 01 003,0.992,SHADOW_REVIEW_ONLY_WITH_PRELIMINARY_WINDOW,SHADOW_REVIEW_ONLY,True,True,False,True,True,,29.84,29.84,0.0,0.0,,HIGH,False,OUT_OF_SAFE_BOUNDS,VALID_ROUTE_STAGES,NO_VALID_CANDIDATE
2024~1313395,5,M1-B00163RT-- 01 001,MB02,CarbonBlack,OilWet,CarbonBlack_OilWet,PRIORITY_OPERATIONAL_HISTORY,EXACT_RECIPE_MIXER_ROUTE,L2_PRELIMINARY_RECIPE_WINDOW,20,5,M1-B00163RT-- 01 002;M1-A00205W3-- 03 003;M1-A00205W4-- 01 001;M1-A00205W3-- 03 002;M1-B00163R4-- 01 003,0.994,SHADOW_REVIEW_ONLY_WITH_PRELIMINARY_WINDOW,SHADOW_REVIEW_ONLY,True,True,False,True,True,,29.84,29.84,0.0,0.0,,HIGH,False,OUT_OF_SAFE_BOUNDS,VALID_ROUTE_STAGES,NO_VALID_CANDIDATE
2024~1313395,6,M1-B00163RT-- 01 001,MB02,CarbonBlack,OilWet,CarbonBlack_OilWet,PRIORITY_OPERATIONAL_HISTORY,EXACT_RECIPE_MIXER_ROUTE,L2_PRELIMINARY_RECIPE_WINDOW,20,5,M1-B00163RT-- 01 002;M1-A00205W3-- 03 003;M1-A00205W4-- 01 001;M1-A00205W3-- 03 002;M1-B00163R4-- 01 003,0.995,SHADOW_REVIEW_ONLY_WITH_PRELIMINARY_WINDOW,SHADOW_REVIEW_ONLY,True,True,False,True,True,,30.03,30.03,0.0,0.0,,HIGH,False,OUT_OF_SAFE_BOUNDS,VALID_ROUTE_STAGES,NO_VALID_CANDIDATE
2024~1313395,7,M1-B00163RT-- 01 001,MB02,CarbonBlack,OilWet,CarbonBlack_OilWet,PRIORITY_OPERATIONAL_HISTORY,EXACT_RECIPE_MIXER_ROUTE,L2_PRELIMINARY_RECIPE_WINDOW,20,5,M1-B00163RT-- 01 002;M1-A00205W3-- 03 003;M1-A00205W4-- 01 001;M1-A00205W3-- 03 002;M1-B00163R4-- 01 003,0.993,SHADOW_REVIEW_ONLY_WITH_PRELIMINARY_WINDOW,SHADOW_REVIEW_ONLY,True,True,False,True,True,,29.84,29.84,0.0,0.0,,HIGH,False,OUT_OF_SAFE_BOUNDS,VALID_ROUTE_STAGES,NO_VALID_CANDIDATE
2024~1313395,8,M1-B00163RT-- 01 001,MB02,CarbonBlack,OilWet,CarbonBlack_OilWet,PRIORITY_OPERATIONAL_HISTORY,EXACT_RECIPE_MIXER_ROUTE,L2_PRELIMINARY_RECIPE_WINDOW,20,5,M1-B00163RT-- 01 002;M1-A00205W3-- 03 003;M1-A00205W4-- 01 001;M1-A00205W3-- 03 002;M1-B00163R4-- 01 003,0.994,SHADOW_REVIEW_ONLY_WITH_PRELIMINARY_WINDOW,SHADOW_REVIEW_ONLY,True,True,False,True,True,,29.84,29.84,0.0,0.0,,HIGH,False,OUT_OF_SAFE_BOUNDS,VALID_ROUTE_STAGES,NO_VALID_CANDIDATE
2024~1339461,1,M1-B00163RT-- 01 001,MB02,CarbonBlack,OilWet,CarbonBlack_OilWet,PRIORITY_OPERATIONAL_HISTORY,EXACT_RECIPE_MIXER_ROUTE,L2_PRELIMINARY_RECIPE_WINDOW,20,5,M1-B00163RT-- 01 002;M1-A00205W3-- 03 003;M1-A00205W4-- 01 001;M1-A00205W3-- 03 002;M1-B00163R4-- 01 003,0.988,SHADOW_REVIEW_ONLY_WITH_PRELIMINARY_WINDOW,SHADOW_REVIEW_ONLY,True,True,False,True,True,,30.49,30.49,0.0,0.0,,HIGH,False,OUT_OF_SAFE_BOUNDS,VALID_ROUTE_STAGES,NO_VALID_CANDIDATE
2024~1339461,2,M1-B00163RT-- 01 001,MB02,CarbonBlack,OilWet,CarbonBlack_OilWet,PRIORITY_OPERATIONAL_HISTORY,EXACT_RECIPE_MIXER_ROUTE,L2_PRELIMINARY_RECIPE_WINDOW,20,5,M1-B00163RT-- 01 002;M1-A00205W3-- 03 003;M1-A00205W4-- 01 001;M1-A00205W3-- 03 002;M1-B00163R4-- 01 003,0.987,SHADOW_REVIEW_ONLY_WITH_PRELIMINARY_WINDOW,SHADOW_REVIEW_ONLY,True,True,False,True,True,,30.51,30.51,0.0,0.0,,HIGH,False,OUT_OF_SAFE_BOUNDS,VALID_ROUTE_STAGES,NO_VALID_CANDIDATE
2024~1546770,9,M1-B00163RT-- 01 002,MB02,CarbonBlack,OilWet,CarbonBlack_OilWet,PRIORITY_OPERATIONAL_HISTORY,EXACT_RECIPE_MIXER_ROUTE,L3_SHADOW_REVIEW_READY,58,5,M1-B00163RT-- 01 001;M1-A00205W3-- 03 003;M1-A00205W4-- 01 001;M1-A00205W3-- 03 002;M1-B00163R4-- 01 003,0.988,VALIDATED_SHADOW_REVIEW,SHADOW_REVIEW_READY,True,True,False,True,True,,32.69,32.69,0.0,0.0,,HIGH,False,OUT_OF_SAFE_BOUNDS,VALID_ROUTE_STAGES,NO_VALID_CANDIDATE
2024~1546770,10,M1-B00163RT-- 01 002,MB02,CarbonBlack,OilWet,CarbonBlack_OilWet,PRIORITY_OPERATIONAL_HISTORY,EXACT_RECIPE_MIXER_ROUTE,L3_SHADOW_REVIEW_READY,58,5,M1-B00163RT-- 01 001;M1-A00205W3-- 03 003;M1-A00205W4-- 01 001;M1-A00205W3-- 03 002;M1-B00163R4-- 01 003,0.989,VALIDATED_SHADOW_REVIEW,SHADOW_REVIEW_READY,True,True,False,True,True,,32.69,32.69,0.0,0.0,,HIGH,False,OUT_OF_SAFE_BOUNDS,VALID_ROUTE_STAGES,NO_VALID_CANDIDATE
2024~1546770,11,M1-B00163RT-- 01 002,MB02,CarbonBlack,OilWet,CarbonBlack_OilWet,PRIORITY_OPERATIONAL_HISTORY,EXACT_RECIPE_MIXER_ROUTE,L3_SHADOW_REVIEW_READY,58,5,M1-B00163RT-- 01 001;M1-A00205W3-- 03 003;M1-A00205W4-- 01 001;M1-A00205W3-- 03 002;M1-B00163R4-- 01 003,0.992,VALIDATED_SHADOW_REVIEW,SHADOW_REVIEW_READY,True,True,False,True,True,,32.69,32.69,0.0,0.0,,HIGH,False,OUT_OF_SAFE_BOUNDS,VALID_ROUTE_STAGES,NO_VALID_CANDIDATE
2024~1546770,12,M1-B00163RT-- 01 002,MB02,CarbonBlack,OilWet,CarbonBlack_OilWet,PRIORITY_OPERATIONAL_HISTORY,EXACT_RECIPE_MIXER_ROUTE,L3_SHADOW_REVIEW_READY,58,5,M1-B00163RT-- 01 001;M1-A00205W3-- 03 003;M1-A00205W4-- 01 001;M1-A00205W3-- 03 002;M1-B00163R4-- 01 003,0.99,VALIDATED_SHADOW_REVIEW,SHADOW_REVIEW_READY,True,True,False,True,True,,32.69,32.69,0.0,0.0,,HIGH,False,OUT_OF_SAFE_BOUNDS,VALID_ROUTE_STAGES,NO_VALID_CANDIDATE
2024~1536999,5,M1-B00163RT-- 01 002,MB02,CarbonBlack,OilWet,CarbonBlack_OilWet,PRIORITY_OPERATIONAL_HISTORY,EXACT_RECIPE_MIXER_ROUTE,L3_SHADOW_REVIEW_READY,58,5,M1-B00163RT-- 01 001;M1-A00205W3-- 03 003;M1-A00205W4-- 01 001;M1-A00205W3-- 03 002;M1-B00163R4-- 01 003,0.99,VALIDATED_SHADOW_REVIEW,SHADOW_REVIEW_READY,True,True,False,True,True,,28.67,28.67,0.0,0.0,,HIGH,False,OUT_OF_SAFE_BOUNDS,VALID_ROUTE_STAGES,NO_VALID_CANDIDATE
2024~1536999,6,M1-B00163RT-- 01 002,MB02,CarbonBlack,OilWet,CarbonBlack_OilWet,PRIORITY_OPERATIONAL_HISTORY,EXACT_RECIPE_MIXER_ROUTE,L3_SHADOW_REVIEW_READY,58,5,M1-B00163RT-- 01 001;M1-A00205W3-- 03 003;M1-A00205W4-- 01 001;M1-A00205W3-- 03 002;M1-B00163R4-- 01 003,0.99,VALIDATED_SHADOW_REVIEW,SHADOW_REVIEW_READY,True,True,False,True,True,,28.17,28.17,0.0,0.0,,HIGH,False,OUT_OF_SAFE_BOUNDS,VALID_ROUTE_STAGES,NO_VALID_CANDIDATE
2024~1536999,7,M1-B00163RT-- 01 002,MB02,CarbonBlack,OilWet,CarbonBlack_OilWet,PRIORITY_OPERATIONAL_HISTORY,EXACT_RECIPE_MIXER_ROUTE,L3_SHADOW_REVIEW_READY,58,5,M1-B00163RT-- 01 001;M1-A00205W3-- 03 003;M1-A00205W4-- 01 001;M1-A00205W3-- 03 002;M1-B00163R4-- 01 003,0.99,VALIDATED_SHADOW_REVIEW,SHADOW_REVIEW_READY,True,True,False,True,True,,28.67,28.67,0.0,0.0,,HIGH,False,OUT_OF_SAFE_BOUNDS,VALID_ROUTE_STAGES,NO_VALID_CANDIDATE
2024~1536999,8,M1-B00163RT-- 01 002,MB02,CarbonBlack,OilWet,CarbonBlack_OilWet,PRIORITY_OPERATIONAL_HISTORY,EXACT_RECIPE_MIXER_ROUTE,L3_SHADOW_REVIEW_READY,58,5,M1-B00163RT-- 01 001;M1-A00205W3-- 03 003;M1-A00205W4-- 01 001;M1-A00205W3-- 03 002;M1-B00163R4-- 01 003,0.992,VALIDATED_SHADOW_REVIEW,SHADOW_REVIEW_READY,True,True,False,True,True,,28.67,28.67,0.0,0.0,,HIGH,False,OUT_OF_SAFE_BOUNDS,VALID_ROUTE_STAGES,NO_VALID_CANDIDATE
2024~1539276,5,M1-B00163RT-- 01 002,MB02,CarbonBlack,OilWet,CarbonBlack_OilWet,PRIORITY_OPERATIONAL_HISTORY,EXACT_RECIPE_MIXER_ROUTE,L3_SHADOW_REVIEW_READY,58,5,M1-B00163RT-- 01 001;M1-A00205W3-- 03 003;M1-A00205W4-- 01 001;M1-A00205W3-- 03 002;M1-B00163R4-- 01 003,0.977,VALIDATED_SHADOW_REVIEW,SHADOW_REVIEW_READY,True,True,False,True,True,,28.44,28.44,0.0,0.0,,HIGH,False,WITHIN_SAFE_BOUNDS,VALID_ROUTE_STAGES,NO_VALID_CANDIDATE
2024~1539276,6,M1-B00163RT-- 01 002,MB02,CarbonBlack,OilWet,CarbonBlack_OilWet,PRIORITY_OPERATIONAL_HISTORY,EXACT_RECIPE_MIXER_ROUTE,L3_SHADOW_REVIEW_READY,58,5,M1-B00163RT-- 01 001;M1-A00205W3-- 03 003;M1-A00205W4-- 01 001;M1-A00205W3-- 03 002;M1-B00163R4-- 01 003,0.974,VALIDATED_SHADOW_REVIEW,SHADOW_REVIEW_READY,True,True,False,True,True,,28.52,28.52,0.0,0.0,,MEDIUM,False,WITHIN_SAFE_BOUNDS,VALID_ROUTE_STAGES,NO_VALID_CANDIDATE
2232835,1,M1-B00458---- 12 005,MB02,CarbonBlack,OilWet,CarbonBlack_OilWet,PRIORITY_OPERATIONAL_HISTORY,EXACT_RECIPE_MIXER_ROUTE,L3_SHADOW_REVIEW_READY,234,5,M1-B00458B1-- 02 001;M1-B00458B1-- 02 002;M1-B00458---- 12 004;M1-B00458XM-- 04 002;M1-B00458---- 12 007,0.999,VALIDATED_SHADOW_REVIEW,SHADOW_REVIEW_READY,True,True,False,True,True,,26.82,26.82,0.0,0.0,,HIGH,False,OUT_OF_SAFE_BOUNDS,VALID_ROUTE_STAGES,NO_VALID_CANDIDATE
2232835,2,M1-B00458---- 12 005,MB02,CarbonBlack,OilWet,CarbonBlack_OilWet,PRIORITY_OPERATIONAL_HISTORY,EXACT_RECIPE_MIXER_ROUTE,L3_SHADOW_REVIEW_READY,234,5,M1-B00458B1-- 02 001;M1-B00458B1-- 02 002;M1-B00458---- 12 004;M1-B00458---- 12 007;M1-B00458XM-- 04 002,0.999,VALIDATED_SHADOW_REVIEW,SHADOW_REVIEW_READY,True,True,False,True,True,,26.82,26.82,0.0,0.0,,HIGH,False,OUT_OF_SAFE_BOUNDS,VALID_ROUTE_STAGES,NO_VALID_CANDIDATE
2232835,3,M1-B00458---- 12 005,MB02,CarbonBlack,OilWet,CarbonBlack_OilWet,PRIORITY_OPERATIONAL_HISTORY,EXACT_RECIPE_MIXER_ROUTE,L3_SHADOW_REVIEW_READY,234,5,M1-B00458B1-- 02 001;M1-B00458B1-- 02 002;M1-B00458---- 12 004;M1-B00458---- 12 007;M1-B00458XM-- 04 002,0.998,VALIDATED_SHADOW_REVIEW,SHADOW_REVIEW_READY,True,True,False,True,True,,26.81,26.81,0.0,0.0,,HIGH,False,OUT_OF_SAFE_BOUNDS,VALID_ROUTE_STAGES,NO_VALID_CANDIDATE
2234242,2,M1-B00458---- 12 005,MB02,CarbonBlack,OilWet,CarbonBlack_OilWet,PRIORITY_OPERATIONAL_HISTORY,EXACT_RECIPE_MIXER_ROUTE,L3_SHADOW_REVIEW_READY,234,5,M1-B00458B1-- 02 002;M1-B00458XM-- 04 002;M1-B00458B1-- 02 001;M1-B00458---- 12 007;M1-B00458---- 12 003,0.997,VALIDATED_SHADOW_REVIEW,SHADOW_REVIEW_READY,True,True,False,True,True,,26.82,26.82,0.0,0.0,,HIGH,False,OUT_OF_SAFE_BOUNDS,VALID_ROUTE_STAGES,NO_VALID_CANDIDATE
2234242,3,M1-B00458---- 12 005,MB02,CarbonBlack,OilWet,CarbonBlack_OilWet,PRIORITY_OPERATIONAL_HISTORY,EXACT_RECIPE_MIXER_ROUTE,L3_SHADOW_REVIEW_READY,234,5,M1-B00458B1-- 02 002;M1-B00458XM-- 04 002;M1-B00458B1-- 02 001;M1-B00458---- 12 007;M1-B00458---- 12 003,0.997,VALIDATED_SHADOW_REVIEW,SHADOW_REVIEW_READY,True,True,False,True,True,,26.82,26.82,0.0,0.0,,HIGH,False,OUT_OF_SAFE_BOUNDS,VALID_ROUTE_STAGES,NO_VALID_CANDIDATE
2231055,1,M1-B00458---- 12 005,MB02,CarbonBlack,OilWet,CarbonBlack_OilWet,PRIORITY_OPERATIONAL_HISTORY,EXACT_RECIPE_MIXER_ROUTE,L3_SHADOW_REVIEW_READY,234,5,M1-B00458B1-- 02 002;M1-B00458B1-- 02 001;M1-B00458---- 12 004;M1-B00458---- 12 007;M1-B00458XM-- 04 002,0.998,VALIDATED_SHADOW_REVIEW,SHADOW_REVIEW_READY,True,True,False,True,True,,26.82,26.82,0.0,0.0,,HIGH,False,OUT_OF_SAFE_BOUNDS,VALID_ROUTE_STAGES,NO_VALID_CANDIDATE
2231055,2,M1-B00458---- 12 005,MB02,CarbonBlack,OilWet,CarbonBlack_OilWet,PRIORITY_OPERATIONAL_HISTORY,EXACT_RECIPE_MIXER_ROUTE,L3_SHADOW_REVIEW_READY,234,5,M1-B00458B1-- 02 001;M1-B00458B1-- 02 002;M1-B00458---- 12 004;M1-B00458XM-- 04 002;M1-B00458---- 12 007,0.999,VALIDATED_SHADOW_REVIEW,SHADOW_REVIEW_READY,True,True,False,True,True,,26.82,26.82,0.0,0.0,,HIGH,False,OUT_OF_SAFE_BOUNDS,VALID_ROUTE_STAGES,NO_VALID_CANDIDATE
2239709,1,M1-B00458---- 12 005,MB02,CarbonBlack,OilWet,CarbonBlack_OilWet,PRIORITY_OPERATIONAL_HISTORY,EXACT_RECIPE_MIXER_ROUTE,L3_SHADOW_REVIEW_READY,234,5,M1-B00458B1-- 02 003;M1-B00458XV-- 01 002;M1-B00458XM-- 04 003;M1-B00458---- 12 003;M1-B00458---- 12 008,0.998,VALIDATED_SHADOW_REVIEW,SHADOW_REVIEW_READY,True,True,False,True,True,,30.8,30.8,0.0,0.0,,MEDIUM,False,WITHIN_SAFE_BOUNDS,VALID_ROUTE_STAGES,NO_VALID_CANDIDATE
2239709,2,M1-B00458---- 12 005,MB02,CarbonBlack,OilWet,CarbonBlack_OilWet,PRIORITY_OPERATIONAL_HISTORY,EXACT_RECIPE_MIXER_ROUTE,L3_SHADOW_REVIEW_READY,234,5,M1-B00458B1-- 02 003;M1-B00458XV-- 01 002;M1-B00458XM-- 04 003;M1-B00458---- 12 008;M1-B00458---- 12 003,0.998,VALIDATED_SHADOW_REVIEW,SHADOW_REVIEW_READY,True,True,False,True,True,,29.92,29.92,0.0,0.0,,MEDIUM,False,WITHIN_SAFE_BOUNDS,VALID_ROUTE_STAGES,NO_VALID_CANDIDATE
2241426,1,M1-B00458---- 12 005,MB02,CarbonBlack,OilWet,CarbonBlack_OilWet,PRIORITY_OPERATIONAL_HISTORY,EXACT_RECIPE_MIXER_ROUTE,L3_SHADOW_REVIEW_READY,234,5,M1-B00458B1-- 02 003;M1-B00458XV-- 01 002;M1-B00458XM-- 04 003;M1-B00458---- 12 008;M1-B00458---- 12 003,0.998,VALIDATED_SHADOW_REVIEW,SHADOW_REVIEW_READY,True,True,False,True,True,,30.01,30.01,0.0,0.0,,HIGH,False,OUT_OF_SAFE_BOUNDS,VALID_ROUTE_STAGES,NO_VALID_CANDIDATE
2370888,1,M1-B00458---- 12 007,MB02,CarbonBlack,OilWet,CarbonBlack_OilWet,PRIORITY_OPERATIONAL_HISTORY,EXACT_RECIPE_MIXER_ROUTE,L2_PRELIMINARY_RECIPE_WINDOW,19,5,M1-B00458B1-- 02 002;M1-B00458B1-- 02 001;M1-B00458---- 12 005;M1-B00458XM-- 04 002;M1-B00458---- 12 004,0.995,SHADOW_REVIEW_ONLY_WITH_PRELIMINARY_WINDOW,SHADOW_REVIEW_ONLY,True,True,False,True,True,,32.22,32.22,0.0,0.0,,HIGH,False,WITHIN_SAFE_BOUNDS,VALID_ROUTE_STAGES,NO_VALID_CANDIDATE
2375891,1,M1-B00458---- 12 007,MB02,CarbonBlack,OilWet,CarbonBlack_OilWet,PRIORITY_OPERATIONAL_HISTORY,EXACT_RECIPE_MIXER_ROUTE,L2_PRELIMINARY_RECIPE_WINDOW,19,5,M1-B00458---- 12 003;M1-B00458XM-- 04 002;M1-B00458XV-- 01 002;M1-B00458---- 12 008;M1-B00458B1-- 02 003,0.994,SHADOW_REVIEW_ONLY_WITH_PRELIMINARY_WINDOW,SHADOW_REVIEW_ONLY,True,True,False,True,True,,32.22,32.22,0.0,0.0,,HIGH,False,WITHIN_SAFE_BOUNDS,VALID_ROUTE_STAGES,NO_VALID_CANDIDATE
2375891,2,M1-B00458---- 12 007,MB02,CarbonBlack,OilWet,CarbonBlack_OilWet,PRIORITY_OPERATIONAL_HISTORY,EXACT_RECIPE_MIXER_ROUTE,L2_PRELIMINARY_RECIPE_WINDOW,19,5,M1-B00458---- 12 003;M1-B00458XM-- 04 002;M1-B00458XV-- 01 002;M1-B00458B1-- 02 003;M1-B00458---- 12 008,0.994,SHADOW_REVIEW_ONLY_WITH_PRELIMINARY_WINDOW,SHADOW_REVIEW_ONLY,True,True,False,True,True,,32.22,32.22,0.0,0.0,,HIGH,False,WITHIN_SAFE_BOUNDS,VALID_ROUTE_STAGES,NO_VALID_CANDIDATE
2375891,3,M1-B00458---- 12 007,MB02,CarbonBlack,OilWet,CarbonBlack_OilWet,PRIORITY_OPERATIONAL_HISTORY,EXACT_RECIPE_MIXER_ROUTE,L2_PRELIMINARY_RECIPE_WINDOW,19,5,M1-B00458---- 12 003;M1-B00458XM-- 04 002;M1-B00458---- 12 008;M1-B00458XV-- 01 002;M1-B00458B1-- 02 003,0.993,SHADOW_REVIEW_ONLY_WITH_PRELIMINARY_WINDOW,SHADOW_REVIEW_ONLY,True,True,False,True,True,,32.22,32.22,0.0,0.0,,HIGH,False,WITHIN_SAFE_BOUNDS,VALID_ROUTE_STAGES,NO_VALID_CANDIDATE
2370888,2,M1-B00458---- 12 007,MB02,CarbonBlack,OilWet,CarbonBlack_OilWet,PRIORITY_OPERATIONAL_HISTORY,EXACT_RECIPE_MIXER_ROUTE,L2_PRELIMINARY_RECIPE_WINDOW,19,5,M1-B00458B1-- 02 002;M1-B00458B1-- 02 001;M1-B00458---- 12 005;M1-B00458XM-- 04 002;M1-B00458---- 12 004,0.994,SHADOW_REVIEW_ONLY_WITH_PRELIMINARY_WINDOW,SHADOW_REVIEW_ONLY,True,True,False,True,True,,32.37,32.37,0.0,0.0,,HIGH,False,WITHIN_SAFE_BOUNDS,VALID_ROUTE_STAGES,NO_VALID_CANDIDATE
2370888,3,M1-B00458---- 12 007,MB02,CarbonBlack,OilWet,CarbonBlack_OilWet,PRIORITY_OPERATIONAL_HISTORY,EXACT_RECIPE_MIXER_ROUTE,L2_PRELIMINARY_RECIPE_WINDOW,19,5,M1-B00458B1-- 02 002;M1-B00458B1-- 02 001;M1-B00458---- 12 005;M1-B00458XM-- 04 002;M1-B00458---- 12 004,0.994,SHADOW_REVIEW_ONLY_WITH_PRELIMINARY_WINDOW,SHADOW_REVIEW_ONLY,True,True,False,True,True,,32.37,32.37,0.0,0.0,,HIGH,False,WITHIN_SAFE_BOUNDS,VALID_ROUTE_STAGES,NO_VALID_CANDIDATE
2371157,1,M1-B00458---- 12 007,MB02,CarbonBlack,OilWet,CarbonBlack_OilWet,PRIORITY_OPERATIONAL_HISTORY,EXACT_RECIPE_MIXER_ROUTE,L2_PRELIMINARY_RECIPE_WINDOW,19,5,M1-B00458B1-- 02 002;M1-B00458XM-- 04 002;M1-B00458---- 12 008;M1-B00458B1-- 02 001;M1-B00458---- 12 003,0.992,SHADOW_REVIEW_ONLY_WITH_PRELIMINARY_WINDOW,SHADOW_REVIEW_ONLY,True,True,False,True,True,,32.38,32.38,0.0,0.0,,HIGH,False,WITHIN_SAFE_BOUNDS,VALID_ROUTE_STAGES,NO_VALID_CANDIDATE
2371157,2,M1-B00458---- 12 007,MB02,CarbonBlack,OilWet,CarbonBlack_OilWet,PRIORITY_OPERATIONAL_HISTORY,EXACT_RECIPE_MIXER_ROUTE,L2_PRELIMINARY_RECIPE_WINDOW,19,5,M1-B00458B1-- 02 002;M1-B00458XM-- 04 002;M1-B00458B1-- 02 001;M1-B00458---- 12 008;M1-B00458---- 12 003,0.993,SHADOW_REVIEW_ONLY_WITH_PRELIMINARY_WINDOW,SHADOW_REVIEW_ONLY,True,True,False,True,True,,32.22,32.22,0.0,0.0,,HIGH,False,WITHIN_SAFE_BOUNDS,VALID_ROUTE_STAGES,NO_VALID_CANDIDATE
2371157,3,M1-B00458---- 12 007,MB02,CarbonBlack,OilWet,CarbonBlack_OilWet,PRIORITY_OPERATIONAL_HISTORY,EXACT_RECIPE_MIXER_ROUTE,L2_PRELIMINARY_RECIPE_WINDOW,19,5,M1-B00458B1-- 02 002;M1-B00458XM-- 04 002;M1-B00458B1-- 02 001;M1-B00458---- 12 003;M1-B00458---- 12 005,0.993,SHADOW_REVIEW_ONLY_WITH_PRELIMINARY_WINDOW,SHADOW_REVIEW_ONLY,True,True,False,True,True,,32.22,32.22,0.0,0.0,,HIGH,False,WITHIN_SAFE_BOUNDS,VALID_ROUTE_STAGES,NO_VALID_CANDIDATE
2372751,1,M1-B00458---- 12 007,MB02,CarbonBlack,OilWet,CarbonBlack_OilWet,PRIORITY_OPERATIONAL_HISTORY,EXACT_RECIPE_MIXER_ROUTE,L2_PRELIMINARY_RECIPE_WINDOW,19,5,M1-B00458---- 12 008;M1-B00458---- 12 003;M1-B00458XM-- 04 003;M1-B00458XV-- 01 002;M1-B00458B1-- 02 003,0.995,SHADOW_REVIEW_ONLY_WITH_PRELIMINARY_WINDOW,SHADOW_REVIEW_ONLY,True,True,False,True,True,,32.53,32.53,0.0,0.0,,HIGH,False,WITHIN_SAFE_BOUNDS,VALID_ROUTE_STAGES,NO_VALID_CANDIDATE
2384219,1,M1-B00458---- 12 008,MB02,CarbonBlack,OilWet,CarbonBlack_OilWet,PRIORITY_OPERATIONAL_HISTORY,EXACT_RECIPE_MIXER_ROUTE,L2_PRELIMINARY_RECIPE_WINDOW,25,5,M1-B00458XM-- 04 003;M1-B00458XV-- 01 002;M1-B00458B1-- 02 003;M1-B00458---- 12 003;M1-B00458XM-- 04 002,0.997,SHADOW_REVIEW_ONLY_WITH_PRELIMINARY_WINDOW,SHADOW_REVIEW_ONLY,True,True,False,True,True,,32.54,32.54,0.0,0.0,,HIGH,False,WITHIN_SAFE_BOUNDS,VALID_ROUTE_STAGES,NO_VALID_CANDIDATE
2384219,2,M1-B00458---- 12 008,MB02,CarbonBlack,OilWet,CarbonBlack_OilWet,PRIORITY_OPERATIONAL_HISTORY,EXACT_RECIPE_MIXER_ROUTE,L2_PRELIMINARY_RECIPE_WINDOW,25,5,M1-B00458XV-- 01 002;M1-B00458B1-- 02 003;M1-B00458XM-- 04 003;M1-B00458---- 12 003;M1-B00458XM-- 04 002,0.997,SHADOW_REVIEW_ONLY_WITH_PRELIMINARY_WINDOW,SHADOW_REVIEW_ONLY,True,True,False,True,True,,32.22,32.22,0.0,0.0,,HIGH,False,WITHIN_SAFE_BOUNDS,VALID_ROUTE_STAGES,NO_VALID_CANDIDATE
2384219,3,M1-B00458---- 12 008,MB02,CarbonBlack,OilWet,CarbonBlack_OilWet,PRIORITY_OPERATIONAL_HISTORY,EXACT_RECIPE_MIXER_ROUTE,L2_PRELIMINARY_RECIPE_WINDOW,25,5,M1-B00458XV-- 01 002;M1-B00458B1-- 02 003;M1-B00458---- 12 003;M1-B00458XM-- 04 003;M1-B00458XM-- 04 002,0.998,SHADOW_REVIEW_ONLY_WITH_PRELIMINARY_WINDOW,SHADOW_REVIEW_ONLY,True,True,False,True,True,,32.22,32.22,0.0,0.0,,HIGH,False,WITHIN_SAFE_BOUNDS,VALID_ROUTE_STAGES,NO_VALID_CANDIDATE
2384219,4,M1-B00458---- 12 008,MB02,CarbonBlack,OilWet,CarbonBlack_OilWet,PRIORITY_OPERATIONAL_HISTORY,EXACT_RECIPE_MIXER_ROUTE,L2_PRELIMINARY_RECIPE_WINDOW,25,5,M1-B00458XV-- 01 002;M1-B00458B1-- 02 003;M1-B00458XM-- 04 003;M1-B00458---- 12 003;M1-B00458XM-- 04 002,0.996,SHADOW_REVIEW_ONLY_WITH_PRELIMINARY_WINDOW,SHADOW_REVIEW_ONLY,True,True,False,True,True,,32.06,32.06,0.0,0.0,,HIGH,False,WITHIN_SAFE_BOUNDS,VALID_ROUTE_STAGES,NO_VALID_CANDIDATE
2391327,1,M1-B00458---- 12 008,MB02,CarbonBlack,OilWet,CarbonBlack_OilWet,PRIORITY_OPERATIONAL_HISTORY,EXACT_RECIPE_MIXER_ROUTE,L2_PRELIMINARY_RECIPE_WINDOW,25,5,M1-B00458B1-- 02 002;M1-B00458XM-- 04 002;M1-B00458B1-- 02 001;M1-B00458---- 12 005;M1-B00458---- 12 007,0.995,SHADOW_REVIEW_ONLY_WITH_PRELIMINARY_WINDOW,SHADOW_REVIEW_ONLY,True,True,False,True,True,,32.22,32.22,0.0,0.0,,HIGH,False,WITHIN_SAFE_BOUNDS,VALID_ROUTE_STAGES,NO_VALID_CANDIDATE
2391327,2,M1-B00458---- 12 008,MB02,CarbonBlack,OilWet,CarbonBlack_OilWet,PRIORITY_OPERATIONAL_HISTORY,EXACT_RECIPE_MIXER_ROUTE,L2_PRELIMINARY_RECIPE_WINDOW,25,5,M1-B00458---- 12 005;M1-B00458B1-- 02 001;M1-B00458B1-- 02 002;M1-B00458---- 12 004;M1-B00458---- 12 007,0.997,SHADOW_REVIEW_ONLY_WITH_PRELIMINARY_WINDOW,SHADOW_REVIEW_ONLY,True,True,False,True,True,,32.22,32.22,0.0,0.0,,HIGH,False,WITHIN_SAFE_BOUNDS,VALID_ROUTE_STAGES,NO_VALID_CANDIDATE
2391327,3,M1-B00458---- 12 008,MB02,CarbonBlack,OilWet,CarbonBlack_OilWet,PRIORITY_OPERATIONAL_HISTORY,EXACT_RECIPE_MIXER_ROUTE,L2_PRELIMINARY_RECIPE_WINDOW,25,5,M1-B00458B1-- 02 002;M1-B00458---- 12 007;M1-B00458B1-- 02 001;M1-B00458---- 12 005;M1-B00458XM-- 04 002,0.997,SHADOW_REVIEW_ONLY_WITH_PRELIMINARY_WINDOW,SHADOW_REVIEW_ONLY,True,True,False,True,True,,32.22,32.22,0.0,0.0,,HIGH,False,WITHIN_SAFE_BOUNDS,VALID_ROUTE_STAGES,NO_VALID_CANDIDATE
2391327,4,M1-B00458---- 12 008,MB02,CarbonBlack,OilWet,CarbonBlack_OilWet,PRIORITY_OPERATIONAL_HISTORY,EXACT_RECIPE_MIXER_ROUTE,L2_PRELIMINARY_RECIPE_WINDOW,25,5,M1-B00458B1-- 02 002;M1-B00458---- 12 007;M1-B00458B1-- 02 001;M1-B00458XM-- 04 002;M1-B00458---- 12 005,0.996,SHADOW_REVIEW_ONLY_WITH_PRELIMINARY_WINDOW,SHADOW_REVIEW_ONLY,True,True,False,True,True,,32.06,32.06,0.0,0.0,,HIGH,False,WITHIN_SAFE_BOUNDS,VALID_ROUTE_STAGES,NO_VALID_CANDIDATE
2391327,5,M1-B00458---- 12 008,MB02,CarbonBlack,OilWet,CarbonBlack_OilWet,PRIORITY_OPERATIONAL_HISTORY,EXACT_RECIPE_MIXER_ROUTE,L2_PRELIMINARY_RECIPE_WINDOW,25,5,M1-B00458---- 12 007;M1-B00458B1-- 02 002;M1-B00458B1-- 02 001;M1-B00458XM-- 04 002;M1-B00458---- 12 005,0.996,SHADOW_REVIEW_ONLY_WITH_PRELIMINARY_WINDOW,SHADOW_REVIEW_ONLY,True,True,False,True,True,,32.53,32.53,0.0,0.0,,HIGH,False,WITHIN_SAFE_BOUNDS,VALID_ROUTE_STAGES,NO_VALID_CANDIDATE
2391327,6,M1-B00458---- 12 008,MB02,CarbonBlack,OilWet,CarbonBlack_OilWet,PRIORITY_OPERATIONAL_HISTORY,EXACT_RECIPE_MIXER_ROUTE,L2_PRELIMINARY_RECIPE_WINDOW,25,5,M1-B00458B1-- 02 002;M1-B00458---- 12 007;M1-B00458B1-- 02 001;M1-B00458---- 12 005;M1-B00458XM-- 04 002,0.997,SHADOW_REVIEW_ONLY_WITH_PRELIMINARY_WINDOW,SHADOW_REVIEW_ONLY,True,True,False,True,True,,32.22,32.22,0.0,0.0,,HIGH,False,WITHIN_SAFE_BOUNDS,VALID_ROUTE_STAGES,NO_VALID_CANDIDATE
1786357,1,M1-A00268XM-- 02 004,MB02,CarbonBlack,OilWet,CarbonBlack_OilWet,TEST_HOLDOUT,UNAVAILABLE,L0_NEW_RECIPE_COLD_START,0,5,M1-A00268R2-- 05 006;M1-A00268R2-- 05 003;M1-A00268R2-- 05 001;M1-A44268---- 01 002;M1-A00205W3-- 03 003,0.979,INTERSECT_BRANCH_SIMILAR_RECIPE_ENGINEERING_BOUNDS,OBSERVATION_ONLY,True,True,False,True,True,,23.36,23.36,0.0,0.0,,LOW,True,UNAVAILABLE,UNAVAILABLE,REJECTED
1786357,2,M1-A00268XM-- 02 004,MB02,CarbonBlack,OilWet,CarbonBlack_OilWet,TEST_HOLDOUT,UNAVAILABLE,L0_NEW_RECIPE_COLD_START,0,5,M1-A00268R2-- 05 006;M1-A00268R2-- 05 003;M1-A00268R2-- 05 001;M1-A44268---- 01 002;M1-A00205W3-- 03 003,0.98,INTERSECT_BRANCH_SIMILAR_RECIPE_ENGINEERING_BOUNDS,OBSERVATION_ONLY,True,True,False,True,True,,23.24,23.24,0.0,0.0,,LOW,True,UNAVAILABLE,UNAVAILABLE,REJECTED
1786357,3,M1-A00268XM-- 02 004,MB02,CarbonBlack,OilWet,CarbonBlack_OilWet,TEST_HOLDOUT,UNAVAILABLE,L0_NEW_RECIPE_COLD_START,0,5,M1-A00268R2-- 05 006;M1-A00268R2-- 05 003;M1-A00268R2-- 05 001;M1-A44268---- 01 002;M1-A00205W3-- 03 003,0.98,INTERSECT_BRANCH_SIMILAR_RECIPE_ENGINEERING_BOUNDS,OBSERVATION_ONLY,True,True,False,True,True,,23.29,23.29,0.0,0.0,,LOW,True,UNAVAILABLE,UNAVAILABLE,REJECTED
1778363,20,M1-T17771---- 05 002,MB03,Silica,OilWet,Silica_OilWet,TEST_HOLDOUT,SILICA_ROUTE_GLOBAL_FALLBACK,L0_NEW_RECIPE_COLD_START,0,5,M1-T17771---- 05 001;M1-T17771B1-- 01 002;M1-T17771---- 05 003;M1-T17771X6-- 01 005;M1-T33025W3-- 07 003,0.996,INTERSECT_BRANCH_SIMILAR_RECIPE_ENGINEERING_BOUNDS,OBSERVATION_ONLY,False,True,True,True,True,,44.39,44.39,0.0,0.0,,MEDIUM,False,WITHIN_SAFE_BOUNDS,VALID_ROUTE_STAGES,NO_VALID_CANDIDATE
1778363,21,M1-T17771---- 05 002,MB03,Silica,OilWet,Silica_OilWet,TEST_HOLDOUT,SILICA_ROUTE_GLOBAL_FALLBACK,L0_NEW_RECIPE_COLD_START,0,5,M1-T17771---- 05 001;M1-T17771B1-- 01 002;M1-T17771---- 05 003;M1-T17771X6-- 01 005;M1-T33025W3-- 07 003,0.996,INTERSECT_BRANCH_SIMILAR_RECIPE_ENGINEERING_BOUNDS,OBSERVATION_ONLY,False,True,True,True,True,,44.39,44.39,0.0,0.0,,HIGH,False,WITHIN_SAFE_BOUNDS,VALID_ROUTE_STAGES,NO_VALID_CANDIDATE
1782804,2,M1-T33025W3-- 04 004,ML09,Silica,OilWet,Silica_OilWet,TEST_HOLDOUT,EXACT_RECIPE_MIXER_ROUTE,L2_PRELIMINARY_RECIPE_WINDOW,18,5,M1-T33025W3-- 04 003;M1-T33025W3-- 04 005;M1-T33025XA-- 01 002;M1-T19012---- 01 006;M1-T19012---- 01 004,0.987,SHADOW_REVIEW_ONLY_WITH_PRELIMINARY_WINDOW,SHADOW_REVIEW_ONLY,False,True,True,True,True,,46.38,46.38,0.0,0.0,,HIGH,False,OUT_OF_SAFE_BOUNDS,VALID_ROUTE_STAGES,NO_VALID_CANDIDATE
1782804,3,M1-T33025W3-- 04 004,ML09,Silica,OilWet,Silica_OilWet,TEST_HOLDOUT,EXACT_RECIPE_MIXER_ROUTE,L2_PRELIMINARY_RECIPE_WINDOW,18,5,M1-T33025W3-- 04 003;M1-T33025W3-- 04 005;M1-T33025XA-- 01 002;M1-T19012---- 01 006;M1-T19012---- 01 004,0.986,SHADOW_REVIEW_ONLY_WITH_PRELIMINARY_WINDOW,SHADOW_REVIEW_ONLY,False,True,True,True,True,,46.28,46.28,0.0,0.0,,HIGH,False,OUT_OF_SAFE_BOUNDS,VALID_ROUTE_STAGES,NO_VALID_CANDIDATE
1782804,4,M1-T33025W3-- 04 004,ML09,Silica,OilWet,Silica_OilWet,TEST_HOLDOUT,EXACT_RECIPE_MIXER_ROUTE,L2_PRELIMINARY_RECIPE_WINDOW,18,5,M1-T33025W3-- 04 003;M1-T33025W3-- 04 005;M1-T33025XA-- 01 002;M1-T19012---- 01 006;M1-T19012---- 01 004,0.987,SHADOW_REVIEW_ONLY_WITH_PRELIMINARY_WINDOW,SHADOW_REVIEW_ONLY,False,True,True,True,True,,46.08,46.08,0.0,0.0,,HIGH,False,OUT_OF_SAFE_BOUNDS,VALID_ROUTE_STAGES,NO_VALID_CANDIDATE
1792998,20,M1-T02128W5-- 04 003,ML07,Silica,OilWet,Silica_OilWet,TEST_HOLDOUT,SILICA_ROUTE_GLOBAL_FALLBACK,L0_NEW_RECIPE_COLD_START,0,5,M1-T02128W5-- 04 004;M1-T02128W5-- 04 006;M1-T02128W5-- 04 002;M1-T33025W3-- 03 004;M1-T33025W3-- 03 005,0.983,INTERSECT_BRANCH_SIMILAR_RECIPE_ENGINEERING_BOUNDS,OBSERVATION_ONLY,False,True,True,True,True,,41.06,41.06,0.0,0.0,,HIGH,False,WITHIN_SAFE_BOUNDS,VALID_ROUTE_STAGES,NO_VALID_CANDIDATE
1792998,21,M1-T02128W5-- 04 003,ML07,Silica,OilWet,Silica_OilWet,TEST_HOLDOUT,SILICA_ROUTE_GLOBAL_FALLBACK,L0_NEW_RECIPE_COLD_START,0,5,M1-T02128W5-- 04 004;M1-T02128W5-- 04 006;M1-T02128W5-- 04 002;M1-T33025W3-- 03 004;M1-T33025W3-- 03 005,0.982,INTERSECT_BRANCH_SIMILAR_RECIPE_ENGINEERING_BOUNDS,OBSERVATION_ONLY,False,True,True,True,True,,40.18,40.18,0.0,0.0,,HIGH,False,WITHIN_SAFE_BOUNDS,VALID_ROUTE_STAGES,NO_VALID_CANDIDATE
1792998,22,M1-T02128W5-- 04 003,ML07,Silica,OilWet,Silica_OilWet,TEST_HOLDOUT,SILICA_ROUTE_GLOBAL_FALLBACK,L0_NEW_RECIPE_COLD_START,0,5,M1-T02128W5-- 04 004;M1-T02128W5-- 04 006;M1-T02128W5-- 04 002;M1-T33025W3-- 03 004;M1-T33025W3-- 03 005,0.982,INTERSECT_BRANCH_SIMILAR_RECIPE_ENGINEERING_BOUNDS,OBSERVATION_ONLY,False,True,True,True,True,,40.8,40.8,0.0,0.0,,HIGH,False,WITHIN_SAFE_BOUNDS,VALID_ROUTE_STAGES,NO_VALID_CANDIDATE
1808244,3,M1-T17771---- 05 002,MB03,Silica,OilWet,Silica_OilWet,TEST_HOLDOUT,SILICA_ROUTE_GLOBAL_FALLBACK,L0_NEW_RECIPE_COLD_START,0,5,M1-T17771---- 05 001;M1-T17771B1-- 01 002;M1-T17771---- 05 003;M1-T17771X6-- 01 005;M1-T33025W3-- 07 003,0.986,INTERSECT_BRANCH_SIMILAR_RECIPE_ENGINEERING_BOUNDS,OBSERVATION_ONLY,False,True,True,True,True,,43.76,43.76,0.0,0.0,,HIGH,False,WITHIN_SAFE_BOUNDS,VALID_ROUTE_STAGES,NO_VALID_CANDIDATE
1812722,1,M1-S00211---- 10 001,ML09,Silica,OilWet,Silica_OilWet,TEST_HOLDOUT,SILICA_ROUTE_GLOBAL_FALLBACK,L0_NEW_RECIPE_COLD_START,0,5,M1-S00211B--- 05 003;M1-T15760---- 06 002;M1-T15760B--- 01 003;M1-T15760---- 06 001;M1-T15760XP-- 01 003,0.97,INTERSECT_BRANCH_SIMILAR_RECIPE_ENGINEERING_BOUNDS,OBSERVATION_ONLY,False,True,True,True,True,,33.76,33.76,0.0,0.0,,LOW,False,WITHIN_SAFE_BOUNDS,VALID_ROUTE_STAGES,NO_VALID_CANDIDATE
1818453,1,M1-T30087---- 08 001,ML09,Silica,OilWet,Silica_OilWet,TEST_HOLDOUT,SILICA_ROUTE_GLOBAL_FALLBACK,L0_NEW_RECIPE_COLD_START,0,5,M1-T17732---- 06 002;M1-T09170---- 24 001;M1-T09170WS-- 01 009;M1-T09170WS-- 01 010;M1-T09170XM-- 01 001,0.917,INTERSECT_BRANCH_SIMILAR_RECIPE_ENGINEERING_BOUNDS,OBSERVATION_ONLY,False,True,True,True,True,,43.72,43.72,0.0,0.0,,LOW,False,WITHIN_SAFE_BOUNDS,VALID_ROUTE_STAGES,NO_VALID_CANDIDATE
1818453,2,M1-T30087---- 08 001,ML09,Silica,OilWet,Silica_OilWet,TEST_HOLDOUT,SILICA_ROUTE_GLOBAL_FALLBACK,L0_NEW_RECIPE_COLD_START,0,5,M1-T17732---- 06 002;M1-T09170---- 24 001;M1-T09170WS-- 01 009;M1-T09170WS-- 01 010;M1-T09170XM-- 01 001,0.917,INTERSECT_BRANCH_SIMILAR_RECIPE_ENGINEERING_BOUNDS,OBSERVATION_ONLY,False,True,True,True,True,,44.07,44.07,0.0,0.0,,MEDIUM,False,WITHIN_SAFE_BOUNDS,VALID_ROUTE_STAGES,NO_VALID_CANDIDATE
1818453,3,M1-T30087---- 08 001,ML09,Silica,OilWet,Silica_OilWet,TEST_HOLDOUT,SILICA_ROUTE_GLOBAL_FALLBACK,L0_NEW_RECIPE_COLD_START,0,5,M1-T17732---- 06 002;M1-T09170---- 24 001;M1-T09170WS-- 01 009;M1-T09170WS-- 01 010;M1-T09170XM-- 01 001,0.917,INTERSECT_BRANCH_SIMILAR_RECIPE_ENGINEERING_BOUNDS,OBSERVATION_ONLY,False,True,True,True,True,,43.71,43.71,0.0,0.0,,MEDIUM,False,WITHIN_SAFE_BOUNDS,VALID_ROUTE_STAGES,NO_VALID_CANDIDATE
1860389,1,M1-A06441XZ-- 01 002,MB02,CarbonBlack,OilWet,CarbonBlack_OilWet,TEST_HOLDOUT,UNAVAILABLE,L0_NEW_RECIPE_COLD_START,0,5,M1-A06441R1-- 04 001;M1-A06441R2-- 01 005;M1-R00037W9-- 03 001;M1-A00268R2-- 05 001;M1-A00268R2-- 05 006,0.986,INTERSECT_BRANCH_SIMILAR_RECIPE_ENGINEERING_BOUNDS,OBSERVATION_ONLY,True,True,False,True,True,,32.13,32.13,0.0,0.0,,LOW,True,UNAVAILABLE,UNAVAILABLE,REJECTED
1860389,2,M1-A06441XZ-- 01 002,MB02,CarbonBlack,OilWet,CarbonBlack_OilWet,TEST_HOLDOUT,UNAVAILABLE,L0_NEW_RECIPE_COLD_START,0,5,M1-A06441R1-- 04 001;M1-A06441R2-- 01 005;M1-R00037W9-- 03 001;M1-A00268R2-- 05 001;M1-A00268R2-- 05 006,0.986,INTERSECT_BRANCH_SIMILAR_RECIPE_ENGINEERING_BOUNDS,OBSERVATION_ONLY,True,True,False,True,True,,32.13,32.13,0.0,0.0,,LOW,True,UNAVAILABLE,UNAVAILABLE,REJECTED
1860389,3,M1-A06441XZ-- 01 002,MB02,CarbonBlack,OilWet,CarbonBlack_OilWet,TEST_HOLDOUT,UNAVAILABLE,L0_NEW_RECIPE_COLD_START,0,5,M1-A06441R1-- 04 001;M1-A06441R2-- 01 005;M1-R00037W9-- 03 001;M1-A00268R2-- 05 001;M1-A00268R2-- 05 006,0.986,INTERSECT_BRANCH_SIMILAR_RECIPE_ENGINEERING_BOUNDS,OBSERVATION_ONLY,True,True,False,True,True,,32.13,32.13,0.0,0.0,,LOW,True,UNAVAILABLE,UNAVAILABLE,REJECTED
1879790,10,M1-T15611W6-- 01 004,ML07,Silica,OilWet,Silica_OilWet,TEST_HOLDOUT,SILICA_ROUTE_GLOBAL_FALLBACK,L0_NEW_RECIPE_COLD_START,0,5,M1-T15611W2-- 01 001;M1-T19327---- 01 005;M1-T19327---- 01 003;M1-T19327---- 01 004;M1-T18035---- 03 013,0.887,INTERSECT_BRANCH_SIMILAR_RECIPE_ENGINEERING_BOUNDS,OBSERVATION_ONLY,False,True,True,True,True,,37.42,37.42,0.0,0.0,,LOW,True,WITHIN_SAFE_BOUNDS,VALID_ROUTE_STAGES,NO_VALID_CANDIDATE
1879790,11,M1-T15611W6-- 01 004,ML07,Silica,OilWet,Silica_OilWet,TEST_HOLDOUT,SILICA_ROUTE_GLOBAL_FALLBACK,L0_NEW_RECIPE_COLD_START,0,5,M1-T15611W2-- 01 001;M1-T19327---- 01 005;M1-T19327---- 01 003;M1-T19327---- 01 004;M1-T18035---- 03 013,0.887,INTERSECT_BRANCH_SIMILAR_RECIPE_ENGINEERING_BOUNDS,OBSERVATION_ONLY,False,True,True,True,True,,37.11,37.11,0.0,0.0,,LOW,True,WITHIN_SAFE_BOUNDS,VALID_ROUTE_STAGES,NO_VALID_CANDIDATE
1879790,12,M1-T15611W6-- 01 004,ML07,Silica,OilWet,Silica_OilWet,TEST_HOLDOUT,SILICA_ROUTE_GLOBAL_FALLBACK,L0_NEW_RECIPE_COLD_START,0,5,M1-T15611W2-- 01 001;M1-T19327---- 01 005;M1-T19327---- 01 003;M1-T19327---- 01 004;M1-T18035---- 03 013,0.887,INTERSECT_BRANCH_SIMILAR_RECIPE_ENGINEERING_BOUNDS,OBSERVATION_ONLY,False,True,True,True,True,,37.42,37.42,0.0,0.0,,LOW,True,WITHIN_SAFE_BOUNDS,VALID_ROUTE_STAGES,NO_VALID_CANDIDATE
1890960,19,M1-A00205W3-- 03 003,MB02,CarbonBlack,OilWet,CarbonBlack_OilWet,TEST_HOLDOUT,EXACT_RECIPE_MIXER_ROUTE,L3_SHADOW_REVIEW_READY,86,5,M1-A00205W3-- 03 002;M1-A00205W4-- 01 001;M1-B00163RT-- 01 001;M1-B00163R4-- 01 003;M1-B00163XV-- 01 002,0.978,VALIDATED_SHADOW_REVIEW,SHADOW_REVIEW_READY,True,True,False,True,True,,28.57,28.57,0.0,0.0,,LOW,False,WITHIN_SAFE_BOUNDS,VALID_ROUTE_STAGES,NO_VALID_CANDIDATE
1893903,29,M1-A00205W3-- 03 003,MB02,CarbonBlack,OilWet,CarbonBlack_OilWet,TEST_HOLDOUT,EXACT_RECIPE_MIXER_ROUTE,L3_SHADOW_REVIEW_READY,86,5,M1-A00205W3-- 03 002;M1-A00205W4-- 01 001;M1-B00163RT-- 01 001;M1-B00163RT-- 01 002;M1-B00163R4-- 01 003,0.986,VALIDATED_SHADOW_REVIEW,SHADOW_REVIEW_READY,True,True,False,True,True,,28.2,28.2,0.0,0.0,,HIGH,False,WITHIN_SAFE_BOUNDS,VALID_ROUTE_STAGES,NO_VALID_CANDIDATE
1905483,1,M1-T09170WS-- 02 004,MB03,Silica,OilWet,Silica_OilWet,TEST_HOLDOUT,EXACT_RECIPE_MIXER_ROUTE,L3_SHADOW_REVIEW_READY,2756,5,M1-T09170WZ-- 01 001;M1-T09170XT-- 03 001;M1-T09170WS-- 02 003;M1-T09170---- 23 004;M1-T09170---- 23 003,0.974,VALIDATED_SHADOW_REVIEW,SHADOW_REVIEW_READY,False,True,True,True,True,,42.56,42.56,0.0,0.0,,MEDIUM,False,WITHIN_SAFE_BOUNDS,VALID_ROUTE_STAGES,NO_VALID_CANDIDATE
1905483,2,M1-T09170WS-- 02 004,MB03,Silica,OilWet,Silica_OilWet,TEST_HOLDOUT,EXACT_RECIPE_MIXER_ROUTE,L3_SHADOW_REVIEW_READY,2756,5,M1-T09170WZ-- 01 001;M1-T09170XT-- 03 001;M1-T09170WS-- 02 003;M1-T09170---- 23 004;M1-T09170---- 23 003,0.973,VALIDATED_SHADOW_REVIEW,SHADOW_REVIEW_READY,False,True,True,True,True,,42.56,42.56,0.0,0.0,,HIGH,False,WITHIN_SAFE_BOUNDS,VALID_ROUTE_STAGES,NO_VALID_CANDIDATE
1905483,3,M1-T09170WS-- 02 004,MB03,Silica,OilWet,Silica_OilWet,TEST_HOLDOUT,EXACT_RECIPE_MIXER_ROUTE,L3_SHADOW_REVIEW_READY,2756,5,M1-T09170WZ-- 01 001;M1-T09170XT-- 03 001;M1-T09170WS-- 02 003;M1-T09170---- 23 004;M1-T09170---- 23 003,0.974,VALIDATED_SHADOW_REVIEW,SHADOW_REVIEW_READY,False,True,True,True,True,,42.56,42.56,0.0,0.0,,MEDIUM,False,WITHIN_SAFE_BOUNDS,VALID_ROUTE_STAGES,NO_VALID_CANDIDATE
1902317,1,M1-T17771---- 04 003,ML07,Silica,OilWet,Silica_OilWet,TEST_HOLDOUT,SILICA_ROUTE_GLOBAL_FALLBACK,L0_NEW_RECIPE_COLD_START,0,5,M1-T17771---- 04 004;M1-T19327---- 01 004;M1-T05073XV-- 01 001;M1-T05073---- 06 006;M1-T05073---- 06 007,0.825,INTERSECT_BRANCH_SIMILAR_RECIPE_ENGINEERING_BOUNDS,OBSERVATION_ONLY,False,True,True,True,True,,43.06,43.06,0.0,0.0,,LOW,True,WITHIN_SAFE_BOUNDS,VALID_ROUTE_STAGES,NO_VALID_CANDIDATE
1902317,2,M1-T17771---- 04 003,ML07,Silica,OilWet,Silica_OilWet,TEST_HOLDOUT,SILICA_ROUTE_GLOBAL_FALLBACK,L0_NEW_RECIPE_COLD_START,0,5,M1-T17771---- 04 004;M1-T19327---- 01 004;M1-T05073XV-- 01 001;M1-T05073---- 06 006;M1-T05073---- 06 007,0.825,INTERSECT_BRANCH_SIMILAR_RECIPE_ENGINEERING_BOUNDS,OBSERVATION_ONLY,False,True,True,True,True,,42.54,42.54,0.0,0.0,,LOW,True,WITHIN_SAFE_BOUNDS,VALID_ROUTE_STAGES,NO_VALID_CANDIDATE
1907516,3,M1-T33025W3-- 03 005,ML07,Silica,OilWet,Silica_OilWet,TEST_HOLDOUT,EXACT_RECIPE_MIXER_ROUTE,L1_SIMILAR_RECIPE_REFERENCE,2,5,M1-T33025W3-- 03 004;M1-T16455---- 06 001;M1-T14150---- 17 004;M1-T14150---- 17 005;M1-T15760---- 08 001,0.993,INTERSECT_BRANCH_SIMILAR_RECIPE_ENGINEERING_BOUNDS,REFERENCE_ONLY,False,True,True,True,True,,46.39,46.39,0.0,0.0,,MEDIUM,False,NOT_CHECKED,ZERO_EFFECTIVE_DURATIONS,NO_VALID_CANDIDATE
1907516,4,M1-T33025W3-- 03 005,ML07,Silica,OilWet,Silica_OilWet,TEST_HOLDOUT,EXACT_RECIPE_MIXER_ROUTE,L1_SIMILAR_RECIPE_REFERENCE,2,5,M1-T33025W3-- 03 004;M1-T16455---- 06 001;M1-T14150---- 17 004;M1-T14150---- 17 005;M1-T15760---- 08 001,0.994,INTERSECT_BRANCH_SIMILAR_RECIPE_ENGINEERING_BOUNDS,REFERENCE_ONLY,False,True,True,True,True,,46.06,46.06,0.0,0.0,,MEDIUM,False,NOT_CHECKED,ZERO_EFFECTIVE_DURATIONS,NO_VALID_CANDIDATE
1913944,75,M1-B15563---- 01 005,ML09,CarbonBlack,OilWet,CarbonBlack_OilWet,TEST_HOLDOUT,UNAVAILABLE,L0_NEW_RECIPE_COLD_START,0,5,M1-B15563---- 01 003;M1-B00458---- 11 005;M1-B00458---- 11 006;M1-B00458RFD- 06 001;M1-B00458RRL- 04 002,0.994,INTERSECT_BRANCH_SIMILAR_RECIPE_ENGINEERING_BOUNDS,OBSERVATION_ONLY,True,True,False,True,True,,30.91,30.91,0.0,0.0,,LOW,True,UNAVAILABLE,UNAVAILABLE,REJECTED
1913944,76,M1-B15563---- 01 005,ML09,CarbonBlack,OilWet,CarbonBlack_OilWet,TEST_HOLDOUT,UNAVAILABLE,L0_NEW_RECIPE_COLD_START,0,5,M1-B15563---- 01 003;M1-B00458---- 11 005;M1-B00458---- 11 006;M1-B00458RFD- 06 001;M1-B00458RRL- 04 002,0.994,INTERSECT_BRANCH_SIMILAR_RECIPE_ENGINEERING_BOUNDS,OBSERVATION_ONLY,True,True,False,True,True,,31.33,31.33,0.0,0.0,,LOW,True,UNAVAILABLE,UNAVAILABLE,REJECTED
1913944,77,M1-B15563---- 01 005,ML09,CarbonBlack,OilWet,CarbonBlack_OilWet,TEST_HOLDOUT,UNAVAILABLE,L0_NEW_RECIPE_COLD_START,0,5,M1-B15563---- 01 003;M1-B00458---- 11 005;M1-B00458---- 11 006;M1-B00458RFD- 06 001;M1-B00458RRL- 04 002,0.994,INTERSECT_BRANCH_SIMILAR_RECIPE_ENGINEERING_BOUNDS,OBSERVATION_ONLY,True,True,False,True,True,,31.33,31.33,0.0,0.0,,LOW,True,UNAVAILABLE,UNAVAILABLE,REJECTED
1925692,2,M1-T33025W3-- 03 005,ML07,Silica,OilWet,Silica_OilWet,TEST_HOLDOUT,EXACT_RECIPE_MIXER_ROUTE,L1_SIMILAR_RECIPE_REFERENCE,2,5,M1-T33025W3-- 03 004;M1-T16455---- 06 001;M1-T14150---- 17 004;M1-T14150---- 17 002;M1-T14150---- 17 005,0.981,INTERSECT_BRANCH_SIMILAR_RECIPE_ENGINEERING_BOUNDS,REFERENCE_ONLY,False,True,True,True,True,,46.64,46.64,0.0,0.0,,LOW,True,NOT_CHECKED,ZERO_EFFECTIVE_DURATIONS,NO_VALID_CANDIDATE
1931896,14,M1-A00268R2-- 05 003,MB02,CarbonBlack,OilWet,CarbonBlack_OilWet,TEST_HOLDOUT,EXACT_RECIPE_MIXER_ROUTE,L1_SIMILAR_RECIPE_REFERENCE,2,5,M1-A00268R2-- 05 006;M1-A00268R2-- 05 001;M1-A44268---- 01 002;M1-A00205W3-- 03 003;M1-A00205W3-- 03 002,0.974,INTERSECT_BRANCH_SIMILAR_RECIPE_ENGINEERING_BOUNDS,REFERENCE_ONLY,True,True,False,True,True,,24.42,24.42,0.0,0.0,,HIGH,False,NOT_CHECKED,ZERO_EFFECTIVE_DURATIONS,NO_VALID_CANDIDATE
1931896,16,M1-A00268R2-- 05 003,MB02,CarbonBlack,OilWet,CarbonBlack_OilWet,TEST_HOLDOUT,EXACT_RECIPE_MIXER_ROUTE,L1_SIMILAR_RECIPE_REFERENCE,2,5,M1-A00268R2-- 05 006;M1-A00268R2-- 05 001;M1-A44268---- 01 002;M1-A00205W3-- 03 003;M1-A00205W3-- 03 002,0.974,INTERSECT_BRANCH_SIMILAR_RECIPE_ENGINEERING_BOUNDS,REFERENCE_ONLY,True,True,False,True,True,,24.54,24.54,0.0,0.0,,HIGH,False,NOT_CHECKED,ZERO_EFFECTIVE_DURATIONS,NO_VALID_CANDIDATE
1931896,17,M1-A00268R2-- 05 003,MB02,CarbonBlack,OilWet,CarbonBlack_OilWet,TEST_HOLDOUT,EXACT_RECIPE_MIXER_ROUTE,L1_SIMILAR_RECIPE_REFERENCE,2,5,M1-A00268R2-- 05 006;M1-A00268R2-- 05 001;M1-A44268---- 01 002;M1-A00205W3-- 03 003;M1-A00205W3-- 03 002,0.973,INTERSECT_BRANCH_SIMILAR_RECIPE_ENGINEERING_BOUNDS,REFERENCE_ONLY,True,True,False,True,True,,24.42,24.42,0.0,0.0,,HIGH,False,NOT_CHECKED,ZERO_EFFECTIVE_DURATIONS,NO_VALID_CANDIDATE
1967814,1,M1-T15760---- 06 001,ML09,Silica,OilWet,Silica_OilWet,TEST_HOLDOUT,EXACT_RECIPE_MIXER_ROUTE,L3_SHADOW_REVIEW_READY,51,5,M1-T15760B--- 01 003;M1-T15760---- 06 002;M1-T15760XP-- 01 003;M1-T15760W--- 03 005;M1-T15760W--- 03 004,0.996,VALIDATED_SHADOW_REVIEW,SHADOW_REVIEW_READY,False,True,True,True,True,,37.19,37.19,0.0,0.0,,LOW,True,OUT_OF_SAFE_BOUNDS,VALID_ROUTE_STAGES,NO_VALID_CANDIDATE
1967814,2,M1-T15760---- 06 001,ML09,Silica,OilWet,Silica_OilWet,TEST_HOLDOUT,EXACT_RECIPE_MIXER_ROUTE,L3_SHADOW_REVIEW_READY,51,5,M1-T15760B--- 01 003;M1-T15760---- 06 002;M1-T15760XP-- 01 003;M1-T15760W--- 03 005;M1-T15760W--- 03 004,0.997,VALIDATED_SHADOW_REVIEW,SHADOW_REVIEW_READY,False,True,True,True,True,,37.11,37.11,0.0,0.0,,LOW,True,OUT_OF_SAFE_BOUNDS,VALID_ROUTE_STAGES,NO_VALID_CANDIDATE
1969488,19,M1-T15760---- 06 001,ML09,Silica,OilWet,Silica_OilWet,TEST_HOLDOUT,EXACT_RECIPE_MIXER_ROUTE,L3_SHADOW_REVIEW_READY,51,5,M1-T15760---- 06 002;M1-T15760B--- 01 003;M1-T15760XP-- 01 003;M1-T15899---- 12 004;M1-T15760W--- 03 005,0.998,VALIDATED_SHADOW_REVIEW,SHADOW_REVIEW_READY,False,True,True,True,True,,37.2,37.2,0.0,0.0,,LOW,True,WITHIN_SAFE_BOUNDS,VALID_ROUTE_STAGES,NO_VALID_CANDIDATE
2024~1284387,2,M1-T09170XT-- 02 001,ML09,Silica,OilWet,Silica_OilWet,TEST_HOLDOUT,SILICA_ROUTE_GLOBAL_FALLBACK,L0_NEW_RECIPE_COLD_START,0,5,M1-T09170WS-- 01 009;M1-T09170WS-- 01 010;M1-T09170XM-- 01 001;M1-T09170---- 24 001;M1-T15192R--- 03 001,0.925,INTERSECT_BRANCH_SIMILAR_RECIPE_ENGINEERING_BOUNDS,OBSERVATION_ONLY,False,True,True,True,True,,42.25,42.25,0.0,0.0,,HIGH,False,WITHIN_SAFE_BOUNDS,VALID_ROUTE_STAGES,NO_VALID_CANDIDATE
2024~1284387,3,M1-T09170XT-- 02 001,ML09,Silica,OilWet,Silica_OilWet,TEST_HOLDOUT,SILICA_ROUTE_GLOBAL_FALLBACK,L0_NEW_RECIPE_COLD_START,0,5,M1-T09170WS-- 01 009;M1-T09170WS-- 01 010;M1-T09170XM-- 01 001;M1-T09170---- 24 001;M1-T15192R--- 03 001,0.925,INTERSECT_BRANCH_SIMILAR_RECIPE_ENGINEERING_BOUNDS,OBSERVATION_ONLY,False,True,True,True,True,,42.25,42.25,0.0,0.0,,MEDIUM,False,WITHIN_SAFE_BOUNDS,VALID_ROUTE_STAGES,NO_VALID_CANDIDATE
2024~1284387,4,M1-T09170XT-- 02 001,ML09,Silica,OilWet,Silica_OilWet,TEST_HOLDOUT,SILICA_ROUTE_GLOBAL_FALLBACK,L0_NEW_RECIPE_COLD_START,0,5,M1-T09170WS-- 01 009;M1-T09170WS-- 01 010;M1-T09170XM-- 01 001;M1-T09170---- 24 001;M1-T15192R--- 03 001,0.925,INTERSECT_BRANCH_SIMILAR_RECIPE_ENGINEERING_BOUNDS,OBSERVATION_ONLY,False,True,True,True,True,,43.12,43.12,0.0,0.0,,HIGH,False,WITHIN_SAFE_BOUNDS,VALID_ROUTE_STAGES,NO_VALID_CANDIDATE
2024~1301112,1,M1-A00205W3-- 03 002,MB02,CarbonBlack,OilWet,CarbonBlack_OilWet,TEST_HOLDOUT,EXACT_RECIPE_MIXER_ROUTE,L1_SIMILAR_RECIPE_REFERENCE,4,5,M1-A00205W4-- 01 001;M1-A00205W3-- 03 003;M1-B00163RT-- 01 001;M1-B00163RT-- 01 002;M1-B00163R4-- 01 003,0.996,INTERSECT_BRANCH_SIMILAR_RECIPE_ENGINEERING_BOUNDS,REFERENCE_ONLY,True,True,False,True,True,,26.28,26.28,0.0,0.0,,HIGH,False,NOT_CHECKED,ZERO_EFFECTIVE_DURATIONS,NO_VALID_CANDIDATE
2024~1301112,2,M1-A00205W3-- 03 002,MB02,CarbonBlack,OilWet,CarbonBlack_OilWet,TEST_HOLDOUT,EXACT_RECIPE_MIXER_ROUTE,L1_SIMILAR_RECIPE_REFERENCE,4,5,M1-A00205W4-- 01 001;M1-A00205W3-- 03 003;M1-B00163RT-- 01 001;M1-B00163RT-- 01 002;M1-B00163R4-- 01 003,0.997,INTERSECT_BRANCH_SIMILAR_RECIPE_ENGINEERING_BOUNDS,REFERENCE_ONLY,True,True,False,True,True,,26.26,26.26,0.0,0.0,,HIGH,False,NOT_CHECKED,ZERO_EFFECTIVE_DURATIONS,NO_VALID_CANDIDATE
2024~1301112,3,M1-A00205W3-- 03 002,MB02,CarbonBlack,OilWet,CarbonBlack_OilWet,TEST_HOLDOUT,EXACT_RECIPE_MIXER_ROUTE,L1_SIMILAR_RECIPE_REFERENCE,4,5,M1-A00205W4-- 01 001;M1-A00205W3-- 03 003;M1-B00163RT-- 01 001;M1-B00163RT-- 01 002;M1-B00163R4-- 01 003,0.996,INTERSECT_BRANCH_SIMILAR_RECIPE_ENGINEERING_BOUNDS,REFERENCE_ONLY,True,True,False,True,True,,26.38,26.38,0.0,0.0,,HIGH,False,NOT_CHECKED,ZERO_EFFECTIVE_DURATIONS,NO_VALID_CANDIDATE
2024~1330226,8,M1-A00205W4-- 01 001,MB02,CarbonBlack,OilWet,CarbonBlack_OilWet,TEST_HOLDOUT,EXACT_RECIPE_MIXER_ROUTE,L1_SIMILAR_RECIPE_REFERENCE,9,5,M1-A00205W3-- 03 002;M1-A00205W3-- 03 003;M1-B00163RT-- 01 001;M1-B00163RT-- 01 002;M1-B00163R4-- 01 003,0.991,INTERSECT_BRANCH_SIMILAR_RECIPE_ENGINEERING_BOUNDS,REFERENCE_ONLY,True,True,False,True,True,,27.83,27.83,0.0,0.0,,MEDIUM,False,WITHIN_SAFE_BOUNDS,VALID_ROUTE_STAGES,NO_VALID_CANDIDATE
2024~1323971,5,M1-A00205W4-- 01 001,MB02,CarbonBlack,OilWet,CarbonBlack_OilWet,TEST_HOLDOUT,EXACT_RECIPE_MIXER_ROUTE,L1_SIMILAR_RECIPE_REFERENCE,9,5,M1-A00205W3-- 03 002;M1-A00205W3-- 03 003;M1-B00163RT-- 01 001;M1-B00163RT-- 01 002;M1-B00163R4-- 01 003,0.975,INTERSECT_BRANCH_SIMILAR_RECIPE_ENGINEERING_BOUNDS,REFERENCE_ONLY,True,True,False,True,True,,26.46,26.46,0.0,0.0,,LOW,True,WITHIN_SAFE_BOUNDS,VALID_ROUTE_STAGES,NO_VALID_CANDIDATE
2024~1323971,8,M1-A00205W4-- 01 001,MB02,CarbonBlack,OilWet,CarbonBlack_OilWet,TEST_HOLDOUT,EXACT_RECIPE_MIXER_ROUTE,L1_SIMILAR_RECIPE_REFERENCE,9,5,M1-A00205W3-- 03 002;M1-A00205W3-- 03 003;M1-B00163RT-- 01 001;M1-B00163RT-- 01 002;M1-B00163R4-- 01 003,0.975,INTERSECT_BRANCH_SIMILAR_RECIPE_ENGINEERING_BOUNDS,REFERENCE_ONLY,True,True,False,True,True,,26.46,26.46,0.0,0.0,,LOW,True,WITHIN_SAFE_BOUNDS,VALID_ROUTE_STAGES,NO_VALID_CANDIDATE
2024~1362727,1,M1-B00458B1-- 02 002,MB02,CarbonBlack,OilWet,CarbonBlack_OilWet,TEST_HOLDOUT,EXACT_RECIPE_MIXER_ROUTE,L3_SHADOW_REVIEW_READY,79,5,M1-B00458---- 12 005;M1-B00458B1-- 02 001;M1-B00458---- 12 004;M1-B00458XM-- 04 002;M1-B00458---- 12 007,0.977,VALIDATED_SHADOW_REVIEW,SHADOW_REVIEW_READY,True,True,False,True,True,,30.93,30.93,0.0,0.0,,HIGH,False,WITHIN_SAFE_BOUNDS,VALID_ROUTE_STAGES,NO_VALID_CANDIDATE
2024~1362727,2,M1-B00458B1-- 02 002,MB02,CarbonBlack,OilWet,CarbonBlack_OilWet,TEST_HOLDOUT,EXACT_RECIPE_MIXER_ROUTE,L3_SHADOW_REVIEW_READY,79,5,M1-B00458---- 12 005;M1-B00458B1-- 02 001;M1-B00458---- 12 004;M1-B00458XM-- 04 002;M1-B00458---- 12 007,0.978,VALIDATED_SHADOW_REVIEW,SHADOW_REVIEW_READY,True,True,False,True,True,,29.96,29.96,0.0,0.0,,HIGH,False,WITHIN_SAFE_BOUNDS,VALID_ROUTE_STAGES,NO_VALID_CANDIDATE
2024~1362727,3,M1-B00458B1-- 02 002,MB02,CarbonBlack,OilWet,CarbonBlack_OilWet,TEST_HOLDOUT,EXACT_RECIPE_MIXER_ROUTE,L3_SHADOW_REVIEW_READY,79,5,M1-B00458---- 12 005;M1-B00458B1-- 02 001;M1-B00458---- 12 004;M1-B00458XM-- 04 002;M1-B00458---- 12 007,0.977,VALIDATED_SHADOW_REVIEW,SHADOW_REVIEW_READY,True,True,False,True,True,,30.93,30.93,0.0,0.0,,HIGH,False,WITHIN_SAFE_BOUNDS,VALID_ROUTE_STAGES,NO_VALID_CANDIDATE
2024~1357627,1,M1-B00460B--- 02 001,MB02,CarbonBlack,OilWet,CarbonBlack_OilWet,TEST_HOLDOUT,EXACT_RECIPE_MIXER_ROUTE,L3_SHADOW_REVIEW_READY,67,5,M1-B00460B--- 03 001;M1-B00460B--- 03 003;M1-B00460B--- 03 002;M1-A44268---- 01 002;M1-B00163---- 08 008,0.987,VALIDATED_SHADOW_REVIEW,SHADOW_REVIEW_READY,True,True,False,True,True,,28.51,28.51,0.0,0.0,,MEDIUM,False,WITHIN_SAFE_BOUNDS,VALID_ROUTE_STAGES,NO_VALID_CANDIDATE
2024~1364335,1,M1-B00163R4-- 01 003,MB02,CarbonBlack,OilWet,CarbonBlack_OilWet,TEST_HOLDOUT,EXACT_RECIPE_MIXER_ROUTE,L3_SHADOW_REVIEW_READY,47,5,M1-B00163XV-- 01 001;M1-B00163R4-- 01 004;M1-B00163XV-- 01 002;M1-B00163XM-- 02 003;M1-B00163XV-- 01 003,0.963,VALIDATED_SHADOW_REVIEW,SHADOW_REVIEW_READY,True,True,False,True,True,,33.26,33.26,0.0,0.0,,HIGH,False,WITHIN_SAFE_BOUNDS,VALID_ROUTE_STAGES,NO_VALID_CANDIDATE
2024~1364335,2,M1-B00163R4-- 01 003,MB02,CarbonBlack,OilWet,CarbonBlack_OilWet,TEST_HOLDOUT,EXACT_RECIPE_MIXER_ROUTE,L3_SHADOW_REVIEW_READY,47,5,M1-B00163XV-- 01 001;M1-B00163R4-- 01 004;M1-B00163XV-- 01 002;M1-B00163XM-- 02 003;M1-B00163XV-- 01 003,0.963,VALIDATED_SHADOW_REVIEW,SHADOW_REVIEW_READY,True,True,False,True,True,,34.48,34.48,0.0,0.0,,HIGH,False,WITHIN_SAFE_BOUNDS,VALID_ROUTE_STAGES,NO_VALID_CANDIDATE
2024~1364335,3,M1-B00163R4-- 01 003,MB02,CarbonBlack,OilWet,CarbonBlack_OilWet,TEST_HOLDOUT,EXACT_RECIPE_MIXER_ROUTE,L3_SHADOW_REVIEW_READY,47,5,M1-B00163XV-- 01 001;M1-B00163R4-- 01 004;M1-B00163XV-- 01 002;M1-B00163XM-- 02 003;M1-B00163XV-- 01 003,0.962,VALIDATED_SHADOW_REVIEW,SHADOW_REVIEW_READY,True,True,False,True,True,,32.86,32.86,0.0,0.0,,MEDIUM,False,WITHIN_SAFE_BOUNDS,VALID_ROUTE_STAGES,NO_VALID_CANDIDATE
2024~1384350,3,M1-B00458---- 12 003,MB02,CarbonBlack,OilWet,CarbonBlack_OilWet,TEST_HOLDOUT,EXACT_RECIPE_MIXER_ROUTE,L4_PILOT_READY,1121,5,M1-B00458B1-- 02 001;M1-B00458B1-- 02 002;M1-B00458---- 12 005;M1-B00458XM-- 04 002;M1-B00458---- 12 007,0.988,EXACT_RECIPE_MIXER_PILOT_GATE,PILOT_REVIEW_READY,True,True,False,True,True,2024~1408814,31.57,26.39,5.18,16.41,28.26,HIGH,False,WITHIN_SAFE_BOUNDS,VALID_ROUTE_STAGES,RECOMMENDED
2024~1393736,1,M1-A03391---- 09 001,MB03,CarbonBlack,OilWet,CarbonBlack_OilWet,TEST_HOLDOUT,UNAVAILABLE,L0_NEW_RECIPE_COLD_START,0,5,M1-A03391---- 09 005;M1-A03391---- 09 006;M1-A03391---- 09 003;M1-A16404B--- 01 002;M1-A16404---- 01 005,0.994,INTERSECT_BRANCH_SIMILAR_RECIPE_ENGINEERING_BOUNDS,OBSERVATION_ONLY,True,True,False,True,True,,31.77,31.77,0.0,0.0,,LOW,True,UNAVAILABLE,UNAVAILABLE,REJECTED
2024~1393736,2,M1-A03391---- 09 001,MB03,CarbonBlack,OilWet,CarbonBlack_OilWet,TEST_HOLDOUT,UNAVAILABLE,L0_NEW_RECIPE_COLD_START,0,5,M1-A03391---- 09 005;M1-A03391---- 09 006;M1-A03391---- 09 003;M1-A16404B--- 01 002;M1-A16404---- 01 005,0.994,INTERSECT_BRANCH_SIMILAR_RECIPE_ENGINEERING_BOUNDS,OBSERVATION_ONLY,True,True,False,True,True,,31.67,31.67,0.0,0.0,,LOW,True,UNAVAILABLE,UNAVAILABLE,REJECTED
2024~1393736,3,M1-A03391---- 09 001,MB03,CarbonBlack,OilWet,CarbonBlack_OilWet,TEST_HOLDOUT,UNAVAILABLE,L0_NEW_RECIPE_COLD_START,0,5,M1-A03391---- 09 005;M1-A03391---- 09 006;M1-A03391---- 09 003;M1-A16404B--- 01 002;M1-A16404---- 01 005,0.993,INTERSECT_BRANCH_SIMILAR_RECIPE_ENGINEERING_BOUNDS,OBSERVATION_ONLY,True,True,False,True,True,,31.67,31.67,0.0,0.0,,LOW,True,UNAVAILABLE,UNAVAILABLE,REJECTED
2024~1401516,1,M1-T02128W5-- 04 002,ML07,Silica,OilWet,Silica_OilWet,TEST_HOLDOUT,EXACT_RECIPE_MIXER_ROUTE,L2_PRELIMINARY_RECIPE_WINDOW,10,5,M1-T02128W5-- 04 004;M1-T02128W5-- 04 006;M1-T33025W3-- 03 004;M1-T33025W3-- 03 005;M1-T14150---- 17 002,0.986,SHADOW_REVIEW_ONLY_WITH_PRELIMINARY_WINDOW,SHADOW_REVIEW_ONLY,False,True,True,True,True,,41.41,41.41,0.0,0.0,,HIGH,False,WITHIN_SAFE_BOUNDS,VALID_ROUTE_STAGES,NO_VALID_CANDIDATE
2024~1401516,2,M1-T02128W5-- 04 002,ML07,Silica,OilWet,Silica_OilWet,TEST_HOLDOUT,EXACT_RECIPE_MIXER_ROUTE,L2_PRELIMINARY_RECIPE_WINDOW,10,5,M1-T02128W5-- 04 004;M1-T02128W5-- 04 006;M1-T33025W3-- 03 004;M1-T33025W3-- 03 005;M1-T14150---- 17 002,0.986,SHADOW_REVIEW_ONLY_WITH_PRELIMINARY_WINDOW,SHADOW_REVIEW_ONLY,False,True,True,True,True,,41.07,41.07,0.0,0.0,,HIGH,False,WITHIN_SAFE_BOUNDS,VALID_ROUTE_STAGES,NO_VALID_CANDIDATE
2024~1401516,3,M1-T02128W5-- 04 002,ML07,Silica,OilWet,Silica_OilWet,TEST_HOLDOUT,EXACT_RECIPE_MIXER_ROUTE,L2_PRELIMINARY_RECIPE_WINDOW,10,5,M1-T02128W5-- 04 004;M1-T02128W5-- 04 006;M1-T33025W3-- 03 004;M1-T33025W3-- 03 005;M1-T14150---- 17 002,0.984,SHADOW_REVIEW_ONLY_WITH_PRELIMINARY_WINDOW,SHADOW_REVIEW_ONLY,False,True,True,True,True,,40.96,40.96,0.0,0.0,,HIGH,False,WITHIN_SAFE_BOUNDS,VALID_ROUTE_STAGES,NO_VALID_CANDIDATE
2024~1418382,1,M1-T09170WS-- 01 009,ML09,Silica,OilWet,Silica_OilWet,TEST_HOLDOUT,EXACT_RECIPE_MIXER_ROUTE,L3_SHADOW_REVIEW_READY,378,5,M1-T09170---- 24 001;M1-T09170XM-- 01 001;M1-T09170WS-- 01 010;M1-T15760XC-- 01 001;M1-T15760W--- 03 005,0.992,VALIDATED_SHADOW_REVIEW,SHADOW_REVIEW_READY,False,True,True,True,True,,43.99,43.99,0.0,0.0,,HIGH,False,OUT_OF_SAFE_BOUNDS,VALID_ROUTE_STAGES,NO_VALID_CANDIDATE
2024~1418382,2,M1-T09170WS-- 01 009,ML09,Silica,OilWet,Silica_OilWet,TEST_HOLDOUT,EXACT_RECIPE_MIXER_ROUTE,L3_SHADOW_REVIEW_READY,378,5,M1-T09170---- 24 001;M1-T09170XM-- 01 001;M1-T09170WS-- 01 010;M1-T15760XC-- 01 001;M1-T15760W--- 03 005,0.993,VALIDATED_SHADOW_REVIEW,SHADOW_REVIEW_READY,False,True,True,True,True,,43.99,43.99,0.0,0.0,,HIGH,False,OUT_OF_SAFE_BOUNDS,VALID_ROUTE_STAGES,NO_VALID_CANDIDATE
2024~1418382,3,M1-T09170WS-- 01 009,ML09,Silica,OilWet,Silica_OilWet,TEST_HOLDOUT,EXACT_RECIPE_MIXER_ROUTE,L3_SHADOW_REVIEW_READY,378,5,M1-T09170---- 24 001;M1-T09170XM-- 01 001;M1-T09170WS-- 01 010;M1-T15760XC-- 01 001;M1-T15760W--- 03 005,0.992,VALIDATED_SHADOW_REVIEW,SHADOW_REVIEW_READY,False,True,True,True,True,,43.99,43.99,0.0,0.0,,HIGH,False,OUT_OF_SAFE_BOUNDS,VALID_ROUTE_STAGES,NO_VALID_CANDIDATE
2024~1425828,1,M1-T19012---- 01 005,ML09,Silica,OilWet,Silica_OilWet,TEST_HOLDOUT,SILICA_ROUTE_GLOBAL_FALLBACK,L0_NEW_RECIPE_COLD_START,0,5,M1-T19012---- 01 006;M1-T19012---- 01 004;M1-T19012X1-- 01 004;M1-T19012X1-- 01 007;M1-T33025W3-- 04 005,0.995,INTERSECT_BRANCH_SIMILAR_RECIPE_ENGINEERING_BOUNDS,OBSERVATION_ONLY,False,True,True,True,True,,45.75,34.75,11.0,24.05,,HIGH,False,WITHIN_SAFE_BOUNDS,VALID_ROUTE_STAGES,RECOMMENDED
2024~1425828,3,M1-T19012---- 01 005,ML09,Silica,OilWet,Silica_OilWet,TEST_HOLDOUT,SILICA_ROUTE_GLOBAL_FALLBACK,L0_NEW_RECIPE_COLD_START,0,5,M1-T19012---- 01 006;M1-T19012---- 01 004;M1-T19012X1-- 01 004;M1-T19012X1-- 01 007;M1-T33025W3-- 04 005,0.996,INTERSECT_BRANCH_SIMILAR_RECIPE_ENGINEERING_BOUNDS,OBSERVATION_ONLY,False,True,True,True,True,,41.5,41.5,0.0,0.0,,HIGH,False,WITHIN_SAFE_BOUNDS,VALID_ROUTE_STAGES,NO_VALID_CANDIDATE
2024~1425828,4,M1-T19012---- 01 005,ML09,Silica,OilWet,Silica_OilWet,TEST_HOLDOUT,SILICA_ROUTE_GLOBAL_FALLBACK,L0_NEW_RECIPE_COLD_START,0,5,M1-T19012---- 01 006;M1-T19012---- 01 004;M1-T19012X1-- 01 004;M1-T19012X1-- 01 007;M1-T33025W3-- 04 005,0.996,INTERSECT_BRANCH_SIMILAR_RECIPE_ENGINEERING_BOUNDS,OBSERVATION_ONLY,False,True,True,True,True,,42.87,42.87,0.0,0.0,,HIGH,False,WITHIN_SAFE_BOUNDS,VALID_ROUTE_STAGES,NO_VALID_CANDIDATE
2024~1451752,1,M1-T09170---- 24 001,ML09,Silica,OilWet,Silica_OilWet,TEST_HOLDOUT,EXACT_RECIPE_MIXER_ROUTE,L2_PRELIMINARY_RECIPE_WINDOW,10,5,M1-T09170WS-- 01 010;M1-T09170WS-- 01 009;M1-T09170XM-- 01 001;M1-T15760W--- 03 005;M1-T15760XC-- 01 001,0.996,SHADOW_REVIEW_ONLY_WITH_PRELIMINARY_WINDOW,SHADOW_REVIEW_ONLY,False,True,True,True,True,,44.6,44.6,0.0,0.0,,HIGH,False,OUT_OF_SAFE_BOUNDS,VALID_ROUTE_STAGES,NO_VALID_CANDIDATE
2024~1451752,2,M1-T09170---- 24 001,ML09,Silica,OilWet,Silica_OilWet,TEST_HOLDOUT,EXACT_RECIPE_MIXER_ROUTE,L2_PRELIMINARY_RECIPE_WINDOW,10,5,M1-T09170WS-- 01 010;M1-T09170WS-- 01 009;M1-T09170XM-- 01 001;M1-T15760W--- 03 005;M1-T15760XC-- 01 001,0.996,SHADOW_REVIEW_ONLY_WITH_PRELIMINARY_WINDOW,SHADOW_REVIEW_ONLY,False,True,True,True,True,,44.54,44.54,0.0,0.0,,HIGH,False,OUT_OF_SAFE_BOUNDS,VALID_ROUTE_STAGES,NO_VALID_CANDIDATE
2024~1451752,3,M1-T09170---- 24 001,ML09,Silica,OilWet,Silica_OilWet,TEST_HOLDOUT,EXACT_RECIPE_MIXER_ROUTE,L2_PRELIMINARY_RECIPE_WINDOW,10,5,M1-T09170WS-- 01 010;M1-T09170WS-- 01 009;M1-T09170XM-- 01 001;M1-T15760W--- 03 005;M1-T15760XC-- 01 001,0.996,SHADOW_REVIEW_ONLY_WITH_PRELIMINARY_WINDOW,SHADOW_REVIEW_ONLY,False,True,True,True,True,,44.6,44.6,0.0,0.0,,HIGH,False,OUT_OF_SAFE_BOUNDS,VALID_ROUTE_STAGES,NO_VALID_CANDIDATE
2024~1503273,1,M1-T00011B8-- 02 001,MB02,Silica,OilWet,Silica_OilWet,TEST_HOLDOUT,SILICA_ROUTE_GLOBAL_FALLBACK,L0_NEW_RECIPE_COLD_START,0,5,M1-T00011B2-- 14 004;M1-T00011B2-- 14 001;M1-T00011B2-- 21 001;M1-T00011B2-- 21 002;M1-T00011B2-- 21 004,0.998,INTERSECT_BRANCH_SIMILAR_RECIPE_ENGINEERING_BOUNDS,OBSERVATION_ONLY,False,True,True,True,True,,27.31,27.31,0.0,0.0,,MEDIUM,False,WITHIN_SAFE_BOUNDS,VALID_ROUTE_STAGES,NO_VALID_CANDIDATE
2024~1503273,2,M1-T00011B8-- 02 001,MB02,Silica,OilWet,Silica_OilWet,TEST_HOLDOUT,SILICA_ROUTE_GLOBAL_FALLBACK,L0_NEW_RECIPE_COLD_START,0,5,M1-T00011B2-- 14 004;M1-T00011B2-- 14 001;M1-T00011B2-- 21 001;M1-T00011B2-- 21 002;M1-T00011B2-- 21 004,0.998,INTERSECT_BRANCH_SIMILAR_RECIPE_ENGINEERING_BOUNDS,OBSERVATION_ONLY,False,True,True,True,True,,27.31,27.31,0.0,0.0,,MEDIUM,False,WITHIN_SAFE_BOUNDS,VALID_ROUTE_STAGES,NO_VALID_CANDIDATE
2024~1503273,3,M1-T00011B8-- 02 001,MB02,Silica,OilWet,Silica_OilWet,TEST_HOLDOUT,SILICA_ROUTE_GLOBAL_FALLBACK,L0_NEW_RECIPE_COLD_START,0,5,M1-T00011B2-- 14 004;M1-T00011B2-- 14 001;M1-T00011B2-- 21 001;M1-T00011B2-- 21 002;M1-T00011B2-- 21 004,0.998,INTERSECT_BRANCH_SIMILAR_RECIPE_ENGINEERING_BOUNDS,OBSERVATION_ONLY,False,True,True,True,True,,27.31,27.31,0.0,0.0,,MEDIUM,False,WITHIN_SAFE_BOUNDS,VALID_ROUTE_STAGES,NO_VALID_CANDIDATE
2024~1528000,1,M1-T33025XA-- 01 001,ML09,Silica,OilWet,Silica_OilWet,TEST_HOLDOUT,SILICA_ROUTE_GLOBAL_FALLBACK,L0_NEW_RECIPE_COLD_START,0,5,M1-T33025XA-- 01 002;M1-T33025W3-- 04 003;M1-T15760---- 06 002;M1-T15760B--- 01 003;M1-T15760---- 06 001,0.991,INTERSECT_BRANCH_SIMILAR_RECIPE_ENGINEERING_BOUNDS,OBSERVATION_ONLY,False,True,True,True,True,,47.61,36.52,11.09,23.3,,HIGH,False,WITHIN_SAFE_BOUNDS,VALID_ROUTE_STAGES,RECOMMENDED
2024~1528000,2,M1-T33025XA-- 01 001,ML09,Silica,OilWet,Silica_OilWet,TEST_HOLDOUT,SILICA_ROUTE_GLOBAL_FALLBACK,L0_NEW_RECIPE_COLD_START,0,5,M1-T33025XA-- 01 002;M1-T15760---- 06 002;M1-T33025W3-- 04 003;M1-T15760B--- 01 003;M1-T15760---- 06 001,0.99,INTERSECT_BRANCH_SIMILAR_RECIPE_ENGINEERING_BOUNDS,OBSERVATION_ONLY,False,True,True,True,True,,46.74,34.29,12.45,26.63,,HIGH,False,WITHIN_SAFE_BOUNDS,VALID_ROUTE_STAGES,RECOMMENDED
2024~1546888,1,M1-T33025XA-- 01 001,ML09,Silica,OilWet,Silica_OilWet,TEST_HOLDOUT,SILICA_ROUTE_GLOBAL_FALLBACK,L0_NEW_RECIPE_COLD_START,0,5,M1-T33025XA-- 01 002;M1-T15760---- 06 002;M1-T33025W3-- 04 003;M1-T15760B--- 01 003;M1-T33025W3-- 04 005,0.995,INTERSECT_BRANCH_SIMILAR_RECIPE_ENGINEERING_BOUNDS,OBSERVATION_ONLY,False,True,True,True,True,,46.03,35.36,10.67,23.18,,HIGH,False,WITHIN_SAFE_BOUNDS,VALID_ROUTE_STAGES,RECOMMENDED
2024~1605749,1,M1-T01139B--- 14 003,MB03,Silica,OilWet,Silica_OilWet,TEST_HOLDOUT,SILICA_ROUTE_GLOBAL_FALLBACK,L0_NEW_RECIPE_COLD_START,0,5,M1-T17224---- 07 001;M1-T00011B2-- 16 001;M1-T00011B2-- 16 004;M1-T00011B8-- 01 004;M1-T00011B8-- 01 001,0.774,INTERSECT_BRANCH_SIMILAR_RECIPE_ENGINEERING_BOUNDS,OBSERVATION_ONLY,False,True,True,True,True,,31.29,31.29,0.0,0.0,,MEDIUM,False,WITHIN_SAFE_BOUNDS,VALID_ROUTE_STAGES,NO_VALID_CANDIDATE
2024~1605749,2,M1-T01139B--- 14 003,MB03,Silica,OilWet,Silica_OilWet,TEST_HOLDOUT,SILICA_ROUTE_GLOBAL_FALLBACK,L0_NEW_RECIPE_COLD_START,0,5,M1-T17224---- 07 001;M1-T00011B2-- 16 001;M1-T00011B2-- 16 004;M1-T00011B8-- 01 004;M1-T00011B8-- 01 001,0.775,INTERSECT_BRANCH_SIMILAR_RECIPE_ENGINEERING_BOUNDS,OBSERVATION_ONLY,False,True,True,True,True,,31.29,31.29,0.0,0.0,,MEDIUM,False,WITHIN_SAFE_BOUNDS,VALID_ROUTE_STAGES,NO_VALID_CANDIDATE
2024~1605749,3,M1-T01139B--- 14 003,MB03,Silica,OilWet,Silica_OilWet,TEST_HOLDOUT,SILICA_ROUTE_GLOBAL_FALLBACK,L0_NEW_RECIPE_COLD_START,0,5,M1-T17224---- 07 001;M1-T00011B2-- 16 001;M1-T00011B2-- 16 004;M1-T00011B8-- 01 004;M1-T00011B8-- 01 001,0.774,INTERSECT_BRANCH_SIMILAR_RECIPE_ENGINEERING_BOUNDS,OBSERVATION_ONLY,False,True,True,True,True,,31.29,31.29,0.0,0.0,,MEDIUM,False,WITHIN_SAFE_BOUNDS,VALID_ROUTE_STAGES,NO_VALID_CANDIDATE
2024~1627908,8,M1-B00163RT-- 01 002,MB02,CarbonBlack,OilWet,CarbonBlack_OilWet,TEST_HOLDOUT,EXACT_RECIPE_MIXER_ROUTE,L3_SHADOW_REVIEW_READY,58,5,M1-B00163RT-- 01 001;M1-A00205W3-- 03 003;M1-A00205W4-- 01 001;M1-A00205W3-- 03 002;M1-B00163R4-- 01 003,0.993,VALIDATED_SHADOW_REVIEW,SHADOW_REVIEW_READY,True,True,False,True,True,,27.87,27.87,0.0,0.0,,HIGH,False,OUT_OF_SAFE_BOUNDS,VALID_ROUTE_STAGES,NO_VALID_CANDIDATE
2025~1667184,3,M1-T00011-M-- 01 003,ML10,Silica,OilWet,Silica_OilWet,TEST_HOLDOUT,EXACT_RECIPE_MIXER_ROUTE,L2_PRELIMINARY_RECIPE_WINDOW,20,5,M1-T00011-M-- 01 004;M1-T00011B2-- 23 003;M1-T00011B2-- 23 005;M1-T00011B2-- 23 006;M1-T01139-M-- 01 003,0.995,SHADOW_REVIEW_ONLY_WITH_PRELIMINARY_WINDOW,SHADOW_REVIEW_ONLY,False,True,True,True,True,,43.01,43.01,0.0,0.0,,HIGH,False,WITHIN_SAFE_BOUNDS,VALID_ROUTE_STAGES,NO_VALID_CANDIDATE
2025~1667184,4,M1-T00011-M-- 01 003,ML10,Silica,OilWet,Silica_OilWet,TEST_HOLDOUT,EXACT_RECIPE_MIXER_ROUTE,L2_PRELIMINARY_RECIPE_WINDOW,20,5,M1-T00011-M-- 01 004;M1-T00011B2-- 23 003;M1-T00011B2-- 23 005;M1-T00011B2-- 23 006;M1-T01139-M-- 01 003,0.994,SHADOW_REVIEW_ONLY_WITH_PRELIMINARY_WINDOW,SHADOW_REVIEW_ONLY,False,True,True,True,True,,45.63,45.63,0.0,0.0,,HIGH,False,WITHIN_SAFE_BOUNDS,VALID_ROUTE_STAGES,NO_VALID_CANDIDATE
2025~1686795,2,M1-T00011-M-- 01 003,ML10,Silica,OilWet,Silica_OilWet,TEST_HOLDOUT,EXACT_RECIPE_MIXER_ROUTE,L2_PRELIMINARY_RECIPE_WINDOW,20,5,M1-T00011-M-- 01 004;M1-T00011B2-- 23 003;M1-T00011B2-- 23 005;M1-T00011B2-- 23 006;M1-T01139-M-- 01 003,0.991,SHADOW_REVIEW_ONLY_WITH_PRELIMINARY_WINDOW,SHADOW_REVIEW_ONLY,False,True,True,True,True,,46.23,46.23,0.0,0.0,,LOW,False,WITHIN_SAFE_BOUNDS,VALID_ROUTE_STAGES,NO_VALID_CANDIDATE
2025~1735670,45,M1-T00011B2-- 16 002,MB03,Silica,OilWet,Silica_OilWet,TEST_HOLDOUT,SILICA_ROUTE_GLOBAL_FALLBACK,L0_NEW_RECIPE_COLD_START,0,5,M1-T00011B8-- 01 004;M1-T00011B8-- 01 001;M1-T00011B2-- 16 004;M1-T00011B2-- 16 001;M1-T00011B2-- 22 001,0.996,INTERSECT_BRANCH_SIMILAR_RECIPE_ENGINEERING_BOUNDS,OBSERVATION_ONLY,False,True,True,True,True,,24.67,24.67,0.0,0.0,,HIGH,False,WITHIN_SAFE_BOUNDS,VALID_ROUTE_STAGES,REJECTED_NEGATIVE_OR_ZERO_SAVING
2025~1735670,46,M1-T00011B2-- 16 002,MB03,Silica,OilWet,Silica_OilWet,TEST_HOLDOUT,SILICA_ROUTE_GLOBAL_FALLBACK,L0_NEW_RECIPE_COLD_START,0,5,M1-T00011B8-- 01 004;M1-T00011B2-- 16 004;M1-T00011B8-- 01 001;M1-T00011B2-- 16 001;M1-T00011B2-- 22 001,0.997,INTERSECT_BRANCH_SIMILAR_RECIPE_ENGINEERING_BOUNDS,OBSERVATION_ONLY,False,True,True,True,True,,26.61,26.61,0.0,0.0,,HIGH,False,WITHIN_SAFE_BOUNDS,VALID_ROUTE_STAGES,REJECTED_NEGATIVE_OR_ZERO_SAVING
2025~1735670,47,M1-T00011B2-- 16 002,MB03,Silica,OilWet,Silica_OilWet,TEST_HOLDOUT,SILICA_ROUTE_GLOBAL_FALLBACK,L0_NEW_RECIPE_COLD_START,0,5,M1-T00011B8-- 01 004;M1-T00011B2-- 16 004;M1-T00011B8-- 01 001;M1-T00011B2-- 16 001;M1-T00011B2-- 22 001,0.997,INTERSECT_BRANCH_SIMILAR_RECIPE_ENGINEERING_BOUNDS,OBSERVATION_ONLY,False,True,True,True,True,,28.61,28.61,0.0,0.0,,HIGH,False,WITHIN_SAFE_BOUNDS,VALID_ROUTE_STAGES,REJECTED_NEGATIVE_OR_ZERO_SAVING
2025~1753546,16,M1-T00011-M-- 01 004,ML10,Silica,OilWet,Silica_OilWet,TEST_HOLDOUT,EXACT_RECIPE_MIXER_ROUTE,L2_PRELIMINARY_RECIPE_WINDOW,10,5,M1-T00011B2-- 23 003;M1-T00011B2-- 23 005;M1-T00011-M-- 01 003;M1-T00011B2-- 23 006;M1-T01139-M-- 01 003,0.968,SHADOW_REVIEW_ONLY_WITH_PRELIMINARY_WINDOW,SHADOW_REVIEW_ONLY,False,True,True,True,True,,41.4,41.4,0.0,0.0,,LOW,True,WITHIN_SAFE_BOUNDS,VALID_ROUTE_STAGES,NO_VALID_CANDIDATE
2025~1760767,9,M1-T00011-M-- 01 004,ML10,Silica,OilWet,Silica_OilWet,TEST_HOLDOUT,EXACT_RECIPE_MIXER_ROUTE,L2_PRELIMINARY_RECIPE_WINDOW,10,5,M1-T00011B2-- 23 003;M1-T00011-M-- 01 003;M1-T00011B2-- 23 005;M1-T00011B2-- 23 006;M1-T01139-M-- 01 003,0.972,SHADOW_REVIEW_ONLY_WITH_PRELIMINARY_WINDOW,SHADOW_REVIEW_ONLY,False,True,True,True,True,,44.48,44.48,0.0,0.0,,HIGH,False,OUT_OF_SAFE_BOUNDS,VALID_ROUTE_STAGES,NO_VALID_CANDIDATE
2025~1771771,25,M1-A00205W3-- 03 003,MB02,CarbonBlack,OilWet,CarbonBlack_OilWet,TEST_HOLDOUT,EXACT_RECIPE_MIXER_ROUTE,L3_SHADOW_REVIEW_READY,86,5,M1-A00205W3-- 03 002;M1-A00205W4-- 01 001;M1-B00163RT-- 01 001;M1-B00163RT-- 01 002;M1-B00163R4-- 01 003,0.977,VALIDATED_SHADOW_REVIEW,SHADOW_REVIEW_READY,True,True,False,True,True,,27.32,27.32,0.0,0.0,,HIGH,False,WITHIN_SAFE_BOUNDS,VALID_ROUTE_STAGES,NO_VALID_CANDIDATE
2064013,1,M1-B00163XM-- 02 003,MB02,CarbonBlack,OilWet,CarbonBlack_OilWet,TEST_HOLDOUT,EXACT_RECIPE_MIXER_ROUTE,L1_SIMILAR_RECIPE_REFERENCE,4,5,M1-B00163R4-- 01 004;M1-B00163XV-- 01 001;M1-B00163R4-- 01 003;M1-B00163XV-- 01 002;M1-B00163XV-- 01 003,0.93,INTERSECT_BRANCH_SIMILAR_RECIPE_ENGINEERING_BOUNDS,REFERENCE_ONLY,True,True,False,True,True,,26.12,26.12,0.0,0.0,,MEDIUM,False,NOT_CHECKED,ZERO_EFFECTIVE_DURATIONS,NO_VALID_CANDIDATE
2064013,2,M1-B00163XM-- 02 003,MB02,CarbonBlack,OilWet,CarbonBlack_OilWet,TEST_HOLDOUT,EXACT_RECIPE_MIXER_ROUTE,L1_SIMILAR_RECIPE_REFERENCE,4,5,M1-B00163R4-- 01 004;M1-B00163XV-- 01 001;M1-B00163R4-- 01 003;M1-B00163XV-- 01 002;M1-B00163XV-- 01 003,0.93,INTERSECT_BRANCH_SIMILAR_RECIPE_ENGINEERING_BOUNDS,REFERENCE_ONLY,True,True,False,True,True,,26.79,26.79,0.0,0.0,,HIGH,False,NOT_CHECKED,ZERO_EFFECTIVE_DURATIONS,NO_VALID_CANDIDATE
2094369,7,M1-T10035B6-- 03 001,MB02,Silica,OilWet,Silica_OilWet,TEST_HOLDOUT,SILICA_ROUTE_GLOBAL_FALLBACK,L0_NEW_RECIPE_COLD_START,0,5,M1-T10035B7-- 02 001;M1-T17054B--- 01 001;M1-S08156---- 18 001;M1-S08156B1-- 03 002;M1-T17054---- 02 006,0.914,INTERSECT_BRANCH_SIMILAR_RECIPE_ENGINEERING_BOUNDS,OBSERVATION_ONLY,False,True,True,True,True,,39.56,39.56,0.0,0.0,,LOW,True,WITHIN_SAFE_BOUNDS,VALID_ROUTE_STAGES,NO_VALID_CANDIDATE
2204930,3,M1-S00211---- 10 001,ML09,Silica,OilWet,Silica_OilWet,TEST_HOLDOUT,SILICA_ROUTE_GLOBAL_FALLBACK,L0_NEW_RECIPE_COLD_START,0,5,M1-S00211B--- 05 003;M1-T15760---- 06 002;M1-T15760B--- 01 003;M1-T15760---- 06 001;M1-T15760XP-- 01 003,0.974,INTERSECT_BRANCH_SIMILAR_RECIPE_ENGINEERING_BOUNDS,OBSERVATION_ONLY,False,True,True,True,True,,30.52,30.52,0.0,0.0,,HIGH,False,WITHIN_SAFE_BOUNDS,VALID_ROUTE_STAGES,NO_VALID_CANDIDATE
2204930,4,M1-S00211---- 10 001,ML09,Silica,OilWet,Silica_OilWet,TEST_HOLDOUT,SILICA_ROUTE_GLOBAL_FALLBACK,L0_NEW_RECIPE_COLD_START,0,5,M1-S00211B--- 05 003;M1-T15760---- 06 002;M1-T15760B--- 01 003;M1-T15760---- 06 001;M1-T15760XP-- 01 003,0.975,INTERSECT_BRANCH_SIMILAR_RECIPE_ENGINEERING_BOUNDS,OBSERVATION_ONLY,False,True,True,True,True,,31.58,31.58,0.0,0.0,,HIGH,False,WITHIN_SAFE_BOUNDS,VALID_ROUTE_STAGES,NO_VALID_CANDIDATE
2244676,4,M1-B00163R4-- 01 004,MB02,CarbonBlack,OilWet,CarbonBlack_OilWet,TEST_HOLDOUT,EXACT_RECIPE_MIXER_ROUTE,L2_PRELIMINARY_RECIPE_WINDOW,22,5,M1-B00163XV-- 01 001;M1-B00163R4-- 01 003;M1-B00163XV-- 01 002;M1-B00163---- 08 005;M1-B00163XM-- 02 003,0.976,SHADOW_REVIEW_ONLY_WITH_PRELIMINARY_WINDOW,SHADOW_REVIEW_ONLY,True,True,False,True,True,,31.02,31.02,0.0,0.0,,LOW,False,WITHIN_SAFE_BOUNDS,VALID_ROUTE_STAGES,NO_VALID_CANDIDATE
2244676,5,M1-B00163R4-- 01 004,MB02,CarbonBlack,OilWet,CarbonBlack_OilWet,TEST_HOLDOUT,EXACT_RECIPE_MIXER_ROUTE,L2_PRELIMINARY_RECIPE_WINDOW,22,5,M1-B00163XV-- 01 001;M1-B00163R4-- 01 003;M1-B00163XV-- 01 002;M1-B00163---- 08 005;M1-B00163XM-- 02 003,0.975,SHADOW_REVIEW_ONLY_WITH_PRELIMINARY_WINDOW,SHADOW_REVIEW_ONLY,True,True,False,True,True,,31.26,31.26,0.0,0.0,,LOW,False,WITHIN_SAFE_BOUNDS,VALID_ROUTE_STAGES,NO_VALID_CANDIDATE
2244676,6,M1-B00163R4-- 01 004,MB02,CarbonBlack,OilWet,CarbonBlack_OilWet,TEST_HOLDOUT,EXACT_RECIPE_MIXER_ROUTE,L2_PRELIMINARY_RECIPE_WINDOW,22,5,M1-B00163XV-- 01 001;M1-B00163R4-- 01 003;M1-B00163XV-- 01 002;M1-B00163---- 08 005;M1-B00163XM-- 02 003,0.975,SHADOW_REVIEW_ONLY_WITH_PRELIMINARY_WINDOW,SHADOW_REVIEW_ONLY,True,True,False,True,True,,31.02,31.02,0.0,0.0,,MEDIUM,False,WITHIN_SAFE_BOUNDS,VALID_ROUTE_STAGES,NO_VALID_CANDIDATE
2239581,2,M1-S08156B1-- 01 004,ML07,Silica,OilWet,Silica_OilWet,TEST_HOLDOUT,EXACT_RECIPE_MIXER_ROUTE,L1_SIMILAR_RECIPE_REFERENCE,1,5,M1-S08156B1-- 01 003;M1-S08156---- 20 001;M1-S08156B1-- 01 005;M1-T05073XV-- 01 001;M1-T05073---- 06 007,0.998,INTERSECT_BRANCH_SIMILAR_RECIPE_ENGINEERING_BOUNDS,REFERENCE_ONLY,False,True,True,True,True,,26.35,26.35,0.0,0.0,,HIGH,False,WITHIN_SAFE_BOUNDS,VALID_ROUTE_STAGES,NO_VALID_CANDIDATE
2273329,56,M1-B15563R1-- 03 002,MB02,CarbonBlack,OilWet,CarbonBlack_OilWet,TEST_HOLDOUT,UNAVAILABLE,L0_NEW_RECIPE_COLD_START,0,5,M1-B00458---- 12 008;M1-B00458XV-- 01 002;M1-B00458B1-- 02 003;M1-B00458---- 12 003;M1-B00458---- 12 007,0.884,INTERSECT_BRANCH_SIMILAR_RECIPE_ENGINEERING_BOUNDS,OBSERVATION_ONLY,True,True,False,True,True,,31.46,31.46,0.0,0.0,,LOW,True,UNAVAILABLE,UNAVAILABLE,REJECTED
2273329,57,M1-B15563R1-- 03 002,MB02,CarbonBlack,OilWet,CarbonBlack_OilWet,TEST_HOLDOUT,UNAVAILABLE,L0_NEW_RECIPE_COLD_START,0,5,M1-B00458---- 12 008;M1-B00458XV-- 01 002;M1-B00458B1-- 02 003;M1-B00458---- 12 003;M1-B00458---- 12 007,0.885,INTERSECT_BRANCH_SIMILAR_RECIPE_ENGINEERING_BOUNDS,OBSERVATION_ONLY,True,True,False,True,True,,32.24,32.24,0.0,0.0,,LOW,True,UNAVAILABLE,UNAVAILABLE,REJECTED
2273329,58,M1-B15563R1-- 03 002,MB02,CarbonBlack,OilWet,CarbonBlack_OilWet,TEST_HOLDOUT,UNAVAILABLE,L0_NEW_RECIPE_COLD_START,0,5,M1-B00458---- 12 008;M1-B00458XV-- 01 002;M1-B00458B1-- 02 003;M1-B00458---- 12 003;M1-B00458---- 12 007,0.884,INTERSECT_BRANCH_SIMILAR_RECIPE_ENGINEERING_BOUNDS,OBSERVATION_ONLY,True,True,False,True,True,,32.17,32.17,0.0,0.0,,LOW,True,UNAVAILABLE,UNAVAILABLE,REJECTED
2287018,1,M1-S08156B1-- 01 004,ML07,Silica,OilWet,Silica_OilWet,TEST_HOLDOUT,EXACT_RECIPE_MIXER_ROUTE,L1_SIMILAR_RECIPE_REFERENCE,1,5,M1-S08156B1-- 01 003;M1-S08156---- 20 001;M1-S08156B1-- 01 005;M1-T05073XV-- 01 001;M1-T05073---- 06 007,0.994,INTERSECT_BRANCH_SIMILAR_RECIPE_ENGINEERING_BOUNDS,REFERENCE_ONLY,False,True,True,True,True,,27.71,27.71,0.0,0.0,,HIGH,False,WITHIN_SAFE_BOUNDS,VALID_ROUTE_STAGES,NO_VALID_CANDIDATE
2287018,2,M1-S08156B1-- 01 004,ML07,Silica,OilWet,Silica_OilWet,TEST_HOLDOUT,EXACT_RECIPE_MIXER_ROUTE,L1_SIMILAR_RECIPE_REFERENCE,1,5,M1-S08156B1-- 01 003;M1-S08156---- 20 001;M1-S08156B1-- 01 005;M1-T05073XV-- 01 001;M1-T05073---- 06 007,0.994,INTERSECT_BRANCH_SIMILAR_RECIPE_ENGINEERING_BOUNDS,REFERENCE_ONLY,False,True,True,True,True,,28.42,28.42,0.0,0.0,,HIGH,False,WITHIN_SAFE_BOUNDS,VALID_ROUTE_STAGES,NO_VALID_CANDIDATE
2322099,57,M1-T00011B2-- 23 003,ML10,Silica,OilWet,Silica_OilWet,TEST_HOLDOUT,EXACT_RECIPE_MIXER_ROUTE,L1_SIMILAR_RECIPE_REFERENCE,1,5,M1-T00011B2-- 23 005;M1-T00011-M-- 01 004;M1-T00011B2-- 23 006;M1-T00011-M-- 01 003;M1-T01139-M-- 01 003,0.993,INTERSECT_BRANCH_SIMILAR_RECIPE_ENGINEERING_BOUNDS,REFERENCE_ONLY,False,True,True,True,True,,41.88,41.88,0.0,0.0,,HIGH,False,WITHIN_SAFE_BOUNDS,VALID_ROUTE_STAGES,NO_VALID_CANDIDATE
2323549,1,M1-T01139-A-- 02 001,MB02,Silica,OilWet,Silica_OilWet,TEST_HOLDOUT,SILICA_ROUTE_GLOBAL_FALLBACK,L0_NEW_RECIPE_COLD_START,0,5,M1-T17054---- 02 007;M1-T17054---- 02 006;M1-T00011B2-- 14 001;M1-T00011B2-- 14 004;M1-T00011B2-- 21 001,0.801,INTERSECT_BRANCH_SIMILAR_RECIPE_ENGINEERING_BOUNDS,OBSERVATION_ONLY,False,True,True,True,True,,32.41,32.22,0.2,0.61,,HIGH,False,WITHIN_SAFE_BOUNDS,VALID_ROUTE_STAGES,RECOMMENDED
2323549,2,M1-T01139-A-- 02 001,MB02,Silica,OilWet,Silica_OilWet,TEST_HOLDOUT,SILICA_ROUTE_GLOBAL_FALLBACK,L0_NEW_RECIPE_COLD_START,0,5,M1-T17054---- 02 007;M1-T17054---- 02 006;M1-T00011B2-- 14 001;M1-T00011B2-- 14 004;M1-T00011B2-- 21 001,0.801,INTERSECT_BRANCH_SIMILAR_RECIPE_ENGINEERING_BOUNDS,OBSERVATION_ONLY,False,True,True,True,True,,32.41,30.57,1.84,5.69,,HIGH,False,WITHIN_SAFE_BOUNDS,VALID_ROUTE_STAGES,RECOMMENDED
2323549,4,M1-T01139-A-- 02 001,MB02,Silica,OilWet,Silica_OilWet,TEST_HOLDOUT,SILICA_ROUTE_GLOBAL_FALLBACK,L0_NEW_RECIPE_COLD_START,0,5,M1-T17054---- 02 007;M1-T17054---- 02 006;M1-T00011B2-- 14 001;M1-T00011B2-- 14 004;M1-T00011B2-- 21 001,0.802,INTERSECT_BRANCH_SIMILAR_RECIPE_ENGINEERING_BOUNDS,OBSERVATION_ONLY,False,True,True,True,True,,32.41,30.54,1.87,5.76,,HIGH,False,WITHIN_SAFE_BOUNDS,VALID_ROUTE_STAGES,RECOMMENDED
2363438,1,M1-S08156---- 20 002,ML07,Silica,OilWet,Silica_OilWet,TEST_HOLDOUT,SILICA_ROUTE_GLOBAL_FALLBACK,L0_NEW_RECIPE_COLD_START,0,5,M1-S08156---- 20 001;M1-S08156B1-- 01 005;M1-S08156B1-- 01 004;M1-S08156B1-- 01 003;M1-T05073XV-- 01 001,0.99,INTERSECT_BRANCH_SIMILAR_RECIPE_ENGINEERING_BOUNDS,OBSERVATION_ONLY,False,True,True,True,True,,29.01,29.01,0.0,0.0,,HIGH,False,WITHIN_SAFE_BOUNDS,VALID_ROUTE_STAGES,NO_VALID_CANDIDATE
2363438,2,M1-S08156---- 20 002,ML07,Silica,OilWet,Silica_OilWet,TEST_HOLDOUT,SILICA_ROUTE_GLOBAL_FALLBACK,L0_NEW_RECIPE_COLD_START,0,5,M1-S08156---- 20 001;M1-S08156B1-- 01 005;M1-S08156B1-- 01 004;M1-S08156B1-- 01 003;M1-T05073XV-- 01 001,0.989,INTERSECT_BRANCH_SIMILAR_RECIPE_ENGINEERING_BOUNDS,OBSERVATION_ONLY,False,True,True,True,True,,29.01,29.01,0.0,0.0,,HIGH,False,WITHIN_SAFE_BOUNDS,VALID_ROUTE_STAGES,NO_VALID_CANDIDATE
2363438,3,M1-S08156---- 20 002,ML07,Silica,OilWet,Silica_OilWet,TEST_HOLDOUT,SILICA_ROUTE_GLOBAL_FALLBACK,L0_NEW_RECIPE_COLD_START,0,5,M1-S08156---- 20 001;M1-S08156B1-- 01 005;M1-S08156B1-- 01 004;M1-S08156B1-- 01 003;M1-T05073XV-- 01 001,0.989,INTERSECT_BRANCH_SIMILAR_RECIPE_ENGINEERING_BOUNDS,OBSERVATION_ONLY,False,True,True,True,True,,29.01,29.01,0.0,0.0,,HIGH,False,WITHIN_SAFE_BOUNDS,VALID_ROUTE_STAGES,REJECTED_NEGATIVE_OR_ZERO_SAVING
2379091,1,M1-T09170---- 23 004,MB03,Silica,OilWet,Silica_OilWet,TEST_HOLDOUT,EXACT_RECIPE_MIXER_ROUTE,L3_SHADOW_REVIEW_READY,68,5,M1-T09170WS-- 02 004;M1-T09170WS-- 02 003;M1-T09170---- 23 003;M1-T09170XT-- 03 001;M1-T09170WZ-- 01 001,0.977,VALIDATED_SHADOW_REVIEW,SHADOW_REVIEW_READY,False,True,True,True,True,,42.79,42.79,0.0,0.0,,HIGH,False,WITHIN_SAFE_BOUNDS,VALID_ROUTE_STAGES,NO_VALID_CANDIDATE
2379091,2,M1-T09170---- 23 004,MB03,Silica,OilWet,Silica_OilWet,TEST_HOLDOUT,EXACT_RECIPE_MIXER_ROUTE,L3_SHADOW_REVIEW_READY,68,5,M1-T09170WS-- 02 004;M1-T09170WS-- 02 003;M1-T09170---- 23 003;M1-T09170XT-- 03 001;M1-T09170WZ-- 01 001,0.977,VALIDATED_SHADOW_REVIEW,SHADOW_REVIEW_READY,False,True,True,True,True,,42.43,42.43,0.0,0.0,,HIGH,False,WITHIN_SAFE_BOUNDS,VALID_ROUTE_STAGES,NO_VALID_CANDIDATE
2379091,3,M1-T09170---- 23 004,MB03,Silica,OilWet,Silica_OilWet,TEST_HOLDOUT,EXACT_RECIPE_MIXER_ROUTE,L3_SHADOW_REVIEW_READY,68,5,M1-T09170WS-- 02 004;M1-T09170WS-- 02 003;M1-T09170---- 23 003;M1-T09170XT-- 03 001;M1-T09170WZ-- 01 001,0.978,VALIDATED_SHADOW_REVIEW,SHADOW_REVIEW_READY,False,True,True,True,True,,42.67,42.67,0.0,0.0,,HIGH,False,WITHIN_SAFE_BOUNDS,VALID_ROUTE_STAGES,NO_VALID_CANDIDATE
2411294,20,M1-A06441R1-- 04 001,MB02,CarbonBlack,OilWet,CarbonBlack_OilWet,TEST_HOLDOUT,EXACT_RECIPE_MIXER_ROUTE,L1_SIMILAR_RECIPE_REFERENCE,5,5,M1-A06441R2-- 01 005;M1-R00037W9-- 03 001;M1-A00268R2-- 05 001;M1-A00268R2-- 05 006;M1-A00268R2-- 05 003,0.98,INTERSECT_BRANCH_SIMILAR_RECIPE_ENGINEERING_BOUNDS,REFERENCE_ONLY,True,True,False,True,True,,33.38,33.38,0.0,0.0,,MEDIUM,False,WITHIN_SAFE_BOUNDS,VALID_ROUTE_STAGES,NO_VALID_CANDIDATE
2397476,38,M1-M08161Y--- 02 011,MB02,CarbonBlack,OilWet,CarbonBlack_OilWet,TEST_HOLDOUT,UNAVAILABLE,L0_NEW_RECIPE_COLD_START,0,5,M1-M08161X3-- 01 001;M1-A44268---- 01 002;M1-B00163R4-- 01 003;M1-B00163XV-- 01 001;M1-A00205W4-- 01 001,0.912,INTERSECT_BRANCH_SIMILAR_RECIPE_ENGINEERING_BOUNDS,OBSERVATION_ONLY,True,True,False,True,True,,27.41,27.41,0.0,0.0,,LOW,True,UNAVAILABLE,UNAVAILABLE,REJECTED
2397476,40,M1-M08161Y--- 02 011,MB02,CarbonBlack,OilWet,CarbonBlack_OilWet,TEST_HOLDOUT,UNAVAILABLE,L0_NEW_RECIPE_COLD_START,0,5,M1-M08161X3-- 01 001;M1-A44268---- 01 002;M1-B00163R4-- 01 003;M1-B00163XV-- 01 001;M1-A00205W4-- 01 001,0.912,INTERSECT_BRANCH_SIMILAR_RECIPE_ENGINEERING_BOUNDS,OBSERVATION_ONLY,True,True,False,True,True,,27.41,27.41,0.0,0.0,,LOW,True,UNAVAILABLE,UNAVAILABLE,REJECTED
2397476,41,M1-M08161Y--- 02 011,MB02,CarbonBlack,OilWet,CarbonBlack_OilWet,TEST_HOLDOUT,UNAVAILABLE,L0_NEW_RECIPE_COLD_START,0,5,M1-M08161X3-- 01 001;M1-A44268---- 01 002;M1-B00163R4-- 01 003;M1-B00163XV-- 01 001;M1-A00205W4-- 01 001,0.912,INTERSECT_BRANCH_SIMILAR_RECIPE_ENGINEERING_BOUNDS,OBSERVATION_ONLY,True,True,False,True,True,,27.41,27.41,0.0,0.0,,LOW,True,UNAVAILABLE,UNAVAILABLE,REJECTED
7450075,24,M1-T00011B2-- 22 004,MB03,Silica,OilWet,Silica_OilWet,TEST_HOLDOUT,SILICA_ROUTE_GLOBAL_FALLBACK,L0_NEW_RECIPE_COLD_START,0,5,M1-T00011B2-- 22 005;M1-T00011B8-- 01 001;M1-T00011B8-- 01 004;M1-T00011XZ-- 04 002;M1-T00011B2-- 16 004,0.984,INTERSECT_BRANCH_SIMILAR_RECIPE_ENGINEERING_BOUNDS,OBSERVATION_ONLY,False,True,True,True,True,,30.92,30.92,0.0,0.0,,HIGH,False,WITHIN_SAFE_BOUNDS,VALID_ROUTE_STAGES,REJECTED_NEGATIVE_OR_ZERO_SAVING
7450075,98,M1-T00011B2-- 22 004,MB03,Silica,OilWet,Silica_OilWet,TEST_HOLDOUT,SILICA_ROUTE_GLOBAL_FALLBACK,L0_NEW_RECIPE_COLD_START,0,5,M1-T00011XZ-- 04 002;M1-T00011B2-- 16 004;M1-T00011B8-- 01 004;M1-T00011B2-- 16 001;M1-T00011B2-- 22 005,0.98,INTERSECT_BRANCH_SIMILAR_RECIPE_ENGINEERING_BOUNDS,OBSERVATION_ONLY,False,True,True,True,True,,30.2,30.2,0.0,0.0,,LOW,False,WITHIN_SAFE_BOUNDS,VALID_ROUTE_STAGES,NO_VALID_CANDIDATE
7450075,100,M1-T00011B2-- 22 004,MB03,Silica,OilWet,Silica_OilWet,TEST_HOLDOUT,SILICA_ROUTE_GLOBAL_FALLBACK,L0_NEW_RECIPE_COLD_START,0,5,M1-T00011XZ-- 04 002;M1-T00011B2-- 16 004;M1-T00011B8-- 01 004;M1-T00011B2-- 16 001;M1-T00011B2-- 22 005,0.98,INTERSECT_BRANCH_SIMILAR_RECIPE_ENGINEERING_BOUNDS,OBSERVATION_ONLY,False,True,True,True,True,,29.56,29.56,0.0,0.0,,LOW,False,WITHIN_SAFE_BOUNDS,VALID_ROUTE_STAGES,NO_VALID_CANDIDATE
7521257,49,M1-B00460B--- 04 009,ML10,CarbonBlack,OilWet,CarbonBlack_OilWet,TEST_HOLDOUT,EXACT_RECIPE_MIXER_ROUTE,L1_SIMILAR_RECIPE_REFERENCE,2,5,M1-B00460B--- 04 007;M1-B00460XP-- 02 001;M1-B00460B--- 04 002;M1-B00460-M-- 01 003;M1-B00460B--- 04 001,0.982,INTERSECT_BRANCH_SIMILAR_RECIPE_ENGINEERING_BOUNDS,REFERENCE_ONLY,True,True,False,True,True,,47.46,47.46,0.0,0.0,,LOW,True,NOT_CHECKED,ZERO_EFFECTIVE_DURATIONS,NO_VALID_CANDIDATE
7521257,50,M1-B00460B--- 04 009,ML10,CarbonBlack,OilWet,CarbonBlack_OilWet,TEST_HOLDOUT,EXACT_RECIPE_MIXER_ROUTE,L1_SIMILAR_RECIPE_REFERENCE,2,5,M1-B00460XP-- 02 001;M1-B00460B--- 04 007;M1-B00460B--- 04 002;M1-B00460-M-- 01 003;M1-B00460B--- 04 001,0.981,INTERSECT_BRANCH_SIMILAR_RECIPE_ENGINEERING_BOUNDS,REFERENCE_ONLY,True,True,False,True,True,,47.96,47.96,0.0,0.0,,LOW,True,NOT_CHECKED,ZERO_EFFECTIVE_DURATIONS,NO_VALID_CANDIDATE
7511035,14,M1-T19327---- 01 003,ML07,Silica,OilWet,Silica_OilWet,TEST_HOLDOUT,EXACT_RECIPE_MIXER_ROUTE,L1_SIMILAR_RECIPE_REFERENCE,1,5,M1-T19327---- 01 004;M1-T19327---- 01 005;M1-T15611W2-- 01 001;M1-T15760---- 08 001;M1-T16455---- 06 001,0.982,INTERSECT_BRANCH_SIMILAR_RECIPE_ENGINEERING_BOUNDS,REFERENCE_ONLY,False,True,True,True,True,,47.84,47.84,0.0,0.0,,LOW,False,NOT_CHECKED,ZERO_EFFECTIVE_DURATIONS,NO_VALID_CANDIDATE
7511035,15,M1-T19327---- 01 003,ML07,Silica,OilWet,Silica_OilWet,TEST_HOLDOUT,EXACT_RECIPE_MIXER_ROUTE,L1_SIMILAR_RECIPE_REFERENCE,1,5,M1-T19327---- 01 004;M1-T19327---- 01 005;M1-T15611W2-- 01 001;M1-T15760---- 08 001;M1-T16455---- 06 001,0.982,INTERSECT_BRANCH_SIMILAR_RECIPE_ENGINEERING_BOUNDS,REFERENCE_ONLY,False,True,True,True,True,,47.84,47.84,0.0,0.0,,LOW,True,NOT_CHECKED,ZERO_EFFECTIVE_DURATIONS,NO_VALID_CANDIDATE
7555805,61,M1-B00460B--- 04 009,ML10,CarbonBlack,OilWet,CarbonBlack_OilWet,TEST_HOLDOUT,EXACT_RECIPE_MIXER_ROUTE,L1_SIMILAR_RECIPE_REFERENCE,2,5,M1-B00460B--- 04 007;M1-B00460B--- 04 002;M1-B00460B--- 04 001;M1-B00460XP-- 02 001;M1-B00460B--- 04 004,0.987,INTERSECT_BRANCH_SIMILAR_RECIPE_ENGINEERING_BOUNDS,REFERENCE_ONLY,True,True,False,True,True,,47.96,47.96,0.0,0.0,,LOW,True,NOT_CHECKED,ZERO_EFFECTIVE_DURATIONS,NO_VALID_CANDIDATE
7569403,1,M1-T10035B6-- 03 002,MB02,Silica,OilWet,Silica_OilWet,TEST_HOLDOUT,SILICA_ROUTE_GLOBAL_FALLBACK,L0_NEW_RECIPE_COLD_START,0,5,M1-T10035B7-- 02 001;M1-T17054B--- 01 001;M1-S08156---- 18 001;M1-T00011B2-- 14 004;M1-T00011B2-- 14 001,0.944,INTERSECT_BRANCH_SIMILAR_RECIPE_ENGINEERING_BOUNDS,OBSERVATION_ONLY,False,True,True,True,True,,38.43,36.09,2.34,6.08,,HIGH,False,WITHIN_SAFE_BOUNDS,VALID_ROUTE_STAGES,RECOMMENDED
7569403,2,M1-T10035B6-- 03 002,MB02,Silica,OilWet,Silica_OilWet,TEST_HOLDOUT,SILICA_ROUTE_GLOBAL_FALLBACK,L0_NEW_RECIPE_COLD_START,0,5,M1-T10035B7-- 02 001;M1-T17054B--- 01 001;M1-S08156---- 18 001;M1-T00011B2-- 14 004;M1-T00011B2-- 14 001,0.945,INTERSECT_BRANCH_SIMILAR_RECIPE_ENGINEERING_BOUNDS,OBSERVATION_ONLY,False,True,True,True,True,,38.43,34.75,3.68,9.58,,HIGH,False,WITHIN_SAFE_BOUNDS,VALID_ROUTE_STAGES,RECOMMENDED
7727355,6,M1-B00163---- 08 008,MB02,CarbonBlack,OilWet,CarbonBlack_OilWet,TEST_HOLDOUT,EXACT_RECIPE_MIXER_ROUTE,L1_SIMILAR_RECIPE_REFERENCE,1,5,M1-B00163---- 08 005;M1-B00163---- 08 007;M1-B00163XV-- 01 003;M1-B00163XV-- 01 004;M1-B00163XV-- 01 002,0.913,INTERSECT_BRANCH_SIMILAR_RECIPE_ENGINEERING_BOUNDS,REFERENCE_ONLY,True,True,False,True,True,,31.82,31.82,0.0,0.0,,HIGH,False,WITHIN_SAFE_BOUNDS,VALID_ROUTE_STAGES,NO_VALID_CANDIDATE
7775201,6,M1-T19012W--- 01 001,ML09,Silica,OilWet,Silica_OilWet,TEST_HOLDOUT,SILICA_ROUTE_GLOBAL_FALLBACK,L0_NEW_RECIPE_COLD_START,0,5,M1-T19012X1-- 01 004;M1-T19012X1-- 01 007;M1-T19012---- 01 006;M1-T19012---- 01 004;M1-T33025XA-- 01 002,0.953,INTERSECT_BRANCH_SIMILAR_RECIPE_ENGINEERING_BOUNDS,OBSERVATION_ONLY,False,True,True,True,True,,40.99,40.99,0.0,0.0,,LOW,True,WITHIN_SAFE_BOUNDS,VALID_ROUTE_STAGES,NO_VALID_CANDIDATE
7775201,7,M1-T19012W--- 01 001,ML09,Silica,OilWet,Silica_OilWet,TEST_HOLDOUT,SILICA_ROUTE_GLOBAL_FALLBACK,L0_NEW_RECIPE_COLD_START,0,5,M1-T19012X1-- 01 004;M1-T19012X1-- 01 007;M1-T19012---- 01 006;M1-T19012---- 01 004;M1-T33025XA-- 01 002,0.951,INTERSECT_BRANCH_SIMILAR_RECIPE_ENGINEERING_BOUNDS,OBSERVATION_ONLY,False,True,True,True,True,,40.99,40.99,0.0,0.0,,LOW,True,WITHIN_SAFE_BOUNDS,VALID_ROUTE_STAGES,NO_VALID_CANDIDATE
7775201,8,M1-T19012W--- 01 001,ML09,Silica,OilWet,Silica_OilWet,TEST_HOLDOUT,SILICA_ROUTE_GLOBAL_FALLBACK,L0_NEW_RECIPE_COLD_START,0,5,M1-T19012X1-- 01 004;M1-T19012X1-- 01 007;M1-T19012---- 01 006;M1-T19012---- 01 004;M1-T33025XA-- 01 002,0.954,INTERSECT_BRANCH_SIMILAR_RECIPE_ENGINEERING_BOUNDS,OBSERVATION_ONLY,False,True,True,True,True,,41.45,41.45,0.0,0.0,,LOW,True,WITHIN_SAFE_BOUNDS,VALID_ROUTE_STAGES,NO_VALID_CANDIDATE
7794844,2,M1-T00011XV-- 03 004,ML10,Silica,OilWet,Silica_OilWet,TEST_HOLDOUT,SILICA_ROUTE_GLOBAL_FALLBACK,L0_NEW_RECIPE_COLD_START,0,5,M1-T00011B2-- 23 003;M1-T00011-M-- 01 004;M1-T00011B2-- 23 005;M1-T00011B2-- 23 006;M1-T00011-M-- 01 003,0.989,INTERSECT_BRANCH_SIMILAR_RECIPE_ENGINEERING_BOUNDS,OBSERVATION_ONLY,False,True,True,True,True,,47.51,47.51,0.0,0.0,,MEDIUM,False,WITHIN_SAFE_BOUNDS,VALID_ROUTE_STAGES,NO_VALID_CANDIDATE
7790765,42,M1-R00037---- 12 001,MB03,CarbonBlack,OilWet,CarbonBlack_OilWet,TEST_HOLDOUT,EXACT_RECIPE_MIXER_ROUTE,L1_SIMILAR_RECIPE_REFERENCE,1,5,M1-R00037W9-- 01 001;M1-R00037W9-- 01 002;M1-R00037W9-- 01 004;M1-R00037XE-- 02 005;M1-A16404B--- 01 002,0.994,INTERSECT_BRANCH_SIMILAR_RECIPE_ENGINEERING_BOUNDS,REFERENCE_ONLY,True,True,False,True,True,,35.63,35.63,0.0,0.0,,LOW,False,NOT_CHECKED,ZERO_EFFECTIVE_DURATIONS,NO_VALID_CANDIDATE
7790765,44,M1-R00037---- 12 001,MB03,CarbonBlack,OilWet,CarbonBlack_OilWet,TEST_HOLDOUT,EXACT_RECIPE_MIXER_ROUTE,L1_SIMILAR_RECIPE_REFERENCE,1,5,M1-R00037W9-- 01 001;M1-R00037W9-- 01 002;M1-R00037W9-- 01 004;M1-R00037XE-- 02 005;M1-A16404B--- 01 002,0.995,INTERSECT_BRANCH_SIMILAR_RECIPE_ENGINEERING_BOUNDS,REFERENCE_ONLY,True,True,False,True,True,,37.02,37.02,0.0,0.0,,LOW,False,NOT_CHECKED,ZERO_EFFECTIVE_DURATIONS,NO_VALID_CANDIDATE
7790765,45,M1-R00037---- 12 001,MB03,CarbonBlack,OilWet,CarbonBlack_OilWet,TEST_HOLDOUT,EXACT_RECIPE_MIXER_ROUTE,L1_SIMILAR_RECIPE_REFERENCE,1,5,M1-R00037W9-- 01 001;M1-R00037W9-- 01 002;M1-R00037W9-- 01 004;M1-R00037XE-- 02 005;M1-A16404B--- 01 002,0.996,INTERSECT_BRANCH_SIMILAR_RECIPE_ENGINEERING_BOUNDS,REFERENCE_ONLY,True,True,False,True,True,,37.02,37.02,0.0,0.0,,LOW,False,NOT_CHECKED,ZERO_EFFECTIVE_DURATIONS,NO_VALID_CANDIDATE
1827617,1,M1-T15215---- 08 005,ML07,Silica,NoOilDry,Silica_NoOilDry,TEST_HOLDOUT,SILICA_ROUTE_GLOBAL_FALLBACK,L0_NEW_RECIPE_COLD_START,0,5,M1-T15215---- 08 007;M1-T13127---- 09 004;M1-T13127---- 09 007;M1-T13127---- 09 005;M1-T25088---- 06 003,0.982,INTERSECT_BRANCH_SIMILAR_RECIPE_ENGINEERING_BOUNDS,OBSERVATION_ONLY,True,False,True,True,False,,40.82,40.82,0.0,0.0,,LOW,True,WITHIN_SAFE_BOUNDS,VALID_ROUTE_STAGES,NO_VALID_CANDIDATE
1827617,2,M1-T15215---- 08 005,ML07,Silica,NoOilDry,Silica_NoOilDry,TEST_HOLDOUT,SILICA_ROUTE_GLOBAL_FALLBACK,L0_NEW_RECIPE_COLD_START,0,5,M1-T15215---- 08 007;M1-T13127---- 09 004;M1-T13127---- 09 007;M1-T13127---- 09 005;M1-T25088---- 06 003,0.982,INTERSECT_BRANCH_SIMILAR_RECIPE_ENGINEERING_BOUNDS,OBSERVATION_ONLY,True,False,True,True,False,,40.82,40.82,0.0,0.0,,LOW,True,WITHIN_SAFE_BOUNDS,VALID_ROUTE_STAGES,NO_VALID_CANDIDATE
1827617,3,M1-T15215---- 08 005,ML07,Silica,NoOilDry,Silica_NoOilDry,TEST_HOLDOUT,SILICA_ROUTE_GLOBAL_FALLBACK,L0_NEW_RECIPE_COLD_START,0,5,M1-T15215---- 08 007;M1-T13127---- 09 004;M1-T13127---- 09 007;M1-T13127---- 09 005;M1-T25088---- 06 003,0.982,INTERSECT_BRANCH_SIMILAR_RECIPE_ENGINEERING_BOUNDS,OBSERVATION_ONLY,True,False,True,True,False,,40.82,40.82,0.0,0.0,,LOW,True,WITHIN_SAFE_BOUNDS,VALID_ROUTE_STAGES,NO_VALID_CANDIDATE
1899501,1,M1-T25045---- 08 004,ML09,Silica,NoOilDry,Silica_NoOilDry,TEST_HOLDOUT,SILICA_ROUTE_GLOBAL_FALLBACK,L0_NEW_RECIPE_COLD_START,0,5,M1-T13127---- 16 004;M1-T25045---- 08 005;M1-T19808---- 01 001;M1-T14885B3-- 01 002;M1-T16734---- 07 001,0.98,INTERSECT_BRANCH_SIMILAR_RECIPE_ENGINEERING_BOUNDS,OBSERVATION_ONLY,True,False,True,True,False,,40.21,40.21,0.0,0.0,,LOW,False,WITHIN_SAFE_BOUNDS,VALID_ROUTE_STAGES,NO_VALID_CANDIDATE
1907568,1,M1-C10430---- 05 005,MB03,CarbonBlack,NoOilDry,CarbonBlack_NoOilDry,TEST_HOLDOUT,EXACT_RECIPE_MIXER_ROUTE,L1_SIMILAR_RECIPE_REFERENCE,2,5,M1-C10430---- 05 004;M1-C10430---- 05 003;M1-A03405R3-- 04 004;M1-A03405R3-- 04 003;M1-A03405X--- 01 001,0.979,INTERSECT_BRANCH_SIMILAR_RECIPE_ENGINEERING_BOUNDS,REFERENCE_ONLY,True,False,False,True,False,,29.7,29.7,0.0,0.0,,LOW,False,NOT_CHECKED,ZERO_EFFECTIVE_DURATIONS,NO_VALID_CANDIDATE
1907568,2,M1-C10430---- 05 005,MB03,CarbonBlack,NoOilDry,CarbonBlack_NoOilDry,TEST_HOLDOUT,EXACT_RECIPE_MIXER_ROUTE,L1_SIMILAR_RECIPE_REFERENCE,2,5,M1-C10430---- 05 004;M1-C10430---- 05 003;M1-A03405R3-- 04 004;M1-A03405R3-- 04 003;M1-A03405X--- 01 001,0.979,INTERSECT_BRANCH_SIMILAR_RECIPE_ENGINEERING_BOUNDS,REFERENCE_ONLY,True,False,False,True,False,,29.7,29.7,0.0,0.0,,LOW,False,NOT_CHECKED,ZERO_EFFECTIVE_DURATIONS,NO_VALID_CANDIDATE
1907568,3,M1-C10430---- 05 005,MB03,CarbonBlack,NoOilDry,CarbonBlack_NoOilDry,TEST_HOLDOUT,EXACT_RECIPE_MIXER_ROUTE,L1_SIMILAR_RECIPE_REFERENCE,2,5,M1-C10430---- 05 004;M1-C10430---- 05 003;M1-A03405R3-- 04 004;M1-A03405R3-- 04 003;M1-A03405X--- 01 001,0.979,INTERSECT_BRANCH_SIMILAR_RECIPE_ENGINEERING_BOUNDS,REFERENCE_ONLY,True,False,False,True,False,,29.7,29.7,0.0,0.0,,LOW,False,NOT_CHECKED,ZERO_EFFECTIVE_DURATIONS,NO_VALID_CANDIDATE
1905456,1,M1-T25045---- 08 004,ML09,Silica,NoOilDry,Silica_NoOilDry,TEST_HOLDOUT,SILICA_ROUTE_GLOBAL_FALLBACK,L0_NEW_RECIPE_COLD_START,0,5,M1-T13127---- 16 004;M1-T25045---- 08 005;M1-T19808---- 01 001;M1-T14885B3-- 01 002;M1-T16734---- 07 001,0.98,INTERSECT_BRANCH_SIMILAR_RECIPE_ENGINEERING_BOUNDS,OBSERVATION_ONLY,True,False,True,True,False,,40.08,40.08,0.0,0.0,,LOW,True,WITHIN_SAFE_BOUNDS,VALID_ROUTE_STAGES,NO_VALID_CANDIDATE
1911891,3,M1-T25045---- 08 004,ML09,Silica,NoOilDry,Silica_NoOilDry,TEST_HOLDOUT,SILICA_ROUTE_GLOBAL_FALLBACK,L0_NEW_RECIPE_COLD_START,0,5,M1-T13127---- 16 004;M1-T25045---- 08 005;M1-T19808---- 01 001;M1-T14885B3-- 01 002;M1-T16734---- 07 001,0.983,INTERSECT_BRANCH_SIMILAR_RECIPE_ENGINEERING_BOUNDS,OBSERVATION_ONLY,True,False,True,True,False,,41.62,41.62,0.0,0.0,,HIGH,False,WITHIN_SAFE_BOUNDS,VALID_ROUTE_STAGES,NO_VALID_CANDIDATE
1923756,1,M1-T11923---- 09 002,ML09,Silica,NoOilDry,Silica_NoOilDry,TEST_HOLDOUT,SILICA_ROUTE_GLOBAL_FALLBACK,L0_NEW_RECIPE_COLD_START,0,5,M1-T14885B3-- 01 002;M1-T13127---- 16 004;M1-T19808---- 01 001;M1-T16734---- 07 001;M1-T25045---- 08 005,0.931,INTERSECT_BRANCH_SIMILAR_RECIPE_ENGINEERING_BOUNDS,OBSERVATION_ONLY,True,False,True,True,False,,40.72,40.72,0.0,0.0,,LOW,True,WITHIN_SAFE_BOUNDS,VALID_ROUTE_STAGES,NO_VALID_CANDIDATE
1923756,2,M1-T11923---- 09 002,ML09,Silica,NoOilDry,Silica_NoOilDry,TEST_HOLDOUT,SILICA_ROUTE_GLOBAL_FALLBACK,L0_NEW_RECIPE_COLD_START,0,5,M1-T14885B3-- 01 002;M1-T13127---- 16 004;M1-T19808---- 01 001;M1-T16734---- 07 001;M1-T25045---- 08 005,0.931,INTERSECT_BRANCH_SIMILAR_RECIPE_ENGINEERING_BOUNDS,OBSERVATION_ONLY,True,False,True,True,False,,40.45,40.45,0.0,0.0,,LOW,True,WITHIN_SAFE_BOUNDS,VALID_ROUTE_STAGES,NO_VALID_CANDIDATE
1923756,3,M1-T11923---- 09 002,ML09,Silica,NoOilDry,Silica_NoOilDry,TEST_HOLDOUT,SILICA_ROUTE_GLOBAL_FALLBACK,L0_NEW_RECIPE_COLD_START,0,5,M1-T14885B3-- 01 002;M1-T13127---- 16 004;M1-T19808---- 01 001;M1-T16734---- 07 001;M1-T25045---- 08 005,0.931,INTERSECT_BRANCH_SIMILAR_RECIPE_ENGINEERING_BOUNDS,OBSERVATION_ONLY,True,False,True,True,False,,40.1,40.1,0.0,0.0,,LOW,True,WITHIN_SAFE_BOUNDS,VALID_ROUTE_STAGES,NO_VALID_CANDIDATE
2022369,10,M1-T25045-M-- 01 001,ML10,Silica,NoOilDry,Silica_NoOilDry,TEST_HOLDOUT,SILICA_ROUTE_GLOBAL_FALLBACK,L0_NEW_RECIPE_COLD_START,0,5,M1-T13127---- 09 005;M1-T13127---- 16 004;M1-T19808---- 01 001;M1-T13127---- 09 004;M1-T13127---- 09 007,0.986,INTERSECT_BRANCH_SIMILAR_RECIPE_ENGINEERING_BOUNDS,OBSERVATION_ONLY,True,False,True,True,False,,52.07,52.07,0.0,0.0,,MEDIUM,False,WITHIN_SAFE_BOUNDS,VALID_ROUTE_STAGES,NO_VALID_CANDIDATE
2024~1440863,8,M1-R00218W1-- 01 003,ML05,CarbonBlack,NoOilDry,CarbonBlack_NoOilDry,TEST_HOLDOUT,UNAVAILABLE,L0_NEW_RECIPE_COLD_START,0,5,M1-R00218W5-- 01 001;M1-R00218W5-- 01 004;M1-R00218W2-- 10 004;M1-R00218W2-- 10 005;M1-R00218W1-- 01 002,0.973,INTERSECT_BRANCH_SIMILAR_RECIPE_ENGINEERING_BOUNDS,OBSERVATION_ONLY,True,False,False,True,False,,38.46,38.46,0.0,0.0,,LOW,True,UNAVAILABLE,UNAVAILABLE,REJECTED
2024~1440863,9,M1-R00218W1-- 01 003,ML05,CarbonBlack,NoOilDry,CarbonBlack_NoOilDry,TEST_HOLDOUT,UNAVAILABLE,L0_NEW_RECIPE_COLD_START,0,5,M1-R00218W5-- 01 001;M1-R00218W5-- 01 004;M1-R00218W2-- 10 004;M1-R00218W2-- 10 005;M1-R00218W1-- 01 002,0.973,INTERSECT_BRANCH_SIMILAR_RECIPE_ENGINEERING_BOUNDS,OBSERVATION_ONLY,True,False,False,True,False,,38.46,38.46,0.0,0.0,,LOW,True,UNAVAILABLE,UNAVAILABLE,REJECTED
2024~1440863,10,M1-R00218W1-- 01 003,ML05,CarbonBlack,NoOilDry,CarbonBlack_NoOilDry,TEST_HOLDOUT,UNAVAILABLE,L0_NEW_RECIPE_COLD_START,0,5,M1-R00218W5-- 01 001;M1-R00218W5-- 01 004;M1-R00218W2-- 10 004;M1-R00218W2-- 10 005;M1-R00218W1-- 01 002,0.973,INTERSECT_BRANCH_SIMILAR_RECIPE_ENGINEERING_BOUNDS,OBSERVATION_ONLY,True,False,False,True,False,,38.46,38.46,0.0,0.0,,LOW,True,UNAVAILABLE,UNAVAILABLE,REJECTED
2028005,7,M1-T25045-M-- 01 001,ML10,Silica,NoOilDry,Silica_NoOilDry,TEST_HOLDOUT,SILICA_ROUTE_GLOBAL_FALLBACK,L0_NEW_RECIPE_COLD_START,0,5,M1-T13127---- 09 005;M1-T13127---- 16 004;M1-T19808---- 01 001;M1-T13127---- 09 004;M1-T13127---- 09 007,0.988,INTERSECT_BRANCH_SIMILAR_RECIPE_ENGINEERING_BOUNDS,OBSERVATION_ONLY,True,False,True,True,False,,52.09,52.09,0.0,0.0,,HIGH,False,WITHIN_SAFE_BOUNDS,VALID_ROUTE_STAGES,NO_VALID_CANDIDATE
2028005,9,M1-T25045-M-- 01 001,ML10,Silica,NoOilDry,Silica_NoOilDry,TEST_HOLDOUT,SILICA_ROUTE_GLOBAL_FALLBACK,L0_NEW_RECIPE_COLD_START,0,5,M1-T13127---- 09 005;M1-T13127---- 16 004;M1-T19808---- 01 001;M1-T13127---- 09 004;M1-T13127---- 09 007,0.987,INTERSECT_BRANCH_SIMILAR_RECIPE_ENGINEERING_BOUNDS,OBSERVATION_ONLY,True,False,True,True,False,,52.09,49.65,2.43,4.67,,HIGH,False,WITHIN_SAFE_BOUNDS,VALID_ROUTE_STAGES,RECOMMENDED
2121469,5,M1-T13127---- 19 001,ML10,Silica,NoOilDry,Silica_NoOilDry,TEST_HOLDOUT,SILICA_ROUTE_GLOBAL_FALLBACK,L0_NEW_RECIPE_COLD_START,0,5,M1-T13127---- 16 004;M1-T13127---- 09 005;M1-T13127---- 09 004;M1-T25045---- 08 005;M1-T13127---- 09 007,0.995,INTERSECT_BRANCH_SIMILAR_RECIPE_ENGINEERING_BOUNDS,OBSERVATION_ONLY,True,False,True,True,False,,51.76,51.76,0.0,0.0,,HIGH,False,WITHIN_SAFE_BOUNDS,VALID_ROUTE_STAGES,NO_VALID_CANDIDATE
2133133,24,M1-T14885---- 17 002,ML07,Silica,NoOilDry,Silica_NoOilDry,TEST_HOLDOUT,SILICA_ROUTE_GLOBAL_FALLBACK,L0_NEW_RECIPE_COLD_START,0,5,M1-T14885---- 17 001;M1-T14885B3-- 04 003;M1-T14885B3-- 04 002;M1-T13127---- 09 007;M1-T01102W2-- 01 008,0.984,INTERSECT_BRANCH_SIMILAR_RECIPE_ENGINEERING_BOUNDS,OBSERVATION_ONLY,True,False,True,True,False,,36.59,36.59,0.0,0.0,,HIGH,False,WITHIN_SAFE_BOUNDS,VALID_ROUTE_STAGES,NO_VALID_CANDIDATE
2133133,25,M1-T14885---- 17 002,ML07,Silica,NoOilDry,Silica_NoOilDry,TEST_HOLDOUT,SILICA_ROUTE_GLOBAL_FALLBACK,L0_NEW_RECIPE_COLD_START,0,5,M1-T14885---- 17 001;M1-T14885B3-- 04 003;M1-T14885B3-- 04 002;M1-T13127---- 09 007;M1-T01102W2-- 01 008,0.984,INTERSECT_BRANCH_SIMILAR_RECIPE_ENGINEERING_BOUNDS,OBSERVATION_ONLY,True,False,True,True,False,,40.08,40.08,0.0,0.0,,HIGH,False,WITHIN_SAFE_BOUNDS,VALID_ROUTE_STAGES,REJECTED_NEGATIVE_OR_ZERO_SAVING
2133133,26,M1-T14885---- 17 002,ML07,Silica,NoOilDry,Silica_NoOilDry,TEST_HOLDOUT,SILICA_ROUTE_GLOBAL_FALLBACK,L0_NEW_RECIPE_COLD_START,0,5,M1-T14885---- 17 001;M1-T14885B3-- 04 002;M1-T14885B3-- 04 003;M1-T13127---- 09 007;M1-T01102W2-- 01 008,0.984,INTERSECT_BRANCH_SIMILAR_RECIPE_ENGINEERING_BOUNDS,OBSERVATION_ONLY,True,False,True,True,False,,37.67,37.67,0.0,0.0,,HIGH,False,WITHIN_SAFE_BOUNDS,VALID_ROUTE_STAGES,NO_VALID_CANDIDATE
2263738,1,M1-T18191---- 01 003,ML09,Silica,NoOilDry,Silica_NoOilDry,TEST_HOLDOUT,SILICA_ROUTE_GLOBAL_FALLBACK,L0_NEW_RECIPE_COLD_START,0,5,M1-T13127---- 16 004;M1-T25045---- 08 005;M1-T16734---- 07 001;M1-T19808---- 01 001;M1-T14885B3-- 01 002,0.913,INTERSECT_BRANCH_SIMILAR_RECIPE_ENGINEERING_BOUNDS,OBSERVATION_ONLY,True,False,True,True,False,,42.5,42.5,0.0,0.0,,LOW,True,WITHIN_SAFE_BOUNDS,VALID_ROUTE_STAGES,NO_VALID_CANDIDATE
2263738,2,M1-T18191---- 01 003,ML09,Silica,NoOilDry,Silica_NoOilDry,TEST_HOLDOUT,SILICA_ROUTE_GLOBAL_FALLBACK,L0_NEW_RECIPE_COLD_START,0,5,M1-T13127---- 16 004;M1-T25045---- 08 005;M1-T16734---- 07 001;M1-T19808---- 01 001;M1-T14885B3-- 01 002,0.913,INTERSECT_BRANCH_SIMILAR_RECIPE_ENGINEERING_BOUNDS,OBSERVATION_ONLY,True,False,True,True,False,,40.16,40.16,0.0,0.0,,LOW,True,WITHIN_SAFE_BOUNDS,VALID_ROUTE_STAGES,NO_VALID_CANDIDATE
2263738,3,M1-T18191---- 01 003,ML09,Silica,NoOilDry,Silica_NoOilDry,TEST_HOLDOUT,SILICA_ROUTE_GLOBAL_FALLBACK,L0_NEW_RECIPE_COLD_START,0,5,M1-T13127---- 16 004;M1-T25045---- 08 005;M1-T16734---- 07 001;M1-T19808---- 01 001;M1-T14885B3-- 01 002,0.912,INTERSECT_BRANCH_SIMILAR_RECIPE_ENGINEERING_BOUNDS,OBSERVATION_ONLY,True,False,True,True,False,,42.51,42.51,0.0,0.0,,LOW,True,WITHIN_SAFE_BOUNDS,VALID_ROUTE_STAGES,NO_VALID_CANDIDATE
2392855,9,M1-T16734---- 06 002,ML07,Silica,NoOilDry,Silica_NoOilDry,TEST_HOLDOUT,SILICA_ROUTE_GLOBAL_FALLBACK,L0_NEW_RECIPE_COLD_START,0,5,M1-T16734---- 06 001;M1-T13127---- 09 007;M1-T16734---- 06 003;M1-T13127---- 09 004;M1-T13127---- 09 005,0.989,INTERSECT_BRANCH_SIMILAR_RECIPE_ENGINEERING_BOUNDS,OBSERVATION_ONLY,True,False,True,True,False,,39.23,39.23,0.0,0.0,,LOW,False,WITHIN_SAFE_BOUNDS,VALID_ROUTE_STAGES,NO_VALID_CANDIDATE
2392855,10,M1-T16734---- 06 002,ML07,Silica,NoOilDry,Silica_NoOilDry,TEST_HOLDOUT,SILICA_ROUTE_GLOBAL_FALLBACK,L0_NEW_RECIPE_COLD_START,0,5,M1-T16734---- 06 001;M1-T13127---- 09 007;M1-T16734---- 06 003;M1-T13127---- 09 004;M1-T13127---- 09 005,0.988,INTERSECT_BRANCH_SIMILAR_RECIPE_ENGINEERING_BOUNDS,OBSERVATION_ONLY,True,False,True,True,False,,39.33,39.33,0.0,0.0,,LOW,False,WITHIN_SAFE_BOUNDS,VALID_ROUTE_STAGES,NO_VALID_CANDIDATE
2392855,11,M1-T16734---- 06 002,ML07,Silica,NoOilDry,Silica_NoOilDry,TEST_HOLDOUT,SILICA_ROUTE_GLOBAL_FALLBACK,L0_NEW_RECIPE_COLD_START,0,5,M1-T16734---- 06 001;M1-T13127---- 09 007;M1-T16734---- 06 003;M1-T13127---- 09 004;M1-T13127---- 09 005,0.989,INTERSECT_BRANCH_SIMILAR_RECIPE_ENGINEERING_BOUNDS,OBSERVATION_ONLY,True,False,True,True,False,,39.07,39.07,0.0,0.0,,MEDIUM,False,WITHIN_SAFE_BOUNDS,VALID_ROUTE_STAGES,NO_VALID_CANDIDATE
7646653,14,M1-T26104---- 06 003,ML09,Silica,NoOilDry,Silica_NoOilDry,TEST_HOLDOUT,EXACT_RECIPE_MIXER_ROUTE,L1_SIMILAR_RECIPE_REFERENCE,4,5,M1-T26104---- 06 002;M1-T26104---- 06 001;M1-T25045---- 08 005;M1-T13127---- 16 004;M1-T19808---- 01 001,0.961,INTERSECT_BRANCH_SIMILAR_RECIPE_ENGINEERING_BOUNDS,REFERENCE_ONLY,True,False,True,True,False,,37.37,37.37,0.0,0.0,,HIGH,False,NOT_CHECKED,ZERO_EFFECTIVE_DURATIONS,NO_VALID_CANDIDATE
7646653,38,M1-T26104---- 06 003,ML09,Silica,NoOilDry,Silica_NoOilDry,TEST_HOLDOUT,EXACT_RECIPE_MIXER_ROUTE,L1_SIMILAR_RECIPE_REFERENCE,4,5,M1-T26104---- 06 002;M1-T26104---- 06 001;M1-T25045---- 08 005;M1-T13127---- 16 004;M1-T19808---- 01 001,0.968,INTERSECT_BRANCH_SIMILAR_RECIPE_ENGINEERING_BOUNDS,REFERENCE_ONLY,True,False,True,True,False,,39.21,39.21,0.0,0.0,,LOW,False,NOT_CHECKED,ZERO_EFFECTIVE_DURATIONS,NO_VALID_CANDIDATE
7646653,39,M1-T26104---- 06 003,ML09,Silica,NoOilDry,Silica_NoOilDry,TEST_HOLDOUT,EXACT_RECIPE_MIXER_ROUTE,L1_SIMILAR_RECIPE_REFERENCE,4,5,M1-T26104---- 06 002;M1-T26104---- 06 001;M1-T25045---- 08 005;M1-T13127---- 16 004;M1-T19808---- 01 001,0.968,INTERSECT_BRANCH_SIMILAR_RECIPE_ENGINEERING_BOUNDS,REFERENCE_ONLY,True,False,True,True,False,,37.56,37.56,0.0,0.0,,LOW,False,NOT_CHECKED,ZERO_EFFECTIVE_DURATIONS,NO_VALID_CANDIDATE
7770764,1,M1-T26104---- 01 005,ML07,Silica,NoOilDry,Silica_NoOilDry,TEST_HOLDOUT,SILICA_ROUTE_GLOBAL_FALLBACK,L0_NEW_RECIPE_COLD_START,0,5,M1-T26104---- 01 004;M1-T26104---- 01 003;M1-T25045-V-- 02 002;M1-T25045-V-- 02 003;M1-T25045-V-- 02 004,0.96,INTERSECT_BRANCH_SIMILAR_RECIPE_ENGINEERING_BOUNDS,OBSERVATION_ONLY,True,False,True,True,False,,39.35,39.35,0.0,0.0,,LOW,True,WITHIN_SAFE_BOUNDS,VALID_ROUTE_STAGES,NO_VALID_CANDIDATE
