OrderID,BatchNumber,CompoundName,MixerLine,material_system,phase_route,system_route_branch,shadow_cohort,safe_bounds_match_level,recipe_maturity_level,recipe_history_n_batches,similar_recipe_count,similar_recipe_list,similarity_score,cold_start_strategy,recommendation_readiness,has_drymix_stage,has_wetmix_stage,has_pid_stage,has_bottom_stage,has_oilloading_stage,actual_current_kwh_per_batch,mode_b_predicted_current_kwh_per_batch,mode_b_predicted_recommended_kwh_per_batch,shadow_actual_saving_kwh,shadow_actual_saving_pct,model_based_saving_kwh,model_based_saving_pct,current_kwh_per_batch,recommended_kwh_per_batch,saving_kwh,saving_pct,current_mooney_pred,recommended_mooney_pred,recommended_mooney_low,recommended_mooney_high,mooney_spec_low,mooney_spec_high,confidence_label,ood_flag,valid_candidate_count,safe_bound_status,route_stage_status,recommendation_status,rejection_reason,current_DryMixing_Duration,recommended_DryMixing_Duration,delta_DryMixing_Duration,current_WetMixing_Duration,recommended_WetMixing_Duration,delta_WetMixing_Duration,current_PID_Duration,recommended_PID_Duration,delta_PID_Duration,current_BottomMixing_Duration,recommended_BottomMixing_Duration,delta_BottomMixing_Duration
1788106,1,M1-B00458---- 12 004,MB02,CarbonBlack,OilWet,CarbonBlack_OilWet,PRIORITY_OPERATIONAL_HISTORY,EXACT_RECIPE_MIXER_ROUTE,L4_PILOT_READY,1175,5,M1-B00458B1-- 02 001;M1-B00458---- 12 005;M1-B00458B1-- 02 002;M1-B00458---- 12 007;M1-B00458XM-- 04 002,0.995,EXACT_RECIPE_MIXER_PILOT_GATE,PILOT_REVIEW_READY,True,True,False,True,True,28.84,27.35,25.08,3.76,13.04,2.27,8.3,28.84,25.08,3.76,13.04,42.28,42.22,40.46,43.99,39.98666666666667,46.98666666666667,HIGH,False,20,WITHIN_SAFE_BOUNDS,VALID_ROUTE_STAGES,RAW_BEST_CANDIDATE,GATE_PASS_OPTIMAL,44.0,45.0,1.0,9.0,10.0,1.0,0.0,0.0,0.0,53.0,31.0,-22.0
1788106,2,M1-B00458---- 12 004,MB02,CarbonBlack,OilWet,CarbonBlack_OilWet,PRIORITY_OPERATIONAL_HISTORY,EXACT_RECIPE_MIXER_ROUTE,L4_PILOT_READY,1175,5,M1-B00458B1-- 02 001;M1-B00458---- 12 005;M1-B00458B1-- 02 002;M1-B00458---- 12 007;M1-B00458XM-- 04 002,0.994,EXACT_RECIPE_MIXER_PILOT_GATE,PILOT_REVIEW_READY,True,True,False,True,True,28.13,27.32,25.08,3.05,10.84,2.24,8.2,28.13,25.08,3.05,10.84,42.42,42.42,40.66,44.18,39.98666666666667,46.98666666666667,HIGH,False,20,WITHIN_SAFE_BOUNDS,VALID_ROUTE_STAGES,RAW_BEST_CANDIDATE,GATE_PASS_OPTIMAL,45.0,45.0,0.0,5.0,10.0,5.0,0.0,0.0,0.0,53.0,31.0,-22.0
1788106,3,M1-B00458---- 12 004,MB02,CarbonBlack,OilWet,CarbonBlack_OilWet,PRIORITY_OPERATIONAL_HISTORY,EXACT_RECIPE_MIXER_ROUTE,L4_PILOT_READY,1175,5,M1-B00458B1-- 02 001;M1-B00458---- 12 005;M1-B00458B1-- 02 002;M1-B00458---- 12 007;M1-B00458XM-- 04 002,0.995,EXACT_RECIPE_MIXER_PILOT_GATE,PILOT_REVIEW_READY,True,True,False,True,True,27.85,27.28,25.08,2.77,9.95,2.2,8.06,27.85,25.08,2.77,9.95,42.22,42.22,40.45,43.98,39.98666666666667,46.98666666666667,HIGH,False,20,WITHIN_SAFE_BOUNDS,VALID_ROUTE_STAGES,RAW_BEST_CANDIDATE,GATE_PASS_OPTIMAL,45.0,45.0,0.0,5.0,10.0,5.0,0.0,0.0,0.0,52.0,31.0,-21.0
1782695,1,M1-B00458---- 12 004,MB02,CarbonBlack,OilWet,CarbonBlack_OilWet,PRIORITY_OPERATIONAL_HISTORY,EXACT_RECIPE_MIXER_ROUTE,L3_SHADOW_REVIEW_READY,1175,5,M1-B00458B1-- 02 002;M1-B00458B1-- 02 001;M1-B00458---- 12 005;M1-B00458XM-- 04 002;M1-B00458---- 12 007,1.0,VALIDATED_SHADOW_REVIEW,SHADOW_REVIEW_READY,True,True,False,True,True,29.96,27.51,25.08,4.88,16.29,2.43,8.83,29.96,25.08,4.88,16.29,41.5,41.54,39.77,43.3,38.07666666666667,45.07666666666667,HIGH,False,19,WITHIN_SAFE_BOUNDS,VALID_ROUTE_STAGES,RAW_BEST_CANDIDATE,INSUFFICIENT_VALID_CANDIDATES_COUNT,45.0,45.0,0.0,12.0,10.0,-2.0,0.0,0.0,0.0,53.0,31.0,-22.0
1782695,2,M1-B00458---- 12 004,MB02,CarbonBlack,OilWet,CarbonBlack_OilWet,PRIORITY_OPERATIONAL_HISTORY,EXACT_RECIPE_MIXER_ROUTE,L3_SHADOW_REVIEW_READY,1175,5,M1-B00458B1-- 02 002;M1-B00458B1-- 02 001;M1-B00458---- 12 005;M1-B00458XM-- 04 002;M1-B00458---- 12 007,1.0,VALIDATED_SHADOW_REVIEW,SHADOW_REVIEW_READY,True,True,False,True,True,28.68,27.47,25.08,3.6,12.55,2.39,8.7,28.68,25.08,3.6,12.55,41.43,41.49,39.73,43.26,38.07666666666667,45.07666666666667,HIGH,False,19,WITHIN_SAFE_BOUNDS,VALID_ROUTE_STAGES,RAW_BEST_CANDIDATE,INSUFFICIENT_VALID_CANDIDATES_COUNT,45.0,45.0,0.0,13.0,10.0,-3.0,0.0,0.0,0.0,52.0,31.0,-21.0
1782695,3,M1-B00458---- 12 004,MB02,CarbonBlack,OilWet,CarbonBlack_OilWet,PRIORITY_OPERATIONAL_HISTORY,EXACT_RECIPE_MIXER_ROUTE,L3_SHADOW_REVIEW_READY,1175,5,M1-B00458B1-- 02 002;M1-B00458B1-- 02 001;M1-B00458---- 12 005;M1-B00458---- 12 007;M1-B00458XM-- 04 002,0.999,VALIDATED_SHADOW_REVIEW,SHADOW_REVIEW_READY,True,True,False,True,True,28.04,27.36,25.08,2.96,10.56,2.28,8.33,28.04,25.08,2.96,10.56,41.58,41.58,39.82,43.35,38.07666666666667,45.07666666666667,HIGH,False,19,WITHIN_SAFE_BOUNDS,VALID_ROUTE_STAGES,RAW_BEST_CANDIDATE,INSUFFICIENT_VALID_CANDIDATES_COUNT,45.0,45.0,0.0,11.0,10.0,-1.0,0.0,0.0,0.0,51.0,31.0,-20.0
1786097,1,M1-B00458---- 12 004,MB02,CarbonBlack,OilWet,CarbonBlack_OilWet,PRIORITY_OPERATIONAL_HISTORY,EXACT_RECIPE_MIXER_ROUTE,L4_PILOT_READY,1175,5,M1-B00458B1-- 02 002;M1-B00458B1-- 02 001;M1-B00458---- 12 005;M1-B00458XM-- 04 002;M1-B00458---- 12 007,0.999,EXACT_RECIPE_MIXER_PILOT_GATE,PILOT_REVIEW_READY,True,True,False,True,True,28.68,27.51,25.08,3.6,12.55,2.43,8.83,28.68,25.08,3.6,12.55,41.48,41.52,39.75,43.28,38.45666666666667,45.45666666666667,HIGH,False,20,WITHIN_SAFE_BOUNDS,VALID_ROUTE_STAGES,RAW_BEST_CANDIDATE,GATE_PASS_OPTIMAL,45.0,45.0,0.0,12.0,10.0,-2.0,0.0,0.0,0.0,54.0,31.0,-23.0
1786097,2,M1-B00458---- 12 004,MB02,CarbonBlack,OilWet,CarbonBlack_OilWet,PRIORITY_OPERATIONAL_HISTORY,EXACT_RECIPE_MIXER_ROUTE,L4_PILOT_READY,1175,5,M1-B00458B1-- 02 001;M1-B00458B1-- 02 002;M1-B00458---- 12 005;M1-B00458XM-- 04 002;M1-B00458---- 12 007,0.999,EXACT_RECIPE_MIXER_PILOT_GATE,PILOT_REVIEW_READY,True,True,False,True,True,28.06,27.47,25.08,2.98,10.62,2.39,8.7,28.06,25.08,2.98,10.62,41.77,41.77,40.01,43.54,38.45666666666667,45.45666666666667,HIGH,False,20,WITHIN_SAFE_BOUNDS,VALID_ROUTE_STAGES,RAW_BEST_CANDIDATE,GATE_PASS_OPTIMAL,45.0,45.0,0.0,11.0,10.0,-1.0,0.0,0.0,0.0,52.0,31.0,-21.0
1786097,4,M1-B00458---- 12 004,MB02,CarbonBlack,OilWet,CarbonBlack_OilWet,PRIORITY_OPERATIONAL_HISTORY,EXACT_RECIPE_MIXER_ROUTE,L4_PILOT_READY,1175,5,M1-B00458B1-- 02 002;M1-B00458B1-- 02 001;M1-B00458---- 12 005;M1-B00458---- 12 007;M1-B00458XM-- 04 002,0.998,EXACT_RECIPE_MIXER_PILOT_GATE,PILOT_REVIEW_READY,True,True,False,True,True,28.14,27.47,25.08,3.06,10.87,2.39,8.7,28.14,25.08,3.06,10.87,41.15,41.21,39.44,42.97,38.45666666666667,45.45666666666667,HIGH,False,20,WITHIN_SAFE_BOUNDS,VALID_ROUTE_STAGES,RAW_BEST_CANDIDATE,GATE_PASS_OPTIMAL,45.0,45.0,0.0,13.0,10.0,-3.0,0.0,0.0,0.0,52.0,31.0,-21.0
1780454,1,M1-B00458---- 12 004,MB02,CarbonBlack,OilWet,CarbonBlack_OilWet,PRIORITY_OPERATIONAL_HISTORY,EXACT_RECIPE_MIXER_ROUTE,L4_PILOT_READY,1175,5,M1-B00458B1-- 02 001;M1-B00458---- 12 005;M1-B00458B1-- 02 002;M1-B00458---- 12 007;M1-B00458XM-- 04 002,0.997,EXACT_RECIPE_MIXER_PILOT_GATE,PILOT_REVIEW_READY,True,True,False,True,True,28.71,27.47,25.08,3.63,12.64,2.39,8.7,28.71,25.08,3.63,12.64,42.31,42.31,40.55,44.07,39.23,46.23,HIGH,False,20,WITHIN_SAFE_BOUNDS,VALID_ROUTE_STAGES,RAW_BEST_CANDIDATE,GATE_PASS_OPTIMAL,46.0,45.0,-1.0,10.0,10.0,0.0,0.0,0.0,0.0,52.0,31.0,-21.0
1887430,4,M1-B00163R4-- 01 004,MB02,CarbonBlack,OilWet,CarbonBlack_OilWet,PRIORITY_OPERATIONAL_HISTORY,EXACT_RECIPE_MIXER_ROUTE,L2_PRELIMINARY_RECIPE_WINDOW,22,5,M1-B00163XV-- 01 001;M1-B00163R4-- 01 003;M1-B00163XV-- 01 002;M1-B00163---- 08 005;M1-B00163XV-- 01 003,0.985,SHADOW_REVIEW_ONLY_WITH_PRELIMINARY_WINDOW,SHADOW_REVIEW_ONLY,True,True,False,True,True,30.38,29.49,30.06,0.32,1.05,-0.57,-1.93,30.38,30.06,0.32,1.05,30.18,30.18,28.41,31.94,27.15,34.15,HIGH,False,4,WITHIN_SAFE_BOUNDS,VALID_ROUTE_STAGES,RAW_BEST_CANDIDATE,INSUFFICIENT_VALID_CANDIDATES_COUNT,50.0,50.0,0.0,5.0,5.0,0.0,0.0,0.0,0.0,74.0,86.0,12.0
1887430,5,M1-B00163R4-- 01 004,MB02,CarbonBlack,OilWet,CarbonBlack_OilWet,PRIORITY_OPERATIONAL_HISTORY,EXACT_RECIPE_MIXER_ROUTE,L2_PRELIMINARY_RECIPE_WINDOW,22,5,M1-B00163XV-- 01 001;M1-B00163R4-- 01 003;M1-B00163XV-- 01 002;M1-B00163---- 08 005;M1-B00163XV-- 01 003,0.985,SHADOW_REVIEW_ONLY_WITH_PRELIMINARY_WINDOW,SHADOW_REVIEW_ONLY,True,True,False,True,True,30.25,29.68,30.06,0.19,0.63,-0.38,-1.28,30.25,30.06,0.19,0.63,29.46,29.52,27.75,31.28,27.15,34.15,HIGH,False,4,WITHIN_SAFE_BOUNDS,VALID_ROUTE_STAGES,RAW_BEST_CANDIDATE,INSUFFICIENT_VALID_CANDIDATES_COUNT,51.0,50.0,-1.0,18.0,5.0,-13.0,0.0,0.0,0.0,74.0,86.0,12.0
1887430,6,M1-B00163R4-- 01 004,MB02,CarbonBlack,OilWet,CarbonBlack_OilWet,PRIORITY_OPERATIONAL_HISTORY,EXACT_RECIPE_MIXER_ROUTE,L2_PRELIMINARY_RECIPE_WINDOW,22,5,M1-B00163XV-- 01 001;M1-B00163R4-- 01 003;M1-B00163XV-- 01 002;M1-B00163---- 08 005;M1-B00163XV-- 01 003,0.985,SHADOW_REVIEW_ONLY_WITH_PRELIMINARY_WINDOW,SHADOW_REVIEW_ONLY,True,True,False,True,True,30.55,29.68,30.06,0.49,1.6,-0.38,-1.28,30.55,30.06,0.49,1.6,29.34,29.4,27.64,31.17,27.15,34.15,HIGH,False,4,WITHIN_SAFE_BOUNDS,VALID_ROUTE_STAGES,RAW_BEST_CANDIDATE,INSUFFICIENT_VALID_CANDIDATES_COUNT,50.0,50.0,0.0,18.0,5.0,-13.0,0.0,0.0,0.0,75.0,86.0,11.0
1919992,25,M1-B00163R4-- 01 004,MB02,CarbonBlack,OilWet,CarbonBlack_OilWet,PRIORITY_OPERATIONAL_HISTORY,EXACT_RECIPE_MIXER_ROUTE,L2_PRELIMINARY_RECIPE_WINDOW,22,5,M1-B00163R4-- 01 003;M1-B00163XV-- 01 001;M1-B00163XV-- 01 002;M1-B00163XV-- 01 003;M1-B00163XM-- 02 003,0.992,SHADOW_REVIEW_ONLY_WITH_PRELIMINARY_WINDOW,SHADOW_REVIEW_ONLY,True,True,False,True,True,32.23,31.24,29.6,2.63,8.16,1.64,5.25,32.23,29.6,2.63,8.16,30.95,31.29,29.53,33.06,30.630000000000003,37.63,MEDIUM,False,0,WITHIN_SAFE_BOUNDS,VALID_ROUTE_STAGES,RAW_BEST_CANDIDATE,INSUFFICIENT_VALID_CANDIDATES_COUNT,51.0,50.7,-0.3,22.0,14.0,-8.0,0.0,0.0,0.0,97.0,81.4,-15.6
1919992,26,M1-B00163R4-- 01 004,MB02,CarbonBlack,OilWet,CarbonBlack_OilWet,PRIORITY_OPERATIONAL_HISTORY,EXACT_RECIPE_MIXER_ROUTE,L2_PRELIMINARY_RECIPE_WINDOW,22,5,M1-B00163R4-- 01 003;M1-B00163XV-- 01 001;M1-B00163XV-- 01 002;M1-B00163XV-- 01 003;M1-B00163XM-- 02 003,0.992,SHADOW_REVIEW_ONLY_WITH_PRELIMINARY_WINDOW,SHADOW_REVIEW_ONLY,True,True,False,True,True,32.12,31.19,29.58,2.54,7.91,1.61,5.16,32.12,29.58,2.54,7.91,30.27,30.61,28.85,32.37,30.630000000000003,37.63,LOW,False,0,WITHIN_SAFE_BOUNDS,VALID_ROUTE_STAGES,RAW_BEST_CANDIDATE,INSUFFICIENT_VALID_CANDIDATES_COUNT,51.0,50.3,-0.7,19.0,13.6,-5.4,0.0,0.0,0.0,95.0,77.9,-17.1
1976906,19,M1-B00163R4-- 01 004,MB02,CarbonBlack,OilWet,CarbonBlack_OilWet,PRIORITY_OPERATIONAL_HISTORY,EXACT_RECIPE_MIXER_ROUTE,L2_PRELIMINARY_RECIPE_WINDOW,22,5,M1-B00163XV-- 01 001;M1-B00163R4-- 01 003;M1-B00163XV-- 01 002;M1-B00163---- 08 005;M1-B00163XM-- 02 003,0.976,SHADOW_REVIEW_ONLY_WITH_PRELIMINARY_WINDOW,SHADOW_REVIEW_ONLY,True,True,False,True,True,31.08,30.09,30.09,0.99,3.19,0.0,0.0,31.08,30.09,0.99,3.19,29.75,29.75,27.99,31.51,25.29,32.29,HIGH,False,4,WITHIN_SAFE_BOUNDS,VALID_ROUTE_STAGES,RAW_BEST_CANDIDATE,INSUFFICIENT_VALID_CANDIDATES_COUNT,50.0,50.0,0.0,5.0,5.0,0.0,0.0,0.0,0.0,86.0,86.0,0.0
1976906,20,M1-B00163R4-- 01 004,MB02,CarbonBlack,OilWet,CarbonBlack_OilWet,PRIORITY_OPERATIONAL_HISTORY,EXACT_RECIPE_MIXER_ROUTE,L2_PRELIMINARY_RECIPE_WINDOW,22,5,M1-B00163XV-- 01 001;M1-B00163R4-- 01 003;M1-B00163XV-- 01 002;M1-B00163---- 08 005;M1-B00163XV-- 01 003,0.979,SHADOW_REVIEW_ONLY_WITH_PRELIMINARY_WINDOW,SHADOW_REVIEW_ONLY,True,True,False,True,True,34.27,30.09,30.09,4.18,12.2,0.0,0.0,34.27,30.09,4.18,12.2,30.35,30.35,28.59,32.12,25.76,32.760000000000005,HIGH,False,4,WITHIN_SAFE_BOUNDS,VALID_ROUTE_STAGES,RAW_BEST_CANDIDATE,INSUFFICIENT_VALID_CANDIDATES_COUNT,50.0,50.0,0.0,5.0,5.0,0.0,0.0,0.0,0.0,86.0,86.0,0.0
1976906,21,M1-B00163R4-- 01 004,MB02,CarbonBlack,OilWet,CarbonBlack_OilWet,PRIORITY_OPERATIONAL_HISTORY,EXACT_RECIPE_MIXER_ROUTE,L2_PRELIMINARY_RECIPE_WINDOW,22,5,M1-B00163XV-- 01 001;M1-B00163R4-- 01 003;M1-B00163XV-- 01 002;M1-B00163---- 08 005;M1-B00163XV-- 01 003,0.979,SHADOW_REVIEW_ONLY_WITH_PRELIMINARY_WINDOW,SHADOW_REVIEW_ONLY,True,True,False,True,True,34.53,30.3,30.09,4.44,12.86,0.21,0.69,34.53,30.09,4.44,12.86,29.79,29.79,28.03,31.56,25.76,32.760000000000005,HIGH,False,4,WITHIN_SAFE_BOUNDS,VALID_ROUTE_STAGES,RAW_BEST_CANDIDATE,INSUFFICIENT_VALID_CANDIDATES_COUNT,50.0,50.0,0.0,22.0,5.0,-17.0,0.0,0.0,0.0,87.0,86.0,-1.0
1976906,22,M1-B00163R4-- 01 004,MB02,CarbonBlack,OilWet,CarbonBlack_OilWet,PRIORITY_OPERATIONAL_HISTORY,EXACT_RECIPE_MIXER_ROUTE,L2_PRELIMINARY_RECIPE_WINDOW,22,5,M1-B00163XV-- 01 001;M1-B00163R4-- 01 003;M1-B00163XV-- 01 002;M1-B00163---- 08 005;M1-B00163XM-- 02 003,0.978,SHADOW_REVIEW_ONLY_WITH_PRELIMINARY_WINDOW,SHADOW_REVIEW_ONLY,True,True,False,True,True,32.51,30.28,30.09,2.42,7.44,0.19,0.63,32.51,30.09,2.42,7.44,29.8,29.8,28.04,31.57,25.76,32.760000000000005,HIGH,False,4,WITHIN_SAFE_BOUNDS,VALID_ROUTE_STAGES,RAW_BEST_CANDIDATE,INSUFFICIENT_VALID_CANDIDATES_COUNT,50.0,50.0,0.0,19.0,5.0,-14.0,0.0,0.0,0.0,87.0,86.0,-1.0
1997980,2,M1-B00163R4-- 01 004,MB02,CarbonBlack,OilWet,CarbonBlack_OilWet,PRIORITY_OPERATIONAL_HISTORY,EXACT_RECIPE_MIXER_ROUTE,L2_PRELIMINARY_RECIPE_WINDOW,22,5,M1-B00163XV-- 01 001;M1-B00163R4-- 01 003;M1-B00163XV-- 01 002;M1-B00163XV-- 01 003;M1-B00163XM-- 02 003,0.984,SHADOW_REVIEW_ONLY_WITH_PRELIMINARY_WINDOW,SHADOW_REVIEW_ONLY,True,True,False,True,True,33.36,31.38,29.99,3.37,10.1,1.39,4.43,33.36,29.99,3.37,10.1,29.5,29.51,27.74,31.27,28.28,35.28,MEDIUM,False,0,WITHIN_SAFE_BOUNDS,VALID_ROUTE_STAGES,RAW_BEST_CANDIDATE,INSUFFICIENT_VALID_CANDIDATES_COUNT,50.0,50.0,0.0,5.0,5.0,0.0,0.0,0.0,0.0,103.0,86.0,-17.0
2024~1273702,12,M1-B00163R4-- 01 003,MB02,CarbonBlack,OilWet,CarbonBlack_OilWet,PRIORITY_OPERATIONAL_HISTORY,EXACT_RECIPE_MIXER_ROUTE,L3_SHADOW_REVIEW_READY,47,5,M1-B00163R4-- 01 004;M1-B00163XV-- 01 001;M1-B00163XV-- 01 002;M1-B00163XV-- 01 003;M1-B00163XV-- 01 004,0.979,VALIDATED_SHADOW_REVIEW,SHADOW_REVIEW_READY,True,True,False,True,True,27.39,29.32,26.39,1.0,3.65,2.93,9.99,27.39,26.39,1.0,3.65,33.75,33.76,32.0,35.53,32.24,39.24,HIGH,False,0,WITHIN_SAFE_BOUNDS,VALID_ROUTE_STAGES,RAW_BEST_CANDIDATE,INSUFFICIENT_VALID_CANDIDATES_COUNT,47.0,51.0,4.0,17.0,5.0,-12.0,0.0,0.0,0.0,76.0,45.0,-31.0
2024~1273702,13,M1-B00163R4-- 01 003,MB02,CarbonBlack,OilWet,CarbonBlack_OilWet,PRIORITY_OPERATIONAL_HISTORY,EXACT_RECIPE_MIXER_ROUTE,L3_SHADOW_REVIEW_READY,47,5,M1-B00163R4-- 01 004;M1-B00163XV-- 01 001;M1-B00163XV-- 01 002;M1-B00163XV-- 01 003;M1-B00163XV-- 01 004,0.98,VALIDATED_SHADOW_REVIEW,SHADOW_REVIEW_READY,True,True,False,True,True,27.36,29.13,26.39,0.97,3.55,2.74,9.41,27.36,26.39,0.97,3.55,33.62,33.63,31.87,35.39,32.24,39.24,MEDIUM,False,0,WITHIN_SAFE_BOUNDS,VALID_ROUTE_STAGES,RAW_BEST_CANDIDATE,INSUFFICIENT_VALID_CANDIDATES_COUNT,48.0,51.0,3.0,5.0,5.0,0.0,0.0,0.0,0.0,75.0,45.0,-30.0
2024~1273702,14,M1-B00163R4-- 01 003,MB02,CarbonBlack,OilWet,CarbonBlack_OilWet,PRIORITY_OPERATIONAL_HISTORY,EXACT_RECIPE_MIXER_ROUTE,L3_SHADOW_REVIEW_READY,47,5,M1-B00163R4-- 01 004;M1-B00163XV-- 01 001;M1-B00163XV-- 01 002;M1-B00163XV-- 01 003;M1-B00163XV-- 01 004,0.979,VALIDATED_SHADOW_REVIEW,SHADOW_REVIEW_READY,True,True,False,True,True,28.21,29.18,26.39,1.82,6.45,2.79,9.56,28.21,26.39,1.82,6.45,33.54,33.55,31.79,35.32,32.24,39.24,MEDIUM,False,0,WITHIN_SAFE_BOUNDS,VALID_ROUTE_STAGES,RAW_BEST_CANDIDATE,INSUFFICIENT_VALID_CANDIDATES_COUNT,47.0,51.0,4.0,5.0,5.0,0.0,0.0,0.0,0.0,77.0,45.0,-32.0
2024~1276807,1,M1-B00458---- 12 003,MB02,CarbonBlack,OilWet,CarbonBlack_OilWet,PRIORITY_OPERATIONAL_HISTORY,EXACT_RECIPE_MIXER_ROUTE,L3_SHADOW_REVIEW_READY,1121,5,M1-B00458XV-- 01 002;M1-B00458B1-- 02 003;M1-B00458XM-- 04 002;M1-B00458B1-- 02 002;M1-B00458---- 12 008,0.997,VALIDATED_SHADOW_REVIEW,SHADOW_REVIEW_READY,True,True,False,True,True,27.04,27.9,25.64,1.4,5.18,2.26,8.1,27.04,25.64,1.4,5.18,40.68,40.74,38.97,42.5,35.99,42.99,HIGH,False,20,WITHIN_SAFE_BOUNDS,VALID_ROUTE_STAGES,RAW_BEST_CANDIDATE,SAVING_BELOW_THRESHOLD,51.0,60.0,9.0,30.0,5.0,-25.0,0.0,0.0,0.0,54.0,33.0,-21.0
2024~1276807,2,M1-B00458---- 12 003,MB02,CarbonBlack,OilWet,CarbonBlack_OilWet,PRIORITY_OPERATIONAL_HISTORY,EXACT_RECIPE_MIXER_ROUTE,L3_SHADOW_REVIEW_READY,1121,5,M1-B00458XV-- 01 002;M1-B00458B1-- 02 003;M1-B00458XM-- 04 002;M1-B00458B1-- 02 002;M1-B00458---- 12 008,0.997,VALIDATED_SHADOW_REVIEW,SHADOW_REVIEW_READY,True,True,False,True,True,27.69,27.32,25.64,2.05,7.4,1.68,6.15,27.69,25.64,2.05,7.4,41.2,41.2,39.43,42.96,35.99,42.99,HIGH,False,20,WITHIN_SAFE_BOUNDS,VALID_ROUTE_STAGES,RAW_BEST_CANDIDATE,SAVING_BELOW_THRESHOLD,51.0,60.0,9.0,5.0,5.0,0.0,0.0,0.0,0.0,55.0,33.0,-22.0
2024~1276807,3,M1-B00458---- 12 003,MB02,CarbonBlack,OilWet,CarbonBlack_OilWet,PRIORITY_OPERATIONAL_HISTORY,EXACT_RECIPE_MIXER_ROUTE,L3_SHADOW_REVIEW_READY,1121,5,M1-B00458XV-- 01 002;M1-B00458B1-- 02 003;M1-B00458XM-- 04 002;M1-B00458---- 12 008;M1-B00458XM-- 04 003,0.996,VALIDATED_SHADOW_REVIEW,SHADOW_REVIEW_READY,True,True,False,True,True,25.67,27.32,25.64,0.03,0.12,1.68,6.15,25.67,25.64,0.03,0.12,40.79,40.79,39.03,42.55,35.99,42.99,HIGH,False,20,WITHIN_SAFE_BOUNDS,VALID_ROUTE_STAGES,RAW_BEST_CANDIDATE,SAVING_BELOW_THRESHOLD,51.0,60.0,9.0,5.0,5.0,0.0,0.0,0.0,0.0,55.0,33.0,-22.0
2024~1276807,4,M1-B00458---- 12 003,MB02,CarbonBlack,OilWet,CarbonBlack_OilWet,PRIORITY_OPERATIONAL_HISTORY,EXACT_RECIPE_MIXER_ROUTE,L3_SHADOW_REVIEW_READY,1121,5,M1-B00458XV-- 01 002;M1-B00458B1-- 02 003;M1-B00458XM-- 04 002;M1-B00458B1-- 02 002;M1-B00458---- 12 008,0.997,VALIDATED_SHADOW_REVIEW,SHADOW_REVIEW_READY,True,True,False,True,True,26.04,27.32,25.64,0.4,1.54,1.68,6.15,26.04,25.64,0.4,1.54,40.87,40.87,39.11,42.64,35.99,42.99,HIGH,False,20,WITHIN_SAFE_BOUNDS,VALID_ROUTE_STAGES,RAW_BEST_CANDIDATE,SAVING_BELOW_THRESHOLD,51.0,60.0,9.0,5.0,5.0,0.0,0.0,0.0,0.0,55.0,33.0,-22.0
2024~1274870,1,M1-B00458---- 12 003,MB02,CarbonBlack,OilWet,CarbonBlack_OilWet,PRIORITY_OPERATIONAL_HISTORY,EXACT_RECIPE_MIXER_ROUTE,L4_PILOT_READY,1121,5,M1-B00458XM-- 04 002;M1-B00458XV-- 01 002;M1-B00458B1-- 02 003;M1-B00458B1-- 02 002;M1-B00458B1-- 02 001,0.998,EXACT_RECIPE_MIXER_PILOT_GATE,PILOT_REVIEW_READY,True,True,False,True,True,28.48,27.53,25.64,2.84,9.97,1.89,6.87,28.48,25.64,2.84,9.97,41.2,41.26,39.5,43.03,36.44333333333333,43.44333333333333,HIGH,False,20,WITHIN_SAFE_BOUNDS,VALID_ROUTE_STAGES,RAW_BEST_CANDIDATE,GATE_PASS_OPTIMAL,51.0,60.0,9.0,26.0,5.0,-21.0,0.0,0.0,0.0,53.0,33.0,-20.0
2024~1274870,2,M1-B00458---- 12 003,MB02,CarbonBlack,OilWet,CarbonBlack_OilWet,PRIORITY_OPERATIONAL_HISTORY,EXACT_RECIPE_MIXER_ROUTE,L3_SHADOW_REVIEW_READY,1121,5,M1-B00458XM-- 04 002;M1-B00458XV-- 01 002;M1-B00458B1-- 02 003;M1-B00458B1-- 02 002;M1-B00458B1-- 02 001,0.998,VALIDATED_SHADOW_REVIEW,SHADOW_REVIEW_READY,True,True,False,True,True,27.43,27.9,25.64,1.79,6.53,2.26,8.1,27.43,25.64,1.79,6.53,40.89,40.95,39.19,42.72,36.44333333333333,43.44333333333333,HIGH,False,20,WITHIN_SAFE_BOUNDS,VALID_ROUTE_STAGES,RAW_BEST_CANDIDATE,SAVING_BELOW_THRESHOLD,51.0,60.0,9.0,32.0,5.0,-27.0,0.0,0.0,0.0,53.0,33.0,-20.0
2024~1274870,3,M1-B00458---- 12 003,MB02,CarbonBlack,OilWet,CarbonBlack_OilWet,PRIORITY_OPERATIONAL_HISTORY,EXACT_RECIPE_MIXER_ROUTE,L3_SHADOW_REVIEW_READY,1121,5,M1-B00458XM-- 04 002;M1-B00458XV-- 01 002;M1-B00458B1-- 02 003;M1-B00458B1-- 02 002;M1-B00458B1-- 02 001,0.998,VALIDATED_SHADOW_REVIEW,SHADOW_REVIEW_READY,True,True,False,True,True,27.46,27.9,25.64,1.82,6.63,2.26,8.1,27.46,25.64,1.82,6.63,39.84,39.9,38.14,41.67,36.44333333333333,43.44333333333333,HIGH,False,20,WITHIN_SAFE_BOUNDS,VALID_ROUTE_STAGES,RAW_BEST_CANDIDATE,SAVING_BELOW_THRESHOLD,51.0,60.0,9.0,34.0,5.0,-29.0,0.0,0.0,0.0,54.0,33.0,-21.0
2024~1274870,4,M1-B00458---- 12 003,MB02,CarbonBlack,OilWet,CarbonBlack_OilWet,PRIORITY_OPERATIONAL_HISTORY,EXACT_RECIPE_MIXER_ROUTE,L4_PILOT_READY,1121,5,M1-B00458XM-- 04 002;M1-B00458XV-- 01 002;M1-B00458B1-- 02 003;M1-B00458B1-- 02 002;M1-B00458B1-- 02 001,0.996,EXACT_RECIPE_MIXER_PILOT_GATE,PILOT_REVIEW_READY,True,True,False,True,True,27.89,27.9,25.64,2.25,8.07,2.26,8.1,27.89,25.64,2.25,8.07,40.61,40.68,38.91,42.44,36.44333333333333,43.44333333333333,HIGH,False,20,WITHIN_SAFE_BOUNDS,VALID_ROUTE_STAGES,RAW_BEST_CANDIDATE,GATE_PASS_OPTIMAL,51.0,60.0,9.0,36.0,5.0,-31.0,0.0,0.0,0.0,53.0,33.0,-20.0
2024~1275991,1,M1-B00458---- 12 003,MB02,CarbonBlack,OilWet,CarbonBlack_OilWet,PRIORITY_OPERATIONAL_HISTORY,EXACT_RECIPE_MIXER_ROUTE,L3_SHADOW_REVIEW_READY,1121,5,M1-B00458XM-- 04 002;M1-B00458XV-- 01 002;M1-B00458B1-- 02 002;M1-B00458B1-- 02 003;M1-B00458B1-- 02 001,0.999,VALIDATED_SHADOW_REVIEW,SHADOW_REVIEW_READY,True,True,False,True,True,27.26,27.53,25.64,1.62,5.94,1.89,6.87,27.26,25.64,1.62,5.94,40.22,40.22,38.45,41.98,36.62,43.62,HIGH,False,20,WITHIN_SAFE_BOUNDS,VALID_ROUTE_STAGES,RAW_BEST_CANDIDATE,SAVING_BELOW_THRESHOLD,51.0,60.0,9.0,21.0,5.0,-16.0,0.0,0.0,0.0,54.0,33.0,-21.0
2024~1275991,2,M1-B00458---- 12 003,MB02,CarbonBlack,OilWet,CarbonBlack_OilWet,PRIORITY_OPERATIONAL_HISTORY,EXACT_RECIPE_MIXER_ROUTE,L3_SHADOW_REVIEW_READY,1121,5,M1-B00458XM-- 04 002;M1-B00458XV-- 01 002;M1-B00458B1-- 02 002;M1-B00458B1-- 02 003;M1-B00458B1-- 02 001,0.998,VALIDATED_SHADOW_REVIEW,SHADOW_REVIEW_READY,True,True,False,True,True,27.63,27.69,25.64,1.99,7.2,2.05,7.4,27.63,25.64,1.99,7.2,40.11,40.11,38.35,41.87,36.62,43.62,HIGH,False,20,WITHIN_SAFE_BOUNDS,VALID_ROUTE_STAGES,RAW_BEST_CANDIDATE,SAVING_BELOW_THRESHOLD,51.0,60.0,9.0,27.0,5.0,-22.0,0.0,0.0,0.0,52.0,33.0,-19.0
2024~1282357,2,M1-B00163R4-- 01 003,MB02,CarbonBlack,OilWet,CarbonBlack_OilWet,PRIORITY_OPERATIONAL_HISTORY,EXACT_RECIPE_MIXER_ROUTE,L3_SHADOW_REVIEW_READY,47,5,M1-B00163R4-- 01 004;M1-B00163XV-- 01 001;M1-B00163XV-- 01 002;M1-B00163XM-- 02 003;M1-B00163XV-- 01 003,0.975,VALIDATED_SHADOW_REVIEW,SHADOW_REVIEW_READY,True,True,False,True,True,27.77,29.32,26.39,1.38,4.97,2.93,9.99,27.77,26.39,1.38,4.97,34.63,34.64,32.88,36.41,31.130000000000003,38.13,HIGH,False,8,WITHIN_SAFE_BOUNDS,VALID_ROUTE_STAGES,RAW_BEST_CANDIDATE,INSUFFICIENT_VALID_CANDIDATES_COUNT,46.0,51.0,5.0,15.0,5.0,-10.0,0.0,0.0,0.0,75.0,45.0,-30.0
2024~1282357,22,M1-B00163R4-- 01 003,MB02,CarbonBlack,OilWet,CarbonBlack_OilWet,PRIORITY_OPERATIONAL_HISTORY,EXACT_RECIPE_MIXER_ROUTE,L3_SHADOW_REVIEW_READY,47,5,M1-B00163R4-- 01 004;M1-B00163XV-- 01 001;M1-B00163XV-- 01 002;M1-B00163XV-- 01 003;M1-B00163XV-- 01 004,0.987,VALIDATED_SHADOW_REVIEW,SHADOW_REVIEW_READY,True,True,False,True,True,27.09,29.13,26.39,0.7,2.58,2.74,9.41,27.09,26.39,0.7,2.58,34.0,34.02,32.25,35.78,29.92,36.92,HIGH,False,8,WITHIN_SAFE_BOUNDS,VALID_ROUTE_STAGES,RAW_BEST_CANDIDATE,INSUFFICIENT_VALID_CANDIDATES_COUNT,47.0,51.0,4.0,5.0,5.0,0.0,0.0,0.0,0.0,75.0,45.0,-30.0
2024~1282357,26,M1-B00163R4-- 01 003,MB02,CarbonBlack,OilWet,CarbonBlack_OilWet,PRIORITY_OPERATIONAL_HISTORY,EXACT_RECIPE_MIXER_ROUTE,L3_SHADOW_REVIEW_READY,47,5,M1-B00163R4-- 01 004;M1-B00163XV-- 01 001;M1-B00163XV-- 01 002;M1-B00163XV-- 01 003;M1-B00163XM-- 02 003,0.983,VALIDATED_SHADOW_REVIEW,SHADOW_REVIEW_READY,True,True,False,True,True,28.1,29.13,26.39,1.71,6.09,2.74,9.41,28.1,26.39,1.71,6.09,33.7,33.7,31.94,35.47,31.090000000000003,38.09,HIGH,False,8,WITHIN_SAFE_BOUNDS,VALID_ROUTE_STAGES,RAW_BEST_CANDIDATE,INSUFFICIENT_VALID_CANDIDATES_COUNT,47.0,51.0,4.0,5.0,5.0,0.0,0.0,0.0,0.0,74.0,45.0,-29.0
2024~1278656,7,M1-B00163R4-- 01 003,MB02,CarbonBlack,OilWet,CarbonBlack_OilWet,PRIORITY_OPERATIONAL_HISTORY,EXACT_RECIPE_MIXER_ROUTE,L3_SHADOW_REVIEW_READY,47,5,M1-B00163R4-- 01 004;M1-B00163XV-- 01 001;M1-B00163XV-- 01 002;M1-B00163XV-- 01 003;M1-B00163XV-- 01 004,0.989,VALIDATED_SHADOW_REVIEW,SHADOW_REVIEW_READY,True,True,False,True,True,27.5,29.13,26.39,1.11,4.04,2.74,9.41,27.5,26.39,1.11,4.04,33.17,33.18,31.42,34.94,29.759999999999998,36.76,HIGH,False,8,WITHIN_SAFE_BOUNDS,VALID_ROUTE_STAGES,RAW_BEST_CANDIDATE,INSUFFICIENT_VALID_CANDIDATES_COUNT,47.0,51.0,4.0,5.0,5.0,0.0,0.0,0.0,0.0,75.0,45.0,-30.0
2024~1278656,8,M1-B00163R4-- 01 003,MB02,CarbonBlack,OilWet,CarbonBlack_OilWet,PRIORITY_OPERATIONAL_HISTORY,EXACT_RECIPE_MIXER_ROUTE,L3_SHADOW_REVIEW_READY,47,5,M1-B00163R4-- 01 004;M1-B00163XV-- 01 001;M1-B00163XV-- 01 002;M1-B00163XV-- 01 003;M1-B00163XM-- 02 003,0.988,VALIDATED_SHADOW_REVIEW,SHADOW_REVIEW_READY,True,True,False,True,True,27.52,29.13,26.39,1.13,4.11,2.74,9.41,27.52,26.39,1.13,4.11,33.21,33.23,31.46,34.99,29.759999999999998,36.76,HIGH,False,8,WITHIN_SAFE_BOUNDS,VALID_ROUTE_STAGES,RAW_BEST_CANDIDATE,INSUFFICIENT_VALID_CANDIDATES_COUNT,47.0,51.0,4.0,5.0,5.0,0.0,0.0,0.0,0.0,76.0,45.0,-31.0
2024~1278656,9,M1-B00163R4-- 01 003,MB02,CarbonBlack,OilWet,CarbonBlack_OilWet,PRIORITY_OPERATIONAL_HISTORY,EXACT_RECIPE_MIXER_ROUTE,L3_SHADOW_REVIEW_READY,47,5,M1-B00163R4-- 01 004;M1-B00163XV-- 01 001;M1-B00163XV-- 01 002;M1-B00163XV-- 01 003;M1-B00163XM-- 02 003,0.987,VALIDATED_SHADOW_REVIEW,SHADOW_REVIEW_READY,True,True,False,True,True,27.39,29.13,26.39,1.0,3.65,2.74,9.41,27.39,26.39,1.0,3.65,33.2,33.21,31.45,34.98,29.759999999999998,36.76,HIGH,False,8,WITHIN_SAFE_BOUNDS,VALID_ROUTE_STAGES,RAW_BEST_CANDIDATE,INSUFFICIENT_VALID_CANDIDATES_COUNT,47.0,51.0,4.0,5.0,5.0,0.0,0.0,0.0,0.0,75.0,45.0,-30.0
2024~1278656,10,M1-B00163R4-- 01 003,MB02,CarbonBlack,OilWet,CarbonBlack_OilWet,PRIORITY_OPERATIONAL_HISTORY,EXACT_RECIPE_MIXER_ROUTE,L3_SHADOW_REVIEW_READY,47,5,M1-B00163R4-- 01 004;M1-B00163XV-- 01 001;M1-B00163XV-- 01 002;M1-B00163XV-- 01 003;M1-B00163XV-- 01 004,0.988,VALIDATED_SHADOW_REVIEW,SHADOW_REVIEW_READY,True,True,False,True,True,29.09,29.32,26.39,2.7,9.28,2.93,9.99,29.09,26.39,2.7,9.28,33.51,33.51,31.75,35.28,29.759999999999998,36.76,HIGH,False,8,WITHIN_SAFE_BOUNDS,VALID_ROUTE_STAGES,RAW_BEST_CANDIDATE,INSUFFICIENT_VALID_CANDIDATES_COUNT,47.0,51.0,4.0,17.0,5.0,-12.0,0.0,0.0,0.0,75.0,45.0,-30.0
2024~1313395,1,M1-B00163RT-- 01 001,MB02,CarbonBlack,OilWet,CarbonBlack_OilWet,PRIORITY_OPERATIONAL_HISTORY,EXACT_RECIPE_MIXER_ROUTE,L2_PRELIMINARY_RECIPE_WINDOW,20,5,M1-B00163RT-- 01 002;M1-A00205W3-- 03 003;M1-A00205W4-- 01 001;M1-A00205W3-- 03 002;M1-B00163R4-- 01 003,0.988,SHADOW_REVIEW_ONLY_WITH_PRELIMINARY_WINDOW,SHADOW_REVIEW_ONLY,True,True,False,True,True,30.12,29.84,29.42,0.7,2.32,0.42,1.41,30.12,29.42,0.7,2.32,56.0,56.0,54.23,57.76,51.93,58.93,HIGH,False,0,OUT_OF_SAFE_BOUNDS,VALID_ROUTE_STAGES,RAW_BEST_CANDIDATE,REJECTED_OUT_OF_SAFE_BOUNDS,34.0,35.0,1.0,3.0,19.0,16.0,0.0,0.0,0.0,97.0,93.0,-4.0
2024~1313395,2,M1-B00163RT-- 01 001,MB02,CarbonBlack,OilWet,CarbonBlack_OilWet,PRIORITY_OPERATIONAL_HISTORY,EXACT_RECIPE_MIXER_ROUTE,L2_PRELIMINARY_RECIPE_WINDOW,20,5,M1-B00163RT-- 01 002;M1-A00205W3-- 03 003;M1-A00205W4-- 01 001;M1-A00205W3-- 03 002;M1-B00163R4-- 01 003,0.991,SHADOW_REVIEW_ONLY_WITH_PRELIMINARY_WINDOW,SHADOW_REVIEW_ONLY,True,True,False,True,True,29.77,29.92,29.51,0.26,0.87,0.41,1.37,29.77,29.51,0.26,0.87,55.56,55.56,53.8,57.32,51.93,58.93,HIGH,False,0,OUT_OF_SAFE_BOUNDS,VALID_ROUTE_STAGES,RAW_BEST_CANDIDATE,REJECTED_OUT_OF_SAFE_BOUNDS,34.0,35.0,1.0,5.0,19.0,14.0,0.0,0.0,0.0,97.0,93.0,-4.0
2024~1313395,3,M1-B00163RT-- 01 001,MB02,CarbonBlack,OilWet,CarbonBlack_OilWet,PRIORITY_OPERATIONAL_HISTORY,EXACT_RECIPE_MIXER_ROUTE,L2_PRELIMINARY_RECIPE_WINDOW,20,5,M1-B00163RT-- 01 002;M1-A00205W3-- 03 003;M1-A00205W4-- 01 001;M1-A00205W3-- 03 002;M1-B00163R4-- 01 003,0.993,SHADOW_REVIEW_ONLY_WITH_PRELIMINARY_WINDOW,SHADOW_REVIEW_ONLY,True,True,False,True,True,28.88,29.84,29.42,-0.54,-1.87,0.42,1.41,28.88,29.42,-0.54,-1.87,56.01,56.01,54.25,57.78,51.93,58.93,HIGH,False,0,OUT_OF_SAFE_BOUNDS,VALID_ROUTE_STAGES,RAW_BEST_CANDIDATE,REJECTED_OUT_OF_SAFE_BOUNDS,34.0,35.0,1.0,5.0,19.0,14.0,0.0,0.0,0.0,98.0,93.0,-5.0
2024~1313395,4,M1-B00163RT-- 01 001,MB02,CarbonBlack,OilWet,CarbonBlack_OilWet,PRIORITY_OPERATIONAL_HISTORY,EXACT_RECIPE_MIXER_ROUTE,L2_PRELIMINARY_RECIPE_WINDOW,20,5,M1-B00163RT-- 01 002;M1-A00205W3-- 03 003;M1-A00205W4-- 01 001;M1-A00205W3-- 03 002;M1-B00163R4-- 01 003,0.992,SHADOW_REVIEW_ONLY_WITH_PRELIMINARY_WINDOW,SHADOW_REVIEW_ONLY,True,True,False,True,True,29.89,29.84,29.42,0.47,1.57,0.42,1.41,29.89,29.42,0.47,1.57,56.3,56.3,54.54,58.07,51.93,58.93,HIGH,False,0,OUT_OF_SAFE_BOUNDS,VALID_ROUTE_STAGES,RAW_BEST_CANDIDATE,REJECTED_OUT_OF_SAFE_BOUNDS,34.0,35.0,1.0,5.0,19.0,14.0,0.0,0.0,0.0,97.0,93.0,-4.0
2024~1313395,5,M1-B00163RT-- 01 001,MB02,CarbonBlack,OilWet,CarbonBlack_OilWet,PRIORITY_OPERATIONAL_HISTORY,EXACT_RECIPE_MIXER_ROUTE,L2_PRELIMINARY_RECIPE_WINDOW,20,5,M1-B00163RT-- 01 002;M1-A00205W3-- 03 003;M1-A00205W4-- 01 001;M1-A00205W3-- 03 002;M1-B00163R4-- 01 003,0.994,SHADOW_REVIEW_ONLY_WITH_PRELIMINARY_WINDOW,SHADOW_REVIEW_ONLY,True,True,False,True,True,29.79,29.84,29.42,0.37,1.24,0.42,1.41,29.79,29.42,0.37,1.24,56.62,56.62,54.85,58.38,52.74,59.74,HIGH,False,3,OUT_OF_SAFE_BOUNDS,VALID_ROUTE_STAGES,RAW_BEST_CANDIDATE,REJECTED_OUT_OF_SAFE_BOUNDS,34.0,35.0,1.0,5.0,19.0,14.0,0.0,0.0,0.0,97.0,93.0,-4.0
2024~1313395,6,M1-B00163RT-- 01 001,MB02,CarbonBlack,OilWet,CarbonBlack_OilWet,PRIORITY_OPERATIONAL_HISTORY,EXACT_RECIPE_MIXER_ROUTE,L2_PRELIMINARY_RECIPE_WINDOW,20,5,M1-B00163RT-- 01 002;M1-A00205W3-- 03 003;M1-A00205W4-- 01 001;M1-A00205W3-- 03 002;M1-B00163R4-- 01 003,0.995,SHADOW_REVIEW_ONLY_WITH_PRELIMINARY_WINDOW,SHADOW_REVIEW_ONLY,True,True,False,True,True,29.27,30.03,29.42,-0.15,-0.51,0.61,2.03,29.27,29.42,-0.15,-0.51,56.31,56.31,54.55,58.08,52.74,59.74,HIGH,False,3,OUT_OF_SAFE_BOUNDS,VALID_ROUTE_STAGES,RAW_BEST_CANDIDATE,REJECTED_OUT_OF_SAFE_BOUNDS,34.0,35.0,1.0,17.0,19.0,2.0,0.0,0.0,0.0,97.0,93.0,-4.0
2024~1313395,7,M1-B00163RT-- 01 001,MB02,CarbonBlack,OilWet,CarbonBlack_OilWet,PRIORITY_OPERATIONAL_HISTORY,EXACT_RECIPE_MIXER_ROUTE,L2_PRELIMINARY_RECIPE_WINDOW,20,5,M1-B00163RT-- 01 002;M1-A00205W3-- 03 003;M1-A00205W4-- 01 001;M1-A00205W3-- 03 002;M1-B00163R4-- 01 003,0.993,SHADOW_REVIEW_ONLY_WITH_PRELIMINARY_WINDOW,SHADOW_REVIEW_ONLY,True,True,False,True,True,29.63,29.84,29.42,0.21,0.71,0.42,1.41,29.63,29.42,0.21,0.71,57.01,57.01,55.25,58.78,52.74,59.74,HIGH,False,3,OUT_OF_SAFE_BOUNDS,VALID_ROUTE_STAGES,RAW_BEST_CANDIDATE,REJECTED_OUT_OF_SAFE_BOUNDS,34.0,35.0,1.0,5.0,19.0,14.0,0.0,0.0,0.0,97.0,93.0,-4.0
2024~1313395,8,M1-B00163RT-- 01 001,MB02,CarbonBlack,OilWet,CarbonBlack_OilWet,PRIORITY_OPERATIONAL_HISTORY,EXACT_RECIPE_MIXER_ROUTE,L2_PRELIMINARY_RECIPE_WINDOW,20,5,M1-B00163RT-- 01 002;M1-A00205W3-- 03 003;M1-A00205W4-- 01 001;M1-A00205W3-- 03 002;M1-B00163R4-- 01 003,0.994,SHADOW_REVIEW_ONLY_WITH_PRELIMINARY_WINDOW,SHADOW_REVIEW_ONLY,True,True,False,True,True,29.51,29.84,29.42,0.09,0.3,0.42,1.41,29.51,29.42,0.09,0.3,56.91,56.91,55.15,58.68,52.74,59.74,HIGH,False,3,OUT_OF_SAFE_BOUNDS,VALID_ROUTE_STAGES,RAW_BEST_CANDIDATE,REJECTED_OUT_OF_SAFE_BOUNDS,34.0,35.0,1.0,5.0,19.0,14.0,0.0,0.0,0.0,97.0,93.0,-4.0
2024~1339461,1,M1-B00163RT-- 01 001,MB02,CarbonBlack,OilWet,CarbonBlack_OilWet,PRIORITY_OPERATIONAL_HISTORY,EXACT_RECIPE_MIXER_ROUTE,L2_PRELIMINARY_RECIPE_WINDOW,20,5,M1-B00163RT-- 01 002;M1-A00205W3-- 03 003;M1-A00205W4-- 01 001;M1-A00205W3-- 03 002;M1-B00163R4-- 01 003,0.988,SHADOW_REVIEW_ONLY_WITH_PRELIMINARY_WINDOW,SHADOW_REVIEW_ONLY,True,True,False,True,True,31.04,30.49,29.48,1.56,5.03,1.01,3.31,31.04,29.48,1.56,5.03,53.57,53.57,51.8,55.33,49.75,56.75,HIGH,False,0,OUT_OF_SAFE_BOUNDS,VALID_ROUTE_STAGES,RAW_BEST_CANDIDATE,REJECTED_OUT_OF_SAFE_BOUNDS,34.0,35.0,1.0,19.0,19.0,0.0,0.0,0.0,0.0,107.0,93.0,-14.0
2024~1339461,2,M1-B00163RT-- 01 001,MB02,CarbonBlack,OilWet,CarbonBlack_OilWet,PRIORITY_OPERATIONAL_HISTORY,EXACT_RECIPE_MIXER_ROUTE,L2_PRELIMINARY_RECIPE_WINDOW,20,5,M1-B00163RT-- 01 002;M1-A00205W3-- 03 003;M1-A00205W4-- 01 001;M1-A00205W3-- 03 002;M1-B00163R4-- 01 003,0.987,SHADOW_REVIEW_ONLY_WITH_PRELIMINARY_WINDOW,SHADOW_REVIEW_ONLY,True,True,False,True,True,32.2,30.51,29.48,2.72,8.45,1.03,3.38,32.2,29.48,2.72,8.45,53.28,53.28,51.51,55.04,49.75,56.75,HIGH,False,0,OUT_OF_SAFE_BOUNDS,VALID_ROUTE_STAGES,RAW_BEST_CANDIDATE,REJECTED_OUT_OF_SAFE_BOUNDS,34.0,35.0,1.0,21.0,19.0,-2.0,0.0,0.0,0.0,106.0,93.0,-13.0
2024~1546770,9,M1-B00163RT-- 01 002,MB02,CarbonBlack,OilWet,CarbonBlack_OilWet,PRIORITY_OPERATIONAL_HISTORY,EXACT_RECIPE_MIXER_ROUTE,L3_SHADOW_REVIEW_READY,58,5,M1-B00163RT-- 01 001;M1-A00205W3-- 03 003;M1-A00205W4-- 01 001;M1-A00205W3-- 03 002;M1-B00163R4-- 01 003,0.988,VALIDATED_SHADOW_REVIEW,SHADOW_REVIEW_READY,True,True,False,True,True,29.94,32.69,25.36,4.58,15.3,7.33,22.42,29.94,25.36,4.58,15.3,57.05,56.9,55.14,58.67,55.26,62.26,HIGH,False,0,OUT_OF_SAFE_BOUNDS,VALID_ROUTE_STAGES,RAW_BEST_CANDIDATE,REJECTED_OUT_OF_SAFE_BOUNDS,34.0,34.0,0.0,19.0,5.0,-14.0,0.0,0.0,0.0,153.0,34.0,-119.0
2024~1546770,10,M1-B00163RT-- 01 002,MB02,CarbonBlack,OilWet,CarbonBlack_OilWet,PRIORITY_OPERATIONAL_HISTORY,EXACT_RECIPE_MIXER_ROUTE,L3_SHADOW_REVIEW_READY,58,5,M1-B00163RT-- 01 001;M1-A00205W3-- 03 003;M1-A00205W4-- 01 001;M1-A00205W3-- 03 002;M1-B00163R4-- 01 003,0.989,VALIDATED_SHADOW_REVIEW,SHADOW_REVIEW_READY,True,True,False,True,True,30.61,32.69,25.36,5.25,17.15,7.33,22.42,30.61,25.36,5.25,17.15,57.14,57.0,55.24,58.76,55.26,62.26,HIGH,False,1,OUT_OF_SAFE_BOUNDS,VALID_ROUTE_STAGES,RAW_BEST_CANDIDATE,REJECTED_OUT_OF_SAFE_BOUNDS,35.0,34.0,-1.0,18.0,5.0,-13.0,0.0,0.0,0.0,152.0,34.0,-118.0
2024~1546770,11,M1-B00163RT-- 01 002,MB02,CarbonBlack,OilWet,CarbonBlack_OilWet,PRIORITY_OPERATIONAL_HISTORY,EXACT_RECIPE_MIXER_ROUTE,L3_SHADOW_REVIEW_READY,58,5,M1-B00163RT-- 01 001;M1-A00205W3-- 03 003;M1-A00205W4-- 01 001;M1-A00205W3-- 03 002;M1-B00163R4-- 01 003,0.992,VALIDATED_SHADOW_REVIEW,SHADOW_REVIEW_READY,True,True,False,True,True,30.96,32.69,25.36,5.6,18.09,7.33,22.42,30.96,25.36,5.6,18.09,57.15,57.01,55.25,58.77,55.26,62.26,HIGH,False,1,OUT_OF_SAFE_BOUNDS,VALID_ROUTE_STAGES,RAW_BEST_CANDIDATE,REJECTED_OUT_OF_SAFE_BOUNDS,34.0,34.0,0.0,19.0,5.0,-14.0,0.0,0.0,0.0,153.0,34.0,-119.0
2024~1546770,12,M1-B00163RT-- 01 002,MB02,CarbonBlack,OilWet,CarbonBlack_OilWet,PRIORITY_OPERATIONAL_HISTORY,EXACT_RECIPE_MIXER_ROUTE,L3_SHADOW_REVIEW_READY,58,5,M1-B00163RT-- 01 001;M1-A00205W3-- 03 003;M1-A00205W4-- 01 001;M1-A00205W3-- 03 002;M1-B00163R4-- 01 003,0.99,VALIDATED_SHADOW_REVIEW,SHADOW_REVIEW_READY,True,True,False,True,True,31.14,32.69,25.36,5.78,18.56,7.33,22.42,31.14,25.36,5.78,18.56,57.07,56.93,55.16,58.69,55.26,62.26,HIGH,False,1,OUT_OF_SAFE_BOUNDS,VALID_ROUTE_STAGES,RAW_BEST_CANDIDATE,REJECTED_OUT_OF_SAFE_BOUNDS,35.0,34.0,-1.0,19.0,5.0,-14.0,0.0,0.0,0.0,154.0,34.0,-120.0
2024~1536999,5,M1-B00163RT-- 01 002,MB02,CarbonBlack,OilWet,CarbonBlack_OilWet,PRIORITY_OPERATIONAL_HISTORY,EXACT_RECIPE_MIXER_ROUTE,L3_SHADOW_REVIEW_READY,58,5,M1-B00163RT-- 01 001;M1-A00205W3-- 03 003;M1-A00205W4-- 01 001;M1-A00205W3-- 03 002;M1-B00163R4-- 01 003,0.99,VALIDATED_SHADOW_REVIEW,SHADOW_REVIEW_READY,True,True,False,True,True,25.71,28.67,25.23,0.48,1.87,3.44,12.0,25.71,25.23,0.48,1.87,56.43,56.43,54.67,58.2,54.01,61.01,HIGH,False,4,OUT_OF_SAFE_BOUNDS,VALID_ROUTE_STAGES,RAW_BEST_CANDIDATE,REJECTED_OUT_OF_SAFE_BOUNDS,34.0,34.0,0.0,18.0,5.0,-13.0,0.0,0.0,0.0,82.0,34.0,-48.0
2024~1536999,6,M1-B00163RT-- 01 002,MB02,CarbonBlack,OilWet,CarbonBlack_OilWet,PRIORITY_OPERATIONAL_HISTORY,EXACT_RECIPE_MIXER_ROUTE,L3_SHADOW_REVIEW_READY,58,5,M1-B00163RT-- 01 001;M1-A00205W3-- 03 003;M1-A00205W4-- 01 001;M1-A00205W3-- 03 002;M1-B00163R4-- 01 003,0.99,VALIDATED_SHADOW_REVIEW,SHADOW_REVIEW_READY,True,True,False,True,True,25.93,28.17,25.23,0.7,2.7,2.94,10.44,25.93,25.23,0.7,2.7,57.42,57.42,55.66,59.19,54.01,61.01,HIGH,False,4,OUT_OF_SAFE_BOUNDS,VALID_ROUTE_STAGES,RAW_BEST_CANDIDATE,REJECTED_OUT_OF_SAFE_BOUNDS,34.0,34.0,0.0,18.0,5.0,-13.0,0.0,0.0,0.0,79.0,34.0,-45.0
2024~1536999,7,M1-B00163RT-- 01 002,MB02,CarbonBlack,OilWet,CarbonBlack_OilWet,PRIORITY_OPERATIONAL_HISTORY,EXACT_RECIPE_MIXER_ROUTE,L3_SHADOW_REVIEW_READY,58,5,M1-B00163RT-- 01 001;M1-A00205W3-- 03 003;M1-A00205W4-- 01 001;M1-A00205W3-- 03 002;M1-B00163R4-- 01 003,0.99,VALIDATED_SHADOW_REVIEW,SHADOW_REVIEW_READY,True,True,False,True,True,26.71,28.67,25.23,1.48,5.54,3.44,12.0,26.71,25.23,1.48,5.54,56.83,56.83,55.06,58.59,54.01,61.01,HIGH,False,4,OUT_OF_SAFE_BOUNDS,VALID_ROUTE_STAGES,RAW_BEST_CANDIDATE,REJECTED_OUT_OF_SAFE_BOUNDS,34.0,34.0,0.0,18.0,5.0,-13.0,0.0,0.0,0.0,83.0,34.0,-49.0
2024~1536999,8,M1-B00163RT-- 01 002,MB02,CarbonBlack,OilWet,CarbonBlack_OilWet,PRIORITY_OPERATIONAL_HISTORY,EXACT_RECIPE_MIXER_ROUTE,L3_SHADOW_REVIEW_READY,58,5,M1-B00163RT-- 01 001;M1-A00205W3-- 03 003;M1-A00205W4-- 01 001;M1-A00205W3-- 03 002;M1-B00163R4-- 01 003,0.992,VALIDATED_SHADOW_REVIEW,SHADOW_REVIEW_READY,True,True,False,True,True,26.3,28.67,25.23,1.07,4.07,3.44,12.0,26.3,25.23,1.07,4.07,56.58,56.58,54.82,58.35,54.01,61.01,HIGH,False,4,OUT_OF_SAFE_BOUNDS,VALID_ROUTE_STAGES,RAW_BEST_CANDIDATE,REJECTED_OUT_OF_SAFE_BOUNDS,34.0,34.0,0.0,16.0,5.0,-11.0,0.0,0.0,0.0,82.0,34.0,-48.0
2024~1539276,5,M1-B00163RT-- 01 002,MB02,CarbonBlack,OilWet,CarbonBlack_OilWet,PRIORITY_OPERATIONAL_HISTORY,EXACT_RECIPE_MIXER_ROUTE,L3_SHADOW_REVIEW_READY,58,5,M1-B00163RT-- 01 001;M1-A00205W3-- 03 003;M1-A00205W4-- 01 001;M1-A00205W3-- 03 002;M1-B00163R4-- 01 003,0.977,VALIDATED_SHADOW_REVIEW,SHADOW_REVIEW_READY,True,True,False,True,True,28.05,28.44,28.44,-0.39,-1.39,0.0,0.0,28.05,28.44,-0.39,-1.39,55.31,55.31,53.54,57.07,49.92,56.92,HIGH,False,1,WITHIN_SAFE_BOUNDS,VALID_ROUTE_STAGES,RAW_BEST_CANDIDATE,INSUFFICIENT_VALID_CANDIDATES_COUNT,34.0,34.0,0.0,5.0,5.0,0.0,0.0,0.0,0.0,82.0,82.0,0.0
2024~1539276,6,M1-B00163RT-- 01 002,MB02,CarbonBlack,OilWet,CarbonBlack_OilWet,PRIORITY_OPERATIONAL_HISTORY,EXACT_RECIPE_MIXER_ROUTE,L3_SHADOW_REVIEW_READY,58,5,M1-B00163RT-- 01 001;M1-A00205W3-- 03 003;M1-A00205W4-- 01 001;M1-A00205W3-- 03 002;M1-B00163R4-- 01 003,0.974,VALIDATED_SHADOW_REVIEW,SHADOW_REVIEW_READY,True,True,False,True,True,28.4,28.52,28.44,-0.04,-0.14,0.08,0.28,28.4,28.44,-0.04,-0.14,55.82,55.81,54.05,57.58,49.92,56.92,MEDIUM,False,0,WITHIN_SAFE_BOUNDS,VALID_ROUTE_STAGES,RAW_BEST_CANDIDATE,INSUFFICIENT_VALID_CANDIDATES_COUNT,34.0,34.0,0.0,5.0,5.0,0.0,0.0,0.0,0.0,84.0,82.0,-2.0
2232835,1,M1-B00458---- 12 005,MB02,CarbonBlack,OilWet,CarbonBlack_OilWet,PRIORITY_OPERATIONAL_HISTORY,EXACT_RECIPE_MIXER_ROUTE,L3_SHADOW_REVIEW_READY,234,5,M1-B00458B1-- 02 001;M1-B00458B1-- 02 002;M1-B00458---- 12 004;M1-B00458XM-- 04 002;M1-B00458---- 12 007,0.999,VALIDATED_SHADOW_REVIEW,SHADOW_REVIEW_READY,True,True,False,True,True,28.39,26.82,26.82,1.57,5.53,0.0,0.0,28.39,26.82,1.57,5.53,41.86,41.86,40.1,43.63,38.85,45.85,HIGH,False,18,OUT_OF_SAFE_BOUNDS,VALID_ROUTE_STAGES,RAW_BEST_CANDIDATE,REJECTED_OUT_OF_SAFE_BOUNDS,45.0,46.0,1.0,14.0,11.0,-3.0,0.0,0.0,0.0,39.0,38.0,-1.0
2232835,2,M1-B00458---- 12 005,MB02,CarbonBlack,OilWet,CarbonBlack_OilWet,PRIORITY_OPERATIONAL_HISTORY,EXACT_RECIPE_MIXER_ROUTE,L3_SHADOW_REVIEW_READY,234,5,M1-B00458B1-- 02 001;M1-B00458B1-- 02 002;M1-B00458---- 12 004;M1-B00458---- 12 007;M1-B00458XM-- 04 002,0.999,VALIDATED_SHADOW_REVIEW,SHADOW_REVIEW_READY,True,True,False,True,True,26.52,26.82,26.82,-0.3,-1.13,0.0,0.0,26.52,26.82,-0.3,-1.13,42.46,42.46,40.69,44.22,38.85,45.85,HIGH,False,18,OUT_OF_SAFE_BOUNDS,VALID_ROUTE_STAGES,RAW_BEST_CANDIDATE,REJECTED_OUT_OF_SAFE_BOUNDS,45.0,46.0,1.0,14.0,11.0,-3.0,0.0,0.0,0.0,38.0,38.0,0.0
2232835,3,M1-B00458---- 12 005,MB02,CarbonBlack,OilWet,CarbonBlack_OilWet,PRIORITY_OPERATIONAL_HISTORY,EXACT_RECIPE_MIXER_ROUTE,L3_SHADOW_REVIEW_READY,234,5,M1-B00458B1-- 02 001;M1-B00458B1-- 02 002;M1-B00458---- 12 004;M1-B00458---- 12 007;M1-B00458XM-- 04 002,0.998,VALIDATED_SHADOW_REVIEW,SHADOW_REVIEW_READY,True,True,False,True,True,26.69,26.81,26.82,-0.13,-0.49,-0.01,-0.04,26.69,26.82,-0.13,-0.49,42.48,42.48,40.72,44.25,38.85,45.85,HIGH,False,18,OUT_OF_SAFE_BOUNDS,VALID_ROUTE_STAGES,RAW_BEST_CANDIDATE,REJECTED_OUT_OF_SAFE_BOUNDS,45.0,46.0,1.0,5.0,11.0,6.0,0.0,0.0,0.0,39.0,38.0,-1.0
2234242,2,M1-B00458---- 12 005,MB02,CarbonBlack,OilWet,CarbonBlack_OilWet,PRIORITY_OPERATIONAL_HISTORY,EXACT_RECIPE_MIXER_ROUTE,L3_SHADOW_REVIEW_READY,234,5,M1-B00458B1-- 02 002;M1-B00458XM-- 04 002;M1-B00458B1-- 02 001;M1-B00458---- 12 007;M1-B00458---- 12 003,0.997,VALIDATED_SHADOW_REVIEW,SHADOW_REVIEW_READY,True,True,False,True,True,26.89,26.82,26.82,0.07,0.26,0.0,0.0,26.89,26.82,0.07,0.26,41.92,41.92,40.16,43.68,37.61,44.61,HIGH,False,18,OUT_OF_SAFE_BOUNDS,VALID_ROUTE_STAGES,RAW_BEST_CANDIDATE,REJECTED_OUT_OF_SAFE_BOUNDS,45.0,46.0,1.0,12.0,11.0,-1.0,0.0,0.0,0.0,37.0,38.0,1.0
2234242,3,M1-B00458---- 12 005,MB02,CarbonBlack,OilWet,CarbonBlack_OilWet,PRIORITY_OPERATIONAL_HISTORY,EXACT_RECIPE_MIXER_ROUTE,L3_SHADOW_REVIEW_READY,234,5,M1-B00458B1-- 02 002;M1-B00458XM-- 04 002;M1-B00458B1-- 02 001;M1-B00458---- 12 007;M1-B00458---- 12 003,0.997,VALIDATED_SHADOW_REVIEW,SHADOW_REVIEW_READY,True,True,False,True,True,26.67,26.82,26.82,-0.15,-0.56,0.0,0.0,26.67,26.82,-0.15,-0.56,42.0,42.0,40.23,43.76,37.61,44.61,HIGH,False,18,OUT_OF_SAFE_BOUNDS,VALID_ROUTE_STAGES,RAW_BEST_CANDIDATE,REJECTED_OUT_OF_SAFE_BOUNDS,45.0,46.0,1.0,11.0,11.0,0.0,0.0,0.0,0.0,38.0,38.0,0.0
2231055,1,M1-B00458---- 12 005,MB02,CarbonBlack,OilWet,CarbonBlack_OilWet,PRIORITY_OPERATIONAL_HISTORY,EXACT_RECIPE_MIXER_ROUTE,L3_SHADOW_REVIEW_READY,234,5,M1-B00458B1-- 02 002;M1-B00458B1-- 02 001;M1-B00458---- 12 004;M1-B00458---- 12 007;M1-B00458XM-- 04 002,0.998,VALIDATED_SHADOW_REVIEW,SHADOW_REVIEW_READY,True,True,False,True,True,27.22,26.82,26.82,0.4,1.47,0.0,0.0,27.22,26.82,0.4,1.47,41.25,41.25,39.49,43.01,38.43333333333333,45.43333333333333,HIGH,False,18,OUT_OF_SAFE_BOUNDS,VALID_ROUTE_STAGES,RAW_BEST_CANDIDATE,REJECTED_OUT_OF_SAFE_BOUNDS,46.0,46.0,0.0,11.0,11.0,0.0,0.0,0.0,0.0,38.0,38.0,0.0
2231055,2,M1-B00458---- 12 005,MB02,CarbonBlack,OilWet,CarbonBlack_OilWet,PRIORITY_OPERATIONAL_HISTORY,EXACT_RECIPE_MIXER_ROUTE,L3_SHADOW_REVIEW_READY,234,5,M1-B00458B1-- 02 001;M1-B00458B1-- 02 002;M1-B00458---- 12 004;M1-B00458XM-- 04 002;M1-B00458---- 12 007,0.999,VALIDATED_SHADOW_REVIEW,SHADOW_REVIEW_READY,True,True,False,True,True,26.63,26.82,26.82,-0.19,-0.71,0.0,0.0,26.63,26.82,-0.19,-0.71,40.63,40.63,38.86,42.39,38.43333333333333,45.43333333333333,HIGH,False,18,OUT_OF_SAFE_BOUNDS,VALID_ROUTE_STAGES,RAW_BEST_CANDIDATE,REJECTED_OUT_OF_SAFE_BOUNDS,45.0,46.0,1.0,12.0,11.0,-1.0,0.0,0.0,0.0,38.0,38.0,0.0
2239709,1,M1-B00458---- 12 005,MB02,CarbonBlack,OilWet,CarbonBlack_OilWet,PRIORITY_OPERATIONAL_HISTORY,EXACT_RECIPE_MIXER_ROUTE,L3_SHADOW_REVIEW_READY,234,5,M1-B00458B1-- 02 003;M1-B00458XV-- 01 002;M1-B00458XM-- 04 003;M1-B00458---- 12 003;M1-B00458---- 12 008,0.998,VALIDATED_SHADOW_REVIEW,SHADOW_REVIEW_READY,True,True,False,True,True,32.09,30.8,27.22,4.87,15.18,3.58,11.62,32.09,27.22,4.87,15.18,40.62,40.62,38.85,42.38,34.693333333333335,41.693333333333335,MEDIUM,False,0,WITHIN_SAFE_BOUNDS,VALID_ROUTE_STAGES,RAW_BEST_CANDIDATE,INSUFFICIENT_VALID_CANDIDATES_COUNT,46.0,45.0,-1.0,11.0,5.0,-6.0,0.0,0.0,0.0,91.0,43.0,-48.0
2239709,2,M1-B00458---- 12 005,MB02,CarbonBlack,OilWet,CarbonBlack_OilWet,PRIORITY_OPERATIONAL_HISTORY,EXACT_RECIPE_MIXER_ROUTE,L3_SHADOW_REVIEW_READY,234,5,M1-B00458B1-- 02 003;M1-B00458XV-- 01 002;M1-B00458XM-- 04 003;M1-B00458---- 12 008;M1-B00458---- 12 003,0.998,VALIDATED_SHADOW_REVIEW,SHADOW_REVIEW_READY,True,True,False,True,True,30.84,29.92,27.22,3.62,11.74,2.7,9.02,30.84,27.22,3.62,11.74,40.34,40.4,38.64,42.16,34.693333333333335,41.693333333333335,MEDIUM,False,0,WITHIN_SAFE_BOUNDS,VALID_ROUTE_STAGES,RAW_BEST_CANDIDATE,INSUFFICIENT_VALID_CANDIDATES_COUNT,45.0,45.0,0.0,14.0,5.0,-9.0,0.0,0.0,0.0,67.0,43.0,-24.0
2241426,1,M1-B00458---- 12 005,MB02,CarbonBlack,OilWet,CarbonBlack_OilWet,PRIORITY_OPERATIONAL_HISTORY,EXACT_RECIPE_MIXER_ROUTE,L3_SHADOW_REVIEW_READY,234,5,M1-B00458B1-- 02 003;M1-B00458XV-- 01 002;M1-B00458XM-- 04 003;M1-B00458---- 12 008;M1-B00458---- 12 003,0.998,VALIDATED_SHADOW_REVIEW,SHADOW_REVIEW_READY,True,True,False,True,True,31.09,30.01,26.87,4.22,13.57,3.14,10.46,31.09,26.87,4.22,13.57,39.91,39.91,38.14,41.67,35.2,42.2,HIGH,False,18,OUT_OF_SAFE_BOUNDS,VALID_ROUTE_STAGES,RAW_BEST_CANDIDATE,REJECTED_OUT_OF_SAFE_BOUNDS,45.0,46.0,1.0,14.0,11.0,-3.0,0.0,0.0,0.0,68.0,38.0,-30.0
2370888,1,M1-B00458---- 12 007,MB02,CarbonBlack,OilWet,CarbonBlack_OilWet,PRIORITY_OPERATIONAL_HISTORY,EXACT_RECIPE_MIXER_ROUTE,L2_PRELIMINARY_RECIPE_WINDOW,19,5,M1-B00458B1-- 02 002;M1-B00458B1-- 02 001;M1-B00458---- 12 005;M1-B00458XM-- 04 002;M1-B00458---- 12 004,0.995,SHADOW_REVIEW_ONLY_WITH_PRELIMINARY_WINDOW,SHADOW_REVIEW_ONLY,True,True,False,True,True,33.92,32.22,32.06,1.86,5.48,0.16,0.5,33.92,32.06,1.86,5.48,41.26,41.26,39.5,43.03,38.06333333333333,45.06333333333333,HIGH,False,4,WITHIN_SAFE_BOUNDS,VALID_ROUTE_STAGES,RAW_BEST_CANDIDATE,INSUFFICIENT_VALID_CANDIDATES_COUNT,50.0,50.0,0.0,17.0,17.0,0.0,0.0,0.0,0.0,103.0,102.0,-1.0
2375891,1,M1-B00458---- 12 007,MB02,CarbonBlack,OilWet,CarbonBlack_OilWet,PRIORITY_OPERATIONAL_HISTORY,EXACT_RECIPE_MIXER_ROUTE,L2_PRELIMINARY_RECIPE_WINDOW,19,5,M1-B00458---- 12 003;M1-B00458XM-- 04 002;M1-B00458XV-- 01 002;M1-B00458---- 12 008;M1-B00458B1-- 02 003,0.994,SHADOW_REVIEW_ONLY_WITH_PRELIMINARY_WINDOW,SHADOW_REVIEW_ONLY,True,True,False,True,True,33.54,32.22,32.06,1.48,4.41,0.16,0.5,33.54,32.06,1.48,4.41,40.29,40.29,38.52,42.05,36.36333333333334,43.36333333333334,HIGH,False,4,WITHIN_SAFE_BOUNDS,VALID_ROUTE_STAGES,RAW_BEST_CANDIDATE,INSUFFICIENT_VALID_CANDIDATES_COUNT,50.0,50.0,0.0,19.0,17.0,-2.0,0.0,0.0,0.0,103.0,102.0,-1.0
2375891,2,M1-B00458---- 12 007,MB02,CarbonBlack,OilWet,CarbonBlack_OilWet,PRIORITY_OPERATIONAL_HISTORY,EXACT_RECIPE_MIXER_ROUTE,L2_PRELIMINARY_RECIPE_WINDOW,19,5,M1-B00458---- 12 003;M1-B00458XM-- 04 002;M1-B00458XV-- 01 002;M1-B00458B1-- 02 003;M1-B00458---- 12 008,0.994,SHADOW_REVIEW_ONLY_WITH_PRELIMINARY_WINDOW,SHADOW_REVIEW_ONLY,True,True,False,True,True,32.6,32.22,32.06,0.54,1.66,0.16,0.5,32.6,32.06,0.54,1.66,40.83,40.83,39.07,42.59,36.36333333333334,43.36333333333334,HIGH,False,4,WITHIN_SAFE_BOUNDS,VALID_ROUTE_STAGES,RAW_BEST_CANDIDATE,INSUFFICIENT_VALID_CANDIDATES_COUNT,50.0,50.0,0.0,18.0,17.0,-1.0,0.0,0.0,0.0,103.0,102.0,-1.0
2375891,3,M1-B00458---- 12 007,MB02,CarbonBlack,OilWet,CarbonBlack_OilWet,PRIORITY_OPERATIONAL_HISTORY,EXACT_RECIPE_MIXER_ROUTE,L2_PRELIMINARY_RECIPE_WINDOW,19,5,M1-B00458---- 12 003;M1-B00458XM-- 04 002;M1-B00458---- 12 008;M1-B00458XV-- 01 002;M1-B00458B1-- 02 003,0.993,SHADOW_REVIEW_ONLY_WITH_PRELIMINARY_WINDOW,SHADOW_REVIEW_ONLY,True,True,False,True,True,31.65,32.22,32.06,-0.41,-1.3,0.16,0.5,31.65,32.06,-0.41,-1.3,40.79,40.79,39.03,42.56,36.36333333333334,43.36333333333334,HIGH,False,4,WITHIN_SAFE_BOUNDS,VALID_ROUTE_STAGES,RAW_BEST_CANDIDATE,INSUFFICIENT_VALID_CANDIDATES_COUNT,50.0,50.0,0.0,18.0,17.0,-1.0,0.0,0.0,0.0,103.0,102.0,-1.0
2370888,2,M1-B00458---- 12 007,MB02,CarbonBlack,OilWet,CarbonBlack_OilWet,PRIORITY_OPERATIONAL_HISTORY,EXACT_RECIPE_MIXER_ROUTE,L2_PRELIMINARY_RECIPE_WINDOW,19,5,M1-B00458B1-- 02 002;M1-B00458B1-- 02 001;M1-B00458---- 12 005;M1-B00458XM-- 04 002;M1-B00458---- 12 004,0.994,SHADOW_REVIEW_ONLY_WITH_PRELIMINARY_WINDOW,SHADOW_REVIEW_ONLY,True,True,False,True,True,32.33,32.37,32.37,-0.04,-0.12,0.0,0.0,32.33,32.37,-0.04,-0.12,41.09,41.09,39.32,42.85,38.06333333333333,45.06333333333333,HIGH,False,4,WITHIN_SAFE_BOUNDS,VALID_ROUTE_STAGES,RAW_BEST_CANDIDATE,INSUFFICIENT_VALID_CANDIDATES_COUNT,50.0,50.0,0.0,15.0,17.0,2.0,0.0,0.0,0.0,102.0,102.0,0.0
2370888,3,M1-B00458---- 12 007,MB02,CarbonBlack,OilWet,CarbonBlack_OilWet,PRIORITY_OPERATIONAL_HISTORY,EXACT_RECIPE_MIXER_ROUTE,L2_PRELIMINARY_RECIPE_WINDOW,19,5,M1-B00458B1-- 02 002;M1-B00458B1-- 02 001;M1-B00458---- 12 005;M1-B00458XM-- 04 002;M1-B00458---- 12 004,0.994,SHADOW_REVIEW_ONLY_WITH_PRELIMINARY_WINDOW,SHADOW_REVIEW_ONLY,True,True,False,True,True,32.11,32.37,32.37,-0.26,-0.81,0.0,0.0,32.11,32.37,-0.26,-0.81,41.24,41.24,39.48,43.01,38.06333333333333,45.06333333333333,HIGH,False,4,WITHIN_SAFE_BOUNDS,VALID_ROUTE_STAGES,RAW_BEST_CANDIDATE,INSUFFICIENT_VALID_CANDIDATES_COUNT,50.0,50.0,0.0,17.0,17.0,0.0,0.0,0.0,0.0,102.0,102.0,0.0
2371157,1,M1-B00458---- 12 007,MB02,CarbonBlack,OilWet,CarbonBlack_OilWet,PRIORITY_OPERATIONAL_HISTORY,EXACT_RECIPE_MIXER_ROUTE,L2_PRELIMINARY_RECIPE_WINDOW,19,5,M1-B00458B1-- 02 002;M1-B00458XM-- 04 002;M1-B00458---- 12 008;M1-B00458B1-- 02 001;M1-B00458---- 12 003,0.992,SHADOW_REVIEW_ONLY_WITH_PRELIMINARY_WINDOW,SHADOW_REVIEW_ONLY,True,True,False,True,True,34.68,32.38,32.37,2.31,6.66,0.01,0.03,34.68,32.37,2.31,6.66,40.81,40.81,39.05,42.58,37.43,44.43,HIGH,False,4,WITHIN_SAFE_BOUNDS,VALID_ROUTE_STAGES,RAW_BEST_CANDIDATE,INSUFFICIENT_VALID_CANDIDATES_COUNT,50.0,50.0,0.0,22.0,17.0,-5.0,0.0,0.0,0.0,102.0,102.0,0.0
2371157,2,M1-B00458---- 12 007,MB02,CarbonBlack,OilWet,CarbonBlack_OilWet,PRIORITY_OPERATIONAL_HISTORY,EXACT_RECIPE_MIXER_ROUTE,L2_PRELIMINARY_RECIPE_WINDOW,19,5,M1-B00458B1-- 02 002;M1-B00458XM-- 04 002;M1-B00458B1-- 02 001;M1-B00458---- 12 008;M1-B00458---- 12 003,0.993,SHADOW_REVIEW_ONLY_WITH_PRELIMINARY_WINDOW,SHADOW_REVIEW_ONLY,True,True,False,True,True,33.39,32.22,32.06,1.33,3.98,0.16,0.5,33.39,32.06,1.33,3.98,40.76,40.76,39.0,42.53,37.43,44.43,HIGH,False,4,WITHIN_SAFE_BOUNDS,VALID_ROUTE_STAGES,RAW_BEST_CANDIDATE,INSUFFICIENT_VALID_CANDIDATES_COUNT,49.0,50.0,1.0,20.0,17.0,-3.0,0.0,0.0,0.0,103.0,102.0,-1.0
2371157,3,M1-B00458---- 12 007,MB02,CarbonBlack,OilWet,CarbonBlack_OilWet,PRIORITY_OPERATIONAL_HISTORY,EXACT_RECIPE_MIXER_ROUTE,L2_PRELIMINARY_RECIPE_WINDOW,19,5,M1-B00458B1-- 02 002;M1-B00458XM-- 04 002;M1-B00458B1-- 02 001;M1-B00458---- 12 003;M1-B00458---- 12 005,0.993,SHADOW_REVIEW_ONLY_WITH_PRELIMINARY_WINDOW,SHADOW_REVIEW_ONLY,True,True,False,True,True,32.15,32.22,32.06,0.09,0.28,0.16,0.5,32.15,32.06,0.09,0.28,40.8,40.8,39.04,42.57,37.43,44.43,HIGH,False,4,WITHIN_SAFE_BOUNDS,VALID_ROUTE_STAGES,RAW_BEST_CANDIDATE,INSUFFICIENT_VALID_CANDIDATES_COUNT,50.0,50.0,0.0,20.0,17.0,-3.0,0.0,0.0,0.0,105.0,102.0,-3.0
2372751,1,M1-B00458---- 12 007,MB02,CarbonBlack,OilWet,CarbonBlack_OilWet,PRIORITY_OPERATIONAL_HISTORY,EXACT_RECIPE_MIXER_ROUTE,L2_PRELIMINARY_RECIPE_WINDOW,19,5,M1-B00458---- 12 008;M1-B00458---- 12 003;M1-B00458XM-- 04 003;M1-B00458XV-- 01 002;M1-B00458B1-- 02 003,0.995,SHADOW_REVIEW_ONLY_WITH_PRELIMINARY_WINDOW,SHADOW_REVIEW_ONLY,True,True,False,True,True,36.96,32.53,32.37,4.59,12.42,0.16,0.49,36.96,32.37,4.59,12.42,39.99,39.99,38.23,41.76,35.830000000000005,42.830000000000005,HIGH,False,4,WITHIN_SAFE_BOUNDS,VALID_ROUTE_STAGES,RAW_BEST_CANDIDATE,INSUFFICIENT_VALID_CANDIDATES_COUNT,49.0,50.0,1.0,16.0,17.0,1.0,0.0,0.0,0.0,104.0,102.0,-2.0
2384219,1,M1-B00458---- 12 008,MB02,CarbonBlack,OilWet,CarbonBlack_OilWet,PRIORITY_OPERATIONAL_HISTORY,EXACT_RECIPE_MIXER_ROUTE,L2_PRELIMINARY_RECIPE_WINDOW,25,5,M1-B00458XM-- 04 003;M1-B00458XV-- 01 002;M1-B00458B1-- 02 003;M1-B00458---- 12 003;M1-B00458XM-- 04 002,0.997,SHADOW_REVIEW_ONLY_WITH_PRELIMINARY_WINDOW,SHADOW_REVIEW_ONLY,True,True,False,True,True,33.9,32.54,32.18,1.72,5.07,0.36,1.11,33.9,32.18,1.72,5.07,40.21,40.21,38.44,41.97,35.25333333333334,42.25333333333334,HIGH,False,5,WITHIN_SAFE_BOUNDS,VALID_ROUTE_STAGES,RAW_BEST_CANDIDATE,INSUFFICIENT_VALID_CANDIDATES_COUNT,51.0,56.0,5.0,21.0,17.0,-4.0,0.0,0.0,0.0,103.0,95.0,-8.0
2384219,2,M1-B00458---- 12 008,MB02,CarbonBlack,OilWet,CarbonBlack_OilWet,PRIORITY_OPERATIONAL_HISTORY,EXACT_RECIPE_MIXER_ROUTE,L2_PRELIMINARY_RECIPE_WINDOW,25,5,M1-B00458XV-- 01 002;M1-B00458B1-- 02 003;M1-B00458XM-- 04 003;M1-B00458---- 12 003;M1-B00458XM-- 04 002,0.997,SHADOW_REVIEW_ONLY_WITH_PRELIMINARY_WINDOW,SHADOW_REVIEW_ONLY,True,True,False,True,True,32.1,32.22,31.88,0.22,0.69,0.34,1.06,32.1,31.88,0.22,0.69,40.6,40.6,38.83,42.36,35.25333333333334,42.25333333333334,HIGH,False,0,WITHIN_SAFE_BOUNDS,VALID_ROUTE_STAGES,RAW_BEST_CANDIDATE,INSUFFICIENT_VALID_CANDIDATES_COUNT,50.0,56.0,6.0,19.0,17.0,-2.0,0.0,0.0,0.0,103.0,95.0,-8.0
2384219,3,M1-B00458---- 12 008,MB02,CarbonBlack,OilWet,CarbonBlack_OilWet,PRIORITY_OPERATIONAL_HISTORY,EXACT_RECIPE_MIXER_ROUTE,L2_PRELIMINARY_RECIPE_WINDOW,25,5,M1-B00458XV-- 01 002;M1-B00458B1-- 02 003;M1-B00458---- 12 003;M1-B00458XM-- 04 003;M1-B00458XM-- 04 002,0.998,SHADOW_REVIEW_ONLY_WITH_PRELIMINARY_WINDOW,SHADOW_REVIEW_ONLY,True,True,False,True,True,30.96,32.22,31.88,-0.92,-2.97,0.34,1.06,30.96,31.88,-0.92,-2.97,40.59,40.59,38.82,42.35,35.25333333333334,42.25333333333334,HIGH,False,0,WITHIN_SAFE_BOUNDS,VALID_ROUTE_STAGES,RAW_BEST_CANDIDATE,INSUFFICIENT_VALID_CANDIDATES_COUNT,51.0,56.0,5.0,18.0,17.0,-1.0,0.0,0.0,0.0,104.0,95.0,-9.0
2384219,4,M1-B00458---- 12 008,MB02,CarbonBlack,OilWet,CarbonBlack_OilWet,PRIORITY_OPERATIONAL_HISTORY,EXACT_RECIPE_MIXER_ROUTE,L2_PRELIMINARY_RECIPE_WINDOW,25,5,M1-B00458XV-- 01 002;M1-B00458B1-- 02 003;M1-B00458XM-- 04 003;M1-B00458---- 12 003;M1-B00458XM-- 04 002,0.996,SHADOW_REVIEW_ONLY_WITH_PRELIMINARY_WINDOW,SHADOW_REVIEW_ONLY,True,True,False,True,True,31.91,32.06,31.88,0.03,0.09,0.18,0.56,31.91,31.88,0.03,0.09,40.54,40.54,38.78,42.3,35.25333333333334,42.25333333333334,HIGH,False,0,WITHIN_SAFE_BOUNDS,VALID_ROUTE_STAGES,RAW_BEST_CANDIDATE,INSUFFICIENT_VALID_CANDIDATES_COUNT,51.0,56.0,5.0,19.0,17.0,-2.0,0.0,0.0,0.0,102.0,95.0,-7.0
2391327,1,M1-B00458---- 12 008,MB02,CarbonBlack,OilWet,CarbonBlack_OilWet,PRIORITY_OPERATIONAL_HISTORY,EXACT_RECIPE_MIXER_ROUTE,L2_PRELIMINARY_RECIPE_WINDOW,25,5,M1-B00458B1-- 02 002;M1-B00458XM-- 04 002;M1-B00458B1-- 02 001;M1-B00458---- 12 005;M1-B00458---- 12 007,0.995,SHADOW_REVIEW_ONLY_WITH_PRELIMINARY_WINDOW,SHADOW_REVIEW_ONLY,True,True,False,True,True,32.96,32.22,31.88,1.08,3.28,0.34,1.06,32.96,31.88,1.08,3.28,40.87,40.87,39.1,42.63,37.56,44.56,HIGH,False,5,WITHIN_SAFE_BOUNDS,VALID_ROUTE_STAGES,RAW_BEST_CANDIDATE,INSUFFICIENT_VALID_CANDIDATES_COUNT,50.0,56.0,6.0,18.0,17.0,-1.0,0.0,0.0,0.0,103.0,95.0,-8.0
2391327,2,M1-B00458---- 12 008,MB02,CarbonBlack,OilWet,CarbonBlack_OilWet,PRIORITY_OPERATIONAL_HISTORY,EXACT_RECIPE_MIXER_ROUTE,L2_PRELIMINARY_RECIPE_WINDOW,25,5,M1-B00458---- 12 005;M1-B00458B1-- 02 001;M1-B00458B1-- 02 002;M1-B00458---- 12 004;M1-B00458---- 12 007,0.997,SHADOW_REVIEW_ONLY_WITH_PRELIMINARY_WINDOW,SHADOW_REVIEW_ONLY,True,True,False,True,True,32.07,32.22,31.88,0.19,0.59,0.34,1.06,32.07,31.88,0.19,0.59,41.02,41.02,39.26,42.79,38.91,45.91,HIGH,False,4,WITHIN_SAFE_BOUNDS,VALID_ROUTE_STAGES,RAW_BEST_CANDIDATE,INSUFFICIENT_VALID_CANDIDATES_COUNT,50.0,56.0,6.0,18.0,17.0,-1.0,0.0,0.0,0.0,103.0,95.0,-8.0
2391327,3,M1-B00458---- 12 008,MB02,CarbonBlack,OilWet,CarbonBlack_OilWet,PRIORITY_OPERATIONAL_HISTORY,EXACT_RECIPE_MIXER_ROUTE,L2_PRELIMINARY_RECIPE_WINDOW,25,5,M1-B00458B1-- 02 002;M1-B00458---- 12 007;M1-B00458B1-- 02 001;M1-B00458---- 12 005;M1-B00458XM-- 04 002,0.997,SHADOW_REVIEW_ONLY_WITH_PRELIMINARY_WINDOW,SHADOW_REVIEW_ONLY,True,True,False,True,True,31.86,32.22,31.88,-0.02,-0.06,0.34,1.06,31.86,31.88,-0.02,-0.06,40.88,40.88,39.11,42.64,37.89,44.89,HIGH,False,5,WITHIN_SAFE_BOUNDS,VALID_ROUTE_STAGES,RAW_BEST_CANDIDATE,INSUFFICIENT_VALID_CANDIDATES_COUNT,50.0,56.0,6.0,19.0,17.0,-2.0,0.0,0.0,0.0,104.0,95.0,-9.0
2391327,4,M1-B00458---- 12 008,MB02,CarbonBlack,OilWet,CarbonBlack_OilWet,PRIORITY_OPERATIONAL_HISTORY,EXACT_RECIPE_MIXER_ROUTE,L2_PRELIMINARY_RECIPE_WINDOW,25,5,M1-B00458B1-- 02 002;M1-B00458---- 12 007;M1-B00458B1-- 02 001;M1-B00458XM-- 04 002;M1-B00458---- 12 005,0.996,SHADOW_REVIEW_ONLY_WITH_PRELIMINARY_WINDOW,SHADOW_REVIEW_ONLY,True,True,False,True,True,32.89,32.06,31.88,1.01,3.07,0.18,0.56,32.89,31.88,1.01,3.07,40.84,40.84,39.07,42.6,37.89,44.89,HIGH,False,5,WITHIN_SAFE_BOUNDS,VALID_ROUTE_STAGES,RAW_BEST_CANDIDATE,INSUFFICIENT_VALID_CANDIDATES_COUNT,51.0,56.0,5.0,19.0,17.0,-2.0,0.0,0.0,0.0,102.0,95.0,-7.0
2391327,5,M1-B00458---- 12 008,MB02,CarbonBlack,OilWet,CarbonBlack_OilWet,PRIORITY_OPERATIONAL_HISTORY,EXACT_RECIPE_MIXER_ROUTE,L2_PRELIMINARY_RECIPE_WINDOW,25,5,M1-B00458---- 12 007;M1-B00458B1-- 02 002;M1-B00458B1-- 02 001;M1-B00458XM-- 04 002;M1-B00458---- 12 005,0.996,SHADOW_REVIEW_ONLY_WITH_PRELIMINARY_WINDOW,SHADOW_REVIEW_ONLY,True,True,False,True,True,30.74,32.53,32.18,-1.44,-4.68,0.35,1.08,30.74,32.18,-1.44,-4.68,40.8,40.8,39.03,42.56,37.89,44.89,HIGH,False,5,WITHIN_SAFE_BOUNDS,VALID_ROUTE_STAGES,RAW_BEST_CANDIDATE,INSUFFICIENT_VALID_CANDIDATES_COUNT,51.0,56.0,5.0,17.0,17.0,0.0,0.0,0.0,0.0,103.0,95.0,-8.0
2391327,6,M1-B00458---- 12 008,MB02,CarbonBlack,OilWet,CarbonBlack_OilWet,PRIORITY_OPERATIONAL_HISTORY,EXACT_RECIPE_MIXER_ROUTE,L2_PRELIMINARY_RECIPE_WINDOW,25,5,M1-B00458B1-- 02 002;M1-B00458---- 12 007;M1-B00458B1-- 02 001;M1-B00458---- 12 005;M1-B00458XM-- 04 002,0.997,SHADOW_REVIEW_ONLY_WITH_PRELIMINARY_WINDOW,SHADOW_REVIEW_ONLY,True,True,False,True,True,31.31,32.22,31.88,-0.57,-1.82,0.34,1.06,31.31,31.88,-0.57,-1.82,40.82,40.82,39.06,42.59,37.89,44.89,HIGH,False,5,WITHIN_SAFE_BOUNDS,VALID_ROUTE_STAGES,RAW_BEST_CANDIDATE,INSUFFICIENT_VALID_CANDIDATES_COUNT,50.0,56.0,6.0,17.0,17.0,0.0,0.0,0.0,0.0,103.0,95.0,-8.0
1786357,1,M1-A00268XM-- 02 004,MB02,CarbonBlack,OilWet,CarbonBlack_OilWet,TEST_HOLDOUT,UNAVAILABLE,L0_NEW_RECIPE_COLD_START,0,5,M1-A00268R2-- 05 006;M1-A00268R2-- 05 003;M1-A00268R2-- 05 001;M1-A44268---- 01 002;M1-A00205W3-- 03 003,0.979,INTERSECT_BRANCH_SIMILAR_RECIPE_ENGINEERING_BOUNDS,OBSERVATION_ONLY,True,True,False,True,True,26.8,23.36,26.8,0.0,0.0,-3.44,-14.73,26.8,26.8,0.0,0.0,,,,,43.79,50.79,LOW,True,0,UNAVAILABLE,UNAVAILABLE,RAW_BEST_CANDIDATE,COLD_START_RECIPE_NO_HISTORY,31.0,0.0,-31.0,13.0,0.0,-13.0,0.0,0.0,0.0,75.0,0.0,-75.0
1786357,2,M1-A00268XM-- 02 004,MB02,CarbonBlack,OilWet,CarbonBlack_OilWet,TEST_HOLDOUT,UNAVAILABLE,L0_NEW_RECIPE_COLD_START,0,5,M1-A00268R2-- 05 006;M1-A00268R2-- 05 003;M1-A00268R2-- 05 001;M1-A44268---- 01 002;M1-A00205W3-- 03 003,0.98,INTERSECT_BRANCH_SIMILAR_RECIPE_ENGINEERING_BOUNDS,OBSERVATION_ONLY,True,True,False,True,True,24.4,23.24,24.4,0.0,0.0,-1.16,-4.99,24.4,24.4,0.0,0.0,,,,,43.79,50.79,LOW,True,0,UNAVAILABLE,UNAVAILABLE,RAW_BEST_CANDIDATE,COLD_START_RECIPE_NO_HISTORY,31.0,0.0,-31.0,5.0,0.0,-5.0,0.0,0.0,0.0,74.0,0.0,-74.0
1786357,3,M1-A00268XM-- 02 004,MB02,CarbonBlack,OilWet,CarbonBlack_OilWet,TEST_HOLDOUT,UNAVAILABLE,L0_NEW_RECIPE_COLD_START,0,5,M1-A00268R2-- 05 006;M1-A00268R2-- 05 003;M1-A00268R2-- 05 001;M1-A44268---- 01 002;M1-A00205W3-- 03 003,0.98,INTERSECT_BRANCH_SIMILAR_RECIPE_ENGINEERING_BOUNDS,OBSERVATION_ONLY,True,True,False,True,True,24.32,23.29,24.32,0.0,0.0,-1.03,-4.42,24.32,24.32,0.0,0.0,,,,,43.79,50.79,LOW,True,0,UNAVAILABLE,UNAVAILABLE,RAW_BEST_CANDIDATE,COLD_START_RECIPE_NO_HISTORY,31.0,0.0,-31.0,5.0,0.0,-5.0,0.0,0.0,0.0,78.0,0.0,-78.0
1778363,20,M1-T17771---- 05 002,MB03,Silica,OilWet,Silica_OilWet,TEST_HOLDOUT,SILICA_ROUTE_GLOBAL_FALLBACK,L0_NEW_RECIPE_COLD_START,0,5,M1-T17771---- 05 001;M1-T17771B1-- 01 002;M1-T17771---- 05 003;M1-T17771X6-- 01 005;M1-T33025W3-- 07 003,0.996,INTERSECT_BRANCH_SIMILAR_RECIPE_ENGINEERING_BOUNDS,OBSERVATION_ONLY,False,True,True,True,True,45.21,44.39,34.91,10.3,22.78,9.48,21.36,45.21,34.91,10.3,22.78,34.08,34.05,31.7,36.4,32.77,39.77,MEDIUM,False,0,WITHIN_SAFE_BOUNDS,VALID_ROUTE_STAGES,RAW_BEST_CANDIDATE,INSUFFICIENT_VALID_CANDIDATES_COUNT,0.0,0.0,0.0,34.0,62.9,28.9,50.0,28.7,-21.3,134.0,90.7,-43.3
1778363,21,M1-T17771---- 05 002,MB03,Silica,OilWet,Silica_OilWet,TEST_HOLDOUT,SILICA_ROUTE_GLOBAL_FALLBACK,L0_NEW_RECIPE_COLD_START,0,5,M1-T17771---- 05 001;M1-T17771B1-- 01 002;M1-T17771---- 05 003;M1-T17771X6-- 01 005;M1-T33025W3-- 07 003,0.996,INTERSECT_BRANCH_SIMILAR_RECIPE_ENGINEERING_BOUNDS,OBSERVATION_ONLY,False,True,True,True,True,45.62,44.39,35.71,9.91,21.72,8.68,19.55,45.62,35.71,9.91,21.72,34.38,34.44,32.09,36.79,32.77,39.77,HIGH,False,0,WITHIN_SAFE_BOUNDS,VALID_ROUTE_STAGES,RAW_BEST_CANDIDATE,INSUFFICIENT_VALID_CANDIDATES_COUNT,0.0,0.0,0.0,35.0,48.5,13.5,50.0,29.7,-20.3,134.0,117.5,-16.5
1782804,2,M1-T33025W3-- 04 004,ML09,Silica,OilWet,Silica_OilWet,TEST_HOLDOUT,EXACT_RECIPE_MIXER_ROUTE,L2_PRELIMINARY_RECIPE_WINDOW,18,5,M1-T33025W3-- 04 003;M1-T33025W3-- 04 005;M1-T33025XA-- 01 002;M1-T19012---- 01 006;M1-T19012---- 01 004,0.987,SHADOW_REVIEW_ONLY_WITH_PRELIMINARY_WINDOW,SHADOW_REVIEW_ONLY,False,True,True,True,True,50.42,46.38,45.51,4.91,9.74,0.87,1.88,50.42,45.51,4.91,9.74,50.98,51.06,48.71,53.42,46.29,53.29,HIGH,False,0,OUT_OF_SAFE_BOUNDS,VALID_ROUTE_STAGES,RAW_BEST_CANDIDATE,REJECTED_OUT_OF_SAFE_BOUNDS,0.0,0.0,0.0,59.0,47.0,-12.0,45.0,38.0,-7.0,98.0,98.0,0.0
1782804,3,M1-T33025W3-- 04 004,ML09,Silica,OilWet,Silica_OilWet,TEST_HOLDOUT,EXACT_RECIPE_MIXER_ROUTE,L2_PRELIMINARY_RECIPE_WINDOW,18,5,M1-T33025W3-- 04 003;M1-T33025W3-- 04 005;M1-T33025XA-- 01 002;M1-T19012---- 01 006;M1-T19012---- 01 004,0.986,SHADOW_REVIEW_ONLY_WITH_PRELIMINARY_WINDOW,SHADOW_REVIEW_ONLY,False,True,True,True,True,47.65,46.28,45.51,2.14,4.49,0.77,1.66,47.65,45.51,2.14,4.49,51.5,51.5,49.15,53.85,46.29,53.29,HIGH,False,0,OUT_OF_SAFE_BOUNDS,VALID_ROUTE_STAGES,RAW_BEST_CANDIDATE,REJECTED_OUT_OF_SAFE_BOUNDS,0.0,0.0,0.0,50.0,47.0,-3.0,45.0,38.0,-7.0,99.0,98.0,-1.0
1782804,4,M1-T33025W3-- 04 004,ML09,Silica,OilWet,Silica_OilWet,TEST_HOLDOUT,EXACT_RECIPE_MIXER_ROUTE,L2_PRELIMINARY_RECIPE_WINDOW,18,5,M1-T33025W3-- 04 003;M1-T33025W3-- 04 005;M1-T33025XA-- 01 002;M1-T19012---- 01 006;M1-T19012---- 01 004,0.987,SHADOW_REVIEW_ONLY_WITH_PRELIMINARY_WINDOW,SHADOW_REVIEW_ONLY,False,True,True,True,True,47.5,46.08,45.51,1.99,4.19,0.57,1.24,47.5,45.51,1.99,4.19,51.18,51.25,48.9,53.6,46.29,53.29,HIGH,False,0,OUT_OF_SAFE_BOUNDS,VALID_ROUTE_STAGES,RAW_BEST_CANDIDATE,REJECTED_OUT_OF_SAFE_BOUNDS,0.0,0.0,0.0,55.0,47.0,-8.0,41.0,38.0,-3.0,97.0,98.0,1.0
1792998,20,M1-T02128W5-- 04 003,ML07,Silica,OilWet,Silica_OilWet,TEST_HOLDOUT,SILICA_ROUTE_GLOBAL_FALLBACK,L0_NEW_RECIPE_COLD_START,0,5,M1-T02128W5-- 04 004;M1-T02128W5-- 04 006;M1-T02128W5-- 04 002;M1-T33025W3-- 03 004;M1-T33025W3-- 03 005,0.983,INTERSECT_BRANCH_SIMILAR_RECIPE_ENGINEERING_BOUNDS,OBSERVATION_ONLY,False,True,True,True,True,34.89,41.06,32.21,2.68,7.68,8.85,21.55,34.89,32.21,2.68,7.68,62.39,63.8,61.45,66.15,57.635000000000005,64.635,MEDIUM,False,10,WITHIN_SAFE_BOUNDS,VALID_ROUTE_STAGES,RAW_BEST_CANDIDATE,INSUFFICIENT_VALID_CANDIDATES_COUNT,0.0,0.0,0.0,80.0,64.2,-15.8,40.0,54.6,14.6,82.0,62.5,-19.5
1792998,21,M1-T02128W5-- 04 003,ML07,Silica,OilWet,Silica_OilWet,TEST_HOLDOUT,SILICA_ROUTE_GLOBAL_FALLBACK,L0_NEW_RECIPE_COLD_START,0,5,M1-T02128W5-- 04 004;M1-T02128W5-- 04 006;M1-T02128W5-- 04 002;M1-T33025W3-- 03 004;M1-T33025W3-- 03 005,0.982,INTERSECT_BRANCH_SIMILAR_RECIPE_ENGINEERING_BOUNDS,OBSERVATION_ONLY,False,True,True,True,True,34.25,40.18,31.75,2.5,7.3,8.43,20.98,34.25,31.75,2.5,7.3,62.24,63.48,61.13,65.83,57.635000000000005,64.635,MEDIUM,False,10,WITHIN_SAFE_BOUNDS,VALID_ROUTE_STAGES,RAW_BEST_CANDIDATE,INSUFFICIENT_VALID_CANDIDATES_COUNT,0.0,0.0,0.0,72.0,63.9,-8.1,37.0,41.0,4.0,81.0,69.5,-11.5
1792998,22,M1-T02128W5-- 04 003,ML07,Silica,OilWet,Silica_OilWet,TEST_HOLDOUT,SILICA_ROUTE_GLOBAL_FALLBACK,L0_NEW_RECIPE_COLD_START,0,5,M1-T02128W5-- 04 004;M1-T02128W5-- 04 006;M1-T02128W5-- 04 002;M1-T33025W3-- 03 004;M1-T33025W3-- 03 005,0.982,INTERSECT_BRANCH_SIMILAR_RECIPE_ENGINEERING_BOUNDS,OBSERVATION_ONLY,False,True,True,True,True,32.83,40.8,31.48,1.35,4.11,9.32,22.84,32.83,31.48,1.35,4.11,62.57,63.83,61.48,66.18,57.635000000000005,64.635,MEDIUM,False,0,WITHIN_SAFE_BOUNDS,VALID_ROUTE_STAGES,RAW_BEST_CANDIDATE,INSUFFICIENT_VALID_CANDIDATES_COUNT,0.0,0.0,0.0,75.0,45.4,-29.6,34.0,30.9,-3.1,81.0,73.1,-7.9
1808244,3,M1-T17771---- 05 002,MB03,Silica,OilWet,Silica_OilWet,TEST_HOLDOUT,SILICA_ROUTE_GLOBAL_FALLBACK,L0_NEW_RECIPE_COLD_START,0,5,M1-T17771---- 05 001;M1-T17771B1-- 01 002;M1-T17771---- 05 003;M1-T17771X6-- 01 005;M1-T33025W3-- 07 003,0.986,INTERSECT_BRANCH_SIMILAR_RECIPE_ENGINEERING_BOUNDS,OBSERVATION_ONLY,False,True,True,True,True,45.85,43.76,38.19,7.66,16.71,5.57,12.73,45.85,38.19,7.66,16.71,35.14,35.18,32.82,37.53,29.700000000000003,36.7,HIGH,False,0,WITHIN_SAFE_BOUNDS,VALID_ROUTE_STAGES,RAW_BEST_CANDIDATE,INSUFFICIENT_VALID_CANDIDATES_COUNT,0.0,0.0,0.0,30.0,65.9,35.9,47.0,54.9,7.9,133.0,103.2,-29.8
1812722,1,M1-S00211---- 10 001,ML09,Silica,OilWet,Silica_OilWet,TEST_HOLDOUT,SILICA_ROUTE_GLOBAL_FALLBACK,L0_NEW_RECIPE_COLD_START,0,5,M1-S00211B--- 05 003;M1-T15760---- 06 002;M1-T15760B--- 01 003;M1-T15760---- 06 001;M1-T15760XP-- 01 003,0.97,INTERSECT_BRANCH_SIMILAR_RECIPE_ENGINEERING_BOUNDS,OBSERVATION_ONLY,False,True,True,True,True,40.18,33.76,31.63,8.55,21.28,2.13,6.31,40.18,31.63,8.55,21.28,26.51,26.7,24.35,29.05,26.48,33.480000000000004,LOW,False,0,WITHIN_SAFE_BOUNDS,VALID_ROUTE_STAGES,RAW_BEST_CANDIDATE,INSUFFICIENT_VALID_CANDIDATES_COUNT,0.0,0.0,0.0,68.0,42.0,-26.0,20.0,38.1,18.1,90.0,76.3,-13.7
1818453,1,M1-T30087---- 08 001,ML09,Silica,OilWet,Silica_OilWet,TEST_HOLDOUT,SILICA_ROUTE_GLOBAL_FALLBACK,L0_NEW_RECIPE_COLD_START,0,5,M1-T17732---- 06 002;M1-T09170---- 24 001;M1-T09170WS-- 01 009;M1-T09170WS-- 01 010;M1-T09170XM-- 01 001,0.917,INTERSECT_BRANCH_SIMILAR_RECIPE_ENGINEERING_BOUNDS,OBSERVATION_ONLY,False,True,True,True,True,46.32,43.72,35.75,10.57,22.82,7.97,18.23,46.32,35.75,10.57,22.82,61.07,62.36,60.01,64.71,54.23,61.23,LOW,True,0,WITHIN_SAFE_BOUNDS,VALID_ROUTE_STAGES,RAW_BEST_CANDIDATE,INSUFFICIENT_VALID_CANDIDATES_COUNT,0.0,0.0,0.0,50.0,53.9,3.9,50.0,26.0,-24.0,73.0,90.1,17.1
1818453,2,M1-T30087---- 08 001,ML09,Silica,OilWet,Silica_OilWet,TEST_HOLDOUT,SILICA_ROUTE_GLOBAL_FALLBACK,L0_NEW_RECIPE_COLD_START,0,5,M1-T17732---- 06 002;M1-T09170---- 24 001;M1-T09170WS-- 01 009;M1-T09170WS-- 01 010;M1-T09170XM-- 01 001,0.917,INTERSECT_BRANCH_SIMILAR_RECIPE_ENGINEERING_BOUNDS,OBSERVATION_ONLY,False,True,True,True,True,45.5,44.07,38.05,7.45,16.37,6.02,13.66,45.5,38.05,7.45,16.37,60.43,61.98,59.63,64.33,54.23,61.23,LOW,True,0,WITHIN_SAFE_BOUNDS,VALID_ROUTE_STAGES,RAW_BEST_CANDIDATE,INSUFFICIENT_VALID_CANDIDATES_COUNT,0.0,0.0,0.0,55.0,47.4,-7.6,52.0,31.4,-20.6,72.0,107.0,35.0
1818453,3,M1-T30087---- 08 001,ML09,Silica,OilWet,Silica_OilWet,TEST_HOLDOUT,SILICA_ROUTE_GLOBAL_FALLBACK,L0_NEW_RECIPE_COLD_START,0,5,M1-T17732---- 06 002;M1-T09170---- 24 001;M1-T09170WS-- 01 009;M1-T09170WS-- 01 010;M1-T09170XM-- 01 001,0.917,INTERSECT_BRANCH_SIMILAR_RECIPE_ENGINEERING_BOUNDS,OBSERVATION_ONLY,False,True,True,True,True,44.98,43.71,34.05,10.93,24.3,9.66,22.1,44.98,34.05,10.93,24.3,60.67,62.29,59.94,64.64,54.23,61.23,LOW,True,0,WITHIN_SAFE_BOUNDS,VALID_ROUTE_STAGES,RAW_BEST_CANDIDATE,INSUFFICIENT_VALID_CANDIDATES_COUNT,0.0,0.0,0.0,62.0,59.0,-3.0,49.0,32.9,-16.1,73.0,80.6,7.6
1860389,1,M1-A06441XZ-- 01 002,MB02,CarbonBlack,OilWet,CarbonBlack_OilWet,TEST_HOLDOUT,UNAVAILABLE,L0_NEW_RECIPE_COLD_START,0,5,M1-A06441R1-- 04 001;M1-A06441R2-- 01 005;M1-R00037W9-- 03 001;M1-A00268R2-- 05 001;M1-A00268R2-- 05 006,0.986,INTERSECT_BRANCH_SIMILAR_RECIPE_ENGINEERING_BOUNDS,OBSERVATION_ONLY,True,True,False,True,True,27.48,32.13,27.48,0.0,0.0,4.65,14.47,27.48,27.48,0.0,0.0,,,,,54.26,61.26,LOW,True,0,UNAVAILABLE,UNAVAILABLE,RAW_BEST_CANDIDATE,COLD_START_RECIPE_NO_HISTORY,45.0,0.0,-45.0,25.0,0.0,-25.0,0.0,0.0,0.0,86.0,0.0,-86.0
1860389,2,M1-A06441XZ-- 01 002,MB02,CarbonBlack,OilWet,CarbonBlack_OilWet,TEST_HOLDOUT,UNAVAILABLE,L0_NEW_RECIPE_COLD_START,0,5,M1-A06441R1-- 04 001;M1-A06441R2-- 01 005;M1-R00037W9-- 03 001;M1-A00268R2-- 05 001;M1-A00268R2-- 05 006,0.986,INTERSECT_BRANCH_SIMILAR_RECIPE_ENGINEERING_BOUNDS,OBSERVATION_ONLY,True,True,False,True,True,26.61,32.13,26.61,0.0,0.0,5.52,17.18,26.61,26.61,0.0,0.0,,,,,54.26,61.26,LOW,True,0,UNAVAILABLE,UNAVAILABLE,RAW_BEST_CANDIDATE,COLD_START_RECIPE_NO_HISTORY,44.0,0.0,-44.0,23.0,0.0,-23.0,0.0,0.0,0.0,85.0,0.0,-85.0
1860389,3,M1-A06441XZ-- 01 002,MB02,CarbonBlack,OilWet,CarbonBlack_OilWet,TEST_HOLDOUT,UNAVAILABLE,L0_NEW_RECIPE_COLD_START,0,5,M1-A06441R1-- 04 001;M1-A06441R2-- 01 005;M1-R00037W9-- 03 001;M1-A00268R2-- 05 001;M1-A00268R2-- 05 006,0.986,INTERSECT_BRANCH_SIMILAR_RECIPE_ENGINEERING_BOUNDS,OBSERVATION_ONLY,True,True,False,True,True,26.36,32.13,26.36,0.0,0.0,5.77,17.96,26.36,26.36,0.0,0.0,,,,,54.26,61.26,LOW,True,0,UNAVAILABLE,UNAVAILABLE,RAW_BEST_CANDIDATE,COLD_START_RECIPE_NO_HISTORY,44.0,0.0,-44.0,23.0,0.0,-23.0,0.0,0.0,0.0,83.0,0.0,-83.0
1879790,10,M1-T15611W6-- 01 004,ML07,Silica,OilWet,Silica_OilWet,TEST_HOLDOUT,SILICA_ROUTE_GLOBAL_FALLBACK,L0_NEW_RECIPE_COLD_START,0,5,M1-T15611W2-- 01 001;M1-T19327---- 01 005;M1-T19327---- 01 003;M1-T19327---- 01 004;M1-T18035---- 03 013,0.887,INTERSECT_BRANCH_SIMILAR_RECIPE_ENGINEERING_BOUNDS,OBSERVATION_ONLY,False,True,True,True,True,36.9,37.42,36.58,0.32,0.87,0.84,2.24,36.9,36.58,0.32,0.87,51.4,51.55,49.2,53.9,27.34,34.34,LOW,True,0,WITHIN_SAFE_BOUNDS,VALID_ROUTE_STAGES,RAW_BEST_CANDIDATE,INSUFFICIENT_VALID_CANDIDATES_COUNT,0.0,0.0,0.0,62.0,36.6,-25.4,49.0,27.2,-21.8,92.0,99.8,7.8
1879790,11,M1-T15611W6-- 01 004,ML07,Silica,OilWet,Silica_OilWet,TEST_HOLDOUT,SILICA_ROUTE_GLOBAL_FALLBACK,L0_NEW_RECIPE_COLD_START,0,5,M1-T15611W2-- 01 001;M1-T19327---- 01 005;M1-T19327---- 01 003;M1-T19327---- 01 004;M1-T18035---- 03 013,0.887,INTERSECT_BRANCH_SIMILAR_RECIPE_ENGINEERING_BOUNDS,OBSERVATION_ONLY,False,True,True,True,True,37.03,37.11,36.03,1.0,2.7,1.08,2.91,37.03,36.03,1.0,2.7,51.36,51.45,49.1,53.8,27.34,34.34,LOW,True,0,WITHIN_SAFE_BOUNDS,VALID_ROUTE_STAGES,RAW_BEST_CANDIDATE,INSUFFICIENT_VALID_CANDIDATES_COUNT,0.0,0.0,0.0,62.0,72.8,10.8,49.0,31.2,-17.8,89.0,91.9,2.9
1879790,12,M1-T15611W6-- 01 004,ML07,Silica,OilWet,Silica_OilWet,TEST_HOLDOUT,SILICA_ROUTE_GLOBAL_FALLBACK,L0_NEW_RECIPE_COLD_START,0,5,M1-T15611W2-- 01 001;M1-T19327---- 01 005;M1-T19327---- 01 003;M1-T19327---- 01 004;M1-T18035---- 03 013,0.887,INTERSECT_BRANCH_SIMILAR_RECIPE_ENGINEERING_BOUNDS,OBSERVATION_ONLY,False,True,True,True,True,36.51,37.42,33.64,2.87,7.86,3.78,10.1,36.51,33.64,2.87,7.86,51.29,51.71,49.36,54.06,27.34,34.34,LOW,True,0,WITHIN_SAFE_BOUNDS,VALID_ROUTE_STAGES,RAW_BEST_CANDIDATE,INSUFFICIENT_VALID_CANDIDATES_COUNT,0.0,0.0,0.0,61.0,56.7,-4.3,50.0,24.1,-25.9,91.0,79.3,-11.7
1890960,19,M1-A00205W3-- 03 003,MB02,CarbonBlack,OilWet,CarbonBlack_OilWet,TEST_HOLDOUT,EXACT_RECIPE_MIXER_ROUTE,L3_SHADOW_REVIEW_READY,86,5,M1-A00205W3-- 03 002;M1-A00205W4-- 01 001;M1-B00163RT-- 01 001;M1-B00163R4-- 01 003;M1-B00163XV-- 01 002,0.978,VALIDATED_SHADOW_REVIEW,SHADOW_REVIEW_READY,True,True,False,True,True,28.85,28.57,26.35,2.5,8.67,2.22,7.77,28.85,26.35,2.5,8.67,42.31,42.34,40.58,44.11,35.55,42.55,LOW,False,0,WITHIN_SAFE_BOUNDS,VALID_ROUTE_STAGES,RAW_BEST_CANDIDATE,INSUFFICIENT_VALID_CANDIDATES_COUNT,53.0,53.0,0.0,7.0,5.0,-2.0,0.0,0.0,0.0,124.0,75.0,-49.0
1893903,29,M1-A00205W3-- 03 003,MB02,CarbonBlack,OilWet,CarbonBlack_OilWet,TEST_HOLDOUT,EXACT_RECIPE_MIXER_ROUTE,L3_SHADOW_REVIEW_READY,86,5,M1-A00205W3-- 03 002;M1-A00205W4-- 01 001;M1-B00163RT-- 01 001;M1-B00163RT-- 01 002;M1-B00163R4-- 01 003,0.986,VALIDATED_SHADOW_REVIEW,SHADOW_REVIEW_READY,True,True,False,True,True,29.06,28.2,26.35,2.71,9.33,1.85,6.56,29.06,26.35,2.71,9.33,41.86,41.93,40.17,43.69,39.79,46.79,HIGH,False,9,WITHIN_SAFE_BOUNDS,VALID_ROUTE_STAGES,RAW_BEST_CANDIDATE,INSUFFICIENT_VALID_CANDIDATES_COUNT,53.0,54.0,1.0,4.0,3.0,-1.0,0.0,0.0,0.0,124.0,75.0,-49.0
1905483,1,M1-T09170WS-- 02 004,MB03,Silica,OilWet,Silica_OilWet,TEST_HOLDOUT,EXACT_RECIPE_MIXER_ROUTE,L3_SHADOW_REVIEW_READY,2756,5,M1-T09170WZ-- 01 001;M1-T09170XT-- 03 001;M1-T09170WS-- 02 003;M1-T09170---- 23 004;M1-T09170---- 23 003,0.974,VALIDATED_SHADOW_REVIEW,SHADOW_REVIEW_READY,False,True,True,True,True,43.48,42.56,40.49,2.99,6.88,2.07,4.86,43.48,40.49,2.99,6.88,58.13,57.89,55.54,60.24,57.43,64.43,MEDIUM,False,0,WITHIN_SAFE_BOUNDS,VALID_ROUTE_STAGES,RAW_BEST_CANDIDATE,INSUFFICIENT_VALID_CANDIDATES_COUNT,0.0,0.0,0.0,63.0,68.0,5.0,30.0,29.0,-1.0,106.0,74.0,-32.0
1905483,2,M1-T09170WS-- 02 004,MB03,Silica,OilWet,Silica_OilWet,TEST_HOLDOUT,EXACT_RECIPE_MIXER_ROUTE,L3_SHADOW_REVIEW_READY,2756,5,M1-T09170WZ-- 01 001;M1-T09170XT-- 03 001;M1-T09170WS-- 02 003;M1-T09170---- 23 004;M1-T09170---- 23 003,0.973,VALIDATED_SHADOW_REVIEW,SHADOW_REVIEW_READY,False,True,True,True,True,41.26,42.56,40.49,0.77,1.87,2.07,4.86,41.26,40.49,0.77,1.87,58.86,58.63,56.28,60.99,57.43,64.43,MEDIUM,False,0,WITHIN_SAFE_BOUNDS,VALID_ROUTE_STAGES,RAW_BEST_CANDIDATE,INSUFFICIENT_VALID_CANDIDATES_COUNT,0.0,0.0,0.0,65.0,68.0,3.0,29.0,29.0,0.0,104.0,74.0,-30.0
1905483,3,M1-T09170WS-- 02 004,MB03,Silica,OilWet,Silica_OilWet,TEST_HOLDOUT,EXACT_RECIPE_MIXER_ROUTE,L3_SHADOW_REVIEW_READY,2756,5,M1-T09170WZ-- 01 001;M1-T09170XT-- 03 001;M1-T09170WS-- 02 003;M1-T09170---- 23 004;M1-T09170---- 23 003,0.974,VALIDATED_SHADOW_REVIEW,SHADOW_REVIEW_READY,False,True,True,True,True,40.88,42.56,40.49,0.39,0.95,2.07,4.86,40.88,40.49,0.39,0.95,58.07,57.83,55.48,60.18,57.43,64.43,MEDIUM,False,0,WITHIN_SAFE_BOUNDS,VALID_ROUTE_STAGES,RAW_BEST_CANDIDATE,INSUFFICIENT_VALID_CANDIDATES_COUNT,0.0,0.0,0.0,63.0,68.0,5.0,28.0,29.0,1.0,104.0,74.0,-30.0
1902317,1,M1-T17771---- 04 003,ML07,Silica,OilWet,Silica_OilWet,TEST_HOLDOUT,SILICA_ROUTE_GLOBAL_FALLBACK,L0_NEW_RECIPE_COLD_START,0,5,M1-T17771---- 04 004;M1-T19327---- 01 004;M1-T05073XV-- 01 001;M1-T05073---- 06 006;M1-T05073---- 06 007,0.825,INTERSECT_BRANCH_SIMILAR_RECIPE_ENGINEERING_BOUNDS,OBSERVATION_ONLY,False,True,True,True,True,45.84,43.06,35.1,10.74,23.43,7.96,18.49,45.84,35.1,10.74,23.43,34.79,34.76,32.4,37.11,35.74,42.74,LOW,True,0,WITHIN_SAFE_BOUNDS,VALID_ROUTE_STAGES,RAW_BEST_CANDIDATE,INSUFFICIENT_VALID_CANDIDATES_COUNT,0.0,0.0,0.0,28.0,67.2,39.2,44.0,52.7,8.7,134.0,60.8,-73.2
1902317,2,M1-T17771---- 04 003,ML07,Silica,OilWet,Silica_OilWet,TEST_HOLDOUT,SILICA_ROUTE_GLOBAL_FALLBACK,L0_NEW_RECIPE_COLD_START,0,5,M1-T17771---- 04 004;M1-T19327---- 01 004;M1-T05073XV-- 01 001;M1-T05073---- 06 006;M1-T05073---- 06 007,0.825,INTERSECT_BRANCH_SIMILAR_RECIPE_ENGINEERING_BOUNDS,OBSERVATION_ONLY,False,True,True,True,True,42.04,42.54,33.57,8.47,20.15,8.97,21.09,42.04,33.57,8.47,20.15,34.41,34.4,32.04,36.75,35.74,42.74,LOW,True,0,WITHIN_SAFE_BOUNDS,VALID_ROUTE_STAGES,RAW_BEST_CANDIDATE,INSUFFICIENT_VALID_CANDIDATES_COUNT,0.0,0.0,0.0,28.0,71.5,43.5,40.0,38.6,-1.4,133.0,72.3,-60.7
1907516,3,M1-T33025W3-- 03 005,ML07,Silica,OilWet,Silica_OilWet,TEST_HOLDOUT,EXACT_RECIPE_MIXER_ROUTE,L1_SIMILAR_RECIPE_REFERENCE,2,5,M1-T33025W3-- 03 004;M1-T16455---- 06 001;M1-T14150---- 17 004;M1-T14150---- 17 005;M1-T15760---- 08 001,0.993,INTERSECT_BRANCH_SIMILAR_RECIPE_ENGINEERING_BOUNDS,REFERENCE_ONLY,False,True,True,True,True,45.85,46.39,24.52,21.33,46.52,21.87,47.14,45.85,24.52,21.33,46.52,49.96,45.29,42.94,47.64,49.52333333333333,56.52333333333333,LOW,True,0,NOT_CHECKED,ZERO_EFFECTIVE_DURATIONS,RAW_BEST_CANDIDATE,REJECTED_ZERO_DURATION_CANDIDATE,0.0,0.0,0.0,42.0,0.0,-42.0,61.0,0.0,-61.0,100.0,0.0,-100.0
1907516,4,M1-T33025W3-- 03 005,ML07,Silica,OilWet,Silica_OilWet,TEST_HOLDOUT,EXACT_RECIPE_MIXER_ROUTE,L1_SIMILAR_RECIPE_REFERENCE,2,5,M1-T33025W3-- 03 004;M1-T16455---- 06 001;M1-T14150---- 17 004;M1-T14150---- 17 005;M1-T15760---- 08 001,0.994,INTERSECT_BRANCH_SIMILAR_RECIPE_ENGINEERING_BOUNDS,REFERENCE_ONLY,False,True,True,True,True,46.77,46.06,24.52,22.25,47.57,21.54,46.77,46.77,24.52,22.25,47.57,50.3,45.64,43.29,47.99,49.52333333333333,56.52333333333333,LOW,True,0,NOT_CHECKED,ZERO_EFFECTIVE_DURATIONS,RAW_BEST_CANDIDATE,REJECTED_ZERO_DURATION_CANDIDATE,0.0,0.0,0.0,40.0,0.0,-40.0,61.0,0.0,-61.0,101.0,0.0,-101.0
1913944,75,M1-B15563---- 01 005,ML09,CarbonBlack,OilWet,CarbonBlack_OilWet,TEST_HOLDOUT,UNAVAILABLE,L0_NEW_RECIPE_COLD_START,0,5,M1-B15563---- 01 003;M1-B00458---- 11 005;M1-B00458---- 11 006;M1-B00458RFD- 06 001;M1-B00458RRL- 04 002,0.994,INTERSECT_BRANCH_SIMILAR_RECIPE_ENGINEERING_BOUNDS,OBSERVATION_ONLY,True,True,False,True,True,29.55,30.91,29.55,0.0,0.0,1.36,4.4,29.55,29.55,0.0,0.0,,,,,39.99,46.99,LOW,True,0,UNAVAILABLE,UNAVAILABLE,RAW_BEST_CANDIDATE,COLD_START_RECIPE_NO_HISTORY,35.0,0.0,-35.0,19.0,0.0,-19.0,0.0,0.0,0.0,91.0,0.0,-91.0
1913944,76,M1-B15563---- 01 005,ML09,CarbonBlack,OilWet,CarbonBlack_OilWet,TEST_HOLDOUT,UNAVAILABLE,L0_NEW_RECIPE_COLD_START,0,5,M1-B15563---- 01 003;M1-B00458---- 11 005;M1-B00458---- 11 006;M1-B00458RFD- 06 001;M1-B00458RRL- 04 002,0.994,INTERSECT_BRANCH_SIMILAR_RECIPE_ENGINEERING_BOUNDS,OBSERVATION_ONLY,True,True,False,True,True,30.13,31.33,30.13,0.0,0.0,1.2,3.83,30.13,30.13,0.0,0.0,,,,,39.99,46.99,LOW,True,0,UNAVAILABLE,UNAVAILABLE,RAW_BEST_CANDIDATE,COLD_START_RECIPE_NO_HISTORY,35.0,0.0,-35.0,31.0,0.0,-31.0,0.0,0.0,0.0,90.0,0.0,-90.0
1913944,77,M1-B15563---- 01 005,ML09,CarbonBlack,OilWet,CarbonBlack_OilWet,TEST_HOLDOUT,UNAVAILABLE,L0_NEW_RECIPE_COLD_START,0,5,M1-B15563---- 01 003;M1-B00458---- 11 005;M1-B00458---- 11 006;M1-B00458RFD- 06 001;M1-B00458RRL- 04 002,0.994,INTERSECT_BRANCH_SIMILAR_RECIPE_ENGINEERING_BOUNDS,OBSERVATION_ONLY,True,True,False,True,True,30.21,31.33,30.21,0.0,0.0,1.12,3.57,30.21,30.21,0.0,0.0,,,,,39.99,46.99,LOW,True,0,UNAVAILABLE,UNAVAILABLE,RAW_BEST_CANDIDATE,COLD_START_RECIPE_NO_HISTORY,35.0,0.0,-35.0,32.0,0.0,-32.0,0.0,0.0,0.0,89.0,0.0,-89.0
1925692,2,M1-T33025W3-- 03 005,ML07,Silica,OilWet,Silica_OilWet,TEST_HOLDOUT,EXACT_RECIPE_MIXER_ROUTE,L1_SIMILAR_RECIPE_REFERENCE,2,5,M1-T33025W3-- 03 004;M1-T16455---- 06 001;M1-T14150---- 17 004;M1-T14150---- 17 002;M1-T14150---- 17 005,0.981,INTERSECT_BRANCH_SIMILAR_RECIPE_ENGINEERING_BOUNDS,REFERENCE_ONLY,False,True,True,True,True,46.66,46.64,24.52,22.14,47.45,22.12,47.43,46.66,24.52,22.14,47.45,49.75,44.99,42.63,47.34,54.26,61.26,LOW,True,0,NOT_CHECKED,ZERO_EFFECTIVE_DURATIONS,RAW_BEST_CANDIDATE,REJECTED_ZERO_DURATION_CANDIDATE,0.0,0.0,0.0,54.0,0.0,-54.0,60.0,0.0,-60.0,101.0,0.0,-101.0
1931896,14,M1-A00268R2-- 05 003,MB02,CarbonBlack,OilWet,CarbonBlack_OilWet,TEST_HOLDOUT,EXACT_RECIPE_MIXER_ROUTE,L1_SIMILAR_RECIPE_REFERENCE,2,5,M1-A00268R2-- 05 006;M1-A00268R2-- 05 001;M1-A44268---- 01 002;M1-A00205W3-- 03 003;M1-A00205W3-- 03 002,0.974,INTERSECT_BRANCH_SIMILAR_RECIPE_ENGINEERING_BOUNDS,REFERENCE_ONLY,True,True,False,True,True,24.23,24.42,18.7,5.53,22.82,5.72,23.42,24.23,18.7,5.53,22.82,46.1,42.53,40.77,44.29,41.36,48.36,MEDIUM,False,0,NOT_CHECKED,ZERO_EFFECTIVE_DURATIONS,RAW_BEST_CANDIDATE,REJECTED_ZERO_DURATION_CANDIDATE,31.0,0.0,-31.0,5.0,0.0,-5.0,0.0,0.0,0.0,89.0,0.0,-89.0
1931896,16,M1-A00268R2-- 05 003,MB02,CarbonBlack,OilWet,CarbonBlack_OilWet,TEST_HOLDOUT,EXACT_RECIPE_MIXER_ROUTE,L1_SIMILAR_RECIPE_REFERENCE,2,5,M1-A00268R2-- 05 006;M1-A00268R2-- 05 001;M1-A44268---- 01 002;M1-A00205W3-- 03 003;M1-A00205W3-- 03 002,0.974,INTERSECT_BRANCH_SIMILAR_RECIPE_ENGINEERING_BOUNDS,REFERENCE_ONLY,True,True,False,True,True,26.24,24.54,18.7,7.54,28.73,5.84,23.8,26.24,18.7,7.54,28.73,46.87,43.33,41.56,45.09,41.36,48.36,HIGH,False,0,NOT_CHECKED,ZERO_EFFECTIVE_DURATIONS,RAW_BEST_CANDIDATE,REJECTED_ZERO_DURATION_CANDIDATE,31.0,0.0,-31.0,15.0,0.0,-15.0,0.0,0.0,0.0,88.0,0.0,-88.0
1931896,17,M1-A00268R2-- 05 003,MB02,CarbonBlack,OilWet,CarbonBlack_OilWet,TEST_HOLDOUT,EXACT_RECIPE_MIXER_ROUTE,L1_SIMILAR_RECIPE_REFERENCE,2,5,M1-A00268R2-- 05 006;M1-A00268R2-- 05 001;M1-A44268---- 01 002;M1-A00205W3-- 03 003;M1-A00205W3-- 03 002,0.973,INTERSECT_BRANCH_SIMILAR_RECIPE_ENGINEERING_BOUNDS,REFERENCE_ONLY,True,True,False,True,True,24.61,24.42,18.7,5.91,24.01,5.72,23.42,24.61,18.7,5.91,24.01,46.52,42.95,41.19,44.71,41.36,48.36,HIGH,False,0,NOT_CHECKED,ZERO_EFFECTIVE_DURATIONS,RAW_BEST_CANDIDATE,REJECTED_ZERO_DURATION_CANDIDATE,31.0,0.0,-31.0,5.0,0.0,-5.0,0.0,0.0,0.0,88.0,0.0,-88.0
1967814,1,M1-T15760---- 06 001,ML09,Silica,OilWet,Silica_OilWet,TEST_HOLDOUT,EXACT_RECIPE_MIXER_ROUTE,L3_SHADOW_REVIEW_READY,51,5,M1-T15760B--- 01 003;M1-T15760---- 06 002;M1-T15760XP-- 01 003;M1-T15760W--- 03 005;M1-T15760W--- 03 004,0.996,VALIDATED_SHADOW_REVIEW,SHADOW_REVIEW_READY,False,True,True,True,True,35.27,37.19,37.04,-1.77,-5.02,0.15,0.4,35.27,37.04,-1.77,-5.02,55.42,55.38,53.03,57.73,47.46,54.46,LOW,True,0,OUT_OF_SAFE_BOUNDS,VALID_ROUTE_STAGES,RAW_BEST_CANDIDATE,REJECTED_OUT_OF_SAFE_BOUNDS,0.0,0.0,0.0,49.0,45.0,-4.0,42.0,31.0,-11.0,115.0,170.0,55.0
1967814,2,M1-T15760---- 06 001,ML09,Silica,OilWet,Silica_OilWet,TEST_HOLDOUT,EXACT_RECIPE_MIXER_ROUTE,L3_SHADOW_REVIEW_READY,51,5,M1-T15760B--- 01 003;M1-T15760---- 06 002;M1-T15760XP-- 01 003;M1-T15760W--- 03 005;M1-T15760W--- 03 004,0.997,VALIDATED_SHADOW_REVIEW,SHADOW_REVIEW_READY,False,True,True,True,True,36.03,37.11,37.04,-1.01,-2.8,0.07,0.19,36.03,37.04,-1.01,-2.8,56.5,56.54,54.19,58.89,47.46,54.46,LOW,True,0,OUT_OF_SAFE_BOUNDS,VALID_ROUTE_STAGES,RAW_BEST_CANDIDATE,REJECTED_OUT_OF_SAFE_BOUNDS,0.0,0.0,0.0,54.0,45.0,-9.0,35.0,31.0,-4.0,115.0,170.0,55.0
1969488,19,M1-T15760---- 06 001,ML09,Silica,OilWet,Silica_OilWet,TEST_HOLDOUT,EXACT_RECIPE_MIXER_ROUTE,L3_SHADOW_REVIEW_READY,51,5,M1-T15760---- 06 002;M1-T15760B--- 01 003;M1-T15760XP-- 01 003;M1-T15899---- 12 004;M1-T15760W--- 03 005,0.998,VALIDATED_SHADOW_REVIEW,SHADOW_REVIEW_READY,False,True,True,True,True,42.24,37.2,36.95,5.29,12.52,0.25,0.67,42.24,36.95,5.29,12.52,55.52,55.52,53.17,57.87,45.04,52.04,LOW,True,0,WITHIN_SAFE_BOUNDS,VALID_ROUTE_STAGES,RAW_BEST_CANDIDATE,INSUFFICIENT_VALID_CANDIDATES_COUNT,0.0,0.0,0.0,52.0,50.0,-2.0,38.0,37.0,-1.0,140.0,124.0,-16.0
2024~1284387,2,M1-T09170XT-- 02 001,ML09,Silica,OilWet,Silica_OilWet,TEST_HOLDOUT,SILICA_ROUTE_GLOBAL_FALLBACK,L0_NEW_RECIPE_COLD_START,0,5,M1-T09170WS-- 01 009;M1-T09170WS-- 01 010;M1-T09170XM-- 01 001;M1-T09170---- 24 001;M1-T15192R--- 03 001,0.925,INTERSECT_BRANCH_SIMILAR_RECIPE_ENGINEERING_BOUNDS,OBSERVATION_ONLY,False,True,True,True,True,43.19,42.25,38.5,4.69,10.86,3.75,8.88,43.19,38.5,4.69,10.86,58.93,60.57,58.22,62.93,53.375,60.375,LOW,False,0,WITHIN_SAFE_BOUNDS,VALID_ROUTE_STAGES,RAW_BEST_CANDIDATE,INSUFFICIENT_VALID_CANDIDATES_COUNT,0.0,0.0,0.0,25.0,53.9,28.9,42.0,29.2,-12.8,94.0,80.4,-13.6
2024~1284387,3,M1-T09170XT-- 02 001,ML09,Silica,OilWet,Silica_OilWet,TEST_HOLDOUT,SILICA_ROUTE_GLOBAL_FALLBACK,L0_NEW_RECIPE_COLD_START,0,5,M1-T09170WS-- 01 009;M1-T09170WS-- 01 010;M1-T09170XM-- 01 001;M1-T09170---- 24 001;M1-T15192R--- 03 001,0.925,INTERSECT_BRANCH_SIMILAR_RECIPE_ENGINEERING_BOUNDS,OBSERVATION_ONLY,False,True,True,True,True,43.18,42.25,38.51,4.67,10.82,3.74,8.85,43.18,38.51,4.67,10.82,59.01,60.67,58.32,63.02,53.375,60.375,LOW,False,0,WITHIN_SAFE_BOUNDS,VALID_ROUTE_STAGES,RAW_BEST_CANDIDATE,INSUFFICIENT_VALID_CANDIDATES_COUNT,0.0,0.0,0.0,25.0,42.5,17.5,45.0,26.7,-18.3,93.0,83.7,-9.3
2024~1284387,4,M1-T09170XT-- 02 001,ML09,Silica,OilWet,Silica_OilWet,TEST_HOLDOUT,SILICA_ROUTE_GLOBAL_FALLBACK,L0_NEW_RECIPE_COLD_START,0,5,M1-T09170WS-- 01 009;M1-T09170WS-- 01 010;M1-T09170XM-- 01 001;M1-T09170---- 24 001;M1-T15192R--- 03 001,0.925,INTERSECT_BRANCH_SIMILAR_RECIPE_ENGINEERING_BOUNDS,OBSERVATION_ONLY,False,True,True,True,True,43.76,43.12,36.02,7.74,17.69,7.1,16.47,43.76,36.02,7.74,17.69,58.73,60.4,58.05,62.75,53.375,60.375,LOW,False,0,WITHIN_SAFE_BOUNDS,VALID_ROUTE_STAGES,RAW_BEST_CANDIDATE,INSUFFICIENT_VALID_CANDIDATES_COUNT,0.0,0.0,0.0,27.0,43.5,16.5,45.0,27.1,-17.9,94.0,83.2,-10.8
2024~1301112,1,M1-A00205W3-- 03 002,MB02,CarbonBlack,OilWet,CarbonBlack_OilWet,TEST_HOLDOUT,EXACT_RECIPE_MIXER_ROUTE,L1_SIMILAR_RECIPE_REFERENCE,4,5,M1-A00205W4-- 01 001;M1-A00205W3-- 03 003;M1-B00163RT-- 01 001;M1-B00163RT-- 01 002;M1-B00163R4-- 01 003,0.996,INTERSECT_BRANCH_SIMILAR_RECIPE_ENGINEERING_BOUNDS,REFERENCE_ONLY,True,True,False,True,True,28.81,26.28,19.39,9.42,32.7,6.89,26.22,28.81,19.39,9.42,32.7,40.87,37.3,35.53,39.06,36.16,43.16,MEDIUM,False,0,NOT_CHECKED,ZERO_EFFECTIVE_DURATIONS,RAW_BEST_CANDIDATE,REJECTED_ZERO_DURATION_CANDIDATE,51.0,0.0,-51.0,5.0,0.0,-5.0,0.0,0.0,0.0,80.0,0.0,-80.0
2024~1301112,2,M1-A00205W3-- 03 002,MB02,CarbonBlack,OilWet,CarbonBlack_OilWet,TEST_HOLDOUT,EXACT_RECIPE_MIXER_ROUTE,L1_SIMILAR_RECIPE_REFERENCE,4,5,M1-A00205W4-- 01 001;M1-A00205W3-- 03 003;M1-B00163RT-- 01 001;M1-B00163RT-- 01 002;M1-B00163R4-- 01 003,0.997,INTERSECT_BRANCH_SIMILAR_RECIPE_ENGINEERING_BOUNDS,REFERENCE_ONLY,True,True,False,True,True,27.36,26.26,19.39,7.97,29.13,6.87,26.16,27.36,19.39,7.97,29.13,40.21,36.64,34.88,38.4,36.16,43.16,MEDIUM,False,0,NOT_CHECKED,ZERO_EFFECTIVE_DURATIONS,RAW_BEST_CANDIDATE,REJECTED_ZERO_DURATION_CANDIDATE,51.0,0.0,-51.0,5.0,0.0,-5.0,0.0,0.0,0.0,77.0,0.0,-77.0
2024~1301112,3,M1-A00205W3-- 03 002,MB02,CarbonBlack,OilWet,CarbonBlack_OilWet,TEST_HOLDOUT,EXACT_RECIPE_MIXER_ROUTE,L1_SIMILAR_RECIPE_REFERENCE,4,5,M1-A00205W4-- 01 001;M1-A00205W3-- 03 003;M1-B00163RT-- 01 001;M1-B00163RT-- 01 002;M1-B00163R4-- 01 003,0.996,INTERSECT_BRANCH_SIMILAR_RECIPE_ENGINEERING_BOUNDS,REFERENCE_ONLY,True,True,False,True,True,27.05,26.38,19.51,7.54,27.87,6.87,26.04,27.05,19.51,7.54,27.87,40.23,36.66,34.89,38.42,36.16,43.16,MEDIUM,False,0,NOT_CHECKED,ZERO_EFFECTIVE_DURATIONS,RAW_BEST_CANDIDATE,REJECTED_ZERO_DURATION_CANDIDATE,51.0,0.0,-51.0,5.0,0.0,-5.0,0.0,0.0,0.0,78.0,0.0,-78.0
2024~1330226,8,M1-A00205W4-- 01 001,MB02,CarbonBlack,OilWet,CarbonBlack_OilWet,TEST_HOLDOUT,EXACT_RECIPE_MIXER_ROUTE,L1_SIMILAR_RECIPE_REFERENCE,9,5,M1-A00205W3-- 03 002;M1-A00205W3-- 03 003;M1-B00163RT-- 01 001;M1-B00163RT-- 01 002;M1-B00163R4-- 01 003,0.991,INTERSECT_BRANCH_SIMILAR_RECIPE_ENGINEERING_BOUNDS,REFERENCE_ONLY,True,True,False,True,True,29.42,27.83,26.91,2.51,8.53,0.92,3.31,29.42,26.91,2.51,8.53,43.79,43.79,42.03,45.55,38.08,45.08,MEDIUM,False,0,WITHIN_SAFE_BOUNDS,VALID_ROUTE_STAGES,RAW_BEST_CANDIDATE,INSUFFICIENT_VALID_CANDIDATES_COUNT,51.0,51.0,0.0,10.0,5.0,-5.0,0.0,0.0,0.0,78.0,78.0,0.0
2024~1323971,5,M1-A00205W4-- 01 001,MB02,CarbonBlack,OilWet,CarbonBlack_OilWet,TEST_HOLDOUT,EXACT_RECIPE_MIXER_ROUTE,L1_SIMILAR_RECIPE_REFERENCE,9,5,M1-A00205W3-- 03 002;M1-A00205W3-- 03 003;M1-B00163RT-- 01 001;M1-B00163RT-- 01 002;M1-B00163R4-- 01 003,0.975,INTERSECT_BRANCH_SIMILAR_RECIPE_ENGINEERING_BOUNDS,REFERENCE_ONLY,True,True,False,True,True,27.68,26.46,26.46,1.22,4.41,0.0,0.0,27.68,26.46,1.22,4.41,42.67,42.67,40.91,44.44,34.58,41.58,LOW,True,0,WITHIN_SAFE_BOUNDS,VALID_ROUTE_STAGES,RAW_BEST_CANDIDATE,INSUFFICIENT_VALID_CANDIDATES_COUNT,52.0,51.0,-1.0,5.0,5.0,0.0,0.0,0.0,0.0,78.0,78.0,0.0
2024~1323971,8,M1-A00205W4-- 01 001,MB02,CarbonBlack,OilWet,CarbonBlack_OilWet,TEST_HOLDOUT,EXACT_RECIPE_MIXER_ROUTE,L1_SIMILAR_RECIPE_REFERENCE,9,5,M1-A00205W3-- 03 002;M1-A00205W3-- 03 003;M1-B00163RT-- 01 001;M1-B00163RT-- 01 002;M1-B00163R4-- 01 003,0.975,INTERSECT_BRANCH_SIMILAR_RECIPE_ENGINEERING_BOUNDS,REFERENCE_ONLY,True,True,False,True,True,27.81,26.46,26.46,1.35,4.85,0.0,0.0,27.81,26.46,1.35,4.85,42.79,42.79,41.02,44.55,34.58,41.58,LOW,True,0,WITHIN_SAFE_BOUNDS,VALID_ROUTE_STAGES,RAW_BEST_CANDIDATE,INSUFFICIENT_VALID_CANDIDATES_COUNT,51.0,51.0,0.0,5.0,5.0,0.0,0.0,0.0,0.0,78.0,78.0,0.0
2024~1362727,1,M1-B00458B1-- 02 002,MB02,CarbonBlack,OilWet,CarbonBlack_OilWet,TEST_HOLDOUT,EXACT_RECIPE_MIXER_ROUTE,L3_SHADOW_REVIEW_READY,79,5,M1-B00458---- 12 005;M1-B00458B1-- 02 001;M1-B00458---- 12 004;M1-B00458XM-- 04 002;M1-B00458---- 12 007,0.977,VALIDATED_SHADOW_REVIEW,SHADOW_REVIEW_READY,True,True,False,True,True,30.37,30.93,24.22,6.15,20.25,6.71,21.69,30.37,24.22,6.15,20.25,41.54,41.53,39.76,43.29,39.05,46.05,HIGH,False,7,WITHIN_SAFE_BOUNDS,VALID_ROUTE_STAGES,RAW_BEST_CANDIDATE,INSUFFICIENT_VALID_CANDIDATES_COUNT,60.0,45.0,-15.0,5.0,16.0,11.0,0.0,0.0,0.0,84.0,23.0,-61.0
2024~1362727,2,M1-B00458B1-- 02 002,MB02,CarbonBlack,OilWet,CarbonBlack_OilWet,TEST_HOLDOUT,EXACT_RECIPE_MIXER_ROUTE,L3_SHADOW_REVIEW_READY,79,5,M1-B00458---- 12 005;M1-B00458B1-- 02 001;M1-B00458---- 12 004;M1-B00458XM-- 04 002;M1-B00458---- 12 007,0.978,VALIDATED_SHADOW_REVIEW,SHADOW_REVIEW_READY,True,True,False,True,True,28.91,29.96,23.96,4.95,17.12,6.0,20.03,28.91,23.96,4.95,17.12,41.51,41.5,39.73,43.26,39.05,46.05,HIGH,False,7,WITHIN_SAFE_BOUNDS,VALID_ROUTE_STAGES,RAW_BEST_CANDIDATE,INSUFFICIENT_VALID_CANDIDATES_COUNT,60.0,45.0,-15.0,5.0,16.0,11.0,0.0,0.0,0.0,82.0,23.0,-59.0
2024~1362727,3,M1-B00458B1-- 02 002,MB02,CarbonBlack,OilWet,CarbonBlack_OilWet,TEST_HOLDOUT,EXACT_RECIPE_MIXER_ROUTE,L3_SHADOW_REVIEW_READY,79,5,M1-B00458---- 12 005;M1-B00458B1-- 02 001;M1-B00458---- 12 004;M1-B00458XM-- 04 002;M1-B00458---- 12 007,0.977,VALIDATED_SHADOW_REVIEW,SHADOW_REVIEW_READY,True,True,False,True,True,29.18,30.93,24.22,4.96,17.0,6.71,21.69,29.18,24.22,4.96,17.0,41.04,41.01,39.25,42.77,39.05,46.05,HIGH,False,7,WITHIN_SAFE_BOUNDS,VALID_ROUTE_STAGES,RAW_BEST_CANDIDATE,INSUFFICIENT_VALID_CANDIDATES_COUNT,60.0,45.0,-15.0,5.0,16.0,11.0,0.0,0.0,0.0,83.0,23.0,-60.0
2024~1357627,1,M1-B00460B--- 02 001,MB02,CarbonBlack,OilWet,CarbonBlack_OilWet,TEST_HOLDOUT,EXACT_RECIPE_MIXER_ROUTE,L3_SHADOW_REVIEW_READY,67,5,M1-B00460B--- 03 001;M1-B00460B--- 03 003;M1-B00460B--- 03 002;M1-A44268---- 01 002;M1-B00163---- 08 008,0.987,VALIDATED_SHADOW_REVIEW,SHADOW_REVIEW_READY,True,True,False,True,True,29.91,28.51,28.47,1.44,4.81,0.04,0.14,29.91,28.47,1.44,4.81,52.13,52.1,50.34,53.87,51.05,58.05,MEDIUM,False,0,WITHIN_SAFE_BOUNDS,VALID_ROUTE_STAGES,RAW_BEST_CANDIDATE,INSUFFICIENT_VALID_CANDIDATES_COUNT,64.0,73.0,9.0,21.0,5.0,-16.0,0.0,0.0,0.0,91.0,90.0,-1.0
2024~1364335,1,M1-B00163R4-- 01 003,MB02,CarbonBlack,OilWet,CarbonBlack_OilWet,TEST_HOLDOUT,EXACT_RECIPE_MIXER_ROUTE,L3_SHADOW_REVIEW_READY,47,5,M1-B00163XV-- 01 001;M1-B00163R4-- 01 004;M1-B00163XV-- 01 002;M1-B00163XM-- 02 003;M1-B00163XV-- 01 003,0.963,VALIDATED_SHADOW_REVIEW,SHADOW_REVIEW_READY,True,True,False,True,True,36.59,33.26,26.63,9.96,27.22,6.63,19.93,36.59,26.63,9.96,27.22,33.16,33.24,31.48,35.01,30.950000000000003,37.95,HIGH,False,8,WITHIN_SAFE_BOUNDS,VALID_ROUTE_STAGES,RAW_BEST_CANDIDATE,INSUFFICIENT_VALID_CANDIDATES_COUNT,51.0,51.0,0.0,20.0,5.0,-15.0,0.0,0.0,0.0,130.0,45.0,-85.0
2024~1364335,2,M1-B00163R4-- 01 003,MB02,CarbonBlack,OilWet,CarbonBlack_OilWet,TEST_HOLDOUT,EXACT_RECIPE_MIXER_ROUTE,L3_SHADOW_REVIEW_READY,47,5,M1-B00163XV-- 01 001;M1-B00163R4-- 01 004;M1-B00163XV-- 01 002;M1-B00163XM-- 02 003;M1-B00163XV-- 01 003,0.963,VALIDATED_SHADOW_REVIEW,SHADOW_REVIEW_READY,True,True,False,True,True,34.63,34.48,26.63,8.0,23.1,7.85,22.77,34.63,26.63,8.0,23.1,32.81,33.06,31.3,34.83,30.950000000000003,37.95,HIGH,False,8,WITHIN_SAFE_BOUNDS,VALID_ROUTE_STAGES,RAW_BEST_CANDIDATE,INSUFFICIENT_VALID_CANDIDATES_COUNT,51.0,51.0,0.0,17.0,5.0,-12.0,0.0,0.0,0.0,132.0,45.0,-87.0
2024~1364335,3,M1-B00163R4-- 01 003,MB02,CarbonBlack,OilWet,CarbonBlack_OilWet,TEST_HOLDOUT,EXACT_RECIPE_MIXER_ROUTE,L3_SHADOW_REVIEW_READY,47,5,M1-B00163XV-- 01 001;M1-B00163R4-- 01 004;M1-B00163XV-- 01 002;M1-B00163XM-- 02 003;M1-B00163XV-- 01 003,0.962,VALIDATED_SHADOW_REVIEW,SHADOW_REVIEW_READY,True,True,False,True,True,32.68,32.86,26.63,6.05,18.51,6.23,18.96,32.68,26.63,6.05,18.51,32.11,32.49,30.72,34.25,30.950000000000003,37.95,HIGH,False,0,WITHIN_SAFE_BOUNDS,VALID_ROUTE_STAGES,RAW_BEST_CANDIDATE,INSUFFICIENT_VALID_CANDIDATES_COUNT,52.0,51.0,-1.0,5.0,5.0,0.0,0.0,0.0,0.0,129.0,45.0,-84.0
2024~1384350,3,M1-B00458---- 12 003,MB02,CarbonBlack,OilWet,CarbonBlack_OilWet,TEST_HOLDOUT,EXACT_RECIPE_MIXER_ROUTE,L4_PILOT_READY,1121,5,M1-B00458B1-- 02 001;M1-B00458B1-- 02 002;M1-B00458---- 12 005;M1-B00458XM-- 04 002;M1-B00458---- 12 007,0.988,EXACT_RECIPE_MIXER_PILOT_GATE,PILOT_REVIEW_READY,True,True,False,True,True,35.45,31.57,26.39,9.06,25.56,5.18,16.41,35.45,26.39,9.06,25.56,41.54,41.51,39.74,43.27,38.3,45.3,HIGH,False,20,WITHIN_SAFE_BOUNDS,VALID_ROUTE_STAGES,RAW_BEST_CANDIDATE,GATE_PASS_OPTIMAL,60.0,60.0,0.0,5.0,5.0,0.0,0.0,0.0,0.0,114.0,34.0,-80.0
2024~1393736,1,M1-A03391---- 09 001,MB03,CarbonBlack,OilWet,CarbonBlack_OilWet,TEST_HOLDOUT,UNAVAILABLE,L0_NEW_RECIPE_COLD_START,0,5,M1-A03391---- 09 005;M1-A03391---- 09 006;M1-A03391---- 09 003;M1-A16404B--- 01 002;M1-A16404---- 01 005,0.994,INTERSECT_BRANCH_SIMILAR_RECIPE_ENGINEERING_BOUNDS,OBSERVATION_ONLY,True,True,False,True,True,33.43,31.77,33.43,0.0,0.0,-1.66,-5.23,33.43,33.43,0.0,0.0,,,,,44.21,51.21,LOW,True,0,UNAVAILABLE,UNAVAILABLE,RAW_BEST_CANDIDATE,COLD_START_RECIPE_NO_HISTORY,29.0,0.0,-29.0,42.0,0.0,-42.0,0.0,0.0,0.0,105.0,0.0,-105.0
2024~1393736,2,M1-A03391---- 09 001,MB03,CarbonBlack,OilWet,CarbonBlack_OilWet,TEST_HOLDOUT,UNAVAILABLE,L0_NEW_RECIPE_COLD_START,0,5,M1-A03391---- 09 005;M1-A03391---- 09 006;M1-A03391---- 09 003;M1-A16404B--- 01 002;M1-A16404---- 01 005,0.994,INTERSECT_BRANCH_SIMILAR_RECIPE_ENGINEERING_BOUNDS,OBSERVATION_ONLY,True,True,False,True,True,31.31,31.67,31.31,0.0,0.0,0.36,1.14,31.31,31.31,0.0,0.0,,,,,44.21,51.21,LOW,True,0,UNAVAILABLE,UNAVAILABLE,RAW_BEST_CANDIDATE,COLD_START_RECIPE_NO_HISTORY,29.0,0.0,-29.0,40.0,0.0,-40.0,0.0,0.0,0.0,105.0,0.0,-105.0
2024~1393736,3,M1-A03391---- 09 001,MB03,CarbonBlack,OilWet,CarbonBlack_OilWet,TEST_HOLDOUT,UNAVAILABLE,L0_NEW_RECIPE_COLD_START,0,5,M1-A03391---- 09 005;M1-A03391---- 09 006;M1-A03391---- 09 003;M1-A16404B--- 01 002;M1-A16404---- 01 005,0.993,INTERSECT_BRANCH_SIMILAR_RECIPE_ENGINEERING_BOUNDS,OBSERVATION_ONLY,True,True,False,True,True,30.71,31.67,30.71,0.0,0.0,0.96,3.03,30.71,30.71,0.0,0.0,,,,,44.21,51.21,LOW,True,0,UNAVAILABLE,UNAVAILABLE,RAW_BEST_CANDIDATE,COLD_START_RECIPE_NO_HISTORY,29.0,0.0,-29.0,36.0,0.0,-36.0,0.0,0.0,0.0,106.0,0.0,-106.0
2024~1401516,1,M1-T02128W5-- 04 002,ML07,Silica,OilWet,Silica_OilWet,TEST_HOLDOUT,EXACT_RECIPE_MIXER_ROUTE,L2_PRELIMINARY_RECIPE_WINDOW,10,5,M1-T02128W5-- 04 004;M1-T02128W5-- 04 006;M1-T33025W3-- 03 004;M1-T33025W3-- 03 005;M1-T14150---- 17 002,0.986,SHADOW_REVIEW_ONLY_WITH_PRELIMINARY_WINDOW,SHADOW_REVIEW_ONLY,False,True,True,True,True,35.85,41.41,38.27,-2.42,-6.75,3.14,7.58,35.85,38.27,-2.42,-6.75,61.74,61.54,59.19,63.9,59.22,66.22,HIGH,False,0,WITHIN_SAFE_BOUNDS,VALID_ROUTE_STAGES,RAW_BEST_CANDIDATE,INSUFFICIENT_VALID_CANDIDATES_COUNT,0.0,0.0,0.0,61.0,64.0,3.0,40.0,35.0,-5.0,102.0,71.0,-31.0
2024~1401516,2,M1-T02128W5-- 04 002,ML07,Silica,OilWet,Silica_OilWet,TEST_HOLDOUT,EXACT_RECIPE_MIXER_ROUTE,L2_PRELIMINARY_RECIPE_WINDOW,10,5,M1-T02128W5-- 04 004;M1-T02128W5-- 04 006;M1-T33025W3-- 03 004;M1-T33025W3-- 03 005;M1-T14150---- 17 002,0.986,SHADOW_REVIEW_ONLY_WITH_PRELIMINARY_WINDOW,SHADOW_REVIEW_ONLY,False,True,True,True,True,35.17,41.07,38.27,-3.1,-8.81,2.8,6.82,35.17,38.27,-3.1,-8.81,61.0,60.88,58.53,63.23,59.22,66.22,HIGH,False,0,WITHIN_SAFE_BOUNDS,VALID_ROUTE_STAGES,RAW_BEST_CANDIDATE,INSUFFICIENT_VALID_CANDIDATES_COUNT,0.0,0.0,0.0,61.0,64.0,3.0,36.0,35.0,-1.0,101.0,71.0,-30.0
2024~1401516,3,M1-T02128W5-- 04 002,ML07,Silica,OilWet,Silica_OilWet,TEST_HOLDOUT,EXACT_RECIPE_MIXER_ROUTE,L2_PRELIMINARY_RECIPE_WINDOW,10,5,M1-T02128W5-- 04 004;M1-T02128W5-- 04 006;M1-T33025W3-- 03 004;M1-T33025W3-- 03 005;M1-T14150---- 17 002,0.984,SHADOW_REVIEW_ONLY_WITH_PRELIMINARY_WINDOW,SHADOW_REVIEW_ONLY,False,True,True,True,True,34.63,40.96,38.27,-3.64,-10.51,2.69,6.57,34.63,38.27,-3.64,-10.51,60.98,60.87,58.52,63.22,59.22,66.22,HIGH,False,0,WITHIN_SAFE_BOUNDS,VALID_ROUTE_STAGES,RAW_BEST_CANDIDATE,INSUFFICIENT_VALID_CANDIDATES_COUNT,0.0,0.0,0.0,65.0,64.0,-1.0,32.0,35.0,3.0,101.0,71.0,-30.0
2024~1418382,1,M1-T09170WS-- 01 009,ML09,Silica,OilWet,Silica_OilWet,TEST_HOLDOUT,EXACT_RECIPE_MIXER_ROUTE,L3_SHADOW_REVIEW_READY,378,5,M1-T09170---- 24 001;M1-T09170XM-- 01 001;M1-T09170WS-- 01 010;M1-T15760XC-- 01 001;M1-T15760W--- 03 005,0.992,VALIDATED_SHADOW_REVIEW,SHADOW_REVIEW_READY,False,True,True,True,True,47.35,43.99,41.47,5.88,12.42,2.52,5.73,47.35,41.47,5.88,12.42,58.97,58.97,56.62,61.33,55.57333333333333,62.57333333333333,HIGH,False,14,OUT_OF_SAFE_BOUNDS,VALID_ROUTE_STAGES,RAW_BEST_CANDIDATE,REJECTED_OUT_OF_SAFE_BOUNDS,0.0,0.0,0.0,41.0,22.0,-19.0,20.0,37.0,17.0,108.0,92.0,-16.0
2024~1418382,2,M1-T09170WS-- 01 009,ML09,Silica,OilWet,Silica_OilWet,TEST_HOLDOUT,EXACT_RECIPE_MIXER_ROUTE,L3_SHADOW_REVIEW_READY,378,5,M1-T09170---- 24 001;M1-T09170XM-- 01 001;M1-T09170WS-- 01 010;M1-T15760XC-- 01 001;M1-T15760W--- 03 005,0.993,VALIDATED_SHADOW_REVIEW,SHADOW_REVIEW_READY,False,True,True,True,True,45.57,43.99,41.47,4.1,9.0,2.52,5.73,45.57,41.47,4.1,9.0,58.78,58.77,56.42,61.13,55.57333333333333,62.57333333333333,HIGH,False,14,OUT_OF_SAFE_BOUNDS,VALID_ROUTE_STAGES,RAW_BEST_CANDIDATE,REJECTED_OUT_OF_SAFE_BOUNDS,0.0,0.0,0.0,43.0,22.0,-21.0,24.0,37.0,13.0,108.0,92.0,-16.0
2024~1418382,3,M1-T09170WS-- 01 009,ML09,Silica,OilWet,Silica_OilWet,TEST_HOLDOUT,EXACT_RECIPE_MIXER_ROUTE,L3_SHADOW_REVIEW_READY,378,5,M1-T09170---- 24 001;M1-T09170XM-- 01 001;M1-T09170WS-- 01 010;M1-T15760XC-- 01 001;M1-T15760W--- 03 005,0.992,VALIDATED_SHADOW_REVIEW,SHADOW_REVIEW_READY,False,True,True,True,True,44.19,43.99,41.47,2.72,6.16,2.52,5.73,44.19,41.47,2.72,6.16,58.75,58.71,56.36,61.07,55.57333333333333,62.57333333333333,HIGH,False,14,OUT_OF_SAFE_BOUNDS,VALID_ROUTE_STAGES,RAW_BEST_CANDIDATE,REJECTED_OUT_OF_SAFE_BOUNDS,0.0,0.0,0.0,43.0,22.0,-21.0,23.0,37.0,14.0,107.0,92.0,-15.0
2024~1425828,1,M1-T19012---- 01 005,ML09,Silica,OilWet,Silica_OilWet,TEST_HOLDOUT,SILICA_ROUTE_GLOBAL_FALLBACK,L0_NEW_RECIPE_COLD_START,0,5,M1-T19012---- 01 006;M1-T19012---- 01 004;M1-T19012X1-- 01 004;M1-T19012X1-- 01 007;M1-T33025W3-- 04 005,0.995,INTERSECT_BRANCH_SIMILAR_RECIPE_ENGINEERING_BOUNDS,OBSERVATION_ONLY,False,True,True,True,True,42.06,45.75,32.37,9.69,23.04,13.38,29.25,42.06,32.37,9.69,23.04,108.02,108.57,106.21,110.92,103.7775,110.7775,HIGH,False,22,WITHIN_SAFE_BOUNDS,VALID_ROUTE_STAGES,RAW_BEST_CANDIDATE,GATE_PASS_OPTIMAL,0.0,0.0,0.0,113.0,37.0,-76.0,129.0,36.7,-92.3,157.0,75.2,-81.8
2024~1425828,3,M1-T19012---- 01 005,ML09,Silica,OilWet,Silica_OilWet,TEST_HOLDOUT,SILICA_ROUTE_GLOBAL_FALLBACK,L0_NEW_RECIPE_COLD_START,0,5,M1-T19012---- 01 006;M1-T19012---- 01 004;M1-T19012X1-- 01 004;M1-T19012X1-- 01 007;M1-T33025W3-- 04 005,0.996,INTERSECT_BRANCH_SIMILAR_RECIPE_ENGINEERING_BOUNDS,OBSERVATION_ONLY,False,True,True,True,True,44.67,41.5,37.9,6.77,15.16,3.6,8.67,44.67,37.9,6.77,15.16,109.2,109.08,106.73,111.43,103.7775,110.7775,HIGH,False,0,WITHIN_SAFE_BOUNDS,VALID_ROUTE_STAGES,RAW_BEST_CANDIDATE,INSUFFICIENT_VALID_CANDIDATES_COUNT,0.0,0.0,0.0,104.0,47.6,-56.4,119.0,46.6,-72.4,52.0,133.1,81.1
2024~1425828,4,M1-T19012---- 01 005,ML09,Silica,OilWet,Silica_OilWet,TEST_HOLDOUT,SILICA_ROUTE_GLOBAL_FALLBACK,L0_NEW_RECIPE_COLD_START,0,5,M1-T19012---- 01 006;M1-T19012---- 01 004;M1-T19012X1-- 01 004;M1-T19012X1-- 01 007;M1-T33025W3-- 04 005,0.996,INTERSECT_BRANCH_SIMILAR_RECIPE_ENGINEERING_BOUNDS,OBSERVATION_ONLY,False,True,True,True,True,45.52,42.87,32.77,12.75,28.01,10.1,23.56,45.52,32.77,12.75,28.01,108.9,108.99,106.64,111.34,103.7775,110.7775,HIGH,False,0,WITHIN_SAFE_BOUNDS,VALID_ROUTE_STAGES,RAW_BEST_CANDIDATE,INSUFFICIENT_VALID_CANDIDATES_COUNT,0.0,0.0,0.0,112.0,48.0,-64.0,121.0,64.0,-57.0,51.0,70.1,19.1
2024~1451752,1,M1-T09170---- 24 001,ML09,Silica,OilWet,Silica_OilWet,TEST_HOLDOUT,EXACT_RECIPE_MIXER_ROUTE,L2_PRELIMINARY_RECIPE_WINDOW,10,5,M1-T09170WS-- 01 010;M1-T09170WS-- 01 009;M1-T09170XM-- 01 001;M1-T15760W--- 03 005;M1-T15760XC-- 01 001,0.996,SHADOW_REVIEW_ONLY_WITH_PRELIMINARY_WINDOW,SHADOW_REVIEW_ONLY,False,True,True,True,True,45.91,44.6,44.54,1.37,2.98,0.06,0.13,45.91,44.54,1.37,2.98,58.05,58.02,55.67,60.38,55.11666666666667,62.11666666666667,HIGH,False,0,OUT_OF_SAFE_BOUNDS,VALID_ROUTE_STAGES,RAW_BEST_CANDIDATE,REJECTED_OUT_OF_SAFE_BOUNDS,0.0,0.0,0.0,52.0,46.0,-6.0,24.0,22.0,-2.0,107.0,109.0,2.0
2024~1451752,2,M1-T09170---- 24 001,ML09,Silica,OilWet,Silica_OilWet,TEST_HOLDOUT,EXACT_RECIPE_MIXER_ROUTE,L2_PRELIMINARY_RECIPE_WINDOW,10,5,M1-T09170WS-- 01 010;M1-T09170WS-- 01 009;M1-T09170XM-- 01 001;M1-T15760W--- 03 005;M1-T15760XC-- 01 001,0.996,SHADOW_REVIEW_ONLY_WITH_PRELIMINARY_WINDOW,SHADOW_REVIEW_ONLY,False,True,True,True,True,45.22,44.54,44.54,0.68,1.5,0.0,0.0,45.22,44.54,0.68,1.5,57.68,57.65,55.3,60.0,55.11666666666667,62.11666666666667,HIGH,False,0,OUT_OF_SAFE_BOUNDS,VALID_ROUTE_STAGES,RAW_BEST_CANDIDATE,REJECTED_OUT_OF_SAFE_BOUNDS,0.0,0.0,0.0,46.0,46.0,0.0,25.0,22.0,-3.0,107.0,109.0,2.0
2024~1451752,3,M1-T09170---- 24 001,ML09,Silica,OilWet,Silica_OilWet,TEST_HOLDOUT,EXACT_RECIPE_MIXER_ROUTE,L2_PRELIMINARY_RECIPE_WINDOW,10,5,M1-T09170WS-- 01 010;M1-T09170WS-- 01 009;M1-T09170XM-- 01 001;M1-T15760W--- 03 005;M1-T15760XC-- 01 001,0.996,SHADOW_REVIEW_ONLY_WITH_PRELIMINARY_WINDOW,SHADOW_REVIEW_ONLY,False,True,True,True,True,44.24,44.6,44.54,-0.3,-0.68,0.06,0.13,44.24,44.54,-0.3,-0.68,57.8,57.82,55.47,60.17,55.11666666666667,62.11666666666667,HIGH,False,0,OUT_OF_SAFE_BOUNDS,VALID_ROUTE_STAGES,RAW_BEST_CANDIDATE,REJECTED_OUT_OF_SAFE_BOUNDS,0.0,0.0,0.0,54.0,46.0,-8.0,23.0,22.0,-1.0,107.0,109.0,2.0
2024~1503273,1,M1-T00011B8-- 02 001,MB02,Silica,OilWet,Silica_OilWet,TEST_HOLDOUT,SILICA_ROUTE_GLOBAL_FALLBACK,L0_NEW_RECIPE_COLD_START,0,5,M1-T00011B2-- 14 004;M1-T00011B2-- 14 001;M1-T00011B2-- 21 001;M1-T00011B2-- 21 002;M1-T00011B2-- 21 004,0.998,INTERSECT_BRANCH_SIMILAR_RECIPE_ENGINEERING_BOUNDS,OBSERVATION_ONLY,False,True,True,True,True,25.35,27.31,28.88,-3.53,-13.93,-1.57,-5.75,25.35,28.88,-3.53,-13.93,42.0,42.09,39.74,44.44,41.29666666666666,48.29666666666666,MEDIUM,False,0,WITHIN_SAFE_BOUNDS,VALID_ROUTE_STAGES,RAW_BEST_CANDIDATE,INSUFFICIENT_VALID_CANDIDATES_COUNT,0.0,0.0,0.0,35.0,32.2,-2.8,18.0,30.1,12.1,88.0,105.3,17.3
2024~1503273,2,M1-T00011B8-- 02 001,MB02,Silica,OilWet,Silica_OilWet,TEST_HOLDOUT,SILICA_ROUTE_GLOBAL_FALLBACK,L0_NEW_RECIPE_COLD_START,0,5,M1-T00011B2-- 14 004;M1-T00011B2-- 14 001;M1-T00011B2-- 21 001;M1-T00011B2-- 21 002;M1-T00011B2-- 21 004,0.998,INTERSECT_BRANCH_SIMILAR_RECIPE_ENGINEERING_BOUNDS,OBSERVATION_ONLY,False,True,True,True,True,24.93,27.31,27.31,-2.38,-9.55,0.0,0.0,24.93,27.31,-2.38,-9.55,41.89,41.98,39.63,44.33,41.29666666666666,48.29666666666666,MEDIUM,False,0,WITHIN_SAFE_BOUNDS,VALID_ROUTE_STAGES,RAW_BEST_CANDIDATE,INSUFFICIENT_VALID_CANDIDATES_COUNT,0.0,0.0,0.0,35.0,60.4,25.4,19.0,27.7,8.7,88.0,64.8,-23.2
2024~1503273,3,M1-T00011B8-- 02 001,MB02,Silica,OilWet,Silica_OilWet,TEST_HOLDOUT,SILICA_ROUTE_GLOBAL_FALLBACK,L0_NEW_RECIPE_COLD_START,0,5,M1-T00011B2-- 14 004;M1-T00011B2-- 14 001;M1-T00011B2-- 21 001;M1-T00011B2-- 21 002;M1-T00011B2-- 21 004,0.998,INTERSECT_BRANCH_SIMILAR_RECIPE_ENGINEERING_BOUNDS,OBSERVATION_ONLY,False,True,True,True,True,24.48,27.31,31.53,-7.05,-28.8,-4.22,-15.45,24.48,31.53,-7.05,-28.8,42.2,42.35,40.0,44.7,41.29666666666666,48.29666666666666,MEDIUM,False,0,WITHIN_SAFE_BOUNDS,VALID_ROUTE_STAGES,RAW_BEST_CANDIDATE,INSUFFICIENT_VALID_CANDIDATES_COUNT,0.0,0.0,0.0,37.0,75.6,38.6,18.0,36.5,18.5,88.0,60.6,-27.4
2024~1528000,1,M1-T33025XA-- 01 001,ML09,Silica,OilWet,Silica_OilWet,TEST_HOLDOUT,SILICA_ROUTE_GLOBAL_FALLBACK,L0_NEW_RECIPE_COLD_START,0,5,M1-T33025XA-- 01 002;M1-T33025W3-- 04 003;M1-T15760---- 06 002;M1-T15760B--- 01 003;M1-T15760---- 06 001,0.991,INTERSECT_BRANCH_SIMILAR_RECIPE_ENGINEERING_BOUNDS,OBSERVATION_ONLY,False,True,True,True,True,54.97,47.61,36.52,18.45,33.56,11.09,23.29,54.97,36.52,18.45,33.56,48.7,49.16,46.81,51.52,45.75,52.75,HIGH,False,25,WITHIN_SAFE_BOUNDS,VALID_ROUTE_STAGES,RAW_BEST_CANDIDATE,GATE_PASS_OPTIMAL,0.0,0.0,0.0,64.0,57.9,-6.1,52.0,34.0,-18.0,147.0,95.3,-51.7
2024~1528000,2,M1-T33025XA-- 01 001,ML09,Silica,OilWet,Silica_OilWet,TEST_HOLDOUT,SILICA_ROUTE_GLOBAL_FALLBACK,L0_NEW_RECIPE_COLD_START,0,5,M1-T33025XA-- 01 002;M1-T15760---- 06 002;M1-T33025W3-- 04 003;M1-T15760B--- 01 003;M1-T15760---- 06 001,0.99,INTERSECT_BRANCH_SIMILAR_RECIPE_ENGINEERING_BOUNDS,OBSERVATION_ONLY,False,True,True,True,True,53.41,46.74,34.29,19.12,35.8,12.45,26.64,53.41,34.29,19.12,35.8,48.41,49.18,46.82,51.53,45.75,52.75,HIGH,False,25,WITHIN_SAFE_BOUNDS,VALID_ROUTE_STAGES,RAW_BEST_CANDIDATE,GATE_PASS_OPTIMAL,0.0,0.0,0.0,61.0,48.8,-12.2,52.0,24.3,-27.7,125.0,79.3,-45.7
2024~1546888,1,M1-T33025XA-- 01 001,ML09,Silica,OilWet,Silica_OilWet,TEST_HOLDOUT,SILICA_ROUTE_GLOBAL_FALLBACK,L0_NEW_RECIPE_COLD_START,0,5,M1-T33025XA-- 01 002;M1-T15760---- 06 002;M1-T33025W3-- 04 003;M1-T15760B--- 01 003;M1-T33025W3-- 04 005,0.995,INTERSECT_BRANCH_SIMILAR_RECIPE_ENGINEERING_BOUNDS,OBSERVATION_ONLY,False,True,True,True,True,52.99,46.03,35.36,17.63,33.27,10.67,23.18,52.99,35.36,17.63,33.27,47.72,48.39,46.04,50.74,44.47,51.47,HIGH,False,25,WITHIN_SAFE_BOUNDS,VALID_ROUTE_STAGES,RAW_BEST_CANDIDATE,GATE_PASS_OPTIMAL,0.0,0.0,0.0,58.0,35.5,-22.5,48.0,47.0,-1.0,124.0,79.7,-44.3
2024~1605749,1,M1-T01139B--- 14 003,MB03,Silica,OilWet,Silica_OilWet,TEST_HOLDOUT,SILICA_ROUTE_GLOBAL_FALLBACK,L0_NEW_RECIPE_COLD_START,0,5,M1-T17224---- 07 001;M1-T00011B2-- 16 001;M1-T00011B2-- 16 004;M1-T00011B8-- 01 004;M1-T00011B8-- 01 001,0.774,INTERSECT_BRANCH_SIMILAR_RECIPE_ENGINEERING_BOUNDS,OBSERVATION_ONLY,False,True,True,True,True,31.85,31.29,31.97,-0.12,-0.38,-0.68,-2.17,31.85,31.97,-0.12,-0.38,63.91,63.7,61.34,66.05,57.59,64.59,MEDIUM,False,0,WITHIN_SAFE_BOUNDS,VALID_ROUTE_STAGES,RAW_BEST_CANDIDATE,INSUFFICIENT_VALID_CANDIDATES_COUNT,0.0,0.0,0.0,5.0,62.2,57.2,31.0,25.1,-5.9,100.0,117.0,17.0
2024~1605749,2,M1-T01139B--- 14 003,MB03,Silica,OilWet,Silica_OilWet,TEST_HOLDOUT,SILICA_ROUTE_GLOBAL_FALLBACK,L0_NEW_RECIPE_COLD_START,0,5,M1-T17224---- 07 001;M1-T00011B2-- 16 001;M1-T00011B2-- 16 004;M1-T00011B8-- 01 004;M1-T00011B8-- 01 001,0.775,INTERSECT_BRANCH_SIMILAR_RECIPE_ENGINEERING_BOUNDS,OBSERVATION_ONLY,False,True,True,True,True,30.07,31.29,31.29,-1.22,-4.06,0.0,0.0,30.07,31.29,-1.22,-4.06,63.72,63.65,61.3,66.0,57.59,64.59,MEDIUM,False,0,WITHIN_SAFE_BOUNDS,VALID_ROUTE_STAGES,RAW_BEST_CANDIDATE,INSUFFICIENT_VALID_CANDIDATES_COUNT,0.0,0.0,0.0,3.0,34.0,31.0,39.0,61.1,22.1,101.0,72.0,-29.0
2024~1605749,3,M1-T01139B--- 14 003,MB03,Silica,OilWet,Silica_OilWet,TEST_HOLDOUT,SILICA_ROUTE_GLOBAL_FALLBACK,L0_NEW_RECIPE_COLD_START,0,5,M1-T17224---- 07 001;M1-T00011B2-- 16 001;M1-T00011B2-- 16 004;M1-T00011B8-- 01 004;M1-T00011B8-- 01 001,0.774,INTERSECT_BRANCH_SIMILAR_RECIPE_ENGINEERING_BOUNDS,OBSERVATION_ONLY,False,True,True,True,True,29.62,31.29,29.8,-0.18,-0.61,1.49,4.76,29.62,29.8,-0.18,-0.61,63.89,63.84,61.48,66.19,57.59,64.59,MEDIUM,False,0,WITHIN_SAFE_BOUNDS,VALID_ROUTE_STAGES,RAW_BEST_CANDIDATE,INSUFFICIENT_VALID_CANDIDATES_COUNT,0.0,0.0,0.0,3.0,48.9,45.9,36.0,29.1,-6.9,101.0,73.1,-27.9
2024~1627908,8,M1-B00163RT-- 01 002,MB02,CarbonBlack,OilWet,CarbonBlack_OilWet,TEST_HOLDOUT,EXACT_RECIPE_MIXER_ROUTE,L3_SHADOW_REVIEW_READY,58,5,M1-B00163RT-- 01 001;M1-A00205W3-- 03 003;M1-A00205W4-- 01 001;M1-A00205W3-- 03 002;M1-B00163R4-- 01 003,0.993,VALIDATED_SHADOW_REVIEW,SHADOW_REVIEW_READY,True,True,False,True,True,30.3,27.87,25.24,5.06,16.7,2.63,9.44,30.3,25.24,5.06,16.7,57.04,57.06,55.29,58.82,53.65,60.65,HIGH,False,4,OUT_OF_SAFE_BOUNDS,VALID_ROUTE_STAGES,RAW_BEST_CANDIDATE,REJECTED_OUT_OF_SAFE_BOUNDS,34.0,34.0,0.0,20.0,5.0,-15.0,0.0,0.0,0.0,64.0,34.0,-30.0
2025~1667184,3,M1-T00011-M-- 01 003,ML10,Silica,OilWet,Silica_OilWet,TEST_HOLDOUT,EXACT_RECIPE_MIXER_ROUTE,L2_PRELIMINARY_RECIPE_WINDOW,20,5,M1-T00011-M-- 01 004;M1-T00011B2-- 23 003;M1-T00011B2-- 23 005;M1-T00011B2-- 23 006;M1-T01139-M-- 01 003,0.995,SHADOW_REVIEW_ONLY_WITH_PRELIMINARY_WINDOW,SHADOW_REVIEW_ONLY,False,True,True,True,True,44.33,43.01,43.22,1.11,2.5,-0.21,-0.49,44.33,43.22,1.11,2.5,41.3,41.44,39.09,43.79,37.653333333333336,44.653333333333336,HIGH,False,2,WITHIN_SAFE_BOUNDS,VALID_ROUTE_STAGES,RAW_BEST_CANDIDATE,INSUFFICIENT_VALID_CANDIDATES_COUNT,0.0,0.0,0.0,32.0,30.0,-2.0,22.0,22.0,0.0,72.0,96.0,24.0
2025~1667184,4,M1-T00011-M-- 01 003,ML10,Silica,OilWet,Silica_OilWet,TEST_HOLDOUT,EXACT_RECIPE_MIXER_ROUTE,L2_PRELIMINARY_RECIPE_WINDOW,20,5,M1-T00011-M-- 01 004;M1-T00011B2-- 23 003;M1-T00011B2-- 23 005;M1-T00011B2-- 23 006;M1-T01139-M-- 01 003,0.994,SHADOW_REVIEW_ONLY_WITH_PRELIMINARY_WINDOW,SHADOW_REVIEW_ONLY,False,True,True,True,True,44.31,45.63,45.26,-0.95,-2.14,0.37,0.81,44.31,45.26,-0.95,-2.14,42.14,42.02,39.67,44.38,37.653333333333336,44.653333333333336,HIGH,False,2,WITHIN_SAFE_BOUNDS,VALID_ROUTE_STAGES,RAW_BEST_CANDIDATE,INSUFFICIENT_VALID_CANDIDATES_COUNT,0.0,0.0,0.0,31.0,30.0,-1.0,24.0,22.0,-2.0,72.0,96.0,24.0
2025~1686795,2,M1-T00011-M-- 01 003,ML10,Silica,OilWet,Silica_OilWet,TEST_HOLDOUT,EXACT_RECIPE_MIXER_ROUTE,L2_PRELIMINARY_RECIPE_WINDOW,20,5,M1-T00011-M-- 01 004;M1-T00011B2-- 23 003;M1-T00011B2-- 23 005;M1-T00011B2-- 23 006;M1-T01139-M-- 01 003,0.991,SHADOW_REVIEW_ONLY_WITH_PRELIMINARY_WINDOW,SHADOW_REVIEW_ONLY,False,True,True,True,True,46.68,46.23,46.06,0.62,1.33,0.17,0.37,46.68,46.06,0.62,1.33,44.08,43.96,41.6,46.31,36.42,43.42,LOW,False,0,WITHIN_SAFE_BOUNDS,VALID_ROUTE_STAGES,RAW_BEST_CANDIDATE,INSUFFICIENT_VALID_CANDIDATES_COUNT,0.0,0.0,0.0,30.0,30.0,0.0,23.0,22.0,-1.0,73.0,96.0,23.0
2025~1735670,45,M1-T00011B2-- 16 002,MB03,Silica,OilWet,Silica_OilWet,TEST_HOLDOUT,SILICA_ROUTE_GLOBAL_FALLBACK,L0_NEW_RECIPE_COLD_START,0,5,M1-T00011B8-- 01 004;M1-T00011B8-- 01 001;M1-T00011B2-- 16 004;M1-T00011B2-- 16 001;M1-T00011B2-- 22 001,0.996,INTERSECT_BRANCH_SIMILAR_RECIPE_ENGINEERING_BOUNDS,OBSERVATION_ONLY,False,True,True,True,True,24.97,24.67,27.54,-2.57,-10.29,-2.87,-11.63,24.97,27.54,-2.57,-10.29,42.92,42.92,40.57,45.27,38.79,45.79,HIGH,False,25,WITHIN_SAFE_BOUNDS,VALID_ROUTE_STAGES,RAW_BEST_CANDIDATE,REJECTED_NEGATIVE_OR_ZERO_SAVING,0.0,0.0,0.0,29.0,45.6,16.6,22.0,32.8,10.8,47.0,78.1,31.1
2025~1735670,46,M1-T00011B2-- 16 002,MB03,Silica,OilWet,Silica_OilWet,TEST_HOLDOUT,SILICA_ROUTE_GLOBAL_FALLBACK,L0_NEW_RECIPE_COLD_START,0,5,M1-T00011B8-- 01 004;M1-T00011B2-- 16 004;M1-T00011B8-- 01 001;M1-T00011B2-- 16 001;M1-T00011B2-- 22 001,0.997,INTERSECT_BRANCH_SIMILAR_RECIPE_ENGINEERING_BOUNDS,OBSERVATION_ONLY,False,True,True,True,True,24.05,26.61,29.78,-5.73,-23.83,-3.17,-11.91,24.05,29.78,-5.73,-23.83,43.0,42.89,40.54,45.24,38.79,45.79,HIGH,False,25,WITHIN_SAFE_BOUNDS,VALID_ROUTE_STAGES,RAW_BEST_CANDIDATE,REJECTED_NEGATIVE_OR_ZERO_SAVING,0.0,0.0,0.0,27.0,75.9,48.9,19.0,25.8,6.8,72.0,107.8,35.8
2025~1735670,47,M1-T00011B2-- 16 002,MB03,Silica,OilWet,Silica_OilWet,TEST_HOLDOUT,SILICA_ROUTE_GLOBAL_FALLBACK,L0_NEW_RECIPE_COLD_START,0,5,M1-T00011B8-- 01 004;M1-T00011B2-- 16 004;M1-T00011B8-- 01 001;M1-T00011B2-- 16 001;M1-T00011B2-- 22 001,0.997,INTERSECT_BRANCH_SIMILAR_RECIPE_ENGINEERING_BOUNDS,OBSERVATION_ONLY,False,True,True,True,True,26.23,28.61,29.1,-2.87,-10.94,-0.49,-1.71,26.23,29.1,-2.87,-10.94,43.4,43.31,40.95,45.66,38.79,45.79,HIGH,False,23,WITHIN_SAFE_BOUNDS,VALID_ROUTE_STAGES,RAW_BEST_CANDIDATE,REJECTED_NEGATIVE_OR_ZERO_SAVING,0.0,0.0,0.0,27.0,56.5,29.5,20.0,45.8,25.8,95.0,80.3,-14.7
2025~1753546,16,M1-T00011-M-- 01 004,ML10,Silica,OilWet,Silica_OilWet,TEST_HOLDOUT,EXACT_RECIPE_MIXER_ROUTE,L2_PRELIMINARY_RECIPE_WINDOW,10,5,M1-T00011B2-- 23 003;M1-T00011B2-- 23 005;M1-T00011-M-- 01 003;M1-T00011B2-- 23 006;M1-T01139-M-- 01 003,0.968,SHADOW_REVIEW_ONLY_WITH_PRELIMINARY_WINDOW,SHADOW_REVIEW_ONLY,False,True,True,True,True,42.58,41.4,41.4,1.18,2.77,0.0,0.0,42.58,41.4,1.18,2.77,41.61,41.63,39.28,43.98,30.549999999999997,37.55,LOW,True,0,WITHIN_SAFE_BOUNDS,VALID_ROUTE_STAGES,RAW_BEST_CANDIDATE,INSUFFICIENT_VALID_CANDIDATES_COUNT,0.0,0.0,0.0,29.0,29.5,0.5,19.0,20.0,1.0,95.0,96.0,1.0
2025~1760767,9,M1-T00011-M-- 01 004,ML10,Silica,OilWet,Silica_OilWet,TEST_HOLDOUT,EXACT_RECIPE_MIXER_ROUTE,L2_PRELIMINARY_RECIPE_WINDOW,10,5,M1-T00011B2-- 23 003;M1-T00011-M-- 01 003;M1-T00011B2-- 23 005;M1-T00011B2-- 23 006;M1-T01139-M-- 01 003,0.972,SHADOW_REVIEW_ONLY_WITH_PRELIMINARY_WINDOW,SHADOW_REVIEW_ONLY,False,True,True,True,True,44.55,44.48,44.65,-0.1,-0.22,-0.17,-0.38,44.55,44.65,-0.1,-0.22,39.53,39.49,37.14,41.84,37.33,44.33,HIGH,False,0,OUT_OF_SAFE_BOUNDS,VALID_ROUTE_STAGES,RAW_BEST_CANDIDATE,REJECTED_OUT_OF_SAFE_BOUNDS,0.0,0.0,0.0,28.0,26.0,-2.0,20.0,22.0,2.0,96.0,116.0,20.0
2025~1771771,25,M1-A00205W3-- 03 003,MB02,CarbonBlack,OilWet,CarbonBlack_OilWet,TEST_HOLDOUT,EXACT_RECIPE_MIXER_ROUTE,L3_SHADOW_REVIEW_READY,86,5,M1-A00205W3-- 03 002;M1-A00205W4-- 01 001;M1-B00163RT-- 01 001;M1-B00163RT-- 01 002;M1-B00163R4-- 01 003,0.977,VALIDATED_SHADOW_REVIEW,SHADOW_REVIEW_READY,True,True,False,True,True,27.41,27.32,27.32,0.09,0.33,0.0,0.0,27.41,27.32,0.09,0.33,41.08,41.08,39.32,42.85,38.75,45.75,HIGH,False,8,WITHIN_SAFE_BOUNDS,VALID_ROUTE_STAGES,RAW_BEST_CANDIDATE,INSUFFICIENT_VALID_CANDIDATES_COUNT,53.0,53.0,0.0,6.0,5.0,-1.0,0.0,0.0,0.0,75.0,75.0,0.0
2064013,1,M1-B00163XM-- 02 003,MB02,CarbonBlack,OilWet,CarbonBlack_OilWet,TEST_HOLDOUT,EXACT_RECIPE_MIXER_ROUTE,L1_SIMILAR_RECIPE_REFERENCE,4,5,M1-B00163R4-- 01 004;M1-B00163XV-- 01 001;M1-B00163R4-- 01 003;M1-B00163XV-- 01 002;M1-B00163XV-- 01 003,0.93,INTERSECT_BRANCH_SIMILAR_RECIPE_ENGINEERING_BOUNDS,REFERENCE_ONLY,True,True,False,True,True,26.01,26.12,20.18,5.83,22.41,5.94,22.74,26.01,20.18,5.83,22.41,33.38,30.98,29.22,32.75,27.69,34.69,HIGH,False,0,NOT_CHECKED,ZERO_EFFECTIVE_DURATIONS,RAW_BEST_CANDIDATE,REJECTED_ZERO_DURATION_CANDIDATE,50.0,0.0,-50.0,5.0,0.0,-5.0,0.0,0.0,0.0,36.0,0.0,-36.0
2064013,2,M1-B00163XM-- 02 003,MB02,CarbonBlack,OilWet,CarbonBlack_OilWet,TEST_HOLDOUT,EXACT_RECIPE_MIXER_ROUTE,L1_SIMILAR_RECIPE_REFERENCE,4,5,M1-B00163R4-- 01 004;M1-B00163XV-- 01 001;M1-B00163R4-- 01 003;M1-B00163XV-- 01 002;M1-B00163XV-- 01 003,0.93,INTERSECT_BRANCH_SIMILAR_RECIPE_ENGINEERING_BOUNDS,REFERENCE_ONLY,True,True,False,True,True,25.63,26.79,20.18,5.45,21.26,6.61,24.67,25.63,20.18,5.45,21.26,32.9,30.5,28.74,32.26,27.69,34.69,HIGH,False,0,NOT_CHECKED,ZERO_EFFECTIVE_DURATIONS,RAW_BEST_CANDIDATE,REJECTED_ZERO_DURATION_CANDIDATE,50.0,0.0,-50.0,31.0,0.0,-31.0,0.0,0.0,0.0,35.0,0.0,-35.0
2094369,7,M1-T10035B6-- 03 001,MB02,Silica,OilWet,Silica_OilWet,TEST_HOLDOUT,SILICA_ROUTE_GLOBAL_FALLBACK,L0_NEW_RECIPE_COLD_START,0,5,M1-T10035B7-- 02 001;M1-T17054B--- 01 001;M1-S08156---- 18 001;M1-S08156B1-- 03 002;M1-T17054---- 02 006,0.914,INTERSECT_BRANCH_SIMILAR_RECIPE_ENGINEERING_BOUNDS,OBSERVATION_ONLY,False,True,True,True,True,45.0,39.56,31.9,13.1,29.11,7.66,19.36,45.0,31.9,13.1,29.11,43.23,43.15,40.8,45.5,30.909999999999997,37.91,LOW,True,0,WITHIN_SAFE_BOUNDS,VALID_ROUTE_STAGES,RAW_BEST_CANDIDATE,INSUFFICIENT_VALID_CANDIDATES_COUNT,0.0,0.0,0.0,70.0,59.6,-10.4,55.0,34.8,-20.2,144.0,71.0,-73.0
2204930,3,M1-S00211---- 10 001,ML09,Silica,OilWet,Silica_OilWet,TEST_HOLDOUT,SILICA_ROUTE_GLOBAL_FALLBACK,L0_NEW_RECIPE_COLD_START,0,5,M1-S00211B--- 05 003;M1-T15760---- 06 002;M1-T15760B--- 01 003;M1-T15760---- 06 001;M1-T15760XP-- 01 003,0.974,INTERSECT_BRANCH_SIMILAR_RECIPE_ENGINEERING_BOUNDS,OBSERVATION_ONLY,False,True,True,True,True,34.81,30.52,33.72,1.09,3.13,-3.2,-10.48,34.81,33.72,1.09,3.13,27.14,27.1,24.75,29.45,25.27,32.269999999999996,HIGH,False,0,WITHIN_SAFE_BOUNDS,VALID_ROUTE_STAGES,RAW_BEST_CANDIDATE,INSUFFICIENT_VALID_CANDIDATES_COUNT,0.0,0.0,0.0,78.0,69.5,-8.5,19.0,29.8,10.8,59.0,88.4,29.4
2204930,4,M1-S00211---- 10 001,ML09,Silica,OilWet,Silica_OilWet,TEST_HOLDOUT,SILICA_ROUTE_GLOBAL_FALLBACK,L0_NEW_RECIPE_COLD_START,0,5,M1-S00211B--- 05 003;M1-T15760---- 06 002;M1-T15760B--- 01 003;M1-T15760---- 06 001;M1-T15760XP-- 01 003,0.975,INTERSECT_BRANCH_SIMILAR_RECIPE_ENGINEERING_BOUNDS,OBSERVATION_ONLY,False,True,True,True,True,35.21,31.58,35.25,-0.04,-0.11,-3.67,-11.62,35.21,35.25,-0.04,-0.11,27.35,27.44,25.09,29.79,25.27,32.269999999999996,HIGH,False,0,WITHIN_SAFE_BOUNDS,VALID_ROUTE_STAGES,RAW_BEST_CANDIDATE,INSUFFICIENT_VALID_CANDIDATES_COUNT,0.0,0.0,0.0,83.0,43.4,-39.6,19.0,28.5,9.5,61.0,85.7,24.7
2244676,4,M1-B00163R4-- 01 004,MB02,CarbonBlack,OilWet,CarbonBlack_OilWet,TEST_HOLDOUT,EXACT_RECIPE_MIXER_ROUTE,L2_PRELIMINARY_RECIPE_WINDOW,22,5,M1-B00163XV-- 01 001;M1-B00163R4-- 01 003;M1-B00163XV-- 01 002;M1-B00163---- 08 005;M1-B00163XM-- 02 003,0.976,SHADOW_REVIEW_ONLY_WITH_PRELIMINARY_WINDOW,SHADOW_REVIEW_ONLY,True,True,False,True,True,30.29,31.02,30.06,0.23,0.76,0.96,3.09,30.29,30.06,0.23,0.76,32.29,32.41,30.65,34.18,25.61,32.61,LOW,False,0,WITHIN_SAFE_BOUNDS,VALID_ROUTE_STAGES,RAW_BEST_CANDIDATE,INSUFFICIENT_VALID_CANDIDATES_COUNT,50.0,50.0,0.0,15.0,5.0,-10.0,0.0,0.0,0.0,94.0,86.0,-8.0
2244676,5,M1-B00163R4-- 01 004,MB02,CarbonBlack,OilWet,CarbonBlack_OilWet,TEST_HOLDOUT,EXACT_RECIPE_MIXER_ROUTE,L2_PRELIMINARY_RECIPE_WINDOW,22,5,M1-B00163XV-- 01 001;M1-B00163R4-- 01 003;M1-B00163XV-- 01 002;M1-B00163---- 08 005;M1-B00163XM-- 02 003,0.975,SHADOW_REVIEW_ONLY_WITH_PRELIMINARY_WINDOW,SHADOW_REVIEW_ONLY,True,True,False,True,True,30.21,31.26,30.06,0.15,0.5,1.2,3.84,30.21,30.06,0.15,0.5,32.53,32.65,30.89,34.42,25.61,32.61,LOW,False,0,WITHIN_SAFE_BOUNDS,VALID_ROUTE_STAGES,RAW_BEST_CANDIDATE,INSUFFICIENT_VALID_CANDIDATES_COUNT,51.0,50.0,-1.0,15.0,5.0,-10.0,0.0,0.0,0.0,96.0,86.0,-10.0
2244676,6,M1-B00163R4-- 01 004,MB02,CarbonBlack,OilWet,CarbonBlack_OilWet,TEST_HOLDOUT,EXACT_RECIPE_MIXER_ROUTE,L2_PRELIMINARY_RECIPE_WINDOW,22,5,M1-B00163XV-- 01 001;M1-B00163R4-- 01 003;M1-B00163XV-- 01 002;M1-B00163---- 08 005;M1-B00163XM-- 02 003,0.975,SHADOW_REVIEW_ONLY_WITH_PRELIMINARY_WINDOW,SHADOW_REVIEW_ONLY,True,True,False,True,True,31.05,31.02,30.06,0.99,3.19,0.96,3.09,31.05,30.06,0.99,3.19,32.18,32.28,30.52,34.05,25.61,32.61,LOW,False,0,WITHIN_SAFE_BOUNDS,VALID_ROUTE_STAGES,RAW_BEST_CANDIDATE,INSUFFICIENT_VALID_CANDIDATES_COUNT,50.0,50.0,0.0,17.0,5.0,-12.0,0.0,0.0,0.0,94.0,86.0,-8.0
2239581,2,M1-S08156B1-- 01 004,ML07,Silica,OilWet,Silica_OilWet,TEST_HOLDOUT,EXACT_RECIPE_MIXER_ROUTE,L1_SIMILAR_RECIPE_REFERENCE,1,5,M1-S08156B1-- 01 003;M1-S08156---- 20 001;M1-S08156B1-- 01 005;M1-T05073XV-- 01 001;M1-T05073---- 06 007,0.998,INTERSECT_BRANCH_SIMILAR_RECIPE_ENGINEERING_BOUNDS,REFERENCE_ONLY,False,True,True,True,True,25.12,26.35,28.42,-3.3,-13.14,-2.07,-7.86,25.12,28.42,-3.3,-13.14,26.49,26.49,24.14,28.85,23.85333333333333,30.85333333333333,HIGH,False,1,WITHIN_SAFE_BOUNDS,VALID_ROUTE_STAGES,RAW_BEST_CANDIDATE,INSUFFICIENT_VALID_CANDIDATES_COUNT,0.0,0.0,0.0,44.0,44.0,0.0,16.0,17.0,1.0,25.0,46.0,21.0
2273329,56,M1-B15563R1-- 03 002,MB02,CarbonBlack,OilWet,CarbonBlack_OilWet,TEST_HOLDOUT,UNAVAILABLE,L0_NEW_RECIPE_COLD_START,0,5,M1-B00458---- 12 008;M1-B00458XV-- 01 002;M1-B00458B1-- 02 003;M1-B00458---- 12 003;M1-B00458---- 12 007,0.884,INTERSECT_BRANCH_SIMILAR_RECIPE_ENGINEERING_BOUNDS,OBSERVATION_ONLY,True,True,False,True,True,28.98,31.46,28.98,0.0,0.0,2.48,7.88,28.98,28.98,0.0,0.0,,,,,35.39,42.39,LOW,True,0,UNAVAILABLE,UNAVAILABLE,RAW_BEST_CANDIDATE,COLD_START_RECIPE_NO_HISTORY,39.0,0.0,-39.0,5.0,0.0,-5.0,0.0,0.0,0.0,103.0,0.0,-103.0
2273329,57,M1-B15563R1-- 03 002,MB02,CarbonBlack,OilWet,CarbonBlack_OilWet,TEST_HOLDOUT,UNAVAILABLE,L0_NEW_RECIPE_COLD_START,0,5,M1-B00458---- 12 008;M1-B00458XV-- 01 002;M1-B00458B1-- 02 003;M1-B00458---- 12 003;M1-B00458---- 12 007,0.885,INTERSECT_BRANCH_SIMILAR_RECIPE_ENGINEERING_BOUNDS,OBSERVATION_ONLY,True,True,False,True,True,29.03,32.24,29.03,0.0,0.0,3.21,9.96,29.03,29.03,0.0,0.0,,,,,35.39,42.39,LOW,True,0,UNAVAILABLE,UNAVAILABLE,RAW_BEST_CANDIDATE,COLD_START_RECIPE_NO_HISTORY,40.0,0.0,-40.0,21.0,0.0,-21.0,0.0,0.0,0.0,102.0,0.0,-102.0
2273329,58,M1-B15563R1-- 03 002,MB02,CarbonBlack,OilWet,CarbonBlack_OilWet,TEST_HOLDOUT,UNAVAILABLE,L0_NEW_RECIPE_COLD_START,0,5,M1-B00458---- 12 008;M1-B00458XV-- 01 002;M1-B00458B1-- 02 003;M1-B00458---- 12 003;M1-B00458---- 12 007,0.884,INTERSECT_BRANCH_SIMILAR_RECIPE_ENGINEERING_BOUNDS,OBSERVATION_ONLY,True,True,False,True,True,27.66,32.17,27.66,0.0,0.0,4.51,14.02,27.66,27.66,0.0,0.0,,,,,35.39,42.39,LOW,True,0,UNAVAILABLE,UNAVAILABLE,RAW_BEST_CANDIDATE,COLD_START_RECIPE_NO_HISTORY,39.0,0.0,-39.0,21.0,0.0,-21.0,0.0,0.0,0.0,102.0,0.0,-102.0
2287018,1,M1-S08156B1-- 01 004,ML07,Silica,OilWet,Silica_OilWet,TEST_HOLDOUT,EXACT_RECIPE_MIXER_ROUTE,L1_SIMILAR_RECIPE_REFERENCE,1,5,M1-S08156B1-- 01 003;M1-S08156---- 20 001;M1-S08156B1-- 01 005;M1-T05073XV-- 01 001;M1-T05073---- 06 007,0.994,INTERSECT_BRANCH_SIMILAR_RECIPE_ENGINEERING_BOUNDS,REFERENCE_ONLY,False,True,True,True,True,27.88,27.71,28.42,-0.54,-1.94,-0.71,-2.56,27.88,28.42,-0.54,-1.94,26.68,26.68,24.32,29.03,23.00333333333333,30.00333333333333,HIGH,False,1,WITHIN_SAFE_BOUNDS,VALID_ROUTE_STAGES,RAW_BEST_CANDIDATE,INSUFFICIENT_VALID_CANDIDATES_COUNT,0.0,0.0,0.0,40.0,44.0,4.0,15.0,17.0,2.0,46.0,46.0,0.0
2287018,2,M1-S08156B1-- 01 004,ML07,Silica,OilWet,Silica_OilWet,TEST_HOLDOUT,EXACT_RECIPE_MIXER_ROUTE,L1_SIMILAR_RECIPE_REFERENCE,1,5,M1-S08156B1-- 01 003;M1-S08156---- 20 001;M1-S08156B1-- 01 005;M1-T05073XV-- 01 001;M1-T05073---- 06 007,0.994,INTERSECT_BRANCH_SIMILAR_RECIPE_ENGINEERING_BOUNDS,REFERENCE_ONLY,False,True,True,True,True,27.62,28.42,28.42,-0.8,-2.9,0.0,0.0,27.62,28.42,-0.8,-2.9,26.44,26.44,24.09,28.8,23.00333333333333,30.00333333333333,HIGH,False,1,WITHIN_SAFE_BOUNDS,VALID_ROUTE_STAGES,RAW_BEST_CANDIDATE,INSUFFICIENT_VALID_CANDIDATES_COUNT,0.0,0.0,0.0,43.0,44.0,1.0,17.0,17.0,0.0,46.0,46.0,0.0
2322099,57,M1-T00011B2-- 23 003,ML10,Silica,OilWet,Silica_OilWet,TEST_HOLDOUT,EXACT_RECIPE_MIXER_ROUTE,L1_SIMILAR_RECIPE_REFERENCE,1,5,M1-T00011B2-- 23 005;M1-T00011-M-- 01 004;M1-T00011B2-- 23 006;M1-T00011-M-- 01 003;M1-T01139-M-- 01 003,0.993,INTERSECT_BRANCH_SIMILAR_RECIPE_ENGINEERING_BOUNDS,REFERENCE_ONLY,False,True,True,True,True,46.54,41.88,42.21,4.33,9.3,-0.33,-0.79,46.54,42.21,4.33,9.3,40.65,40.63,38.28,42.99,37.22,44.22,HIGH,False,1,WITHIN_SAFE_BOUNDS,VALID_ROUTE_STAGES,RAW_BEST_CANDIDATE,INSUFFICIENT_VALID_CANDIDATES_COUNT,0.0,0.0,0.0,8.0,7.0,-1.0,45.0,48.0,3.0,93.0,92.0,-1.0
2323549,1,M1-T01139-A-- 02 001,MB02,Silica,OilWet,Silica_OilWet,TEST_HOLDOUT,SILICA_ROUTE_GLOBAL_FALLBACK,L0_NEW_RECIPE_COLD_START,0,5,M1-T17054---- 02 007;M1-T17054---- 02 006;M1-T00011B2-- 14 001;M1-T00011B2-- 14 004;M1-T00011B2-- 21 001,0.801,INTERSECT_BRANCH_SIMILAR_RECIPE_ENGINEERING_BOUNDS,OBSERVATION_ONLY,False,True,True,True,True,38.66,32.41,32.22,6.44,16.66,0.19,0.59,38.66,32.22,6.44,16.66,56.4,56.46,54.1,58.81,52.235,59.235,HIGH,False,25,WITHIN_SAFE_BOUNDS,VALID_ROUTE_STAGES,RAW_BEST_CANDIDATE,GATE_PASS_OPTIMAL,0.0,0.0,0.0,5.0,46.0,41.0,39.0,28.9,-10.1,123.0,104.0,-19.0
2323549,2,M1-T01139-A-- 02 001,MB02,Silica,OilWet,Silica_OilWet,TEST_HOLDOUT,SILICA_ROUTE_GLOBAL_FALLBACK,L0_NEW_RECIPE_COLD_START,0,5,M1-T17054---- 02 007;M1-T17054---- 02 006;M1-T00011B2-- 14 001;M1-T00011B2-- 14 004;M1-T00011B2-- 21 001,0.801,INTERSECT_BRANCH_SIMILAR_RECIPE_ENGINEERING_BOUNDS,OBSERVATION_ONLY,False,True,True,True,True,36.36,32.41,30.57,5.79,15.92,1.84,5.68,36.36,30.57,5.79,15.92,56.33,56.37,54.02,58.72,52.235,59.235,HIGH,False,25,WITHIN_SAFE_BOUNDS,VALID_ROUTE_STAGES,RAW_BEST_CANDIDATE,GATE_PASS_OPTIMAL,0.0,0.0,0.0,5.0,54.8,49.8,35.0,37.4,2.4,123.0,79.4,-43.6
2323549,4,M1-T01139-A-- 02 001,MB02,Silica,OilWet,Silica_OilWet,TEST_HOLDOUT,SILICA_ROUTE_GLOBAL_FALLBACK,L0_NEW_RECIPE_COLD_START,0,5,M1-T17054---- 02 007;M1-T17054---- 02 006;M1-T00011B2-- 14 001;M1-T00011B2-- 14 004;M1-T00011B2-- 21 001,0.802,INTERSECT_BRANCH_SIMILAR_RECIPE_ENGINEERING_BOUNDS,OBSERVATION_ONLY,False,True,True,True,True,35.33,32.41,30.54,4.79,13.56,1.87,5.77,35.33,30.54,4.79,13.56,56.1,56.08,53.73,58.43,52.235,59.235,HIGH,False,25,WITHIN_SAFE_BOUNDS,VALID_ROUTE_STAGES,RAW_BEST_CANDIDATE,GATE_PASS_OPTIMAL,0.0,0.0,0.0,5.0,53.7,48.7,40.0,39.4,-0.6,121.0,77.6,-43.4
2363438,1,M1-S08156---- 20 002,ML07,Silica,OilWet,Silica_OilWet,TEST_HOLDOUT,SILICA_ROUTE_GLOBAL_FALLBACK,L0_NEW_RECIPE_COLD_START,0,5,M1-S08156---- 20 001;M1-S08156B1-- 01 005;M1-S08156B1-- 01 004;M1-S08156B1-- 01 003;M1-T05073XV-- 01 001,0.99,INTERSECT_BRANCH_SIMILAR_RECIPE_ENGINEERING_BOUNDS,OBSERVATION_ONLY,False,True,True,True,True,31.15,29.01,30.19,0.96,3.08,-1.18,-4.07,31.15,30.19,0.96,3.08,26.6,26.88,24.52,29.23,23.126666666666665,30.126666666666665,HIGH,False,25,WITHIN_SAFE_BOUNDS,VALID_ROUTE_STAGES,RAW_BEST_CANDIDATE,SAVING_BELOW_THRESHOLD,0.0,0.0,0.0,47.0,49.5,2.5,21.0,36.8,15.8,47.0,79.2,32.2
2363438,2,M1-S08156---- 20 002,ML07,Silica,OilWet,Silica_OilWet,TEST_HOLDOUT,SILICA_ROUTE_GLOBAL_FALLBACK,L0_NEW_RECIPE_COLD_START,0,5,M1-S08156---- 20 001;M1-S08156B1-- 01 005;M1-S08156B1-- 01 004;M1-S08156B1-- 01 003;M1-T05073XV-- 01 001,0.989,INTERSECT_BRANCH_SIMILAR_RECIPE_ENGINEERING_BOUNDS,OBSERVATION_ONLY,False,True,True,True,True,30.6,29.01,30.5,0.1,0.33,-1.49,-5.14,30.6,30.5,0.1,0.33,26.48,26.62,24.27,28.98,23.126666666666665,30.126666666666665,HIGH,False,25,WITHIN_SAFE_BOUNDS,VALID_ROUTE_STAGES,RAW_BEST_CANDIDATE,SAVING_BELOW_THRESHOLD,0.0,0.0,0.0,47.0,37.1,-9.9,21.0,38.5,17.5,47.0,70.4,23.4
2363438,3,M1-S08156---- 20 002,ML07,Silica,OilWet,Silica_OilWet,TEST_HOLDOUT,SILICA_ROUTE_GLOBAL_FALLBACK,L0_NEW_RECIPE_COLD_START,0,5,M1-S08156---- 20 001;M1-S08156B1-- 01 005;M1-S08156B1-- 01 004;M1-S08156B1-- 01 003;M1-T05073XV-- 01 001,0.989,INTERSECT_BRANCH_SIMILAR_RECIPE_ENGINEERING_BOUNDS,OBSERVATION_ONLY,False,True,True,True,True,30.25,29.01,31.66,-1.41,-4.66,-2.65,-9.13,30.25,31.66,-1.41,-4.66,26.65,26.68,24.32,29.03,23.126666666666665,30.126666666666665,HIGH,False,25,WITHIN_SAFE_BOUNDS,VALID_ROUTE_STAGES,RAW_BEST_CANDIDATE,REJECTED_NEGATIVE_OR_ZERO_SAVING,0.0,0.0,0.0,46.0,39.7,-6.3,21.0,34.9,13.9,46.0,83.9,37.9
2379091,1,M1-T09170---- 23 004,MB03,Silica,OilWet,Silica_OilWet,TEST_HOLDOUT,EXACT_RECIPE_MIXER_ROUTE,L3_SHADOW_REVIEW_READY,68,5,M1-T09170WS-- 02 004;M1-T09170WS-- 02 003;M1-T09170---- 23 003;M1-T09170XT-- 03 001;M1-T09170WZ-- 01 001,0.977,VALIDATED_SHADOW_REVIEW,SHADOW_REVIEW_READY,False,True,True,True,True,41.2,42.79,42.5,-1.3,-3.16,0.29,0.68,41.2,42.5,-1.3,-3.16,55.24,55.23,52.87,57.58,50.473333333333336,57.473333333333336,HIGH,False,0,WITHIN_SAFE_BOUNDS,VALID_ROUTE_STAGES,RAW_BEST_CANDIDATE,INSUFFICIENT_VALID_CANDIDATES_COUNT,0.0,0.0,0.0,59.0,57.0,-2.0,34.0,29.0,-5.0,124.0,125.0,1.0
2379091,2,M1-T09170---- 23 004,MB03,Silica,OilWet,Silica_OilWet,TEST_HOLDOUT,EXACT_RECIPE_MIXER_ROUTE,L3_SHADOW_REVIEW_READY,68,5,M1-T09170WS-- 02 004;M1-T09170WS-- 02 003;M1-T09170---- 23 003;M1-T09170XT-- 03 001;M1-T09170WZ-- 01 001,0.977,VALIDATED_SHADOW_REVIEW,SHADOW_REVIEW_READY,False,True,True,True,True,46.15,42.43,42.5,3.65,7.91,-0.07,-0.16,46.15,42.5,3.65,7.91,54.43,54.34,51.99,56.7,50.473333333333336,57.473333333333336,HIGH,False,8,WITHIN_SAFE_BOUNDS,VALID_ROUTE_STAGES,RAW_BEST_CANDIDATE,INSUFFICIENT_VALID_CANDIDATES_COUNT,0.0,0.0,0.0,51.0,57.0,6.0,28.0,29.0,1.0,124.0,125.0,1.0
2379091,3,M1-T09170---- 23 004,MB03,Silica,OilWet,Silica_OilWet,TEST_HOLDOUT,EXACT_RECIPE_MIXER_ROUTE,L3_SHADOW_REVIEW_READY,68,5,M1-T09170WS-- 02 004;M1-T09170WS-- 02 003;M1-T09170---- 23 003;M1-T09170XT-- 03 001;M1-T09170WZ-- 01 001,0.978,VALIDATED_SHADOW_REVIEW,SHADOW_REVIEW_READY,False,True,True,True,True,44.64,42.67,42.73,1.91,4.28,-0.06,-0.14,44.64,42.73,1.91,4.28,54.45,54.38,52.02,56.73,50.473333333333336,57.473333333333336,HIGH,False,8,WITHIN_SAFE_BOUNDS,VALID_ROUTE_STAGES,RAW_BEST_CANDIDATE,INSUFFICIENT_VALID_CANDIDATES_COUNT,0.0,0.0,0.0,49.0,57.0,8.0,30.0,29.0,-1.0,125.0,125.0,0.0
2411294,20,M1-A06441R1-- 04 001,MB02,CarbonBlack,OilWet,CarbonBlack_OilWet,TEST_HOLDOUT,EXACT_RECIPE_MIXER_ROUTE,L1_SIMILAR_RECIPE_REFERENCE,5,5,M1-A06441R2-- 01 005;M1-R00037W9-- 03 001;M1-A00268R2-- 05 001;M1-A00268R2-- 05 006;M1-A00268R2-- 05 003,0.98,INTERSECT_BRANCH_SIMILAR_RECIPE_ENGINEERING_BOUNDS,REFERENCE_ONLY,True,True,False,True,True,30.15,33.38,25.9,4.25,14.1,7.48,22.41,30.15,25.9,4.25,14.1,57.12,57.12,55.35,58.88,50.55,57.55,MEDIUM,False,0,WITHIN_SAFE_BOUNDS,VALID_ROUTE_STAGES,RAW_BEST_CANDIDATE,INSUFFICIENT_VALID_CANDIDATES_COUNT,48.0,44.0,-4.0,29.0,27.0,-2.0,0.0,0.0,0.0,104.0,32.0,-72.0
2397476,38,M1-M08161Y--- 02 011,MB02,CarbonBlack,OilWet,CarbonBlack_OilWet,TEST_HOLDOUT,UNAVAILABLE,L0_NEW_RECIPE_COLD_START,0,5,M1-M08161X3-- 01 001;M1-A44268---- 01 002;M1-B00163R4-- 01 003;M1-B00163XV-- 01 001;M1-A00205W4-- 01 001,0.912,INTERSECT_BRANCH_SIMILAR_RECIPE_ENGINEERING_BOUNDS,OBSERVATION_ONLY,True,True,False,True,True,21.53,27.41,21.53,0.0,0.0,5.88,21.45,21.53,21.53,0.0,0.0,,,,,32.11,39.11,LOW,True,0,UNAVAILABLE,UNAVAILABLE,RAW_BEST_CANDIDATE,COLD_START_RECIPE_NO_HISTORY,45.0,0.0,-45.0,5.0,0.0,-5.0,0.0,0.0,0.0,50.0,0.0,-50.0
2397476,40,M1-M08161Y--- 02 011,MB02,CarbonBlack,OilWet,CarbonBlack_OilWet,TEST_HOLDOUT,UNAVAILABLE,L0_NEW_RECIPE_COLD_START,0,5,M1-M08161X3-- 01 001;M1-A44268---- 01 002;M1-B00163R4-- 01 003;M1-B00163XV-- 01 001;M1-A00205W4-- 01 001,0.912,INTERSECT_BRANCH_SIMILAR_RECIPE_ENGINEERING_BOUNDS,OBSERVATION_ONLY,True,True,False,True,True,21.57,27.41,21.57,0.0,0.0,5.84,21.31,21.57,21.57,0.0,0.0,,,,,32.11,39.11,LOW,True,0,UNAVAILABLE,UNAVAILABLE,RAW_BEST_CANDIDATE,COLD_START_RECIPE_NO_HISTORY,47.0,0.0,-47.0,5.0,0.0,-5.0,0.0,0.0,0.0,48.0,0.0,-48.0
2397476,41,M1-M08161Y--- 02 011,MB02,CarbonBlack,OilWet,CarbonBlack_OilWet,TEST_HOLDOUT,UNAVAILABLE,L0_NEW_RECIPE_COLD_START,0,5,M1-M08161X3-- 01 001;M1-A44268---- 01 002;M1-B00163R4-- 01 003;M1-B00163XV-- 01 001;M1-A00205W4-- 01 001,0.912,INTERSECT_BRANCH_SIMILAR_RECIPE_ENGINEERING_BOUNDS,OBSERVATION_ONLY,True,True,False,True,True,21.38,27.41,21.38,0.0,0.0,6.03,22.0,21.38,21.38,0.0,0.0,,,,,32.11,39.11,LOW,True,0,UNAVAILABLE,UNAVAILABLE,RAW_BEST_CANDIDATE,COLD_START_RECIPE_NO_HISTORY,49.0,0.0,-49.0,5.0,0.0,-5.0,0.0,0.0,0.0,50.0,0.0,-50.0
7450075,24,M1-T00011B2-- 22 004,MB03,Silica,OilWet,Silica_OilWet,TEST_HOLDOUT,SILICA_ROUTE_GLOBAL_FALLBACK,L0_NEW_RECIPE_COLD_START,0,5,M1-T00011B2-- 22 005;M1-T00011B8-- 01 001;M1-T00011B8-- 01 004;M1-T00011XZ-- 04 002;M1-T00011B2-- 16 004,0.984,INTERSECT_BRANCH_SIMILAR_RECIPE_ENGINEERING_BOUNDS,OBSERVATION_ONLY,False,True,True,True,True,27.34,30.92,31.22,-3.88,-14.19,-0.3,-0.97,27.34,31.22,-3.88,-14.19,40.0,40.05,37.7,42.4,37.12,44.12,HIGH,False,25,WITHIN_SAFE_BOUNDS,VALID_ROUTE_STAGES,RAW_BEST_CANDIDATE,REJECTED_NEGATIVE_OR_ZERO_SAVING,0.0,0.0,0.0,14.0,37.9,23.9,81.0,29.8,-51.2,37.0,64.8,27.8
7450075,98,M1-T00011B2-- 22 004,MB03,Silica,OilWet,Silica_OilWet,TEST_HOLDOUT,SILICA_ROUTE_GLOBAL_FALLBACK,L0_NEW_RECIPE_COLD_START,0,5,M1-T00011XZ-- 04 002;M1-T00011B2-- 16 004;M1-T00011B8-- 01 004;M1-T00011B2-- 16 001;M1-T00011B2-- 22 005,0.98,INTERSECT_BRANCH_SIMILAR_RECIPE_ENGINEERING_BOUNDS,OBSERVATION_ONLY,False,True,True,True,True,29.8,30.2,31.47,-1.67,-5.6,-1.27,-4.21,29.8,31.47,-1.67,-5.6,39.81,39.84,37.49,42.2,39.97,46.97,LOW,False,0,WITHIN_SAFE_BOUNDS,VALID_ROUTE_STAGES,RAW_BEST_CANDIDATE,INSUFFICIENT_VALID_CANDIDATES_COUNT,0.0,0.0,0.0,29.0,46.1,17.1,17.0,66.7,49.7,51.0,68.1,17.1
7450075,100,M1-T00011B2-- 22 004,MB03,Silica,OilWet,Silica_OilWet,TEST_HOLDOUT,SILICA_ROUTE_GLOBAL_FALLBACK,L0_NEW_RECIPE_COLD_START,0,5,M1-T00011XZ-- 04 002;M1-T00011B2-- 16 004;M1-T00011B8-- 01 004;M1-T00011B2-- 16 001;M1-T00011B2-- 22 005,0.98,INTERSECT_BRANCH_SIMILAR_RECIPE_ENGINEERING_BOUNDS,OBSERVATION_ONLY,False,True,True,True,True,25.76,29.56,31.19,-5.43,-21.08,-1.63,-5.51,25.76,31.19,-5.43,-21.08,39.9,39.78,37.43,42.13,39.97,46.97,LOW,False,0,WITHIN_SAFE_BOUNDS,VALID_ROUTE_STAGES,RAW_BEST_CANDIDATE,INSUFFICIENT_VALID_CANDIDATES_COUNT,0.0,0.0,0.0,9.0,32.3,23.3,32.0,31.8,-0.2,50.0,127.1,77.1
7521257,49,M1-B00460B--- 04 009,ML10,CarbonBlack,OilWet,CarbonBlack_OilWet,TEST_HOLDOUT,EXACT_RECIPE_MIXER_ROUTE,L1_SIMILAR_RECIPE_REFERENCE,2,5,M1-B00460B--- 04 007;M1-B00460XP-- 02 001;M1-B00460B--- 04 002;M1-B00460-M-- 01 003;M1-B00460B--- 04 001,0.982,INTERSECT_BRANCH_SIMILAR_RECIPE_ENGINEERING_BOUNDS,REFERENCE_ONLY,True,True,False,True,True,45.75,47.46,40.31,5.44,11.89,7.15,15.07,45.75,40.31,5.44,11.89,52.83,50.21,48.44,51.97,55.14,62.14,LOW,True,0,NOT_CHECKED,ZERO_EFFECTIVE_DURATIONS,RAW_BEST_CANDIDATE,REJECTED_ZERO_DURATION_CANDIDATE,24.0,0.0,-24.0,29.0,0.0,-29.0,0.0,0.0,0.0,137.0,0.0,-137.0
7521257,50,M1-B00460B--- 04 009,ML10,CarbonBlack,OilWet,CarbonBlack_OilWet,TEST_HOLDOUT,EXACT_RECIPE_MIXER_ROUTE,L1_SIMILAR_RECIPE_REFERENCE,2,5,M1-B00460XP-- 02 001;M1-B00460B--- 04 007;M1-B00460B--- 04 002;M1-B00460-M-- 01 003;M1-B00460B--- 04 001,0.981,INTERSECT_BRANCH_SIMILAR_RECIPE_ENGINEERING_BOUNDS,REFERENCE_ONLY,True,True,False,True,True,45.53,47.96,40.31,5.22,11.46,7.65,15.95,45.53,40.31,5.22,11.46,52.07,49.55,47.79,51.32,55.14,62.14,LOW,True,0,NOT_CHECKED,ZERO_EFFECTIVE_DURATIONS,RAW_BEST_CANDIDATE,REJECTED_ZERO_DURATION_CANDIDATE,24.0,0.0,-24.0,31.0,0.0,-31.0,0.0,0.0,0.0,138.0,0.0,-138.0
7511035,14,M1-T19327---- 01 003,ML07,Silica,OilWet,Silica_OilWet,TEST_HOLDOUT,EXACT_RECIPE_MIXER_ROUTE,L1_SIMILAR_RECIPE_REFERENCE,1,5,M1-T19327---- 01 004;M1-T19327---- 01 005;M1-T15611W2-- 01 001;M1-T15760---- 08 001;M1-T16455---- 06 001,0.982,INTERSECT_BRANCH_SIMILAR_RECIPE_ENGINEERING_BOUNDS,REFERENCE_ONLY,False,True,True,True,True,52.76,47.84,26.55,26.21,49.68,21.29,44.5,52.76,26.55,26.21,49.68,29.97,27.13,24.78,29.48,30.65,37.65,LOW,True,0,NOT_CHECKED,ZERO_EFFECTIVE_DURATIONS,RAW_BEST_CANDIDATE,REJECTED_ZERO_DURATION_CANDIDATE,0.0,0.0,0.0,83.0,0.0,-83.0,85.0,0.0,-85.0,81.0,0.0,-81.0
7511035,15,M1-T19327---- 01 003,ML07,Silica,OilWet,Silica_OilWet,TEST_HOLDOUT,EXACT_RECIPE_MIXER_ROUTE,L1_SIMILAR_RECIPE_REFERENCE,1,5,M1-T19327---- 01 004;M1-T19327---- 01 005;M1-T15611W2-- 01 001;M1-T15760---- 08 001;M1-T16455---- 06 001,0.982,INTERSECT_BRANCH_SIMILAR_RECIPE_ENGINEERING_BOUNDS,REFERENCE_ONLY,False,True,True,True,True,51.87,47.84,26.55,25.32,48.81,21.29,44.5,51.87,26.55,25.32,48.81,29.82,26.96,24.61,29.31,30.65,37.65,LOW,True,0,NOT_CHECKED,ZERO_EFFECTIVE_DURATIONS,RAW_BEST_CANDIDATE,REJECTED_ZERO_DURATION_CANDIDATE,0.0,0.0,0.0,81.0,0.0,-81.0,80.0,0.0,-80.0,81.0,0.0,-81.0
7555805,61,M1-B00460B--- 04 009,ML10,CarbonBlack,OilWet,CarbonBlack_OilWet,TEST_HOLDOUT,EXACT_RECIPE_MIXER_ROUTE,L1_SIMILAR_RECIPE_REFERENCE,2,5,M1-B00460B--- 04 007;M1-B00460B--- 04 002;M1-B00460B--- 04 001;M1-B00460XP-- 02 001;M1-B00460B--- 04 004,0.987,INTERSECT_BRANCH_SIMILAR_RECIPE_ENGINEERING_BOUNDS,REFERENCE_ONLY,True,True,False,True,True,46.5,47.96,40.35,6.15,13.23,7.61,15.87,46.5,40.35,6.15,13.23,50.8,48.17,46.41,49.93,53.45,60.45,LOW,True,0,NOT_CHECKED,ZERO_EFFECTIVE_DURATIONS,RAW_BEST_CANDIDATE,REJECTED_ZERO_DURATION_CANDIDATE,24.0,0.0,-24.0,34.0,0.0,-34.0,0.0,0.0,0.0,136.0,0.0,-136.0
7569403,1,M1-T10035B6-- 03 002,MB02,Silica,OilWet,Silica_OilWet,TEST_HOLDOUT,SILICA_ROUTE_GLOBAL_FALLBACK,L0_NEW_RECIPE_COLD_START,0,5,M1-T10035B7-- 02 001;M1-T17054B--- 01 001;M1-S08156---- 18 001;M1-T00011B2-- 14 004;M1-T00011B2-- 14 001,0.944,INTERSECT_BRANCH_SIMILAR_RECIPE_ENGINEERING_BOUNDS,OBSERVATION_ONLY,False,True,True,True,True,41.44,38.43,32.5,8.94,21.57,5.93,15.43,41.44,32.5,8.94,21.57,43.79,43.54,41.19,45.9,41.23,48.23,HIGH,False,24,WITHIN_SAFE_BOUNDS,VALID_ROUTE_STAGES,RAW_BEST_CANDIDATE,GATE_PASS_OPTIMAL,0.0,0.0,0.0,40.0,68.6,28.6,27.0,42.0,15.0,154.0,62.9,-91.1
7569403,2,M1-T10035B6-- 03 002,MB02,Silica,OilWet,Silica_OilWet,TEST_HOLDOUT,SILICA_ROUTE_GLOBAL_FALLBACK,L0_NEW_RECIPE_COLD_START,0,5,M1-T10035B7-- 02 001;M1-T17054B--- 01 001;M1-S08156---- 18 001;M1-T00011B2-- 14 004;M1-T00011B2-- 14 001,0.945,INTERSECT_BRANCH_SIMILAR_RECIPE_ENGINEERING_BOUNDS,OBSERVATION_ONLY,False,True,True,True,True,38.9,38.43,34.75,4.15,10.67,3.68,9.58,38.9,34.75,4.15,10.67,44.11,44.08,41.73,46.43,41.23,48.23,HIGH,False,25,WITHIN_SAFE_BOUNDS,VALID_ROUTE_STAGES,RAW_BEST_CANDIDATE,GATE_PASS_OPTIMAL,0.0,0.0,0.0,35.0,66.7,31.7,28.0,33.0,5.0,152.0,81.6,-70.4
7727355,6,M1-B00163---- 08 008,MB02,CarbonBlack,OilWet,CarbonBlack_OilWet,TEST_HOLDOUT,EXACT_RECIPE_MIXER_ROUTE,L1_SIMILAR_RECIPE_REFERENCE,1,5,M1-B00163---- 08 005;M1-B00163---- 08 007;M1-B00163XV-- 01 003;M1-B00163XV-- 01 004;M1-B00163XV-- 01 002,0.913,INTERSECT_BRANCH_SIMILAR_RECIPE_ENGINEERING_BOUNDS,REFERENCE_ONLY,True,True,False,True,True,31.82,31.82,31.69,0.13,0.41,0.13,0.41,31.82,31.69,0.13,0.41,30.05,30.08,28.32,31.85,28.08,35.08,HIGH,False,1,WITHIN_SAFE_BOUNDS,VALID_ROUTE_STAGES,RAW_BEST_CANDIDATE,INSUFFICIENT_VALID_CANDIDATES_COUNT,34.0,34.0,0.0,36.0,24.0,-12.0,0.0,0.0,0.0,115.0,113.0,-2.0
7775201,6,M1-T19012W--- 01 001,ML09,Silica,OilWet,Silica_OilWet,TEST_HOLDOUT,SILICA_ROUTE_GLOBAL_FALLBACK,L0_NEW_RECIPE_COLD_START,0,5,M1-T19012X1-- 01 004;M1-T19012X1-- 01 007;M1-T19012---- 01 006;M1-T19012---- 01 004;M1-T33025XA-- 01 002,0.953,INTERSECT_BRANCH_SIMILAR_RECIPE_ENGINEERING_BOUNDS,OBSERVATION_ONLY,False,True,True,True,True,44.73,40.99,34.07,10.66,23.83,6.92,16.88,44.73,34.07,10.66,23.83,99.31,99.49,97.14,101.84,81.81,88.81,LOW,True,0,WITHIN_SAFE_BOUNDS,VALID_ROUTE_STAGES,RAW_BEST_CANDIDATE,INSUFFICIENT_VALID_CANDIDATES_COUNT,0.0,0.0,0.0,113.0,34.1,-78.9,109.0,33.6,-75.4,46.0,100.4,54.4
7775201,7,M1-T19012W--- 01 001,ML09,Silica,OilWet,Silica_OilWet,TEST_HOLDOUT,SILICA_ROUTE_GLOBAL_FALLBACK,L0_NEW_RECIPE_COLD_START,0,5,M1-T19012X1-- 01 004;M1-T19012X1-- 01 007;M1-T19012---- 01 006;M1-T19012---- 01 004;M1-T33025XA-- 01 002,0.951,INTERSECT_BRANCH_SIMILAR_RECIPE_ENGINEERING_BOUNDS,OBSERVATION_ONLY,False,True,True,True,True,44.28,40.99,36.34,7.94,17.93,4.65,11.34,44.28,36.34,7.94,17.93,99.08,99.32,96.97,101.67,81.81,88.81,LOW,True,0,WITHIN_SAFE_BOUNDS,VALID_ROUTE_STAGES,RAW_BEST_CANDIDATE,INSUFFICIENT_VALID_CANDIDATES_COUNT,0.0,0.0,0.0,108.0,43.6,-64.4,109.0,31.2,-77.8,47.0,146.7,99.7
7775201,8,M1-T19012W--- 01 001,ML09,Silica,OilWet,Silica_OilWet,TEST_HOLDOUT,SILICA_ROUTE_GLOBAL_FALLBACK,L0_NEW_RECIPE_COLD_START,0,5,M1-T19012X1-- 01 004;M1-T19012X1-- 01 007;M1-T19012---- 01 006;M1-T19012---- 01 004;M1-T33025XA-- 01 002,0.954,INTERSECT_BRANCH_SIMILAR_RECIPE_ENGINEERING_BOUNDS,OBSERVATION_ONLY,False,True,True,True,True,43.55,41.45,30.02,13.53,31.07,11.43,27.58,43.55,30.02,13.53,31.07,106.14,106.17,103.82,108.52,81.81,88.81,LOW,True,0,WITHIN_SAFE_BOUNDS,VALID_ROUTE_STAGES,RAW_BEST_CANDIDATE,INSUFFICIENT_VALID_CANDIDATES_COUNT,0.0,0.0,0.0,117.0,63.4,-53.6,108.0,36.3,-71.7,47.0,60.3,13.3
7794844,2,M1-T00011XV-- 03 004,ML10,Silica,OilWet,Silica_OilWet,TEST_HOLDOUT,SILICA_ROUTE_GLOBAL_FALLBACK,L0_NEW_RECIPE_COLD_START,0,5,M1-T00011B2-- 23 003;M1-T00011-M-- 01 004;M1-T00011B2-- 23 005;M1-T00011B2-- 23 006;M1-T00011-M-- 01 003,0.989,INTERSECT_BRANCH_SIMILAR_RECIPE_ENGINEERING_BOUNDS,OBSERVATION_ONLY,False,True,True,True,True,58.26,47.51,45.28,12.98,22.28,2.23,4.69,58.26,45.28,12.98,22.28,41.44,41.35,39.0,43.7,35.68,42.68,MEDIUM,False,0,WITHIN_SAFE_BOUNDS,VALID_ROUTE_STAGES,RAW_BEST_CANDIDATE,INSUFFICIENT_VALID_CANDIDATES_COUNT,0.0,0.0,0.0,24.0,46.9,22.9,24.0,31.4,7.4,104.0,164.7,60.7
7790765,42,M1-R00037---- 12 001,MB03,CarbonBlack,OilWet,CarbonBlack_OilWet,TEST_HOLDOUT,EXACT_RECIPE_MIXER_ROUTE,L1_SIMILAR_RECIPE_REFERENCE,1,5,M1-R00037W9-- 01 001;M1-R00037W9-- 01 002;M1-R00037W9-- 01 004;M1-R00037XE-- 02 005;M1-A16404B--- 01 002,0.994,INTERSECT_BRANCH_SIMILAR_RECIPE_ENGINEERING_BOUNDS,REFERENCE_ONLY,True,True,False,True,True,36.67,35.63,22.04,14.63,39.9,13.59,38.14,36.67,22.04,14.63,39.9,56.45,53.35,51.59,55.12,56.33,63.33,LOW,True,0,NOT_CHECKED,ZERO_EFFECTIVE_DURATIONS,RAW_BEST_CANDIDATE,REJECTED_ZERO_DURATION_CANDIDATE,29.0,0.0,-29.0,19.0,0.0,-19.0,0.0,0.0,0.0,160.0,0.0,-160.0
7790765,44,M1-R00037---- 12 001,MB03,CarbonBlack,OilWet,CarbonBlack_OilWet,TEST_HOLDOUT,EXACT_RECIPE_MIXER_ROUTE,L1_SIMILAR_RECIPE_REFERENCE,1,5,M1-R00037W9-- 01 001;M1-R00037W9-- 01 002;M1-R00037W9-- 01 004;M1-R00037XE-- 02 005;M1-A16404B--- 01 002,0.995,INTERSECT_BRANCH_SIMILAR_RECIPE_ENGINEERING_BOUNDS,REFERENCE_ONLY,True,True,False,True,True,37.33,37.02,22.04,15.29,40.96,14.98,40.46,37.33,22.04,15.29,40.96,56.02,53.15,51.39,54.91,56.33,63.33,LOW,True,0,NOT_CHECKED,ZERO_EFFECTIVE_DURATIONS,RAW_BEST_CANDIDATE,REJECTED_ZERO_DURATION_CANDIDATE,38.0,0.0,-38.0,16.0,0.0,-16.0,0.0,0.0,0.0,160.0,0.0,-160.0
7790765,45,M1-R00037---- 12 001,MB03,CarbonBlack,OilWet,CarbonBlack_OilWet,TEST_HOLDOUT,EXACT_RECIPE_MIXER_ROUTE,L1_SIMILAR_RECIPE_REFERENCE,1,5,M1-R00037W9-- 01 001;M1-R00037W9-- 01 002;M1-R00037W9-- 01 004;M1-R00037XE-- 02 005;M1-A16404B--- 01 002,0.996,INTERSECT_BRANCH_SIMILAR_RECIPE_ENGINEERING_BOUNDS,REFERENCE_ONLY,True,True,False,True,True,37.38,37.02,22.04,15.34,41.04,14.98,40.46,37.38,22.04,15.34,41.04,55.98,53.1,51.34,54.87,56.33,63.33,LOW,True,0,NOT_CHECKED,ZERO_EFFECTIVE_DURATIONS,RAW_BEST_CANDIDATE,REJECTED_ZERO_DURATION_CANDIDATE,39.0,0.0,-39.0,16.0,0.0,-16.0,0.0,0.0,0.0,160.0,0.0,-160.0
1827617,1,M1-T15215---- 08 005,ML07,Silica,NoOilDry,Silica_NoOilDry,TEST_HOLDOUT,SILICA_ROUTE_GLOBAL_FALLBACK,L0_NEW_RECIPE_COLD_START,0,5,M1-T15215---- 08 007;M1-T13127---- 09 004;M1-T13127---- 09 007;M1-T13127---- 09 005;M1-T25088---- 06 003,0.982,INTERSECT_BRANCH_SIMILAR_RECIPE_ENGINEERING_BOUNDS,OBSERVATION_ONLY,True,False,True,True,False,49.91,40.82,35.02,14.89,29.83,5.8,14.21,49.91,35.02,14.89,29.83,67.83,67.83,65.48,70.18,75.13,82.13,LOW,True,0,WITHIN_SAFE_BOUNDS,VALID_ROUTE_STAGES,RAW_BEST_CANDIDATE,INSUFFICIENT_VALID_CANDIDATES_COUNT,116.0,117.4,1.4,0.0,0.0,0.0,118.0,96.6,-21.4,147.0,71.1,-75.9
1827617,2,M1-T15215---- 08 005,ML07,Silica,NoOilDry,Silica_NoOilDry,TEST_HOLDOUT,SILICA_ROUTE_GLOBAL_FALLBACK,L0_NEW_RECIPE_COLD_START,0,5,M1-T15215---- 08 007;M1-T13127---- 09 004;M1-T13127---- 09 007;M1-T13127---- 09 005;M1-T25088---- 06 003,0.982,INTERSECT_BRANCH_SIMILAR_RECIPE_ENGINEERING_BOUNDS,OBSERVATION_ONLY,True,False,True,True,False,46.72,40.82,33.75,12.97,27.76,7.07,17.32,46.72,33.75,12.97,27.76,68.46,68.55,66.2,70.9,75.13,82.13,LOW,True,0,WITHIN_SAFE_BOUNDS,VALID_ROUTE_STAGES,RAW_BEST_CANDIDATE,INSUFFICIENT_VALID_CANDIDATES_COUNT,115.0,119.4,4.4,0.0,0.0,0.0,115.0,51.4,-63.6,146.0,75.4,-70.6
1827617,3,M1-T15215---- 08 005,ML07,Silica,NoOilDry,Silica_NoOilDry,TEST_HOLDOUT,SILICA_ROUTE_GLOBAL_FALLBACK,L0_NEW_RECIPE_COLD_START,0,5,M1-T15215---- 08 007;M1-T13127---- 09 004;M1-T13127---- 09 007;M1-T13127---- 09 005;M1-T25088---- 06 003,0.982,INTERSECT_BRANCH_SIMILAR_RECIPE_ENGINEERING_BOUNDS,OBSERVATION_ONLY,True,False,True,True,False,44.24,40.82,33.44,10.8,24.41,7.38,18.08,44.24,33.44,10.8,24.41,68.41,68.59,66.23,70.94,75.13,82.13,LOW,True,0,WITHIN_SAFE_BOUNDS,VALID_ROUTE_STAGES,RAW_BEST_CANDIDATE,INSUFFICIENT_VALID_CANDIDATES_COUNT,115.0,100.8,-14.2,0.0,0.0,0.0,114.0,45.0,-69.0,147.0,75.4,-71.6
1899501,1,M1-T25045---- 08 004,ML09,Silica,NoOilDry,Silica_NoOilDry,TEST_HOLDOUT,SILICA_ROUTE_GLOBAL_FALLBACK,L0_NEW_RECIPE_COLD_START,0,5,M1-T13127---- 16 004;M1-T25045---- 08 005;M1-T19808---- 01 001;M1-T14885B3-- 01 002;M1-T16734---- 07 001,0.98,INTERSECT_BRANCH_SIMILAR_RECIPE_ENGINEERING_BOUNDS,OBSERVATION_ONLY,True,False,True,True,False,35.74,40.21,32.52,3.22,9.01,7.69,19.12,35.74,32.52,3.22,9.01,62.39,62.72,60.37,65.07,62.870000000000005,69.87,LOW,False,0,WITHIN_SAFE_BOUNDS,VALID_ROUTE_STAGES,RAW_BEST_CANDIDATE,INSUFFICIENT_VALID_CANDIDATES_COUNT,104.0,97.5,-6.5,0.0,0.0,0.0,44.0,63.8,19.8,93.0,72.0,-21.0
1907568,1,M1-C10430---- 05 005,MB03,CarbonBlack,NoOilDry,CarbonBlack_NoOilDry,TEST_HOLDOUT,EXACT_RECIPE_MIXER_ROUTE,L1_SIMILAR_RECIPE_REFERENCE,2,5,M1-C10430---- 05 004;M1-C10430---- 05 003;M1-A03405R3-- 04 004;M1-A03405R3-- 04 003;M1-A03405X--- 01 001,0.979,INTERSECT_BRANCH_SIMILAR_RECIPE_ENGINEERING_BOUNDS,REFERENCE_ONLY,True,False,False,True,False,34.44,29.7,25.41,9.03,26.22,4.29,14.44,34.44,25.41,9.03,26.22,29.37,26.66,24.9,28.43,21.8,28.8,HIGH,False,0,NOT_CHECKED,ZERO_EFFECTIVE_DURATIONS,RAW_BEST_CANDIDATE,REJECTED_ZERO_DURATION_CANDIDATE,68.0,0.0,-68.0,0.0,0.0,0.0,0.0,0.0,0.0,80.0,0.0,-80.0
1907568,2,M1-C10430---- 05 005,MB03,CarbonBlack,NoOilDry,CarbonBlack_NoOilDry,TEST_HOLDOUT,EXACT_RECIPE_MIXER_ROUTE,L1_SIMILAR_RECIPE_REFERENCE,2,5,M1-C10430---- 05 004;M1-C10430---- 05 003;M1-A03405R3-- 04 004;M1-A03405R3-- 04 003;M1-A03405X--- 01 001,0.979,INTERSECT_BRANCH_SIMILAR_RECIPE_ENGINEERING_BOUNDS,REFERENCE_ONLY,True,False,False,True,False,33.52,29.7,25.41,8.11,24.19,4.29,14.44,33.52,25.41,8.11,24.19,28.89,26.18,24.42,27.95,21.8,28.8,HIGH,False,0,NOT_CHECKED,ZERO_EFFECTIVE_DURATIONS,RAW_BEST_CANDIDATE,REJECTED_ZERO_DURATION_CANDIDATE,67.0,0.0,-67.0,0.0,0.0,0.0,0.0,0.0,0.0,81.0,0.0,-81.0
1907568,3,M1-C10430---- 05 005,MB03,CarbonBlack,NoOilDry,CarbonBlack_NoOilDry,TEST_HOLDOUT,EXACT_RECIPE_MIXER_ROUTE,L1_SIMILAR_RECIPE_REFERENCE,2,5,M1-C10430---- 05 004;M1-C10430---- 05 003;M1-A03405R3-- 04 004;M1-A03405R3-- 04 003;M1-A03405X--- 01 001,0.979,INTERSECT_BRANCH_SIMILAR_RECIPE_ENGINEERING_BOUNDS,REFERENCE_ONLY,True,False,False,True,False,32.67,29.7,25.41,7.26,22.22,4.29,14.44,32.67,25.41,7.26,22.22,28.97,26.26,24.49,28.02,21.8,28.8,HIGH,False,0,NOT_CHECKED,ZERO_EFFECTIVE_DURATIONS,RAW_BEST_CANDIDATE,REJECTED_ZERO_DURATION_CANDIDATE,77.0,0.0,-77.0,0.0,0.0,0.0,0.0,0.0,0.0,81.0,0.0,-81.0
1905456,1,M1-T25045---- 08 004,ML09,Silica,NoOilDry,Silica_NoOilDry,TEST_HOLDOUT,SILICA_ROUTE_GLOBAL_FALLBACK,L0_NEW_RECIPE_COLD_START,0,5,M1-T13127---- 16 004;M1-T25045---- 08 005;M1-T19808---- 01 001;M1-T14885B3-- 01 002;M1-T16734---- 07 001,0.98,INTERSECT_BRANCH_SIMILAR_RECIPE_ENGINEERING_BOUNDS,OBSERVATION_ONLY,True,False,True,True,False,39.38,40.08,33.12,6.26,15.9,6.96,17.37,39.38,33.12,6.26,15.9,60.09,60.44,58.09,62.79,62.769999999999996,69.77,LOW,True,0,WITHIN_SAFE_BOUNDS,VALID_ROUTE_STAGES,RAW_BEST_CANDIDATE,INSUFFICIENT_VALID_CANDIDATES_COUNT,111.0,144.4,33.4,0.0,0.0,0.0,61.0,38.6,-22.4,83.0,73.9,-9.1
1911891,3,M1-T25045---- 08 004,ML09,Silica,NoOilDry,Silica_NoOilDry,TEST_HOLDOUT,SILICA_ROUTE_GLOBAL_FALLBACK,L0_NEW_RECIPE_COLD_START,0,5,M1-T13127---- 16 004;M1-T25045---- 08 005;M1-T19808---- 01 001;M1-T14885B3-- 01 002;M1-T16734---- 07 001,0.983,INTERSECT_BRANCH_SIMILAR_RECIPE_ENGINEERING_BOUNDS,OBSERVATION_ONLY,True,False,True,True,False,34.0,41.62,32.37,1.63,4.79,9.25,22.22,34.0,32.37,1.63,4.79,64.18,64.59,62.24,66.95,62.17,69.17,HIGH,False,18,WITHIN_SAFE_BOUNDS,VALID_ROUTE_STAGES,RAW_BEST_CANDIDATE,INSUFFICIENT_VALID_CANDIDATES_COUNT,122.0,95.5,-26.5,0.0,0.0,0.0,58.0,64.5,6.5,99.0,71.1,-27.9
1923756,1,M1-T11923---- 09 002,ML09,Silica,NoOilDry,Silica_NoOilDry,TEST_HOLDOUT,SILICA_ROUTE_GLOBAL_FALLBACK,L0_NEW_RECIPE_COLD_START,0,5,M1-T14885B3-- 01 002;M1-T13127---- 16 004;M1-T19808---- 01 001;M1-T16734---- 07 001;M1-T25045---- 08 005,0.931,INTERSECT_BRANCH_SIMILAR_RECIPE_ENGINEERING_BOUNDS,OBSERVATION_ONLY,True,False,True,True,False,44.14,40.72,33.92,10.22,23.15,6.8,16.7,44.14,33.92,10.22,23.15,57.28,59.34,56.99,61.69,47.47,54.47,LOW,True,0,WITHIN_SAFE_BOUNDS,VALID_ROUTE_STAGES,RAW_BEST_CANDIDATE,INSUFFICIENT_VALID_CANDIDATES_COUNT,112.0,113.2,1.2,0.0,0.0,0.0,49.0,72.8,23.8,80.0,70.5,-9.5
1923756,2,M1-T11923---- 09 002,ML09,Silica,NoOilDry,Silica_NoOilDry,TEST_HOLDOUT,SILICA_ROUTE_GLOBAL_FALLBACK,L0_NEW_RECIPE_COLD_START,0,5,M1-T14885B3-- 01 002;M1-T13127---- 16 004;M1-T19808---- 01 001;M1-T16734---- 07 001;M1-T25045---- 08 005,0.931,INTERSECT_BRANCH_SIMILAR_RECIPE_ENGINEERING_BOUNDS,OBSERVATION_ONLY,True,False,True,True,False,41.86,40.45,33.92,7.94,18.97,6.53,16.14,41.86,33.92,7.94,18.97,57.74,59.8,57.44,62.15,47.47,54.47,LOW,True,0,WITHIN_SAFE_BOUNDS,VALID_ROUTE_STAGES,RAW_BEST_CANDIDATE,INSUFFICIENT_VALID_CANDIDATES_COUNT,112.0,96.4,-15.6,0.0,0.0,0.0,48.0,62.0,14.0,75.0,70.7,-4.3
1923756,3,M1-T11923---- 09 002,ML09,Silica,NoOilDry,Silica_NoOilDry,TEST_HOLDOUT,SILICA_ROUTE_GLOBAL_FALLBACK,L0_NEW_RECIPE_COLD_START,0,5,M1-T14885B3-- 01 002;M1-T13127---- 16 004;M1-T19808---- 01 001;M1-T16734---- 07 001;M1-T25045---- 08 005,0.931,INTERSECT_BRANCH_SIMILAR_RECIPE_ENGINEERING_BOUNDS,OBSERVATION_ONLY,True,False,True,True,False,41.29,40.1,35.33,5.96,14.43,4.77,11.9,41.29,35.33,5.96,14.43,57.77,59.81,57.46,62.16,47.47,54.47,LOW,True,0,WITHIN_SAFE_BOUNDS,VALID_ROUTE_STAGES,RAW_BEST_CANDIDATE,INSUFFICIENT_VALID_CANDIDATES_COUNT,111.0,121.6,10.6,0.0,0.0,0.0,47.0,69.2,22.2,76.0,75.8,-0.2
2022369,10,M1-T25045-M-- 01 001,ML10,Silica,NoOilDry,Silica_NoOilDry,TEST_HOLDOUT,SILICA_ROUTE_GLOBAL_FALLBACK,L0_NEW_RECIPE_COLD_START,0,5,M1-T13127---- 09 005;M1-T13127---- 16 004;M1-T19808---- 01 001;M1-T13127---- 09 004;M1-T13127---- 09 007,0.986,INTERSECT_BRANCH_SIMILAR_RECIPE_ENGINEERING_BOUNDS,OBSERVATION_ONLY,True,False,True,True,False,57.13,52.07,50.16,6.97,12.2,1.91,3.67,57.13,50.16,6.97,12.2,57.23,57.56,55.21,59.92,56.76,63.76,MEDIUM,False,0,WITHIN_SAFE_BOUNDS,VALID_ROUTE_STAGES,RAW_BEST_CANDIDATE,INSUFFICIENT_VALID_CANDIDATES_COUNT,134.0,109.1,-24.9,0.0,0.0,0.0,32.0,35.3,3.3,97.0,102.5,5.5
2024~1440863,8,M1-R00218W1-- 01 003,ML05,CarbonBlack,NoOilDry,CarbonBlack_NoOilDry,TEST_HOLDOUT,UNAVAILABLE,L0_NEW_RECIPE_COLD_START,0,5,M1-R00218W5-- 01 001;M1-R00218W5-- 01 004;M1-R00218W2-- 10 004;M1-R00218W2-- 10 005;M1-R00218W1-- 01 002,0.973,INTERSECT_BRANCH_SIMILAR_RECIPE_ENGINEERING_BOUNDS,OBSERVATION_ONLY,True,False,False,True,False,39.81,38.46,39.81,0.0,0.0,-1.35,-3.51,39.81,39.81,0.0,0.0,,,,,70.54,77.54,LOW,True,0,UNAVAILABLE,UNAVAILABLE,RAW_BEST_CANDIDATE,COLD_START_RECIPE_NO_HISTORY,86.0,0.0,-86.0,0.0,0.0,0.0,0.0,0.0,0.0,203.0,0.0,-203.0
2024~1440863,9,M1-R00218W1-- 01 003,ML05,CarbonBlack,NoOilDry,CarbonBlack_NoOilDry,TEST_HOLDOUT,UNAVAILABLE,L0_NEW_RECIPE_COLD_START,0,5,M1-R00218W5-- 01 001;M1-R00218W5-- 01 004;M1-R00218W2-- 10 004;M1-R00218W2-- 10 005;M1-R00218W1-- 01 002,0.973,INTERSECT_BRANCH_SIMILAR_RECIPE_ENGINEERING_BOUNDS,OBSERVATION_ONLY,True,False,False,True,False,38.67,38.46,38.67,0.0,0.0,-0.21,-0.55,38.67,38.67,0.0,0.0,,,,,70.54,77.54,LOW,True,0,UNAVAILABLE,UNAVAILABLE,RAW_BEST_CANDIDATE,COLD_START_RECIPE_NO_HISTORY,86.0,0.0,-86.0,0.0,0.0,0.0,0.0,0.0,0.0,186.0,0.0,-186.0
2024~1440863,10,M1-R00218W1-- 01 003,ML05,CarbonBlack,NoOilDry,CarbonBlack_NoOilDry,TEST_HOLDOUT,UNAVAILABLE,L0_NEW_RECIPE_COLD_START,0,5,M1-R00218W5-- 01 001;M1-R00218W5-- 01 004;M1-R00218W2-- 10 004;M1-R00218W2-- 10 005;M1-R00218W1-- 01 002,0.973,INTERSECT_BRANCH_SIMILAR_RECIPE_ENGINEERING_BOUNDS,OBSERVATION_ONLY,True,False,False,True,False,39.0,38.46,39.0,0.0,0.0,-0.54,-1.4,39.0,39.0,0.0,0.0,,,,,70.54,77.54,LOW,True,0,UNAVAILABLE,UNAVAILABLE,RAW_BEST_CANDIDATE,COLD_START_RECIPE_NO_HISTORY,85.0,0.0,-85.0,0.0,0.0,0.0,0.0,0.0,0.0,184.0,0.0,-184.0
2028005,7,M1-T25045-M-- 01 001,ML10,Silica,NoOilDry,Silica_NoOilDry,TEST_HOLDOUT,SILICA_ROUTE_GLOBAL_FALLBACK,L0_NEW_RECIPE_COLD_START,0,5,M1-T13127---- 09 005;M1-T13127---- 16 004;M1-T19808---- 01 001;M1-T13127---- 09 004;M1-T13127---- 09 007,0.988,INTERSECT_BRANCH_SIMILAR_RECIPE_ENGINEERING_BOUNDS,OBSERVATION_ONLY,True,False,True,True,False,53.42,52.09,50.59,2.83,5.3,1.5,2.88,53.42,50.59,2.83,5.3,59.5,59.75,57.4,62.1,55.47,62.47,HIGH,False,25,WITHIN_SAFE_BOUNDS,VALID_ROUTE_STAGES,RAW_BEST_CANDIDATE,SAVING_BELOW_THRESHOLD,126.0,96.5,-29.5,0.0,0.0,0.0,31.0,43.8,12.8,102.0,94.7,-7.3
2028005,9,M1-T25045-M-- 01 001,ML10,Silica,NoOilDry,Silica_NoOilDry,TEST_HOLDOUT,SILICA_ROUTE_GLOBAL_FALLBACK,L0_NEW_RECIPE_COLD_START,0,5,M1-T13127---- 09 005;M1-T13127---- 16 004;M1-T19808---- 01 001;M1-T13127---- 09 004;M1-T13127---- 09 007,0.987,INTERSECT_BRANCH_SIMILAR_RECIPE_ENGINEERING_BOUNDS,OBSERVATION_ONLY,True,False,True,True,False,54.11,52.09,49.65,4.46,8.24,2.44,4.68,54.11,49.65,4.46,8.24,59.31,59.56,57.21,61.91,55.47,62.47,HIGH,False,25,WITHIN_SAFE_BOUNDS,VALID_ROUTE_STAGES,RAW_BEST_CANDIDATE,GATE_PASS_OPTIMAL,125.0,118.0,-7.0,0.0,0.0,0.0,31.0,43.7,12.7,97.0,72.3,-24.7
2121469,5,M1-T13127---- 19 001,ML10,Silica,NoOilDry,Silica_NoOilDry,TEST_HOLDOUT,SILICA_ROUTE_GLOBAL_FALLBACK,L0_NEW_RECIPE_COLD_START,0,5,M1-T13127---- 16 004;M1-T13127---- 09 005;M1-T13127---- 09 004;M1-T25045---- 08 005;M1-T13127---- 09 007,0.995,INTERSECT_BRANCH_SIMILAR_RECIPE_ENGINEERING_BOUNDS,OBSERVATION_ONLY,True,False,True,True,False,58.71,51.76,50.0,8.71,14.84,1.76,3.4,58.71,50.0,8.71,14.84,64.81,65.49,63.14,67.84,59.49,66.49000000000001,MEDIUM,False,0,WITHIN_SAFE_BOUNDS,VALID_ROUTE_STAGES,RAW_BEST_CANDIDATE,INSUFFICIENT_VALID_CANDIDATES_COUNT,169.0,114.9,-54.1,0.0,0.0,0.0,34.0,39.0,5.0,96.0,120.8,24.8
2133133,24,M1-T14885---- 17 002,ML07,Silica,NoOilDry,Silica_NoOilDry,TEST_HOLDOUT,SILICA_ROUTE_GLOBAL_FALLBACK,L0_NEW_RECIPE_COLD_START,0,5,M1-T14885---- 17 001;M1-T14885B3-- 04 003;M1-T14885B3-- 04 002;M1-T13127---- 09 007;M1-T01102W2-- 01 008,0.984,INTERSECT_BRANCH_SIMILAR_RECIPE_ENGINEERING_BOUNDS,OBSERVATION_ONLY,True,False,True,True,False,33.29,36.59,31.88,1.41,4.24,4.71,12.87,33.29,31.88,1.41,4.24,65.61,65.63,63.28,67.99,61.56999999999999,68.57,HIGH,False,23,WITHIN_SAFE_BOUNDS,VALID_ROUTE_STAGES,RAW_BEST_CANDIDATE,SAVING_BELOW_THRESHOLD,133.0,118.9,-14.1,0.0,0.0,0.0,69.0,71.5,2.5,137.0,72.1,-64.9
2133133,25,M1-T14885---- 17 002,ML07,Silica,NoOilDry,Silica_NoOilDry,TEST_HOLDOUT,SILICA_ROUTE_GLOBAL_FALLBACK,L0_NEW_RECIPE_COLD_START,0,5,M1-T14885---- 17 001;M1-T14885B3-- 04 003;M1-T14885B3-- 04 002;M1-T13127---- 09 007;M1-T01102W2-- 01 008,0.984,INTERSECT_BRANCH_SIMILAR_RECIPE_ENGINEERING_BOUNDS,OBSERVATION_ONLY,True,False,True,True,False,33.75,40.08,34.21,-0.46,-1.36,5.87,14.65,33.75,34.21,-0.46,-1.36,65.66,65.73,63.38,68.09,61.56999999999999,68.57,HIGH,False,25,WITHIN_SAFE_BOUNDS,VALID_ROUTE_STAGES,RAW_BEST_CANDIDATE,REJECTED_NEGATIVE_OR_ZERO_SAVING,164.0,104.2,-59.8,0.0,0.0,0.0,73.0,69.1,-3.9,137.0,83.4,-53.6
2133133,26,M1-T14885---- 17 002,ML07,Silica,NoOilDry,Silica_NoOilDry,TEST_HOLDOUT,SILICA_ROUTE_GLOBAL_FALLBACK,L0_NEW_RECIPE_COLD_START,0,5,M1-T14885---- 17 001;M1-T14885B3-- 04 002;M1-T14885B3-- 04 003;M1-T13127---- 09 007;M1-T01102W2-- 01 008,0.984,INTERSECT_BRANCH_SIMILAR_RECIPE_ENGINEERING_BOUNDS,OBSERVATION_ONLY,True,False,True,True,False,32.98,37.67,34.75,-1.77,-5.37,2.92,7.75,32.98,34.75,-1.77,-5.37,64.93,65.0,62.65,67.35,61.56999999999999,68.57,HIGH,False,18,WITHIN_SAFE_BOUNDS,VALID_ROUTE_STAGES,RAW_BEST_CANDIDATE,INSUFFICIENT_VALID_CANDIDATES_COUNT,141.0,96.6,-44.4,0.0,0.0,0.0,72.0,42.4,-29.6,137.0,131.6,-5.4
2263738,1,M1-T18191---- 01 003,ML09,Silica,NoOilDry,Silica_NoOilDry,TEST_HOLDOUT,SILICA_ROUTE_GLOBAL_FALLBACK,L0_NEW_RECIPE_COLD_START,0,5,M1-T13127---- 16 004;M1-T25045---- 08 005;M1-T16734---- 07 001;M1-T19808---- 01 001;M1-T14885B3-- 01 002,0.913,INTERSECT_BRANCH_SIMILAR_RECIPE_ENGINEERING_BOUNDS,OBSERVATION_ONLY,True,False,True,True,False,49.28,42.5,37.27,12.01,24.37,5.23,12.31,49.28,37.27,12.01,24.37,90.04,90.25,87.9,92.6,92.33666666666666,99.33666666666666,LOW,True,0,WITHIN_SAFE_BOUNDS,VALID_ROUTE_STAGES,RAW_BEST_CANDIDATE,INSUFFICIENT_VALID_CANDIDATES_COUNT,237.0,110.0,-127.0,0.0,0.0,0.0,125.0,88.9,-36.1,109.0,77.8,-31.2
2263738,2,M1-T18191---- 01 003,ML09,Silica,NoOilDry,Silica_NoOilDry,TEST_HOLDOUT,SILICA_ROUTE_GLOBAL_FALLBACK,L0_NEW_RECIPE_COLD_START,0,5,M1-T13127---- 16 004;M1-T25045---- 08 005;M1-T16734---- 07 001;M1-T19808---- 01 001;M1-T14885B3-- 01 002,0.913,INTERSECT_BRANCH_SIMILAR_RECIPE_ENGINEERING_BOUNDS,OBSERVATION_ONLY,True,False,True,True,False,50.01,40.16,33.2,16.81,33.61,6.96,17.33,50.01,33.2,16.81,33.61,91.22,91.27,88.92,93.62,92.33666666666666,99.33666666666666,LOW,True,0,WITHIN_SAFE_BOUNDS,VALID_ROUTE_STAGES,RAW_BEST_CANDIDATE,INSUFFICIENT_VALID_CANDIDATES_COUNT,249.0,116.7,-132.3,0.0,0.0,0.0,106.0,91.5,-14.5,111.0,72.8,-38.2
2263738,3,M1-T18191---- 01 003,ML09,Silica,NoOilDry,Silica_NoOilDry,TEST_HOLDOUT,SILICA_ROUTE_GLOBAL_FALLBACK,L0_NEW_RECIPE_COLD_START,0,5,M1-T13127---- 16 004;M1-T25045---- 08 005;M1-T16734---- 07 001;M1-T19808---- 01 001;M1-T14885B3-- 01 002,0.912,INTERSECT_BRANCH_SIMILAR_RECIPE_ENGINEERING_BOUNDS,OBSERVATION_ONLY,True,False,True,True,False,52.41,42.51,33.0,19.41,37.03,9.51,22.37,52.41,33.0,19.41,37.03,90.83,90.94,88.59,93.29,92.33666666666666,99.33666666666666,LOW,True,0,WITHIN_SAFE_BOUNDS,VALID_ROUTE_STAGES,RAW_BEST_CANDIDATE,INSUFFICIENT_VALID_CANDIDATES_COUNT,227.0,120.3,-106.7,0.0,0.0,0.0,134.0,52.7,-81.3,108.0,74.6,-33.4
2392855,9,M1-T16734---- 06 002,ML07,Silica,NoOilDry,Silica_NoOilDry,TEST_HOLDOUT,SILICA_ROUTE_GLOBAL_FALLBACK,L0_NEW_RECIPE_COLD_START,0,5,M1-T16734---- 06 001;M1-T13127---- 09 007;M1-T16734---- 06 003;M1-T13127---- 09 004;M1-T13127---- 09 005,0.989,INTERSECT_BRANCH_SIMILAR_RECIPE_ENGINEERING_BOUNDS,OBSERVATION_ONLY,True,False,True,True,False,45.46,39.23,34.72,10.74,23.63,4.51,11.5,45.46,34.72,10.74,23.63,65.17,66.11,63.76,68.46,65.85,72.85,LOW,False,0,WITHIN_SAFE_BOUNDS,VALID_ROUTE_STAGES,RAW_BEST_CANDIDATE,INSUFFICIENT_VALID_CANDIDATES_COUNT,154.0,109.9,-44.1,0.0,0.0,0.0,57.0,36.4,-20.6,82.0,71.7,-10.3
2392855,10,M1-T16734---- 06 002,ML07,Silica,NoOilDry,Silica_NoOilDry,TEST_HOLDOUT,SILICA_ROUTE_GLOBAL_FALLBACK,L0_NEW_RECIPE_COLD_START,0,5,M1-T16734---- 06 001;M1-T13127---- 09 007;M1-T16734---- 06 003;M1-T13127---- 09 004;M1-T13127---- 09 005,0.988,INTERSECT_BRANCH_SIMILAR_RECIPE_ENGINEERING_BOUNDS,OBSERVATION_ONLY,True,False,True,True,False,45.18,39.33,36.66,8.52,18.86,2.67,6.79,45.18,36.66,8.52,18.86,65.8,65.8,63.45,68.15,65.85,72.85,LOW,False,0,WITHIN_SAFE_BOUNDS,VALID_ROUTE_STAGES,RAW_BEST_CANDIDATE,INSUFFICIENT_VALID_CANDIDATES_COUNT,135.0,115.0,-20.0,0.0,0.0,0.0,55.0,45.0,-10.0,81.0,92.0,11.0
2392855,11,M1-T16734---- 06 002,ML07,Silica,NoOilDry,Silica_NoOilDry,TEST_HOLDOUT,SILICA_ROUTE_GLOBAL_FALLBACK,L0_NEW_RECIPE_COLD_START,0,5,M1-T16734---- 06 001;M1-T13127---- 09 007;M1-T16734---- 06 003;M1-T13127---- 09 004;M1-T13127---- 09 005,0.989,INTERSECT_BRANCH_SIMILAR_RECIPE_ENGINEERING_BOUNDS,OBSERVATION_ONLY,True,False,True,True,False,43.62,39.07,33.93,9.69,22.21,5.14,13.16,43.62,33.93,9.69,22.21,66.26,67.3,64.95,69.65,65.85,72.85,HIGH,False,0,WITHIN_SAFE_BOUNDS,VALID_ROUTE_STAGES,RAW_BEST_CANDIDATE,INSUFFICIENT_VALID_CANDIDATES_COUNT,139.0,127.0,-12.0,0.0,0.0,0.0,49.0,77.3,28.3,81.0,80.1,-0.9
7646653,14,M1-T26104---- 06 003,ML09,Silica,NoOilDry,Silica_NoOilDry,TEST_HOLDOUT,EXACT_RECIPE_MIXER_ROUTE,L1_SIMILAR_RECIPE_REFERENCE,4,5,M1-T26104---- 06 002;M1-T26104---- 06 001;M1-T25045---- 08 005;M1-T13127---- 16 004;M1-T19808---- 01 001,0.961,INTERSECT_BRANCH_SIMILAR_RECIPE_ENGINEERING_BOUNDS,REFERENCE_ONLY,True,False,True,True,False,29.47,37.37,26.33,3.14,10.65,11.04,29.54,29.47,26.33,3.14,10.65,63.04,59.66,57.31,62.01,59.58,66.58,LOW,False,0,NOT_CHECKED,ZERO_EFFECTIVE_DURATIONS,RAW_BEST_CANDIDATE,REJECTED_ZERO_DURATION_CANDIDATE,114.0,0.0,-114.0,0.0,0.0,0.0,26.0,0.0,-26.0,68.0,0.0,-68.0
7646653,38,M1-T26104---- 06 003,ML09,Silica,NoOilDry,Silica_NoOilDry,TEST_HOLDOUT,EXACT_RECIPE_MIXER_ROUTE,L1_SIMILAR_RECIPE_REFERENCE,4,5,M1-T26104---- 06 002;M1-T26104---- 06 001;M1-T25045---- 08 005;M1-T13127---- 16 004;M1-T19808---- 01 001,0.968,INTERSECT_BRANCH_SIMILAR_RECIPE_ENGINEERING_BOUNDS,REFERENCE_ONLY,True,False,True,True,False,33.6,39.21,26.33,7.27,21.64,12.88,32.85,33.6,26.33,7.27,21.64,63.21,59.91,57.56,62.27,56.17,63.17,HIGH,False,0,NOT_CHECKED,ZERO_EFFECTIVE_DURATIONS,RAW_BEST_CANDIDATE,REJECTED_ZERO_DURATION_CANDIDATE,117.0,0.0,-117.0,0.0,0.0,0.0,26.0,0.0,-26.0,223.0,0.0,-223.0
7646653,39,M1-T26104---- 06 003,ML09,Silica,NoOilDry,Silica_NoOilDry,TEST_HOLDOUT,EXACT_RECIPE_MIXER_ROUTE,L1_SIMILAR_RECIPE_REFERENCE,4,5,M1-T26104---- 06 002;M1-T26104---- 06 001;M1-T25045---- 08 005;M1-T13127---- 16 004;M1-T19808---- 01 001,0.968,INTERSECT_BRANCH_SIMILAR_RECIPE_ENGINEERING_BOUNDS,REFERENCE_ONLY,True,False,True,True,False,40.53,37.56,26.33,14.2,35.04,11.23,29.9,40.53,26.33,14.2,35.04,63.02,59.63,57.28,61.98,56.17,63.17,HIGH,False,0,NOT_CHECKED,ZERO_EFFECTIVE_DURATIONS,RAW_BEST_CANDIDATE,REJECTED_ZERO_DURATION_CANDIDATE,111.0,0.0,-111.0,0.0,0.0,0.0,27.0,0.0,-27.0,72.0,0.0,-72.0
7770764,1,M1-T26104---- 01 005,ML07,Silica,NoOilDry,Silica_NoOilDry,TEST_HOLDOUT,SILICA_ROUTE_GLOBAL_FALLBACK,L0_NEW_RECIPE_COLD_START,0,5,M1-T26104---- 01 004;M1-T26104---- 01 003;M1-T25045-V-- 02 002;M1-T25045-V-- 02 003;M1-T25045-V-- 02 004,0.96,INTERSECT_BRANCH_SIMILAR_RECIPE_ENGINEERING_BOUNDS,OBSERVATION_ONLY,True,False,True,True,False,32.2,39.35,33.8,-1.6,-4.97,5.55,14.1,32.2,33.8,-1.6,-4.97,60.89,62.34,59.99,64.69,51.08,58.08,LOW,True,0,WITHIN_SAFE_BOUNDS,VALID_ROUTE_STAGES,RAW_BEST_CANDIDATE,INSUFFICIENT_VALID_CANDIDATES_COUNT,141.0,120.7,-20.3,0.0,0.0,0.0,31.0,62.8,31.8,70.0,79.9,9.9
