OrderID,BatchNumber,CompoundName,MixerLine,material_system,phase_route,system_route_branch,shadow_cohort,safe_bounds_match_level,recipe_maturity_level,recipe_history_n_batches,similar_recipe_count,similar_recipe_list,similarity_score,cold_start_strategy,recommendation_readiness,has_drymix_stage,has_wetmix_stage,has_pid_stage,has_bottom_stage,has_oilloading_stage,historical_best_actual_saving_pct,model_adjusted_saving_pct,top_uncertainty_factor_1,top_uncertainty_factor_2,top_uncertainty_factor_3,uncertainty_explanation_text,engineer_facing_explanation
1788106,1,M1-B00458---- 12 004,MB02,CarbonBlack,OilWet,CarbonBlack_OilWet,PRIORITY_OPERATIONAL_HISTORY,EXACT_RECIPE_MIXER_ROUTE,L4_PILOT_READY,1175,5,M1-B00458B1-- 02 001;M1-B00458---- 12 005;M1-B00458B1-- 02 002;M1-B00458---- 12 007;M1-B00458XM-- 04 002,0.995,EXACT_RECIPE_MIXER_PILOT_GATE,PILOT_REVIEW_READY,True,True,False,True,True,12.99,13.03,material_initial_temperature_difference,supplier_COA_difference,historical_batch_age_or_recency,"Historical best energy was lower, but the model re-predicts the template under current conditions and adjusts saving because material initial temperature, supplier COA, and historical batch age differ.","Historical best performance suggests this candidate profile has been feasible. The model re-predicts it under current material, environment, batch, and machine conditions. The reported saving is model-adjusted, not raw historical saving. Main uncertainty factors: material_initial_temperature_difference, supplier_COA_difference, historical_batch_age_or_recency. Rotor speed and ram averages are monitoring references, not setpoint recommendations unless confirmed controllable."
1788106,2,M1-B00458---- 12 004,MB02,CarbonBlack,OilWet,CarbonBlack_OilWet,PRIORITY_OPERATIONAL_HISTORY,EXACT_RECIPE_MIXER_ROUTE,L4_PILOT_READY,1175,5,M1-B00458B1-- 02 001;M1-B00458---- 12 005;M1-B00458B1-- 02 002;M1-B00458---- 12 007;M1-B00458XM-- 04 002,0.994,EXACT_RECIPE_MIXER_PILOT_GATE,PILOT_REVIEW_READY,True,True,False,True,True,10.79,10.83,supplier_COA_difference,historical_batch_age_or_recency,ambient_humidity_difference,"Historical best energy was lower, but the model re-predicts the template under current conditions and adjusts saving because supplier COA, historical batch age, and ambient humidity differ.","Historical best performance suggests this candidate profile has been feasible. The model re-predicts it under current material, environment, batch, and machine conditions. The reported saving is model-adjusted, not raw historical saving. Main uncertainty factors: supplier_COA_difference, historical_batch_age_or_recency, ambient_humidity_difference. Rotor speed and ram averages are monitoring references, not setpoint recommendations unless confirmed controllable."
1788106,3,M1-B00458---- 12 004,MB02,CarbonBlack,OilWet,CarbonBlack_OilWet,PRIORITY_OPERATIONAL_HISTORY,EXACT_RECIPE_MIXER_ROUTE,L4_PILOT_READY,1175,5,M1-B00458B1-- 02 001;M1-B00458---- 12 005;M1-B00458B1-- 02 002;M1-B00458---- 12 007;M1-B00458XM-- 04 002,0.995,EXACT_RECIPE_MIXER_PILOT_GATE,PILOT_REVIEW_READY,True,True,False,True,True,9.9,9.94,supplier_COA_difference,historical_batch_age_or_recency,ambient_humidity_difference,"Historical best energy was lower, but the model re-predicts the template under current conditions and adjusts saving because supplier COA, historical batch age, and ambient humidity differ.","Historical best performance suggests this candidate profile has been feasible. The model re-predicts it under current material, environment, batch, and machine conditions. The reported saving is model-adjusted, not raw historical saving. Main uncertainty factors: supplier_COA_difference, historical_batch_age_or_recency, ambient_humidity_difference. Rotor speed and ram averages are monitoring references, not setpoint recommendations unless confirmed controllable."
1782695,1,M1-B00458---- 12 004,MB02,CarbonBlack,OilWet,CarbonBlack_OilWet,PRIORITY_OPERATIONAL_HISTORY,EXACT_RECIPE_MIXER_ROUTE,L3_SHADOW_REVIEW_READY,1175,5,M1-B00458B1-- 02 002;M1-B00458B1-- 02 001;M1-B00458---- 12 005;M1-B00458XM-- 04 002;M1-B00458---- 12 007,1.0,VALIDATED_SHADOW_REVIEW,SHADOW_REVIEW_READY,True,True,False,True,True,,0.0,,,,,"Historical best performance suggests this candidate profile has been feasible. The model re-predicts it under current material, environment, batch, and machine conditions. The reported saving is model-adjusted, not raw historical saving. Main uncertainty factors: , , . Rotor speed and ram averages are monitoring references, not setpoint recommendations unless confirmed controllable."
1782695,2,M1-B00458---- 12 004,MB02,CarbonBlack,OilWet,CarbonBlack_OilWet,PRIORITY_OPERATIONAL_HISTORY,EXACT_RECIPE_MIXER_ROUTE,L3_SHADOW_REVIEW_READY,1175,5,M1-B00458B1-- 02 002;M1-B00458B1-- 02 001;M1-B00458---- 12 005;M1-B00458XM-- 04 002;M1-B00458---- 12 007,1.0,VALIDATED_SHADOW_REVIEW,SHADOW_REVIEW_READY,True,True,False,True,True,,0.0,,,,,"Historical best performance suggests this candidate profile has been feasible. The model re-predicts it under current material, environment, batch, and machine conditions. The reported saving is model-adjusted, not raw historical saving. Main uncertainty factors: , , . Rotor speed and ram averages are monitoring references, not setpoint recommendations unless confirmed controllable."
1782695,3,M1-B00458---- 12 004,MB02,CarbonBlack,OilWet,CarbonBlack_OilWet,PRIORITY_OPERATIONAL_HISTORY,EXACT_RECIPE_MIXER_ROUTE,L3_SHADOW_REVIEW_READY,1175,5,M1-B00458B1-- 02 002;M1-B00458B1-- 02 001;M1-B00458---- 12 005;M1-B00458---- 12 007;M1-B00458XM-- 04 002,0.999,VALIDATED_SHADOW_REVIEW,SHADOW_REVIEW_READY,True,True,False,True,True,,0.0,,,,,"Historical best performance suggests this candidate profile has been feasible. The model re-predicts it under current material, environment, batch, and machine conditions. The reported saving is model-adjusted, not raw historical saving. Main uncertainty factors: , , . Rotor speed and ram averages are monitoring references, not setpoint recommendations unless confirmed controllable."
1786097,1,M1-B00458---- 12 004,MB02,CarbonBlack,OilWet,CarbonBlack_OilWet,PRIORITY_OPERATIONAL_HISTORY,EXACT_RECIPE_MIXER_ROUTE,L4_PILOT_READY,1175,5,M1-B00458B1-- 02 002;M1-B00458B1-- 02 001;M1-B00458---- 12 005;M1-B00458XM-- 04 002;M1-B00458---- 12 007,0.999,EXACT_RECIPE_MIXER_PILOT_GATE,PILOT_REVIEW_READY,True,True,False,True,True,12.52,12.56,supplier_COA_difference,historical_batch_age_or_recency,material_initial_temperature_difference,"Historical best energy was lower, but the model re-predicts the template under current conditions and adjusts saving because supplier COA, historical batch age, and material initial temperature differ.","Historical best performance suggests this candidate profile has been feasible. The model re-predicts it under current material, environment, batch, and machine conditions. The reported saving is model-adjusted, not raw historical saving. Main uncertainty factors: supplier_COA_difference, historical_batch_age_or_recency, material_initial_temperature_difference. Rotor speed and ram averages are monitoring references, not setpoint recommendations unless confirmed controllable."
1786097,2,M1-B00458---- 12 004,MB02,CarbonBlack,OilWet,CarbonBlack_OilWet,PRIORITY_OPERATIONAL_HISTORY,EXACT_RECIPE_MIXER_ROUTE,L4_PILOT_READY,1175,5,M1-B00458B1-- 02 001;M1-B00458B1-- 02 002;M1-B00458---- 12 005;M1-B00458XM-- 04 002;M1-B00458---- 12 007,0.999,EXACT_RECIPE_MIXER_PILOT_GATE,PILOT_REVIEW_READY,True,True,False,True,True,10.59,10.63,supplier_COA_difference,historical_batch_age_or_recency,material_initial_temperature_difference,"Historical best energy was lower, but the model re-predicts the template under current conditions and adjusts saving because supplier COA, historical batch age, and material initial temperature differ.","Historical best performance suggests this candidate profile has been feasible. The model re-predicts it under current material, environment, batch, and machine conditions. The reported saving is model-adjusted, not raw historical saving. Main uncertainty factors: supplier_COA_difference, historical_batch_age_or_recency, material_initial_temperature_difference. Rotor speed and ram averages are monitoring references, not setpoint recommendations unless confirmed controllable."
1786097,4,M1-B00458---- 12 004,MB02,CarbonBlack,OilWet,CarbonBlack_OilWet,PRIORITY_OPERATIONAL_HISTORY,EXACT_RECIPE_MIXER_ROUTE,L4_PILOT_READY,1175,5,M1-B00458B1-- 02 002;M1-B00458B1-- 02 001;M1-B00458---- 12 005;M1-B00458---- 12 007;M1-B00458XM-- 04 002,0.998,EXACT_RECIPE_MIXER_PILOT_GATE,PILOT_REVIEW_READY,True,True,False,True,True,10.83,10.87,supplier_COA_difference,historical_batch_age_or_recency,material_initial_temperature_difference,"Historical best energy was lower, but the model re-predicts the template under current conditions and adjusts saving because supplier COA, historical batch age, and material initial temperature differ.","Historical best performance suggests this candidate profile has been feasible. The model re-predicts it under current material, environment, batch, and machine conditions. The reported saving is model-adjusted, not raw historical saving. Main uncertainty factors: supplier_COA_difference, historical_batch_age_or_recency, material_initial_temperature_difference. Rotor speed and ram averages are monitoring references, not setpoint recommendations unless confirmed controllable."
1780454,1,M1-B00458---- 12 004,MB02,CarbonBlack,OilWet,CarbonBlack_OilWet,PRIORITY_OPERATIONAL_HISTORY,EXACT_RECIPE_MIXER_ROUTE,L4_PILOT_READY,1175,5,M1-B00458B1-- 02 001;M1-B00458---- 12 005;M1-B00458B1-- 02 002;M1-B00458---- 12 007;M1-B00458XM-- 04 002,0.997,EXACT_RECIPE_MIXER_PILOT_GATE,PILOT_REVIEW_READY,True,True,False,True,True,12.59,12.63,ambient_humidity_difference,supplier_COA_difference,historical_batch_age_or_recency,"Historical best energy was lower, but the model re-predicts the template under current conditions and adjusts saving because ambient humidity, supplier COA, and historical batch age differ.","Historical best performance suggests this candidate profile has been feasible. The model re-predicts it under current material, environment, batch, and machine conditions. The reported saving is model-adjusted, not raw historical saving. Main uncertainty factors: ambient_humidity_difference, supplier_COA_difference, historical_batch_age_or_recency. Rotor speed and ram averages are monitoring references, not setpoint recommendations unless confirmed controllable."
1887430,4,M1-B00163R4-- 01 004,MB02,CarbonBlack,OilWet,CarbonBlack_OilWet,PRIORITY_OPERATIONAL_HISTORY,EXACT_RECIPE_MIXER_ROUTE,L2_PRELIMINARY_RECIPE_WINDOW,22,5,M1-B00163XV-- 01 001;M1-B00163R4-- 01 003;M1-B00163XV-- 01 002;M1-B00163---- 08 005;M1-B00163XV-- 01 003,0.985,SHADOW_REVIEW_ONLY_WITH_PRELIMINARY_WINDOW,SHADOW_REVIEW_ONLY,True,True,False,True,True,,0.0,,,,,"Historical best performance suggests this candidate profile has been feasible. The model re-predicts it under current material, environment, batch, and machine conditions. The reported saving is model-adjusted, not raw historical saving. Main uncertainty factors: , , . Rotor speed and ram averages are monitoring references, not setpoint recommendations unless confirmed controllable."
1887430,5,M1-B00163R4-- 01 004,MB02,CarbonBlack,OilWet,CarbonBlack_OilWet,PRIORITY_OPERATIONAL_HISTORY,EXACT_RECIPE_MIXER_ROUTE,L2_PRELIMINARY_RECIPE_WINDOW,22,5,M1-B00163XV-- 01 001;M1-B00163R4-- 01 003;M1-B00163XV-- 01 002;M1-B00163---- 08 005;M1-B00163XV-- 01 003,0.985,SHADOW_REVIEW_ONLY_WITH_PRELIMINARY_WINDOW,SHADOW_REVIEW_ONLY,True,True,False,True,True,,0.0,,,,,"Historical best performance suggests this candidate profile has been feasible. The model re-predicts it under current material, environment, batch, and machine conditions. The reported saving is model-adjusted, not raw historical saving. Main uncertainty factors: , , . Rotor speed and ram averages are monitoring references, not setpoint recommendations unless confirmed controllable."
1887430,6,M1-B00163R4-- 01 004,MB02,CarbonBlack,OilWet,CarbonBlack_OilWet,PRIORITY_OPERATIONAL_HISTORY,EXACT_RECIPE_MIXER_ROUTE,L2_PRELIMINARY_RECIPE_WINDOW,22,5,M1-B00163XV-- 01 001;M1-B00163R4-- 01 003;M1-B00163XV-- 01 002;M1-B00163---- 08 005;M1-B00163XV-- 01 003,0.985,SHADOW_REVIEW_ONLY_WITH_PRELIMINARY_WINDOW,SHADOW_REVIEW_ONLY,True,True,False,True,True,,0.0,,,,,"Historical best performance suggests this candidate profile has been feasible. The model re-predicts it under current material, environment, batch, and machine conditions. The reported saving is model-adjusted, not raw historical saving. Main uncertainty factors: , , . Rotor speed and ram averages are monitoring references, not setpoint recommendations unless confirmed controllable."
1919992,25,M1-B00163R4-- 01 004,MB02,CarbonBlack,OilWet,CarbonBlack_OilWet,PRIORITY_OPERATIONAL_HISTORY,EXACT_RECIPE_MIXER_ROUTE,L2_PRELIMINARY_RECIPE_WINDOW,22,5,M1-B00163R4-- 01 003;M1-B00163XV-- 01 001;M1-B00163XV-- 01 002;M1-B00163XV-- 01 003;M1-B00163XM-- 02 003,0.992,SHADOW_REVIEW_ONLY_WITH_PRELIMINARY_WINDOW,SHADOW_REVIEW_ONLY,True,True,False,True,True,,0.0,,,,,"Historical best performance suggests this candidate profile has been feasible. The model re-predicts it under current material, environment, batch, and machine conditions. The reported saving is model-adjusted, not raw historical saving. Main uncertainty factors: , , . Rotor speed and ram averages are monitoring references, not setpoint recommendations unless confirmed controllable."
1919992,26,M1-B00163R4-- 01 004,MB02,CarbonBlack,OilWet,CarbonBlack_OilWet,PRIORITY_OPERATIONAL_HISTORY,EXACT_RECIPE_MIXER_ROUTE,L2_PRELIMINARY_RECIPE_WINDOW,22,5,M1-B00163R4-- 01 003;M1-B00163XV-- 01 001;M1-B00163XV-- 01 002;M1-B00163XV-- 01 003;M1-B00163XM-- 02 003,0.992,SHADOW_REVIEW_ONLY_WITH_PRELIMINARY_WINDOW,SHADOW_REVIEW_ONLY,True,True,False,True,True,,0.0,,,,,"Historical best performance suggests this candidate profile has been feasible. The model re-predicts it under current material, environment, batch, and machine conditions. The reported saving is model-adjusted, not raw historical saving. Main uncertainty factors: , , . Rotor speed and ram averages are monitoring references, not setpoint recommendations unless confirmed controllable."
1976906,19,M1-B00163R4-- 01 004,MB02,CarbonBlack,OilWet,CarbonBlack_OilWet,PRIORITY_OPERATIONAL_HISTORY,EXACT_RECIPE_MIXER_ROUTE,L2_PRELIMINARY_RECIPE_WINDOW,22,5,M1-B00163XV-- 01 001;M1-B00163R4-- 01 003;M1-B00163XV-- 01 002;M1-B00163---- 08 005;M1-B00163XM-- 02 003,0.976,SHADOW_REVIEW_ONLY_WITH_PRELIMINARY_WINDOW,SHADOW_REVIEW_ONLY,True,True,False,True,True,,0.0,,,,,"Historical best performance suggests this candidate profile has been feasible. The model re-predicts it under current material, environment, batch, and machine conditions. The reported saving is model-adjusted, not raw historical saving. Main uncertainty factors: , , . Rotor speed and ram averages are monitoring references, not setpoint recommendations unless confirmed controllable."
1976906,20,M1-B00163R4-- 01 004,MB02,CarbonBlack,OilWet,CarbonBlack_OilWet,PRIORITY_OPERATIONAL_HISTORY,EXACT_RECIPE_MIXER_ROUTE,L2_PRELIMINARY_RECIPE_WINDOW,22,5,M1-B00163XV-- 01 001;M1-B00163R4-- 01 003;M1-B00163XV-- 01 002;M1-B00163---- 08 005;M1-B00163XV-- 01 003,0.979,SHADOW_REVIEW_ONLY_WITH_PRELIMINARY_WINDOW,SHADOW_REVIEW_ONLY,True,True,False,True,True,,0.0,,,,,"Historical best performance suggests this candidate profile has been feasible. The model re-predicts it under current material, environment, batch, and machine conditions. The reported saving is model-adjusted, not raw historical saving. Main uncertainty factors: , , . Rotor speed and ram averages are monitoring references, not setpoint recommendations unless confirmed controllable."
1976906,21,M1-B00163R4-- 01 004,MB02,CarbonBlack,OilWet,CarbonBlack_OilWet,PRIORITY_OPERATIONAL_HISTORY,EXACT_RECIPE_MIXER_ROUTE,L2_PRELIMINARY_RECIPE_WINDOW,22,5,M1-B00163XV-- 01 001;M1-B00163R4-- 01 003;M1-B00163XV-- 01 002;M1-B00163---- 08 005;M1-B00163XV-- 01 003,0.979,SHADOW_REVIEW_ONLY_WITH_PRELIMINARY_WINDOW,SHADOW_REVIEW_ONLY,True,True,False,True,True,,0.0,,,,,"Historical best performance suggests this candidate profile has been feasible. The model re-predicts it under current material, environment, batch, and machine conditions. The reported saving is model-adjusted, not raw historical saving. Main uncertainty factors: , , . Rotor speed and ram averages are monitoring references, not setpoint recommendations unless confirmed controllable."
1976906,22,M1-B00163R4-- 01 004,MB02,CarbonBlack,OilWet,CarbonBlack_OilWet,PRIORITY_OPERATIONAL_HISTORY,EXACT_RECIPE_MIXER_ROUTE,L2_PRELIMINARY_RECIPE_WINDOW,22,5,M1-B00163XV-- 01 001;M1-B00163R4-- 01 003;M1-B00163XV-- 01 002;M1-B00163---- 08 005;M1-B00163XM-- 02 003,0.978,SHADOW_REVIEW_ONLY_WITH_PRELIMINARY_WINDOW,SHADOW_REVIEW_ONLY,True,True,False,True,True,,0.0,,,,,"Historical best performance suggests this candidate profile has been feasible. The model re-predicts it under current material, environment, batch, and machine conditions. The reported saving is model-adjusted, not raw historical saving. Main uncertainty factors: , , . Rotor speed and ram averages are monitoring references, not setpoint recommendations unless confirmed controllable."
1997980,2,M1-B00163R4-- 01 004,MB02,CarbonBlack,OilWet,CarbonBlack_OilWet,PRIORITY_OPERATIONAL_HISTORY,EXACT_RECIPE_MIXER_ROUTE,L2_PRELIMINARY_RECIPE_WINDOW,22,5,M1-B00163XV-- 01 001;M1-B00163R4-- 01 003;M1-B00163XV-- 01 002;M1-B00163XV-- 01 003;M1-B00163XM-- 02 003,0.984,SHADOW_REVIEW_ONLY_WITH_PRELIMINARY_WINDOW,SHADOW_REVIEW_ONLY,True,True,False,True,True,,0.0,,,,,"Historical best performance suggests this candidate profile has been feasible. The model re-predicts it under current material, environment, batch, and machine conditions. The reported saving is model-adjusted, not raw historical saving. Main uncertainty factors: , , . Rotor speed and ram averages are monitoring references, not setpoint recommendations unless confirmed controllable."
2024~1273702,12,M1-B00163R4-- 01 003,MB02,CarbonBlack,OilWet,CarbonBlack_OilWet,PRIORITY_OPERATIONAL_HISTORY,EXACT_RECIPE_MIXER_ROUTE,L3_SHADOW_REVIEW_READY,47,5,M1-B00163R4-- 01 004;M1-B00163XV-- 01 001;M1-B00163XV-- 01 002;M1-B00163XV-- 01 003;M1-B00163XV-- 01 004,0.979,VALIDATED_SHADOW_REVIEW,SHADOW_REVIEW_READY,True,True,False,True,True,,0.0,,,,,"Historical best performance suggests this candidate profile has been feasible. The model re-predicts it under current material, environment, batch, and machine conditions. The reported saving is model-adjusted, not raw historical saving. Main uncertainty factors: , , . Rotor speed and ram averages are monitoring references, not setpoint recommendations unless confirmed controllable."
2024~1273702,13,M1-B00163R4-- 01 003,MB02,CarbonBlack,OilWet,CarbonBlack_OilWet,PRIORITY_OPERATIONAL_HISTORY,EXACT_RECIPE_MIXER_ROUTE,L3_SHADOW_REVIEW_READY,47,5,M1-B00163R4-- 01 004;M1-B00163XV-- 01 001;M1-B00163XV-- 01 002;M1-B00163XV-- 01 003;M1-B00163XV-- 01 004,0.98,VALIDATED_SHADOW_REVIEW,SHADOW_REVIEW_READY,True,True,False,True,True,,0.0,,,,,"Historical best performance suggests this candidate profile has been feasible. The model re-predicts it under current material, environment, batch, and machine conditions. The reported saving is model-adjusted, not raw historical saving. Main uncertainty factors: , , . Rotor speed and ram averages are monitoring references, not setpoint recommendations unless confirmed controllable."
2024~1273702,14,M1-B00163R4-- 01 003,MB02,CarbonBlack,OilWet,CarbonBlack_OilWet,PRIORITY_OPERATIONAL_HISTORY,EXACT_RECIPE_MIXER_ROUTE,L3_SHADOW_REVIEW_READY,47,5,M1-B00163R4-- 01 004;M1-B00163XV-- 01 001;M1-B00163XV-- 01 002;M1-B00163XV-- 01 003;M1-B00163XV-- 01 004,0.979,VALIDATED_SHADOW_REVIEW,SHADOW_REVIEW_READY,True,True,False,True,True,,0.0,,,,,"Historical best performance suggests this candidate profile has been feasible. The model re-predicts it under current material, environment, batch, and machine conditions. The reported saving is model-adjusted, not raw historical saving. Main uncertainty factors: , , . Rotor speed and ram averages are monitoring references, not setpoint recommendations unless confirmed controllable."
2024~1276807,1,M1-B00458---- 12 003,MB02,CarbonBlack,OilWet,CarbonBlack_OilWet,PRIORITY_OPERATIONAL_HISTORY,EXACT_RECIPE_MIXER_ROUTE,L3_SHADOW_REVIEW_READY,1121,5,M1-B00458XV-- 01 002;M1-B00458B1-- 02 003;M1-B00458XM-- 04 002;M1-B00458B1-- 02 002;M1-B00458---- 12 008,0.997,VALIDATED_SHADOW_REVIEW,SHADOW_REVIEW_READY,True,True,False,True,True,,0.0,,,,,"Historical best performance suggests this candidate profile has been feasible. The model re-predicts it under current material, environment, batch, and machine conditions. The reported saving is model-adjusted, not raw historical saving. Main uncertainty factors: , , . Rotor speed and ram averages are monitoring references, not setpoint recommendations unless confirmed controllable."
2024~1276807,2,M1-B00458---- 12 003,MB02,CarbonBlack,OilWet,CarbonBlack_OilWet,PRIORITY_OPERATIONAL_HISTORY,EXACT_RECIPE_MIXER_ROUTE,L3_SHADOW_REVIEW_READY,1121,5,M1-B00458XV-- 01 002;M1-B00458B1-- 02 003;M1-B00458XM-- 04 002;M1-B00458B1-- 02 002;M1-B00458---- 12 008,0.997,VALIDATED_SHADOW_REVIEW,SHADOW_REVIEW_READY,True,True,False,True,True,,0.0,,,,,"Historical best performance suggests this candidate profile has been feasible. The model re-predicts it under current material, environment, batch, and machine conditions. The reported saving is model-adjusted, not raw historical saving. Main uncertainty factors: , , . Rotor speed and ram averages are monitoring references, not setpoint recommendations unless confirmed controllable."
2024~1276807,3,M1-B00458---- 12 003,MB02,CarbonBlack,OilWet,CarbonBlack_OilWet,PRIORITY_OPERATIONAL_HISTORY,EXACT_RECIPE_MIXER_ROUTE,L3_SHADOW_REVIEW_READY,1121,5,M1-B00458XV-- 01 002;M1-B00458B1-- 02 003;M1-B00458XM-- 04 002;M1-B00458---- 12 008;M1-B00458XM-- 04 003,0.996,VALIDATED_SHADOW_REVIEW,SHADOW_REVIEW_READY,True,True,False,True,True,,0.0,,,,,"Historical best performance suggests this candidate profile has been feasible. The model re-predicts it under current material, environment, batch, and machine conditions. The reported saving is model-adjusted, not raw historical saving. Main uncertainty factors: , , . Rotor speed and ram averages are monitoring references, not setpoint recommendations unless confirmed controllable."
2024~1276807,4,M1-B00458---- 12 003,MB02,CarbonBlack,OilWet,CarbonBlack_OilWet,PRIORITY_OPERATIONAL_HISTORY,EXACT_RECIPE_MIXER_ROUTE,L3_SHADOW_REVIEW_READY,1121,5,M1-B00458XV-- 01 002;M1-B00458B1-- 02 003;M1-B00458XM-- 04 002;M1-B00458B1-- 02 002;M1-B00458---- 12 008,0.997,VALIDATED_SHADOW_REVIEW,SHADOW_REVIEW_READY,True,True,False,True,True,,0.0,,,,,"Historical best performance suggests this candidate profile has been feasible. The model re-predicts it under current material, environment, batch, and machine conditions. The reported saving is model-adjusted, not raw historical saving. Main uncertainty factors: , , . Rotor speed and ram averages are monitoring references, not setpoint recommendations unless confirmed controllable."
2024~1274870,1,M1-B00458---- 12 003,MB02,CarbonBlack,OilWet,CarbonBlack_OilWet,PRIORITY_OPERATIONAL_HISTORY,EXACT_RECIPE_MIXER_ROUTE,L4_PILOT_READY,1121,5,M1-B00458XM-- 04 002;M1-B00458XV-- 01 002;M1-B00458B1-- 02 003;M1-B00458B1-- 02 002;M1-B00458B1-- 02 001,0.998,EXACT_RECIPE_MIXER_PILOT_GATE,PILOT_REVIEW_READY,True,True,False,True,True,10.83,9.98,material_initial_temperature_difference,ambient_humidity_difference,ambient_temperature_difference,"Historical best energy was lower, but the model re-predicts the template under current conditions and adjusts saving because material initial temperature, ambient humidity, and ambient temperature differ.","Historical best performance suggests this candidate profile has been feasible. The model re-predicts it under current material, environment, batch, and machine conditions. The reported saving is model-adjusted, not raw historical saving. Main uncertainty factors: material_initial_temperature_difference, ambient_humidity_difference, ambient_temperature_difference. Rotor speed and ram averages are monitoring references, not setpoint recommendations unless confirmed controllable."
2024~1274870,2,M1-B00458---- 12 003,MB02,CarbonBlack,OilWet,CarbonBlack_OilWet,PRIORITY_OPERATIONAL_HISTORY,EXACT_RECIPE_MIXER_ROUTE,L3_SHADOW_REVIEW_READY,1121,5,M1-B00458XM-- 04 002;M1-B00458XV-- 01 002;M1-B00458B1-- 02 003;M1-B00458B1-- 02 002;M1-B00458B1-- 02 001,0.998,VALIDATED_SHADOW_REVIEW,SHADOW_REVIEW_READY,True,True,False,True,True,,0.0,,,,,"Historical best performance suggests this candidate profile has been feasible. The model re-predicts it under current material, environment, batch, and machine conditions. The reported saving is model-adjusted, not raw historical saving. Main uncertainty factors: , , . Rotor speed and ram averages are monitoring references, not setpoint recommendations unless confirmed controllable."
2024~1274870,3,M1-B00458---- 12 003,MB02,CarbonBlack,OilWet,CarbonBlack_OilWet,PRIORITY_OPERATIONAL_HISTORY,EXACT_RECIPE_MIXER_ROUTE,L3_SHADOW_REVIEW_READY,1121,5,M1-B00458XM-- 04 002;M1-B00458XV-- 01 002;M1-B00458B1-- 02 003;M1-B00458B1-- 02 002;M1-B00458B1-- 02 001,0.998,VALIDATED_SHADOW_REVIEW,SHADOW_REVIEW_READY,True,True,False,True,True,,0.0,,,,,"Historical best performance suggests this candidate profile has been feasible. The model re-predicts it under current material, environment, batch, and machine conditions. The reported saving is model-adjusted, not raw historical saving. Main uncertainty factors: , , . Rotor speed and ram averages are monitoring references, not setpoint recommendations unless confirmed controllable."
2024~1274870,4,M1-B00458---- 12 003,MB02,CarbonBlack,OilWet,CarbonBlack_OilWet,PRIORITY_OPERATIONAL_HISTORY,EXACT_RECIPE_MIXER_ROUTE,L4_PILOT_READY,1121,5,M1-B00458XM-- 04 002;M1-B00458XV-- 01 002;M1-B00458B1-- 02 003;M1-B00458B1-- 02 002;M1-B00458B1-- 02 001,0.996,EXACT_RECIPE_MIXER_PILOT_GATE,PILOT_REVIEW_READY,True,True,False,True,True,8.92,8.06,material_initial_temperature_difference,ambient_humidity_difference,ambient_temperature_difference,"Historical best energy was lower, but the model re-predicts the template under current conditions and adjusts saving because material initial temperature, ambient humidity, and ambient temperature differ.","Historical best performance suggests this candidate profile has been feasible. The model re-predicts it under current material, environment, batch, and machine conditions. The reported saving is model-adjusted, not raw historical saving. Main uncertainty factors: material_initial_temperature_difference, ambient_humidity_difference, ambient_temperature_difference. Rotor speed and ram averages are monitoring references, not setpoint recommendations unless confirmed controllable."
2024~1275991,1,M1-B00458---- 12 003,MB02,CarbonBlack,OilWet,CarbonBlack_OilWet,PRIORITY_OPERATIONAL_HISTORY,EXACT_RECIPE_MIXER_ROUTE,L3_SHADOW_REVIEW_READY,1121,5,M1-B00458XM-- 04 002;M1-B00458XV-- 01 002;M1-B00458B1-- 02 002;M1-B00458B1-- 02 003;M1-B00458B1-- 02 001,0.999,VALIDATED_SHADOW_REVIEW,SHADOW_REVIEW_READY,True,True,False,True,True,,0.0,,,,,"Historical best performance suggests this candidate profile has been feasible. The model re-predicts it under current material, environment, batch, and machine conditions. The reported saving is model-adjusted, not raw historical saving. Main uncertainty factors: , , . Rotor speed and ram averages are monitoring references, not setpoint recommendations unless confirmed controllable."
2024~1275991,2,M1-B00458---- 12 003,MB02,CarbonBlack,OilWet,CarbonBlack_OilWet,PRIORITY_OPERATIONAL_HISTORY,EXACT_RECIPE_MIXER_ROUTE,L3_SHADOW_REVIEW_READY,1121,5,M1-B00458XM-- 04 002;M1-B00458XV-- 01 002;M1-B00458B1-- 02 002;M1-B00458B1-- 02 003;M1-B00458B1-- 02 001,0.998,VALIDATED_SHADOW_REVIEW,SHADOW_REVIEW_READY,True,True,False,True,True,,0.0,,,,,"Historical best performance suggests this candidate profile has been feasible. The model re-predicts it under current material, environment, batch, and machine conditions. The reported saving is model-adjusted, not raw historical saving. Main uncertainty factors: , , . Rotor speed and ram averages are monitoring references, not setpoint recommendations unless confirmed controllable."
2024~1282357,2,M1-B00163R4-- 01 003,MB02,CarbonBlack,OilWet,CarbonBlack_OilWet,PRIORITY_OPERATIONAL_HISTORY,EXACT_RECIPE_MIXER_ROUTE,L3_SHADOW_REVIEW_READY,47,5,M1-B00163R4-- 01 004;M1-B00163XV-- 01 001;M1-B00163XV-- 01 002;M1-B00163XM-- 02 003;M1-B00163XV-- 01 003,0.975,VALIDATED_SHADOW_REVIEW,SHADOW_REVIEW_READY,True,True,False,True,True,,0.0,,,,,"Historical best performance suggests this candidate profile has been feasible. The model re-predicts it under current material, environment, batch, and machine conditions. The reported saving is model-adjusted, not raw historical saving. Main uncertainty factors: , , . Rotor speed and ram averages are monitoring references, not setpoint recommendations unless confirmed controllable."
2024~1282357,22,M1-B00163R4-- 01 003,MB02,CarbonBlack,OilWet,CarbonBlack_OilWet,PRIORITY_OPERATIONAL_HISTORY,EXACT_RECIPE_MIXER_ROUTE,L3_SHADOW_REVIEW_READY,47,5,M1-B00163R4-- 01 004;M1-B00163XV-- 01 001;M1-B00163XV-- 01 002;M1-B00163XV-- 01 003;M1-B00163XV-- 01 004,0.987,VALIDATED_SHADOW_REVIEW,SHADOW_REVIEW_READY,True,True,False,True,True,,0.0,,,,,"Historical best performance suggests this candidate profile has been feasible. The model re-predicts it under current material, environment, batch, and machine conditions. The reported saving is model-adjusted, not raw historical saving. Main uncertainty factors: , , . Rotor speed and ram averages are monitoring references, not setpoint recommendations unless confirmed controllable."
2024~1282357,26,M1-B00163R4-- 01 003,MB02,CarbonBlack,OilWet,CarbonBlack_OilWet,PRIORITY_OPERATIONAL_HISTORY,EXACT_RECIPE_MIXER_ROUTE,L3_SHADOW_REVIEW_READY,47,5,M1-B00163R4-- 01 004;M1-B00163XV-- 01 001;M1-B00163XV-- 01 002;M1-B00163XV-- 01 003;M1-B00163XM-- 02 003,0.983,VALIDATED_SHADOW_REVIEW,SHADOW_REVIEW_READY,True,True,False,True,True,,0.0,,,,,"Historical best performance suggests this candidate profile has been feasible. The model re-predicts it under current material, environment, batch, and machine conditions. The reported saving is model-adjusted, not raw historical saving. Main uncertainty factors: , , . Rotor speed and ram averages are monitoring references, not setpoint recommendations unless confirmed controllable."
2024~1278656,7,M1-B00163R4-- 01 003,MB02,CarbonBlack,OilWet,CarbonBlack_OilWet,PRIORITY_OPERATIONAL_HISTORY,EXACT_RECIPE_MIXER_ROUTE,L3_SHADOW_REVIEW_READY,47,5,M1-B00163R4-- 01 004;M1-B00163XV-- 01 001;M1-B00163XV-- 01 002;M1-B00163XV-- 01 003;M1-B00163XV-- 01 004,0.989,VALIDATED_SHADOW_REVIEW,SHADOW_REVIEW_READY,True,True,False,True,True,,0.0,,,,,"Historical best performance suggests this candidate profile has been feasible. The model re-predicts it under current material, environment, batch, and machine conditions. The reported saving is model-adjusted, not raw historical saving. Main uncertainty factors: , , . Rotor speed and ram averages are monitoring references, not setpoint recommendations unless confirmed controllable."
2024~1278656,8,M1-B00163R4-- 01 003,MB02,CarbonBlack,OilWet,CarbonBlack_OilWet,PRIORITY_OPERATIONAL_HISTORY,EXACT_RECIPE_MIXER_ROUTE,L3_SHADOW_REVIEW_READY,47,5,M1-B00163R4-- 01 004;M1-B00163XV-- 01 001;M1-B00163XV-- 01 002;M1-B00163XV-- 01 003;M1-B00163XM-- 02 003,0.988,VALIDATED_SHADOW_REVIEW,SHADOW_REVIEW_READY,True,True,False,True,True,,0.0,,,,,"Historical best performance suggests this candidate profile has been feasible. The model re-predicts it under current material, environment, batch, and machine conditions. The reported saving is model-adjusted, not raw historical saving. Main uncertainty factors: , , . Rotor speed and ram averages are monitoring references, not setpoint recommendations unless confirmed controllable."
2024~1278656,9,M1-B00163R4-- 01 003,MB02,CarbonBlack,OilWet,CarbonBlack_OilWet,PRIORITY_OPERATIONAL_HISTORY,EXACT_RECIPE_MIXER_ROUTE,L3_SHADOW_REVIEW_READY,47,5,M1-B00163R4-- 01 004;M1-B00163XV-- 01 001;M1-B00163XV-- 01 002;M1-B00163XV-- 01 003;M1-B00163XM-- 02 003,0.987,VALIDATED_SHADOW_REVIEW,SHADOW_REVIEW_READY,True,True,False,True,True,,0.0,,,,,"Historical best performance suggests this candidate profile has been feasible. The model re-predicts it under current material, environment, batch, and machine conditions. The reported saving is model-adjusted, not raw historical saving. Main uncertainty factors: , , . Rotor speed and ram averages are monitoring references, not setpoint recommendations unless confirmed controllable."
2024~1278656,10,M1-B00163R4-- 01 003,MB02,CarbonBlack,OilWet,CarbonBlack_OilWet,PRIORITY_OPERATIONAL_HISTORY,EXACT_RECIPE_MIXER_ROUTE,L3_SHADOW_REVIEW_READY,47,5,M1-B00163R4-- 01 004;M1-B00163XV-- 01 001;M1-B00163XV-- 01 002;M1-B00163XV-- 01 003;M1-B00163XV-- 01 004,0.988,VALIDATED_SHADOW_REVIEW,SHADOW_REVIEW_READY,True,True,False,True,True,,0.0,,,,,"Historical best performance suggests this candidate profile has been feasible. The model re-predicts it under current material, environment, batch, and machine conditions. The reported saving is model-adjusted, not raw historical saving. Main uncertainty factors: , , . Rotor speed and ram averages are monitoring references, not setpoint recommendations unless confirmed controllable."
2024~1313395,1,M1-B00163RT-- 01 001,MB02,CarbonBlack,OilWet,CarbonBlack_OilWet,PRIORITY_OPERATIONAL_HISTORY,EXACT_RECIPE_MIXER_ROUTE,L2_PRELIMINARY_RECIPE_WINDOW,20,5,M1-B00163RT-- 01 002;M1-A00205W3-- 03 003;M1-A00205W4-- 01 001;M1-A00205W3-- 03 002;M1-B00163R4-- 01 003,0.988,SHADOW_REVIEW_ONLY_WITH_PRELIMINARY_WINDOW,SHADOW_REVIEW_ONLY,True,True,False,True,True,,0.0,,,,,"Historical best performance suggests this candidate profile has been feasible. The model re-predicts it under current material, environment, batch, and machine conditions. The reported saving is model-adjusted, not raw historical saving. Main uncertainty factors: , , . Rotor speed and ram averages are monitoring references, not setpoint recommendations unless confirmed controllable."
2024~1313395,2,M1-B00163RT-- 01 001,MB02,CarbonBlack,OilWet,CarbonBlack_OilWet,PRIORITY_OPERATIONAL_HISTORY,EXACT_RECIPE_MIXER_ROUTE,L2_PRELIMINARY_RECIPE_WINDOW,20,5,M1-B00163RT-- 01 002;M1-A00205W3-- 03 003;M1-A00205W4-- 01 001;M1-A00205W3-- 03 002;M1-B00163R4-- 01 003,0.991,SHADOW_REVIEW_ONLY_WITH_PRELIMINARY_WINDOW,SHADOW_REVIEW_ONLY,True,True,False,True,True,,0.0,,,,,"Historical best performance suggests this candidate profile has been feasible. The model re-predicts it under current material, environment, batch, and machine conditions. The reported saving is model-adjusted, not raw historical saving. Main uncertainty factors: , , . Rotor speed and ram averages are monitoring references, not setpoint recommendations unless confirmed controllable."
2024~1313395,3,M1-B00163RT-- 01 001,MB02,CarbonBlack,OilWet,CarbonBlack_OilWet,PRIORITY_OPERATIONAL_HISTORY,EXACT_RECIPE_MIXER_ROUTE,L2_PRELIMINARY_RECIPE_WINDOW,20,5,M1-B00163RT-- 01 002;M1-A00205W3-- 03 003;M1-A00205W4-- 01 001;M1-A00205W3-- 03 002;M1-B00163R4-- 01 003,0.993,SHADOW_REVIEW_ONLY_WITH_PRELIMINARY_WINDOW,SHADOW_REVIEW_ONLY,True,True,False,True,True,,0.0,,,,,"Historical best performance suggests this candidate profile has been feasible. The model re-predicts it under current material, environment, batch, and machine conditions. The reported saving is model-adjusted, not raw historical saving. Main uncertainty factors: , , . Rotor speed and ram averages are monitoring references, not setpoint recommendations unless confirmed controllable."
2024~1313395,4,M1-B00163RT-- 01 001,MB02,CarbonBlack,OilWet,CarbonBlack_OilWet,PRIORITY_OPERATIONAL_HISTORY,EXACT_RECIPE_MIXER_ROUTE,L2_PRELIMINARY_RECIPE_WINDOW,20,5,M1-B00163RT-- 01 002;M1-A00205W3-- 03 003;M1-A00205W4-- 01 001;M1-A00205W3-- 03 002;M1-B00163R4-- 01 003,0.992,SHADOW_REVIEW_ONLY_WITH_PRELIMINARY_WINDOW,SHADOW_REVIEW_ONLY,True,True,False,True,True,,0.0,,,,,"Historical best performance suggests this candidate profile has been feasible. The model re-predicts it under current material, environment, batch, and machine conditions. The reported saving is model-adjusted, not raw historical saving. Main uncertainty factors: , , . Rotor speed and ram averages are monitoring references, not setpoint recommendations unless confirmed controllable."
2024~1313395,5,M1-B00163RT-- 01 001,MB02,CarbonBlack,OilWet,CarbonBlack_OilWet,PRIORITY_OPERATIONAL_HISTORY,EXACT_RECIPE_MIXER_ROUTE,L2_PRELIMINARY_RECIPE_WINDOW,20,5,M1-B00163RT-- 01 002;M1-A00205W3-- 03 003;M1-A00205W4-- 01 001;M1-A00205W3-- 03 002;M1-B00163R4-- 01 003,0.994,SHADOW_REVIEW_ONLY_WITH_PRELIMINARY_WINDOW,SHADOW_REVIEW_ONLY,True,True,False,True,True,,0.0,,,,,"Historical best performance suggests this candidate profile has been feasible. The model re-predicts it under current material, environment, batch, and machine conditions. The reported saving is model-adjusted, not raw historical saving. Main uncertainty factors: , , . Rotor speed and ram averages are monitoring references, not setpoint recommendations unless confirmed controllable."
2024~1313395,6,M1-B00163RT-- 01 001,MB02,CarbonBlack,OilWet,CarbonBlack_OilWet,PRIORITY_OPERATIONAL_HISTORY,EXACT_RECIPE_MIXER_ROUTE,L2_PRELIMINARY_RECIPE_WINDOW,20,5,M1-B00163RT-- 01 002;M1-A00205W3-- 03 003;M1-A00205W4-- 01 001;M1-A00205W3-- 03 002;M1-B00163R4-- 01 003,0.995,SHADOW_REVIEW_ONLY_WITH_PRELIMINARY_WINDOW,SHADOW_REVIEW_ONLY,True,True,False,True,True,,0.0,,,,,"Historical best performance suggests this candidate profile has been feasible. The model re-predicts it under current material, environment, batch, and machine conditions. The reported saving is model-adjusted, not raw historical saving. Main uncertainty factors: , , . Rotor speed and ram averages are monitoring references, not setpoint recommendations unless confirmed controllable."
2024~1313395,7,M1-B00163RT-- 01 001,MB02,CarbonBlack,OilWet,CarbonBlack_OilWet,PRIORITY_OPERATIONAL_HISTORY,EXACT_RECIPE_MIXER_ROUTE,L2_PRELIMINARY_RECIPE_WINDOW,20,5,M1-B00163RT-- 01 002;M1-A00205W3-- 03 003;M1-A00205W4-- 01 001;M1-A00205W3-- 03 002;M1-B00163R4-- 01 003,0.993,SHADOW_REVIEW_ONLY_WITH_PRELIMINARY_WINDOW,SHADOW_REVIEW_ONLY,True,True,False,True,True,,0.0,,,,,"Historical best performance suggests this candidate profile has been feasible. The model re-predicts it under current material, environment, batch, and machine conditions. The reported saving is model-adjusted, not raw historical saving. Main uncertainty factors: , , . Rotor speed and ram averages are monitoring references, not setpoint recommendations unless confirmed controllable."
2024~1313395,8,M1-B00163RT-- 01 001,MB02,CarbonBlack,OilWet,CarbonBlack_OilWet,PRIORITY_OPERATIONAL_HISTORY,EXACT_RECIPE_MIXER_ROUTE,L2_PRELIMINARY_RECIPE_WINDOW,20,5,M1-B00163RT-- 01 002;M1-A00205W3-- 03 003;M1-A00205W4-- 01 001;M1-A00205W3-- 03 002;M1-B00163R4-- 01 003,0.994,SHADOW_REVIEW_ONLY_WITH_PRELIMINARY_WINDOW,SHADOW_REVIEW_ONLY,True,True,False,True,True,,0.0,,,,,"Historical best performance suggests this candidate profile has been feasible. The model re-predicts it under current material, environment, batch, and machine conditions. The reported saving is model-adjusted, not raw historical saving. Main uncertainty factors: , , . Rotor speed and ram averages are monitoring references, not setpoint recommendations unless confirmed controllable."
2024~1339461,1,M1-B00163RT-- 01 001,MB02,CarbonBlack,OilWet,CarbonBlack_OilWet,PRIORITY_OPERATIONAL_HISTORY,EXACT_RECIPE_MIXER_ROUTE,L2_PRELIMINARY_RECIPE_WINDOW,20,5,M1-B00163RT-- 01 002;M1-A00205W3-- 03 003;M1-A00205W4-- 01 001;M1-A00205W3-- 03 002;M1-B00163R4-- 01 003,0.988,SHADOW_REVIEW_ONLY_WITH_PRELIMINARY_WINDOW,SHADOW_REVIEW_ONLY,True,True,False,True,True,,0.0,,,,,"Historical best performance suggests this candidate profile has been feasible. The model re-predicts it under current material, environment, batch, and machine conditions. The reported saving is model-adjusted, not raw historical saving. Main uncertainty factors: , , . Rotor speed and ram averages are monitoring references, not setpoint recommendations unless confirmed controllable."
2024~1339461,2,M1-B00163RT-- 01 001,MB02,CarbonBlack,OilWet,CarbonBlack_OilWet,PRIORITY_OPERATIONAL_HISTORY,EXACT_RECIPE_MIXER_ROUTE,L2_PRELIMINARY_RECIPE_WINDOW,20,5,M1-B00163RT-- 01 002;M1-A00205W3-- 03 003;M1-A00205W4-- 01 001;M1-A00205W3-- 03 002;M1-B00163R4-- 01 003,0.987,SHADOW_REVIEW_ONLY_WITH_PRELIMINARY_WINDOW,SHADOW_REVIEW_ONLY,True,True,False,True,True,,0.0,,,,,"Historical best performance suggests this candidate profile has been feasible. The model re-predicts it under current material, environment, batch, and machine conditions. The reported saving is model-adjusted, not raw historical saving. Main uncertainty factors: , , . Rotor speed and ram averages are monitoring references, not setpoint recommendations unless confirmed controllable."
2024~1546770,9,M1-B00163RT-- 01 002,MB02,CarbonBlack,OilWet,CarbonBlack_OilWet,PRIORITY_OPERATIONAL_HISTORY,EXACT_RECIPE_MIXER_ROUTE,L3_SHADOW_REVIEW_READY,58,5,M1-B00163RT-- 01 001;M1-A00205W3-- 03 003;M1-A00205W4-- 01 001;M1-A00205W3-- 03 002;M1-B00163R4-- 01 003,0.988,VALIDATED_SHADOW_REVIEW,SHADOW_REVIEW_READY,True,True,False,True,True,,0.0,,,,,"Historical best performance suggests this candidate profile has been feasible. The model re-predicts it under current material, environment, batch, and machine conditions. The reported saving is model-adjusted, not raw historical saving. Main uncertainty factors: , , . Rotor speed and ram averages are monitoring references, not setpoint recommendations unless confirmed controllable."
2024~1546770,10,M1-B00163RT-- 01 002,MB02,CarbonBlack,OilWet,CarbonBlack_OilWet,PRIORITY_OPERATIONAL_HISTORY,EXACT_RECIPE_MIXER_ROUTE,L3_SHADOW_REVIEW_READY,58,5,M1-B00163RT-- 01 001;M1-A00205W3-- 03 003;M1-A00205W4-- 01 001;M1-A00205W3-- 03 002;M1-B00163R4-- 01 003,0.989,VALIDATED_SHADOW_REVIEW,SHADOW_REVIEW_READY,True,True,False,True,True,,0.0,,,,,"Historical best performance suggests this candidate profile has been feasible. The model re-predicts it under current material, environment, batch, and machine conditions. The reported saving is model-adjusted, not raw historical saving. Main uncertainty factors: , , . Rotor speed and ram averages are monitoring references, not setpoint recommendations unless confirmed controllable."
2024~1546770,11,M1-B00163RT-- 01 002,MB02,CarbonBlack,OilWet,CarbonBlack_OilWet,PRIORITY_OPERATIONAL_HISTORY,EXACT_RECIPE_MIXER_ROUTE,L3_SHADOW_REVIEW_READY,58,5,M1-B00163RT-- 01 001;M1-A00205W3-- 03 003;M1-A00205W4-- 01 001;M1-A00205W3-- 03 002;M1-B00163R4-- 01 003,0.992,VALIDATED_SHADOW_REVIEW,SHADOW_REVIEW_READY,True,True,False,True,True,,0.0,,,,,"Historical best performance suggests this candidate profile has been feasible. The model re-predicts it under current material, environment, batch, and machine conditions. The reported saving is model-adjusted, not raw historical saving. Main uncertainty factors: , , . Rotor speed and ram averages are monitoring references, not setpoint recommendations unless confirmed controllable."
2024~1546770,12,M1-B00163RT-- 01 002,MB02,CarbonBlack,OilWet,CarbonBlack_OilWet,PRIORITY_OPERATIONAL_HISTORY,EXACT_RECIPE_MIXER_ROUTE,L3_SHADOW_REVIEW_READY,58,5,M1-B00163RT-- 01 001;M1-A00205W3-- 03 003;M1-A00205W4-- 01 001;M1-A00205W3-- 03 002;M1-B00163R4-- 01 003,0.99,VALIDATED_SHADOW_REVIEW,SHADOW_REVIEW_READY,True,True,False,True,True,,0.0,,,,,"Historical best performance suggests this candidate profile has been feasible. The model re-predicts it under current material, environment, batch, and machine conditions. The reported saving is model-adjusted, not raw historical saving. Main uncertainty factors: , , . Rotor speed and ram averages are monitoring references, not setpoint recommendations unless confirmed controllable."
2024~1536999,5,M1-B00163RT-- 01 002,MB02,CarbonBlack,OilWet,CarbonBlack_OilWet,PRIORITY_OPERATIONAL_HISTORY,EXACT_RECIPE_MIXER_ROUTE,L3_SHADOW_REVIEW_READY,58,5,M1-B00163RT-- 01 001;M1-A00205W3-- 03 003;M1-A00205W4-- 01 001;M1-A00205W3-- 03 002;M1-B00163R4-- 01 003,0.99,VALIDATED_SHADOW_REVIEW,SHADOW_REVIEW_READY,True,True,False,True,True,,0.0,,,,,"Historical best performance suggests this candidate profile has been feasible. The model re-predicts it under current material, environment, batch, and machine conditions. The reported saving is model-adjusted, not raw historical saving. Main uncertainty factors: , , . Rotor speed and ram averages are monitoring references, not setpoint recommendations unless confirmed controllable."
2024~1536999,6,M1-B00163RT-- 01 002,MB02,CarbonBlack,OilWet,CarbonBlack_OilWet,PRIORITY_OPERATIONAL_HISTORY,EXACT_RECIPE_MIXER_ROUTE,L3_SHADOW_REVIEW_READY,58,5,M1-B00163RT-- 01 001;M1-A00205W3-- 03 003;M1-A00205W4-- 01 001;M1-A00205W3-- 03 002;M1-B00163R4-- 01 003,0.99,VALIDATED_SHADOW_REVIEW,SHADOW_REVIEW_READY,True,True,False,True,True,,0.0,,,,,"Historical best performance suggests this candidate profile has been feasible. The model re-predicts it under current material, environment, batch, and machine conditions. The reported saving is model-adjusted, not raw historical saving. Main uncertainty factors: , , . Rotor speed and ram averages are monitoring references, not setpoint recommendations unless confirmed controllable."
2024~1536999,7,M1-B00163RT-- 01 002,MB02,CarbonBlack,OilWet,CarbonBlack_OilWet,PRIORITY_OPERATIONAL_HISTORY,EXACT_RECIPE_MIXER_ROUTE,L3_SHADOW_REVIEW_READY,58,5,M1-B00163RT-- 01 001;M1-A00205W3-- 03 003;M1-A00205W4-- 01 001;M1-A00205W3-- 03 002;M1-B00163R4-- 01 003,0.99,VALIDATED_SHADOW_REVIEW,SHADOW_REVIEW_READY,True,True,False,True,True,,0.0,,,,,"Historical best performance suggests this candidate profile has been feasible. The model re-predicts it under current material, environment, batch, and machine conditions. The reported saving is model-adjusted, not raw historical saving. Main uncertainty factors: , , . Rotor speed and ram averages are monitoring references, not setpoint recommendations unless confirmed controllable."
2024~1536999,8,M1-B00163RT-- 01 002,MB02,CarbonBlack,OilWet,CarbonBlack_OilWet,PRIORITY_OPERATIONAL_HISTORY,EXACT_RECIPE_MIXER_ROUTE,L3_SHADOW_REVIEW_READY,58,5,M1-B00163RT-- 01 001;M1-A00205W3-- 03 003;M1-A00205W4-- 01 001;M1-A00205W3-- 03 002;M1-B00163R4-- 01 003,0.992,VALIDATED_SHADOW_REVIEW,SHADOW_REVIEW_READY,True,True,False,True,True,,0.0,,,,,"Historical best performance suggests this candidate profile has been feasible. The model re-predicts it under current material, environment, batch, and machine conditions. The reported saving is model-adjusted, not raw historical saving. Main uncertainty factors: , , . Rotor speed and ram averages are monitoring references, not setpoint recommendations unless confirmed controllable."
2024~1539276,5,M1-B00163RT-- 01 002,MB02,CarbonBlack,OilWet,CarbonBlack_OilWet,PRIORITY_OPERATIONAL_HISTORY,EXACT_RECIPE_MIXER_ROUTE,L3_SHADOW_REVIEW_READY,58,5,M1-B00163RT-- 01 001;M1-A00205W3-- 03 003;M1-A00205W4-- 01 001;M1-A00205W3-- 03 002;M1-B00163R4-- 01 003,0.977,VALIDATED_SHADOW_REVIEW,SHADOW_REVIEW_READY,True,True,False,True,True,,0.0,,,,,"Historical best performance suggests this candidate profile has been feasible. The model re-predicts it under current material, environment, batch, and machine conditions. The reported saving is model-adjusted, not raw historical saving. Main uncertainty factors: , , . Rotor speed and ram averages are monitoring references, not setpoint recommendations unless confirmed controllable."
2024~1539276,6,M1-B00163RT-- 01 002,MB02,CarbonBlack,OilWet,CarbonBlack_OilWet,PRIORITY_OPERATIONAL_HISTORY,EXACT_RECIPE_MIXER_ROUTE,L3_SHADOW_REVIEW_READY,58,5,M1-B00163RT-- 01 001;M1-A00205W3-- 03 003;M1-A00205W4-- 01 001;M1-A00205W3-- 03 002;M1-B00163R4-- 01 003,0.974,VALIDATED_SHADOW_REVIEW,SHADOW_REVIEW_READY,True,True,False,True,True,,0.0,,,,,"Historical best performance suggests this candidate profile has been feasible. The model re-predicts it under current material, environment, batch, and machine conditions. The reported saving is model-adjusted, not raw historical saving. Main uncertainty factors: , , . Rotor speed and ram averages are monitoring references, not setpoint recommendations unless confirmed controllable."
2232835,1,M1-B00458---- 12 005,MB02,CarbonBlack,OilWet,CarbonBlack_OilWet,PRIORITY_OPERATIONAL_HISTORY,EXACT_RECIPE_MIXER_ROUTE,L3_SHADOW_REVIEW_READY,234,5,M1-B00458B1-- 02 001;M1-B00458B1-- 02 002;M1-B00458---- 12 004;M1-B00458XM-- 04 002;M1-B00458---- 12 007,0.999,VALIDATED_SHADOW_REVIEW,SHADOW_REVIEW_READY,True,True,False,True,True,,0.0,,,,,"Historical best performance suggests this candidate profile has been feasible. The model re-predicts it under current material, environment, batch, and machine conditions. The reported saving is model-adjusted, not raw historical saving. Main uncertainty factors: , , . Rotor speed and ram averages are monitoring references, not setpoint recommendations unless confirmed controllable."
2232835,2,M1-B00458---- 12 005,MB02,CarbonBlack,OilWet,CarbonBlack_OilWet,PRIORITY_OPERATIONAL_HISTORY,EXACT_RECIPE_MIXER_ROUTE,L3_SHADOW_REVIEW_READY,234,5,M1-B00458B1-- 02 001;M1-B00458B1-- 02 002;M1-B00458---- 12 004;M1-B00458---- 12 007;M1-B00458XM-- 04 002,0.999,VALIDATED_SHADOW_REVIEW,SHADOW_REVIEW_READY,True,True,False,True,True,,0.0,,,,,"Historical best performance suggests this candidate profile has been feasible. The model re-predicts it under current material, environment, batch, and machine conditions. The reported saving is model-adjusted, not raw historical saving. Main uncertainty factors: , , . Rotor speed and ram averages are monitoring references, not setpoint recommendations unless confirmed controllable."
2232835,3,M1-B00458---- 12 005,MB02,CarbonBlack,OilWet,CarbonBlack_OilWet,PRIORITY_OPERATIONAL_HISTORY,EXACT_RECIPE_MIXER_ROUTE,L3_SHADOW_REVIEW_READY,234,5,M1-B00458B1-- 02 001;M1-B00458B1-- 02 002;M1-B00458---- 12 004;M1-B00458---- 12 007;M1-B00458XM-- 04 002,0.998,VALIDATED_SHADOW_REVIEW,SHADOW_REVIEW_READY,True,True,False,True,True,,0.0,,,,,"Historical best performance suggests this candidate profile has been feasible. The model re-predicts it under current material, environment, batch, and machine conditions. The reported saving is model-adjusted, not raw historical saving. Main uncertainty factors: , , . Rotor speed and ram averages are monitoring references, not setpoint recommendations unless confirmed controllable."
2234242,2,M1-B00458---- 12 005,MB02,CarbonBlack,OilWet,CarbonBlack_OilWet,PRIORITY_OPERATIONAL_HISTORY,EXACT_RECIPE_MIXER_ROUTE,L3_SHADOW_REVIEW_READY,234,5,M1-B00458B1-- 02 002;M1-B00458XM-- 04 002;M1-B00458B1-- 02 001;M1-B00458---- 12 007;M1-B00458---- 12 003,0.997,VALIDATED_SHADOW_REVIEW,SHADOW_REVIEW_READY,True,True,False,True,True,,0.0,,,,,"Historical best performance suggests this candidate profile has been feasible. The model re-predicts it under current material, environment, batch, and machine conditions. The reported saving is model-adjusted, not raw historical saving. Main uncertainty factors: , , . Rotor speed and ram averages are monitoring references, not setpoint recommendations unless confirmed controllable."
2234242,3,M1-B00458---- 12 005,MB02,CarbonBlack,OilWet,CarbonBlack_OilWet,PRIORITY_OPERATIONAL_HISTORY,EXACT_RECIPE_MIXER_ROUTE,L3_SHADOW_REVIEW_READY,234,5,M1-B00458B1-- 02 002;M1-B00458XM-- 04 002;M1-B00458B1-- 02 001;M1-B00458---- 12 007;M1-B00458---- 12 003,0.997,VALIDATED_SHADOW_REVIEW,SHADOW_REVIEW_READY,True,True,False,True,True,,0.0,,,,,"Historical best performance suggests this candidate profile has been feasible. The model re-predicts it under current material, environment, batch, and machine conditions. The reported saving is model-adjusted, not raw historical saving. Main uncertainty factors: , , . Rotor speed and ram averages are monitoring references, not setpoint recommendations unless confirmed controllable."
2231055,1,M1-B00458---- 12 005,MB02,CarbonBlack,OilWet,CarbonBlack_OilWet,PRIORITY_OPERATIONAL_HISTORY,EXACT_RECIPE_MIXER_ROUTE,L3_SHADOW_REVIEW_READY,234,5,M1-B00458B1-- 02 002;M1-B00458B1-- 02 001;M1-B00458---- 12 004;M1-B00458---- 12 007;M1-B00458XM-- 04 002,0.998,VALIDATED_SHADOW_REVIEW,SHADOW_REVIEW_READY,True,True,False,True,True,,0.0,,,,,"Historical best performance suggests this candidate profile has been feasible. The model re-predicts it under current material, environment, batch, and machine conditions. The reported saving is model-adjusted, not raw historical saving. Main uncertainty factors: , , . Rotor speed and ram averages are monitoring references, not setpoint recommendations unless confirmed controllable."
2231055,2,M1-B00458---- 12 005,MB02,CarbonBlack,OilWet,CarbonBlack_OilWet,PRIORITY_OPERATIONAL_HISTORY,EXACT_RECIPE_MIXER_ROUTE,L3_SHADOW_REVIEW_READY,234,5,M1-B00458B1-- 02 001;M1-B00458B1-- 02 002;M1-B00458---- 12 004;M1-B00458XM-- 04 002;M1-B00458---- 12 007,0.999,VALIDATED_SHADOW_REVIEW,SHADOW_REVIEW_READY,True,True,False,True,True,,0.0,,,,,"Historical best performance suggests this candidate profile has been feasible. The model re-predicts it under current material, environment, batch, and machine conditions. The reported saving is model-adjusted, not raw historical saving. Main uncertainty factors: , , . Rotor speed and ram averages are monitoring references, not setpoint recommendations unless confirmed controllable."
2239709,1,M1-B00458---- 12 005,MB02,CarbonBlack,OilWet,CarbonBlack_OilWet,PRIORITY_OPERATIONAL_HISTORY,EXACT_RECIPE_MIXER_ROUTE,L3_SHADOW_REVIEW_READY,234,5,M1-B00458B1-- 02 003;M1-B00458XV-- 01 002;M1-B00458XM-- 04 003;M1-B00458---- 12 003;M1-B00458---- 12 008,0.998,VALIDATED_SHADOW_REVIEW,SHADOW_REVIEW_READY,True,True,False,True,True,,0.0,,,,,"Historical best performance suggests this candidate profile has been feasible. The model re-predicts it under current material, environment, batch, and machine conditions. The reported saving is model-adjusted, not raw historical saving. Main uncertainty factors: , , . Rotor speed and ram averages are monitoring references, not setpoint recommendations unless confirmed controllable."
2239709,2,M1-B00458---- 12 005,MB02,CarbonBlack,OilWet,CarbonBlack_OilWet,PRIORITY_OPERATIONAL_HISTORY,EXACT_RECIPE_MIXER_ROUTE,L3_SHADOW_REVIEW_READY,234,5,M1-B00458B1-- 02 003;M1-B00458XV-- 01 002;M1-B00458XM-- 04 003;M1-B00458---- 12 008;M1-B00458---- 12 003,0.998,VALIDATED_SHADOW_REVIEW,SHADOW_REVIEW_READY,True,True,False,True,True,,0.0,,,,,"Historical best performance suggests this candidate profile has been feasible. The model re-predicts it under current material, environment, batch, and machine conditions. The reported saving is model-adjusted, not raw historical saving. Main uncertainty factors: , , . Rotor speed and ram averages are monitoring references, not setpoint recommendations unless confirmed controllable."
2241426,1,M1-B00458---- 12 005,MB02,CarbonBlack,OilWet,CarbonBlack_OilWet,PRIORITY_OPERATIONAL_HISTORY,EXACT_RECIPE_MIXER_ROUTE,L3_SHADOW_REVIEW_READY,234,5,M1-B00458B1-- 02 003;M1-B00458XV-- 01 002;M1-B00458XM-- 04 003;M1-B00458---- 12 008;M1-B00458---- 12 003,0.998,VALIDATED_SHADOW_REVIEW,SHADOW_REVIEW_READY,True,True,False,True,True,,0.0,,,,,"Historical best performance suggests this candidate profile has been feasible. The model re-predicts it under current material, environment, batch, and machine conditions. The reported saving is model-adjusted, not raw historical saving. Main uncertainty factors: , , . Rotor speed and ram averages are monitoring references, not setpoint recommendations unless confirmed controllable."
2370888,1,M1-B00458---- 12 007,MB02,CarbonBlack,OilWet,CarbonBlack_OilWet,PRIORITY_OPERATIONAL_HISTORY,EXACT_RECIPE_MIXER_ROUTE,L2_PRELIMINARY_RECIPE_WINDOW,19,5,M1-B00458B1-- 02 002;M1-B00458B1-- 02 001;M1-B00458---- 12 005;M1-B00458XM-- 04 002;M1-B00458---- 12 004,0.995,SHADOW_REVIEW_ONLY_WITH_PRELIMINARY_WINDOW,SHADOW_REVIEW_ONLY,True,True,False,True,True,,0.0,,,,,"Historical best performance suggests this candidate profile has been feasible. The model re-predicts it under current material, environment, batch, and machine conditions. The reported saving is model-adjusted, not raw historical saving. Main uncertainty factors: , , . Rotor speed and ram averages are monitoring references, not setpoint recommendations unless confirmed controllable."
2375891,1,M1-B00458---- 12 007,MB02,CarbonBlack,OilWet,CarbonBlack_OilWet,PRIORITY_OPERATIONAL_HISTORY,EXACT_RECIPE_MIXER_ROUTE,L2_PRELIMINARY_RECIPE_WINDOW,19,5,M1-B00458---- 12 003;M1-B00458XM-- 04 002;M1-B00458XV-- 01 002;M1-B00458---- 12 008;M1-B00458B1-- 02 003,0.994,SHADOW_REVIEW_ONLY_WITH_PRELIMINARY_WINDOW,SHADOW_REVIEW_ONLY,True,True,False,True,True,,0.0,,,,,"Historical best performance suggests this candidate profile has been feasible. The model re-predicts it under current material, environment, batch, and machine conditions. The reported saving is model-adjusted, not raw historical saving. Main uncertainty factors: , , . Rotor speed and ram averages are monitoring references, not setpoint recommendations unless confirmed controllable."
2375891,2,M1-B00458---- 12 007,MB02,CarbonBlack,OilWet,CarbonBlack_OilWet,PRIORITY_OPERATIONAL_HISTORY,EXACT_RECIPE_MIXER_ROUTE,L2_PRELIMINARY_RECIPE_WINDOW,19,5,M1-B00458---- 12 003;M1-B00458XM-- 04 002;M1-B00458XV-- 01 002;M1-B00458B1-- 02 003;M1-B00458---- 12 008,0.994,SHADOW_REVIEW_ONLY_WITH_PRELIMINARY_WINDOW,SHADOW_REVIEW_ONLY,True,True,False,True,True,,0.0,,,,,"Historical best performance suggests this candidate profile has been feasible. The model re-predicts it under current material, environment, batch, and machine conditions. The reported saving is model-adjusted, not raw historical saving. Main uncertainty factors: , , . Rotor speed and ram averages are monitoring references, not setpoint recommendations unless confirmed controllable."
2375891,3,M1-B00458---- 12 007,MB02,CarbonBlack,OilWet,CarbonBlack_OilWet,PRIORITY_OPERATIONAL_HISTORY,EXACT_RECIPE_MIXER_ROUTE,L2_PRELIMINARY_RECIPE_WINDOW,19,5,M1-B00458---- 12 003;M1-B00458XM-- 04 002;M1-B00458---- 12 008;M1-B00458XV-- 01 002;M1-B00458B1-- 02 003,0.993,SHADOW_REVIEW_ONLY_WITH_PRELIMINARY_WINDOW,SHADOW_REVIEW_ONLY,True,True,False,True,True,,0.0,,,,,"Historical best performance suggests this candidate profile has been feasible. The model re-predicts it under current material, environment, batch, and machine conditions. The reported saving is model-adjusted, not raw historical saving. Main uncertainty factors: , , . Rotor speed and ram averages are monitoring references, not setpoint recommendations unless confirmed controllable."
2370888,2,M1-B00458---- 12 007,MB02,CarbonBlack,OilWet,CarbonBlack_OilWet,PRIORITY_OPERATIONAL_HISTORY,EXACT_RECIPE_MIXER_ROUTE,L2_PRELIMINARY_RECIPE_WINDOW,19,5,M1-B00458B1-- 02 002;M1-B00458B1-- 02 001;M1-B00458---- 12 005;M1-B00458XM-- 04 002;M1-B00458---- 12 004,0.994,SHADOW_REVIEW_ONLY_WITH_PRELIMINARY_WINDOW,SHADOW_REVIEW_ONLY,True,True,False,True,True,,0.0,,,,,"Historical best performance suggests this candidate profile has been feasible. The model re-predicts it under current material, environment, batch, and machine conditions. The reported saving is model-adjusted, not raw historical saving. Main uncertainty factors: , , . Rotor speed and ram averages are monitoring references, not setpoint recommendations unless confirmed controllable."
2370888,3,M1-B00458---- 12 007,MB02,CarbonBlack,OilWet,CarbonBlack_OilWet,PRIORITY_OPERATIONAL_HISTORY,EXACT_RECIPE_MIXER_ROUTE,L2_PRELIMINARY_RECIPE_WINDOW,19,5,M1-B00458B1-- 02 002;M1-B00458B1-- 02 001;M1-B00458---- 12 005;M1-B00458XM-- 04 002;M1-B00458---- 12 004,0.994,SHADOW_REVIEW_ONLY_WITH_PRELIMINARY_WINDOW,SHADOW_REVIEW_ONLY,True,True,False,True,True,,0.0,,,,,"Historical best performance suggests this candidate profile has been feasible. The model re-predicts it under current material, environment, batch, and machine conditions. The reported saving is model-adjusted, not raw historical saving. Main uncertainty factors: , , . Rotor speed and ram averages are monitoring references, not setpoint recommendations unless confirmed controllable."
2371157,1,M1-B00458---- 12 007,MB02,CarbonBlack,OilWet,CarbonBlack_OilWet,PRIORITY_OPERATIONAL_HISTORY,EXACT_RECIPE_MIXER_ROUTE,L2_PRELIMINARY_RECIPE_WINDOW,19,5,M1-B00458B1-- 02 002;M1-B00458XM-- 04 002;M1-B00458---- 12 008;M1-B00458B1-- 02 001;M1-B00458---- 12 003,0.992,SHADOW_REVIEW_ONLY_WITH_PRELIMINARY_WINDOW,SHADOW_REVIEW_ONLY,True,True,False,True,True,,0.0,,,,,"Historical best performance suggests this candidate profile has been feasible. The model re-predicts it under current material, environment, batch, and machine conditions. The reported saving is model-adjusted, not raw historical saving. Main uncertainty factors: , , . Rotor speed and ram averages are monitoring references, not setpoint recommendations unless confirmed controllable."
2371157,2,M1-B00458---- 12 007,MB02,CarbonBlack,OilWet,CarbonBlack_OilWet,PRIORITY_OPERATIONAL_HISTORY,EXACT_RECIPE_MIXER_ROUTE,L2_PRELIMINARY_RECIPE_WINDOW,19,5,M1-B00458B1-- 02 002;M1-B00458XM-- 04 002;M1-B00458B1-- 02 001;M1-B00458---- 12 008;M1-B00458---- 12 003,0.993,SHADOW_REVIEW_ONLY_WITH_PRELIMINARY_WINDOW,SHADOW_REVIEW_ONLY,True,True,False,True,True,,0.0,,,,,"Historical best performance suggests this candidate profile has been feasible. The model re-predicts it under current material, environment, batch, and machine conditions. The reported saving is model-adjusted, not raw historical saving. Main uncertainty factors: , , . Rotor speed and ram averages are monitoring references, not setpoint recommendations unless confirmed controllable."
2371157,3,M1-B00458---- 12 007,MB02,CarbonBlack,OilWet,CarbonBlack_OilWet,PRIORITY_OPERATIONAL_HISTORY,EXACT_RECIPE_MIXER_ROUTE,L2_PRELIMINARY_RECIPE_WINDOW,19,5,M1-B00458B1-- 02 002;M1-B00458XM-- 04 002;M1-B00458B1-- 02 001;M1-B00458---- 12 003;M1-B00458---- 12 005,0.993,SHADOW_REVIEW_ONLY_WITH_PRELIMINARY_WINDOW,SHADOW_REVIEW_ONLY,True,True,False,True,True,,0.0,,,,,"Historical best performance suggests this candidate profile has been feasible. The model re-predicts it under current material, environment, batch, and machine conditions. The reported saving is model-adjusted, not raw historical saving. Main uncertainty factors: , , . Rotor speed and ram averages are monitoring references, not setpoint recommendations unless confirmed controllable."
2372751,1,M1-B00458---- 12 007,MB02,CarbonBlack,OilWet,CarbonBlack_OilWet,PRIORITY_OPERATIONAL_HISTORY,EXACT_RECIPE_MIXER_ROUTE,L2_PRELIMINARY_RECIPE_WINDOW,19,5,M1-B00458---- 12 008;M1-B00458---- 12 003;M1-B00458XM-- 04 003;M1-B00458XV-- 01 002;M1-B00458B1-- 02 003,0.995,SHADOW_REVIEW_ONLY_WITH_PRELIMINARY_WINDOW,SHADOW_REVIEW_ONLY,True,True,False,True,True,,0.0,,,,,"Historical best performance suggests this candidate profile has been feasible. The model re-predicts it under current material, environment, batch, and machine conditions. The reported saving is model-adjusted, not raw historical saving. Main uncertainty factors: , , . Rotor speed and ram averages are monitoring references, not setpoint recommendations unless confirmed controllable."
2384219,1,M1-B00458---- 12 008,MB02,CarbonBlack,OilWet,CarbonBlack_OilWet,PRIORITY_OPERATIONAL_HISTORY,EXACT_RECIPE_MIXER_ROUTE,L2_PRELIMINARY_RECIPE_WINDOW,25,5,M1-B00458XM-- 04 003;M1-B00458XV-- 01 002;M1-B00458B1-- 02 003;M1-B00458---- 12 003;M1-B00458XM-- 04 002,0.997,SHADOW_REVIEW_ONLY_WITH_PRELIMINARY_WINDOW,SHADOW_REVIEW_ONLY,True,True,False,True,True,,0.0,,,,,"Historical best performance suggests this candidate profile has been feasible. The model re-predicts it under current material, environment, batch, and machine conditions. The reported saving is model-adjusted, not raw historical saving. Main uncertainty factors: , , . Rotor speed and ram averages are monitoring references, not setpoint recommendations unless confirmed controllable."
2384219,2,M1-B00458---- 12 008,MB02,CarbonBlack,OilWet,CarbonBlack_OilWet,PRIORITY_OPERATIONAL_HISTORY,EXACT_RECIPE_MIXER_ROUTE,L2_PRELIMINARY_RECIPE_WINDOW,25,5,M1-B00458XV-- 01 002;M1-B00458B1-- 02 003;M1-B00458XM-- 04 003;M1-B00458---- 12 003;M1-B00458XM-- 04 002,0.997,SHADOW_REVIEW_ONLY_WITH_PRELIMINARY_WINDOW,SHADOW_REVIEW_ONLY,True,True,False,True,True,,0.0,,,,,"Historical best performance suggests this candidate profile has been feasible. The model re-predicts it under current material, environment, batch, and machine conditions. The reported saving is model-adjusted, not raw historical saving. Main uncertainty factors: , , . Rotor speed and ram averages are monitoring references, not setpoint recommendations unless confirmed controllable."
2384219,3,M1-B00458---- 12 008,MB02,CarbonBlack,OilWet,CarbonBlack_OilWet,PRIORITY_OPERATIONAL_HISTORY,EXACT_RECIPE_MIXER_ROUTE,L2_PRELIMINARY_RECIPE_WINDOW,25,5,M1-B00458XV-- 01 002;M1-B00458B1-- 02 003;M1-B00458---- 12 003;M1-B00458XM-- 04 003;M1-B00458XM-- 04 002,0.998,SHADOW_REVIEW_ONLY_WITH_PRELIMINARY_WINDOW,SHADOW_REVIEW_ONLY,True,True,False,True,True,,0.0,,,,,"Historical best performance suggests this candidate profile has been feasible. The model re-predicts it under current material, environment, batch, and machine conditions. The reported saving is model-adjusted, not raw historical saving. Main uncertainty factors: , , . Rotor speed and ram averages are monitoring references, not setpoint recommendations unless confirmed controllable."
2384219,4,M1-B00458---- 12 008,MB02,CarbonBlack,OilWet,CarbonBlack_OilWet,PRIORITY_OPERATIONAL_HISTORY,EXACT_RECIPE_MIXER_ROUTE,L2_PRELIMINARY_RECIPE_WINDOW,25,5,M1-B00458XV-- 01 002;M1-B00458B1-- 02 003;M1-B00458XM-- 04 003;M1-B00458---- 12 003;M1-B00458XM-- 04 002,0.996,SHADOW_REVIEW_ONLY_WITH_PRELIMINARY_WINDOW,SHADOW_REVIEW_ONLY,True,True,False,True,True,,0.0,,,,,"Historical best performance suggests this candidate profile has been feasible. The model re-predicts it under current material, environment, batch, and machine conditions. The reported saving is model-adjusted, not raw historical saving. Main uncertainty factors: , , . Rotor speed and ram averages are monitoring references, not setpoint recommendations unless confirmed controllable."
2391327,1,M1-B00458---- 12 008,MB02,CarbonBlack,OilWet,CarbonBlack_OilWet,PRIORITY_OPERATIONAL_HISTORY,EXACT_RECIPE_MIXER_ROUTE,L2_PRELIMINARY_RECIPE_WINDOW,25,5,M1-B00458B1-- 02 002;M1-B00458XM-- 04 002;M1-B00458B1-- 02 001;M1-B00458---- 12 005;M1-B00458---- 12 007,0.995,SHADOW_REVIEW_ONLY_WITH_PRELIMINARY_WINDOW,SHADOW_REVIEW_ONLY,True,True,False,True,True,,0.0,,,,,"Historical best performance suggests this candidate profile has been feasible. The model re-predicts it under current material, environment, batch, and machine conditions. The reported saving is model-adjusted, not raw historical saving. Main uncertainty factors: , , . Rotor speed and ram averages are monitoring references, not setpoint recommendations unless confirmed controllable."
2391327,2,M1-B00458---- 12 008,MB02,CarbonBlack,OilWet,CarbonBlack_OilWet,PRIORITY_OPERATIONAL_HISTORY,EXACT_RECIPE_MIXER_ROUTE,L2_PRELIMINARY_RECIPE_WINDOW,25,5,M1-B00458---- 12 005;M1-B00458B1-- 02 001;M1-B00458B1-- 02 002;M1-B00458---- 12 004;M1-B00458---- 12 007,0.997,SHADOW_REVIEW_ONLY_WITH_PRELIMINARY_WINDOW,SHADOW_REVIEW_ONLY,True,True,False,True,True,,0.0,,,,,"Historical best performance suggests this candidate profile has been feasible. The model re-predicts it under current material, environment, batch, and machine conditions. The reported saving is model-adjusted, not raw historical saving. Main uncertainty factors: , , . Rotor speed and ram averages are monitoring references, not setpoint recommendations unless confirmed controllable."
2391327,3,M1-B00458---- 12 008,MB02,CarbonBlack,OilWet,CarbonBlack_OilWet,PRIORITY_OPERATIONAL_HISTORY,EXACT_RECIPE_MIXER_ROUTE,L2_PRELIMINARY_RECIPE_WINDOW,25,5,M1-B00458B1-- 02 002;M1-B00458---- 12 007;M1-B00458B1-- 02 001;M1-B00458---- 12 005;M1-B00458XM-- 04 002,0.997,SHADOW_REVIEW_ONLY_WITH_PRELIMINARY_WINDOW,SHADOW_REVIEW_ONLY,True,True,False,True,True,,0.0,,,,,"Historical best performance suggests this candidate profile has been feasible. The model re-predicts it under current material, environment, batch, and machine conditions. The reported saving is model-adjusted, not raw historical saving. Main uncertainty factors: , , . Rotor speed and ram averages are monitoring references, not setpoint recommendations unless confirmed controllable."
2391327,4,M1-B00458---- 12 008,MB02,CarbonBlack,OilWet,CarbonBlack_OilWet,PRIORITY_OPERATIONAL_HISTORY,EXACT_RECIPE_MIXER_ROUTE,L2_PRELIMINARY_RECIPE_WINDOW,25,5,M1-B00458B1-- 02 002;M1-B00458---- 12 007;M1-B00458B1-- 02 001;M1-B00458XM-- 04 002;M1-B00458---- 12 005,0.996,SHADOW_REVIEW_ONLY_WITH_PRELIMINARY_WINDOW,SHADOW_REVIEW_ONLY,True,True,False,True,True,,0.0,,,,,"Historical best performance suggests this candidate profile has been feasible. The model re-predicts it under current material, environment, batch, and machine conditions. The reported saving is model-adjusted, not raw historical saving. Main uncertainty factors: , , . Rotor speed and ram averages are monitoring references, not setpoint recommendations unless confirmed controllable."
2391327,5,M1-B00458---- 12 008,MB02,CarbonBlack,OilWet,CarbonBlack_OilWet,PRIORITY_OPERATIONAL_HISTORY,EXACT_RECIPE_MIXER_ROUTE,L2_PRELIMINARY_RECIPE_WINDOW,25,5,M1-B00458---- 12 007;M1-B00458B1-- 02 002;M1-B00458B1-- 02 001;M1-B00458XM-- 04 002;M1-B00458---- 12 005,0.996,SHADOW_REVIEW_ONLY_WITH_PRELIMINARY_WINDOW,SHADOW_REVIEW_ONLY,True,True,False,True,True,,0.0,,,,,"Historical best performance suggests this candidate profile has been feasible. The model re-predicts it under current material, environment, batch, and machine conditions. The reported saving is model-adjusted, not raw historical saving. Main uncertainty factors: , , . Rotor speed and ram averages are monitoring references, not setpoint recommendations unless confirmed controllable."
2391327,6,M1-B00458---- 12 008,MB02,CarbonBlack,OilWet,CarbonBlack_OilWet,PRIORITY_OPERATIONAL_HISTORY,EXACT_RECIPE_MIXER_ROUTE,L2_PRELIMINARY_RECIPE_WINDOW,25,5,M1-B00458B1-- 02 002;M1-B00458---- 12 007;M1-B00458B1-- 02 001;M1-B00458---- 12 005;M1-B00458XM-- 04 002,0.997,SHADOW_REVIEW_ONLY_WITH_PRELIMINARY_WINDOW,SHADOW_REVIEW_ONLY,True,True,False,True,True,,0.0,,,,,"Historical best performance suggests this candidate profile has been feasible. The model re-predicts it under current material, environment, batch, and machine conditions. The reported saving is model-adjusted, not raw historical saving. Main uncertainty factors: , , . Rotor speed and ram averages are monitoring references, not setpoint recommendations unless confirmed controllable."
1786357,1,M1-A00268XM-- 02 004,MB02,CarbonBlack,OilWet,CarbonBlack_OilWet,TEST_HOLDOUT,UNAVAILABLE,L0_NEW_RECIPE_COLD_START,0,5,M1-A00268R2-- 05 006;M1-A00268R2-- 05 003;M1-A00268R2-- 05 001;M1-A44268---- 01 002;M1-A00205W3-- 03 003,0.979,INTERSECT_BRANCH_SIMILAR_RECIPE_ENGINEERING_BOUNDS,OBSERVATION_ONLY,True,True,False,True,True,,,,,,,"Historical best performance suggests this candidate profile has been feasible. The model re-predicts it under current material, environment, batch, and machine conditions. The reported saving is model-adjusted, not raw historical saving. Main uncertainty factors: , , . Rotor speed and ram averages are monitoring references, not setpoint recommendations unless confirmed controllable."
1786357,2,M1-A00268XM-- 02 004,MB02,CarbonBlack,OilWet,CarbonBlack_OilWet,TEST_HOLDOUT,UNAVAILABLE,L0_NEW_RECIPE_COLD_START,0,5,M1-A00268R2-- 05 006;M1-A00268R2-- 05 003;M1-A00268R2-- 05 001;M1-A44268---- 01 002;M1-A00205W3-- 03 003,0.98,INTERSECT_BRANCH_SIMILAR_RECIPE_ENGINEERING_BOUNDS,OBSERVATION_ONLY,True,True,False,True,True,,,,,,,"Historical best performance suggests this candidate profile has been feasible. The model re-predicts it under current material, environment, batch, and machine conditions. The reported saving is model-adjusted, not raw historical saving. Main uncertainty factors: , , . Rotor speed and ram averages are monitoring references, not setpoint recommendations unless confirmed controllable."
1786357,3,M1-A00268XM-- 02 004,MB02,CarbonBlack,OilWet,CarbonBlack_OilWet,TEST_HOLDOUT,UNAVAILABLE,L0_NEW_RECIPE_COLD_START,0,5,M1-A00268R2-- 05 006;M1-A00268R2-- 05 003;M1-A00268R2-- 05 001;M1-A44268---- 01 002;M1-A00205W3-- 03 003,0.98,INTERSECT_BRANCH_SIMILAR_RECIPE_ENGINEERING_BOUNDS,OBSERVATION_ONLY,True,True,False,True,True,,,,,,,"Historical best performance suggests this candidate profile has been feasible. The model re-predicts it under current material, environment, batch, and machine conditions. The reported saving is model-adjusted, not raw historical saving. Main uncertainty factors: , , . Rotor speed and ram averages are monitoring references, not setpoint recommendations unless confirmed controllable."
1778363,20,M1-T17771---- 05 002,MB03,Silica,OilWet,Silica_OilWet,TEST_HOLDOUT,SILICA_ROUTE_GLOBAL_FALLBACK,L0_NEW_RECIPE_COLD_START,0,5,M1-T17771---- 05 001;M1-T17771B1-- 01 002;M1-T17771---- 05 003;M1-T17771X6-- 01 005;M1-T33025W3-- 07 003,0.996,INTERSECT_BRANCH_SIMILAR_RECIPE_ENGINEERING_BOUNDS,OBSERVATION_ONLY,False,True,True,True,True,,0.0,,,,,"Historical best performance suggests this candidate profile has been feasible. The model re-predicts it under current material, environment, batch, and machine conditions. The reported saving is model-adjusted, not raw historical saving. Main uncertainty factors: , , . Rotor speed and ram averages are monitoring references, not setpoint recommendations unless confirmed controllable."
1778363,21,M1-T17771---- 05 002,MB03,Silica,OilWet,Silica_OilWet,TEST_HOLDOUT,SILICA_ROUTE_GLOBAL_FALLBACK,L0_NEW_RECIPE_COLD_START,0,5,M1-T17771---- 05 001;M1-T17771B1-- 01 002;M1-T17771---- 05 003;M1-T17771X6-- 01 005;M1-T33025W3-- 07 003,0.996,INTERSECT_BRANCH_SIMILAR_RECIPE_ENGINEERING_BOUNDS,OBSERVATION_ONLY,False,True,True,True,True,,0.0,,,,,"Historical best performance suggests this candidate profile has been feasible. The model re-predicts it under current material, environment, batch, and machine conditions. The reported saving is model-adjusted, not raw historical saving. Main uncertainty factors: , , . Rotor speed and ram averages are monitoring references, not setpoint recommendations unless confirmed controllable."
1782804,2,M1-T33025W3-- 04 004,ML09,Silica,OilWet,Silica_OilWet,TEST_HOLDOUT,EXACT_RECIPE_MIXER_ROUTE,L2_PRELIMINARY_RECIPE_WINDOW,18,5,M1-T33025W3-- 04 003;M1-T33025W3-- 04 005;M1-T33025XA-- 01 002;M1-T19012---- 01 006;M1-T19012---- 01 004,0.987,SHADOW_REVIEW_ONLY_WITH_PRELIMINARY_WINDOW,SHADOW_REVIEW_ONLY,False,True,True,True,True,,0.0,,,,,"Historical best performance suggests this candidate profile has been feasible. The model re-predicts it under current material, environment, batch, and machine conditions. The reported saving is model-adjusted, not raw historical saving. Main uncertainty factors: , , . Rotor speed and ram averages are monitoring references, not setpoint recommendations unless confirmed controllable."
1782804,3,M1-T33025W3-- 04 004,ML09,Silica,OilWet,Silica_OilWet,TEST_HOLDOUT,EXACT_RECIPE_MIXER_ROUTE,L2_PRELIMINARY_RECIPE_WINDOW,18,5,M1-T33025W3-- 04 003;M1-T33025W3-- 04 005;M1-T33025XA-- 01 002;M1-T19012---- 01 006;M1-T19012---- 01 004,0.986,SHADOW_REVIEW_ONLY_WITH_PRELIMINARY_WINDOW,SHADOW_REVIEW_ONLY,False,True,True,True,True,,0.0,,,,,"Historical best performance suggests this candidate profile has been feasible. The model re-predicts it under current material, environment, batch, and machine conditions. The reported saving is model-adjusted, not raw historical saving. Main uncertainty factors: , , . Rotor speed and ram averages are monitoring references, not setpoint recommendations unless confirmed controllable."
1782804,4,M1-T33025W3-- 04 004,ML09,Silica,OilWet,Silica_OilWet,TEST_HOLDOUT,EXACT_RECIPE_MIXER_ROUTE,L2_PRELIMINARY_RECIPE_WINDOW,18,5,M1-T33025W3-- 04 003;M1-T33025W3-- 04 005;M1-T33025XA-- 01 002;M1-T19012---- 01 006;M1-T19012---- 01 004,0.987,SHADOW_REVIEW_ONLY_WITH_PRELIMINARY_WINDOW,SHADOW_REVIEW_ONLY,False,True,True,True,True,,0.0,,,,,"Historical best performance suggests this candidate profile has been feasible. The model re-predicts it under current material, environment, batch, and machine conditions. The reported saving is model-adjusted, not raw historical saving. Main uncertainty factors: , , . Rotor speed and ram averages are monitoring references, not setpoint recommendations unless confirmed controllable."
1792998,20,M1-T02128W5-- 04 003,ML07,Silica,OilWet,Silica_OilWet,TEST_HOLDOUT,SILICA_ROUTE_GLOBAL_FALLBACK,L0_NEW_RECIPE_COLD_START,0,5,M1-T02128W5-- 04 004;M1-T02128W5-- 04 006;M1-T02128W5-- 04 002;M1-T33025W3-- 03 004;M1-T33025W3-- 03 005,0.983,INTERSECT_BRANCH_SIMILAR_RECIPE_ENGINEERING_BOUNDS,OBSERVATION_ONLY,False,True,True,True,True,,0.0,,,,,"Historical best performance suggests this candidate profile has been feasible. The model re-predicts it under current material, environment, batch, and machine conditions. The reported saving is model-adjusted, not raw historical saving. Main uncertainty factors: , , . Rotor speed and ram averages are monitoring references, not setpoint recommendations unless confirmed controllable."
1792998,21,M1-T02128W5-- 04 003,ML07,Silica,OilWet,Silica_OilWet,TEST_HOLDOUT,SILICA_ROUTE_GLOBAL_FALLBACK,L0_NEW_RECIPE_COLD_START,0,5,M1-T02128W5-- 04 004;M1-T02128W5-- 04 006;M1-T02128W5-- 04 002;M1-T33025W3-- 03 004;M1-T33025W3-- 03 005,0.982,INTERSECT_BRANCH_SIMILAR_RECIPE_ENGINEERING_BOUNDS,OBSERVATION_ONLY,False,True,True,True,True,,0.0,,,,,"Historical best performance suggests this candidate profile has been feasible. The model re-predicts it under current material, environment, batch, and machine conditions. The reported saving is model-adjusted, not raw historical saving. Main uncertainty factors: , , . Rotor speed and ram averages are monitoring references, not setpoint recommendations unless confirmed controllable."
1792998,22,M1-T02128W5-- 04 003,ML07,Silica,OilWet,Silica_OilWet,TEST_HOLDOUT,SILICA_ROUTE_GLOBAL_FALLBACK,L0_NEW_RECIPE_COLD_START,0,5,M1-T02128W5-- 04 004;M1-T02128W5-- 04 006;M1-T02128W5-- 04 002;M1-T33025W3-- 03 004;M1-T33025W3-- 03 005,0.982,INTERSECT_BRANCH_SIMILAR_RECIPE_ENGINEERING_BOUNDS,OBSERVATION_ONLY,False,True,True,True,True,,0.0,,,,,"Historical best performance suggests this candidate profile has been feasible. The model re-predicts it under current material, environment, batch, and machine conditions. The reported saving is model-adjusted, not raw historical saving. Main uncertainty factors: , , . Rotor speed and ram averages are monitoring references, not setpoint recommendations unless confirmed controllable."
1808244,3,M1-T17771---- 05 002,MB03,Silica,OilWet,Silica_OilWet,TEST_HOLDOUT,SILICA_ROUTE_GLOBAL_FALLBACK,L0_NEW_RECIPE_COLD_START,0,5,M1-T17771---- 05 001;M1-T17771B1-- 01 002;M1-T17771---- 05 003;M1-T17771X6-- 01 005;M1-T33025W3-- 07 003,0.986,INTERSECT_BRANCH_SIMILAR_RECIPE_ENGINEERING_BOUNDS,OBSERVATION_ONLY,False,True,True,True,True,,0.0,,,,,"Historical best performance suggests this candidate profile has been feasible. The model re-predicts it under current material, environment, batch, and machine conditions. The reported saving is model-adjusted, not raw historical saving. Main uncertainty factors: , , . Rotor speed and ram averages are monitoring references, not setpoint recommendations unless confirmed controllable."
1812722,1,M1-S00211---- 10 001,ML09,Silica,OilWet,Silica_OilWet,TEST_HOLDOUT,SILICA_ROUTE_GLOBAL_FALLBACK,L0_NEW_RECIPE_COLD_START,0,5,M1-S00211B--- 05 003;M1-T15760---- 06 002;M1-T15760B--- 01 003;M1-T15760---- 06 001;M1-T15760XP-- 01 003,0.97,INTERSECT_BRANCH_SIMILAR_RECIPE_ENGINEERING_BOUNDS,OBSERVATION_ONLY,False,True,True,True,True,,0.0,,,,,"Historical best performance suggests this candidate profile has been feasible. The model re-predicts it under current material, environment, batch, and machine conditions. The reported saving is model-adjusted, not raw historical saving. Main uncertainty factors: , , . Rotor speed and ram averages are monitoring references, not setpoint recommendations unless confirmed controllable."
1818453,1,M1-T30087---- 08 001,ML09,Silica,OilWet,Silica_OilWet,TEST_HOLDOUT,SILICA_ROUTE_GLOBAL_FALLBACK,L0_NEW_RECIPE_COLD_START,0,5,M1-T17732---- 06 002;M1-T09170---- 24 001;M1-T09170WS-- 01 009;M1-T09170WS-- 01 010;M1-T09170XM-- 01 001,0.917,INTERSECT_BRANCH_SIMILAR_RECIPE_ENGINEERING_BOUNDS,OBSERVATION_ONLY,False,True,True,True,True,,0.0,,,,,"Historical best performance suggests this candidate profile has been feasible. The model re-predicts it under current material, environment, batch, and machine conditions. The reported saving is model-adjusted, not raw historical saving. Main uncertainty factors: , , . Rotor speed and ram averages are monitoring references, not setpoint recommendations unless confirmed controllable."
1818453,2,M1-T30087---- 08 001,ML09,Silica,OilWet,Silica_OilWet,TEST_HOLDOUT,SILICA_ROUTE_GLOBAL_FALLBACK,L0_NEW_RECIPE_COLD_START,0,5,M1-T17732---- 06 002;M1-T09170---- 24 001;M1-T09170WS-- 01 009;M1-T09170WS-- 01 010;M1-T09170XM-- 01 001,0.917,INTERSECT_BRANCH_SIMILAR_RECIPE_ENGINEERING_BOUNDS,OBSERVATION_ONLY,False,True,True,True,True,,0.0,,,,,"Historical best performance suggests this candidate profile has been feasible. The model re-predicts it under current material, environment, batch, and machine conditions. The reported saving is model-adjusted, not raw historical saving. Main uncertainty factors: , , . Rotor speed and ram averages are monitoring references, not setpoint recommendations unless confirmed controllable."
1818453,3,M1-T30087---- 08 001,ML09,Silica,OilWet,Silica_OilWet,TEST_HOLDOUT,SILICA_ROUTE_GLOBAL_FALLBACK,L0_NEW_RECIPE_COLD_START,0,5,M1-T17732---- 06 002;M1-T09170---- 24 001;M1-T09170WS-- 01 009;M1-T09170WS-- 01 010;M1-T09170XM-- 01 001,0.917,INTERSECT_BRANCH_SIMILAR_RECIPE_ENGINEERING_BOUNDS,OBSERVATION_ONLY,False,True,True,True,True,,0.0,,,,,"Historical best performance suggests this candidate profile has been feasible. The model re-predicts it under current material, environment, batch, and machine conditions. The reported saving is model-adjusted, not raw historical saving. Main uncertainty factors: , , . Rotor speed and ram averages are monitoring references, not setpoint recommendations unless confirmed controllable."
1860389,1,M1-A06441XZ-- 01 002,MB02,CarbonBlack,OilWet,CarbonBlack_OilWet,TEST_HOLDOUT,UNAVAILABLE,L0_NEW_RECIPE_COLD_START,0,5,M1-A06441R1-- 04 001;M1-A06441R2-- 01 005;M1-R00037W9-- 03 001;M1-A00268R2-- 05 001;M1-A00268R2-- 05 006,0.986,INTERSECT_BRANCH_SIMILAR_RECIPE_ENGINEERING_BOUNDS,OBSERVATION_ONLY,True,True,False,True,True,,,,,,,"Historical best performance suggests this candidate profile has been feasible. The model re-predicts it under current material, environment, batch, and machine conditions. The reported saving is model-adjusted, not raw historical saving. Main uncertainty factors: , , . Rotor speed and ram averages are monitoring references, not setpoint recommendations unless confirmed controllable."
1860389,2,M1-A06441XZ-- 01 002,MB02,CarbonBlack,OilWet,CarbonBlack_OilWet,TEST_HOLDOUT,UNAVAILABLE,L0_NEW_RECIPE_COLD_START,0,5,M1-A06441R1-- 04 001;M1-A06441R2-- 01 005;M1-R00037W9-- 03 001;M1-A00268R2-- 05 001;M1-A00268R2-- 05 006,0.986,INTERSECT_BRANCH_SIMILAR_RECIPE_ENGINEERING_BOUNDS,OBSERVATION_ONLY,True,True,False,True,True,,,,,,,"Historical best performance suggests this candidate profile has been feasible. The model re-predicts it under current material, environment, batch, and machine conditions. The reported saving is model-adjusted, not raw historical saving. Main uncertainty factors: , , . Rotor speed and ram averages are monitoring references, not setpoint recommendations unless confirmed controllable."
1860389,3,M1-A06441XZ-- 01 002,MB02,CarbonBlack,OilWet,CarbonBlack_OilWet,TEST_HOLDOUT,UNAVAILABLE,L0_NEW_RECIPE_COLD_START,0,5,M1-A06441R1-- 04 001;M1-A06441R2-- 01 005;M1-R00037W9-- 03 001;M1-A00268R2-- 05 001;M1-A00268R2-- 05 006,0.986,INTERSECT_BRANCH_SIMILAR_RECIPE_ENGINEERING_BOUNDS,OBSERVATION_ONLY,True,True,False,True,True,,,,,,,"Historical best performance suggests this candidate profile has been feasible. The model re-predicts it under current material, environment, batch, and machine conditions. The reported saving is model-adjusted, not raw historical saving. Main uncertainty factors: , , . Rotor speed and ram averages are monitoring references, not setpoint recommendations unless confirmed controllable."
1879790,10,M1-T15611W6-- 01 004,ML07,Silica,OilWet,Silica_OilWet,TEST_HOLDOUT,SILICA_ROUTE_GLOBAL_FALLBACK,L0_NEW_RECIPE_COLD_START,0,5,M1-T15611W2-- 01 001;M1-T19327---- 01 005;M1-T19327---- 01 003;M1-T19327---- 01 004;M1-T18035---- 03 013,0.887,INTERSECT_BRANCH_SIMILAR_RECIPE_ENGINEERING_BOUNDS,OBSERVATION_ONLY,False,True,True,True,True,,0.0,,,,,"Historical best performance suggests this candidate profile has been feasible. The model re-predicts it under current material, environment, batch, and machine conditions. The reported saving is model-adjusted, not raw historical saving. Main uncertainty factors: , , . Rotor speed and ram averages are monitoring references, not setpoint recommendations unless confirmed controllable."
1879790,11,M1-T15611W6-- 01 004,ML07,Silica,OilWet,Silica_OilWet,TEST_HOLDOUT,SILICA_ROUTE_GLOBAL_FALLBACK,L0_NEW_RECIPE_COLD_START,0,5,M1-T15611W2-- 01 001;M1-T19327---- 01 005;M1-T19327---- 01 003;M1-T19327---- 01 004;M1-T18035---- 03 013,0.887,INTERSECT_BRANCH_SIMILAR_RECIPE_ENGINEERING_BOUNDS,OBSERVATION_ONLY,False,True,True,True,True,,0.0,,,,,"Historical best performance suggests this candidate profile has been feasible. The model re-predicts it under current material, environment, batch, and machine conditions. The reported saving is model-adjusted, not raw historical saving. Main uncertainty factors: , , . Rotor speed and ram averages are monitoring references, not setpoint recommendations unless confirmed controllable."
1879790,12,M1-T15611W6-- 01 004,ML07,Silica,OilWet,Silica_OilWet,TEST_HOLDOUT,SILICA_ROUTE_GLOBAL_FALLBACK,L0_NEW_RECIPE_COLD_START,0,5,M1-T15611W2-- 01 001;M1-T19327---- 01 005;M1-T19327---- 01 003;M1-T19327---- 01 004;M1-T18035---- 03 013,0.887,INTERSECT_BRANCH_SIMILAR_RECIPE_ENGINEERING_BOUNDS,OBSERVATION_ONLY,False,True,True,True,True,,0.0,,,,,"Historical best performance suggests this candidate profile has been feasible. The model re-predicts it under current material, environment, batch, and machine conditions. The reported saving is model-adjusted, not raw historical saving. Main uncertainty factors: , , . Rotor speed and ram averages are monitoring references, not setpoint recommendations unless confirmed controllable."
1890960,19,M1-A00205W3-- 03 003,MB02,CarbonBlack,OilWet,CarbonBlack_OilWet,TEST_HOLDOUT,EXACT_RECIPE_MIXER_ROUTE,L3_SHADOW_REVIEW_READY,86,5,M1-A00205W3-- 03 002;M1-A00205W4-- 01 001;M1-B00163RT-- 01 001;M1-B00163R4-- 01 003;M1-B00163XV-- 01 002,0.978,VALIDATED_SHADOW_REVIEW,SHADOW_REVIEW_READY,True,True,False,True,True,,0.0,,,,,"Historical best performance suggests this candidate profile has been feasible. The model re-predicts it under current material, environment, batch, and machine conditions. The reported saving is model-adjusted, not raw historical saving. Main uncertainty factors: , , . Rotor speed and ram averages are monitoring references, not setpoint recommendations unless confirmed controllable."
1893903,29,M1-A00205W3-- 03 003,MB02,CarbonBlack,OilWet,CarbonBlack_OilWet,TEST_HOLDOUT,EXACT_RECIPE_MIXER_ROUTE,L3_SHADOW_REVIEW_READY,86,5,M1-A00205W3-- 03 002;M1-A00205W4-- 01 001;M1-B00163RT-- 01 001;M1-B00163RT-- 01 002;M1-B00163R4-- 01 003,0.986,VALIDATED_SHADOW_REVIEW,SHADOW_REVIEW_READY,True,True,False,True,True,,0.0,,,,,"Historical best performance suggests this candidate profile has been feasible. The model re-predicts it under current material, environment, batch, and machine conditions. The reported saving is model-adjusted, not raw historical saving. Main uncertainty factors: , , . Rotor speed and ram averages are monitoring references, not setpoint recommendations unless confirmed controllable."
1905483,1,M1-T09170WS-- 02 004,MB03,Silica,OilWet,Silica_OilWet,TEST_HOLDOUT,EXACT_RECIPE_MIXER_ROUTE,L3_SHADOW_REVIEW_READY,2756,5,M1-T09170WZ-- 01 001;M1-T09170XT-- 03 001;M1-T09170WS-- 02 003;M1-T09170---- 23 004;M1-T09170---- 23 003,0.974,VALIDATED_SHADOW_REVIEW,SHADOW_REVIEW_READY,False,True,True,True,True,,0.0,,,,,"Historical best performance suggests this candidate profile has been feasible. The model re-predicts it under current material, environment, batch, and machine conditions. The reported saving is model-adjusted, not raw historical saving. Main uncertainty factors: , , . Rotor speed and ram averages are monitoring references, not setpoint recommendations unless confirmed controllable."
1905483,2,M1-T09170WS-- 02 004,MB03,Silica,OilWet,Silica_OilWet,TEST_HOLDOUT,EXACT_RECIPE_MIXER_ROUTE,L3_SHADOW_REVIEW_READY,2756,5,M1-T09170WZ-- 01 001;M1-T09170XT-- 03 001;M1-T09170WS-- 02 003;M1-T09170---- 23 004;M1-T09170---- 23 003,0.973,VALIDATED_SHADOW_REVIEW,SHADOW_REVIEW_READY,False,True,True,True,True,,0.0,,,,,"Historical best performance suggests this candidate profile has been feasible. The model re-predicts it under current material, environment, batch, and machine conditions. The reported saving is model-adjusted, not raw historical saving. Main uncertainty factors: , , . Rotor speed and ram averages are monitoring references, not setpoint recommendations unless confirmed controllable."
1905483,3,M1-T09170WS-- 02 004,MB03,Silica,OilWet,Silica_OilWet,TEST_HOLDOUT,EXACT_RECIPE_MIXER_ROUTE,L3_SHADOW_REVIEW_READY,2756,5,M1-T09170WZ-- 01 001;M1-T09170XT-- 03 001;M1-T09170WS-- 02 003;M1-T09170---- 23 004;M1-T09170---- 23 003,0.974,VALIDATED_SHADOW_REVIEW,SHADOW_REVIEW_READY,False,True,True,True,True,,0.0,,,,,"Historical best performance suggests this candidate profile has been feasible. The model re-predicts it under current material, environment, batch, and machine conditions. The reported saving is model-adjusted, not raw historical saving. Main uncertainty factors: , , . Rotor speed and ram averages are monitoring references, not setpoint recommendations unless confirmed controllable."
1902317,1,M1-T17771---- 04 003,ML07,Silica,OilWet,Silica_OilWet,TEST_HOLDOUT,SILICA_ROUTE_GLOBAL_FALLBACK,L0_NEW_RECIPE_COLD_START,0,5,M1-T17771---- 04 004;M1-T19327---- 01 004;M1-T05073XV-- 01 001;M1-T05073---- 06 006;M1-T05073---- 06 007,0.825,INTERSECT_BRANCH_SIMILAR_RECIPE_ENGINEERING_BOUNDS,OBSERVATION_ONLY,False,True,True,True,True,,0.0,,,,,"Historical best performance suggests this candidate profile has been feasible. The model re-predicts it under current material, environment, batch, and machine conditions. The reported saving is model-adjusted, not raw historical saving. Main uncertainty factors: , , . Rotor speed and ram averages are monitoring references, not setpoint recommendations unless confirmed controllable."
1902317,2,M1-T17771---- 04 003,ML07,Silica,OilWet,Silica_OilWet,TEST_HOLDOUT,SILICA_ROUTE_GLOBAL_FALLBACK,L0_NEW_RECIPE_COLD_START,0,5,M1-T17771---- 04 004;M1-T19327---- 01 004;M1-T05073XV-- 01 001;M1-T05073---- 06 006;M1-T05073---- 06 007,0.825,INTERSECT_BRANCH_SIMILAR_RECIPE_ENGINEERING_BOUNDS,OBSERVATION_ONLY,False,True,True,True,True,,0.0,,,,,"Historical best performance suggests this candidate profile has been feasible. The model re-predicts it under current material, environment, batch, and machine conditions. The reported saving is model-adjusted, not raw historical saving. Main uncertainty factors: , , . Rotor speed and ram averages are monitoring references, not setpoint recommendations unless confirmed controllable."
1907516,3,M1-T33025W3-- 03 005,ML07,Silica,OilWet,Silica_OilWet,TEST_HOLDOUT,EXACT_RECIPE_MIXER_ROUTE,L1_SIMILAR_RECIPE_REFERENCE,2,5,M1-T33025W3-- 03 004;M1-T16455---- 06 001;M1-T14150---- 17 004;M1-T14150---- 17 005;M1-T15760---- 08 001,0.993,INTERSECT_BRANCH_SIMILAR_RECIPE_ENGINEERING_BOUNDS,REFERENCE_ONLY,False,True,True,True,True,,0.0,,,,,"Historical best performance suggests this candidate profile has been feasible. The model re-predicts it under current material, environment, batch, and machine conditions. The reported saving is model-adjusted, not raw historical saving. Main uncertainty factors: , , . Rotor speed and ram averages are monitoring references, not setpoint recommendations unless confirmed controllable."
1907516,4,M1-T33025W3-- 03 005,ML07,Silica,OilWet,Silica_OilWet,TEST_HOLDOUT,EXACT_RECIPE_MIXER_ROUTE,L1_SIMILAR_RECIPE_REFERENCE,2,5,M1-T33025W3-- 03 004;M1-T16455---- 06 001;M1-T14150---- 17 004;M1-T14150---- 17 005;M1-T15760---- 08 001,0.994,INTERSECT_BRANCH_SIMILAR_RECIPE_ENGINEERING_BOUNDS,REFERENCE_ONLY,False,True,True,True,True,,0.0,,,,,"Historical best performance suggests this candidate profile has been feasible. The model re-predicts it under current material, environment, batch, and machine conditions. The reported saving is model-adjusted, not raw historical saving. Main uncertainty factors: , , . Rotor speed and ram averages are monitoring references, not setpoint recommendations unless confirmed controllable."
1913944,75,M1-B15563---- 01 005,ML09,CarbonBlack,OilWet,CarbonBlack_OilWet,TEST_HOLDOUT,UNAVAILABLE,L0_NEW_RECIPE_COLD_START,0,5,M1-B15563---- 01 003;M1-B00458---- 11 005;M1-B00458---- 11 006;M1-B00458RFD- 06 001;M1-B00458RRL- 04 002,0.994,INTERSECT_BRANCH_SIMILAR_RECIPE_ENGINEERING_BOUNDS,OBSERVATION_ONLY,True,True,False,True,True,,,,,,,"Historical best performance suggests this candidate profile has been feasible. The model re-predicts it under current material, environment, batch, and machine conditions. The reported saving is model-adjusted, not raw historical saving. Main uncertainty factors: , , . Rotor speed and ram averages are monitoring references, not setpoint recommendations unless confirmed controllable."
1913944,76,M1-B15563---- 01 005,ML09,CarbonBlack,OilWet,CarbonBlack_OilWet,TEST_HOLDOUT,UNAVAILABLE,L0_NEW_RECIPE_COLD_START,0,5,M1-B15563---- 01 003;M1-B00458---- 11 005;M1-B00458---- 11 006;M1-B00458RFD- 06 001;M1-B00458RRL- 04 002,0.994,INTERSECT_BRANCH_SIMILAR_RECIPE_ENGINEERING_BOUNDS,OBSERVATION_ONLY,True,True,False,True,True,,,,,,,"Historical best performance suggests this candidate profile has been feasible. The model re-predicts it under current material, environment, batch, and machine conditions. The reported saving is model-adjusted, not raw historical saving. Main uncertainty factors: , , . Rotor speed and ram averages are monitoring references, not setpoint recommendations unless confirmed controllable."
1913944,77,M1-B15563---- 01 005,ML09,CarbonBlack,OilWet,CarbonBlack_OilWet,TEST_HOLDOUT,UNAVAILABLE,L0_NEW_RECIPE_COLD_START,0,5,M1-B15563---- 01 003;M1-B00458---- 11 005;M1-B00458---- 11 006;M1-B00458RFD- 06 001;M1-B00458RRL- 04 002,0.994,INTERSECT_BRANCH_SIMILAR_RECIPE_ENGINEERING_BOUNDS,OBSERVATION_ONLY,True,True,False,True,True,,,,,,,"Historical best performance suggests this candidate profile has been feasible. The model re-predicts it under current material, environment, batch, and machine conditions. The reported saving is model-adjusted, not raw historical saving. Main uncertainty factors: , , . Rotor speed and ram averages are monitoring references, not setpoint recommendations unless confirmed controllable."
1925692,2,M1-T33025W3-- 03 005,ML07,Silica,OilWet,Silica_OilWet,TEST_HOLDOUT,EXACT_RECIPE_MIXER_ROUTE,L1_SIMILAR_RECIPE_REFERENCE,2,5,M1-T33025W3-- 03 004;M1-T16455---- 06 001;M1-T14150---- 17 004;M1-T14150---- 17 002;M1-T14150---- 17 005,0.981,INTERSECT_BRANCH_SIMILAR_RECIPE_ENGINEERING_BOUNDS,REFERENCE_ONLY,False,True,True,True,True,,0.0,,,,,"Historical best performance suggests this candidate profile has been feasible. The model re-predicts it under current material, environment, batch, and machine conditions. The reported saving is model-adjusted, not raw historical saving. Main uncertainty factors: , , . Rotor speed and ram averages are monitoring references, not setpoint recommendations unless confirmed controllable."
1931896,14,M1-A00268R2-- 05 003,MB02,CarbonBlack,OilWet,CarbonBlack_OilWet,TEST_HOLDOUT,EXACT_RECIPE_MIXER_ROUTE,L1_SIMILAR_RECIPE_REFERENCE,2,5,M1-A00268R2-- 05 006;M1-A00268R2-- 05 001;M1-A44268---- 01 002;M1-A00205W3-- 03 003;M1-A00205W3-- 03 002,0.974,INTERSECT_BRANCH_SIMILAR_RECIPE_ENGINEERING_BOUNDS,REFERENCE_ONLY,True,True,False,True,True,,0.0,,,,,"Historical best performance suggests this candidate profile has been feasible. The model re-predicts it under current material, environment, batch, and machine conditions. The reported saving is model-adjusted, not raw historical saving. Main uncertainty factors: , , . Rotor speed and ram averages are monitoring references, not setpoint recommendations unless confirmed controllable."
1931896,16,M1-A00268R2-- 05 003,MB02,CarbonBlack,OilWet,CarbonBlack_OilWet,TEST_HOLDOUT,EXACT_RECIPE_MIXER_ROUTE,L1_SIMILAR_RECIPE_REFERENCE,2,5,M1-A00268R2-- 05 006;M1-A00268R2-- 05 001;M1-A44268---- 01 002;M1-A00205W3-- 03 003;M1-A00205W3-- 03 002,0.974,INTERSECT_BRANCH_SIMILAR_RECIPE_ENGINEERING_BOUNDS,REFERENCE_ONLY,True,True,False,True,True,,0.0,,,,,"Historical best performance suggests this candidate profile has been feasible. The model re-predicts it under current material, environment, batch, and machine conditions. The reported saving is model-adjusted, not raw historical saving. Main uncertainty factors: , , . Rotor speed and ram averages are monitoring references, not setpoint recommendations unless confirmed controllable."
1931896,17,M1-A00268R2-- 05 003,MB02,CarbonBlack,OilWet,CarbonBlack_OilWet,TEST_HOLDOUT,EXACT_RECIPE_MIXER_ROUTE,L1_SIMILAR_RECIPE_REFERENCE,2,5,M1-A00268R2-- 05 006;M1-A00268R2-- 05 001;M1-A44268---- 01 002;M1-A00205W3-- 03 003;M1-A00205W3-- 03 002,0.973,INTERSECT_BRANCH_SIMILAR_RECIPE_ENGINEERING_BOUNDS,REFERENCE_ONLY,True,True,False,True,True,,0.0,,,,,"Historical best performance suggests this candidate profile has been feasible. The model re-predicts it under current material, environment, batch, and machine conditions. The reported saving is model-adjusted, not raw historical saving. Main uncertainty factors: , , . Rotor speed and ram averages are monitoring references, not setpoint recommendations unless confirmed controllable."
1967814,1,M1-T15760---- 06 001,ML09,Silica,OilWet,Silica_OilWet,TEST_HOLDOUT,EXACT_RECIPE_MIXER_ROUTE,L3_SHADOW_REVIEW_READY,51,5,M1-T15760B--- 01 003;M1-T15760---- 06 002;M1-T15760XP-- 01 003;M1-T15760W--- 03 005;M1-T15760W--- 03 004,0.996,VALIDATED_SHADOW_REVIEW,SHADOW_REVIEW_READY,False,True,True,True,True,,0.0,,,,,"Historical best performance suggests this candidate profile has been feasible. The model re-predicts it under current material, environment, batch, and machine conditions. The reported saving is model-adjusted, not raw historical saving. Main uncertainty factors: , , . Rotor speed and ram averages are monitoring references, not setpoint recommendations unless confirmed controllable."
1967814,2,M1-T15760---- 06 001,ML09,Silica,OilWet,Silica_OilWet,TEST_HOLDOUT,EXACT_RECIPE_MIXER_ROUTE,L3_SHADOW_REVIEW_READY,51,5,M1-T15760B--- 01 003;M1-T15760---- 06 002;M1-T15760XP-- 01 003;M1-T15760W--- 03 005;M1-T15760W--- 03 004,0.997,VALIDATED_SHADOW_REVIEW,SHADOW_REVIEW_READY,False,True,True,True,True,,0.0,,,,,"Historical best performance suggests this candidate profile has been feasible. The model re-predicts it under current material, environment, batch, and machine conditions. The reported saving is model-adjusted, not raw historical saving. Main uncertainty factors: , , . Rotor speed and ram averages are monitoring references, not setpoint recommendations unless confirmed controllable."
1969488,19,M1-T15760---- 06 001,ML09,Silica,OilWet,Silica_OilWet,TEST_HOLDOUT,EXACT_RECIPE_MIXER_ROUTE,L3_SHADOW_REVIEW_READY,51,5,M1-T15760---- 06 002;M1-T15760B--- 01 003;M1-T15760XP-- 01 003;M1-T15899---- 12 004;M1-T15760W--- 03 005,0.998,VALIDATED_SHADOW_REVIEW,SHADOW_REVIEW_READY,False,True,True,True,True,,0.0,,,,,"Historical best performance suggests this candidate profile has been feasible. The model re-predicts it under current material, environment, batch, and machine conditions. The reported saving is model-adjusted, not raw historical saving. Main uncertainty factors: , , . Rotor speed and ram averages are monitoring references, not setpoint recommendations unless confirmed controllable."
2024~1284387,2,M1-T09170XT-- 02 001,ML09,Silica,OilWet,Silica_OilWet,TEST_HOLDOUT,SILICA_ROUTE_GLOBAL_FALLBACK,L0_NEW_RECIPE_COLD_START,0,5,M1-T09170WS-- 01 009;M1-T09170WS-- 01 010;M1-T09170XM-- 01 001;M1-T09170---- 24 001;M1-T15192R--- 03 001,0.925,INTERSECT_BRANCH_SIMILAR_RECIPE_ENGINEERING_BOUNDS,OBSERVATION_ONLY,False,True,True,True,True,,0.0,,,,,"Historical best performance suggests this candidate profile has been feasible. The model re-predicts it under current material, environment, batch, and machine conditions. The reported saving is model-adjusted, not raw historical saving. Main uncertainty factors: , , . Rotor speed and ram averages are monitoring references, not setpoint recommendations unless confirmed controllable."
2024~1284387,3,M1-T09170XT-- 02 001,ML09,Silica,OilWet,Silica_OilWet,TEST_HOLDOUT,SILICA_ROUTE_GLOBAL_FALLBACK,L0_NEW_RECIPE_COLD_START,0,5,M1-T09170WS-- 01 009;M1-T09170WS-- 01 010;M1-T09170XM-- 01 001;M1-T09170---- 24 001;M1-T15192R--- 03 001,0.925,INTERSECT_BRANCH_SIMILAR_RECIPE_ENGINEERING_BOUNDS,OBSERVATION_ONLY,False,True,True,True,True,,0.0,,,,,"Historical best performance suggests this candidate profile has been feasible. The model re-predicts it under current material, environment, batch, and machine conditions. The reported saving is model-adjusted, not raw historical saving. Main uncertainty factors: , , . Rotor speed and ram averages are monitoring references, not setpoint recommendations unless confirmed controllable."
2024~1284387,4,M1-T09170XT-- 02 001,ML09,Silica,OilWet,Silica_OilWet,TEST_HOLDOUT,SILICA_ROUTE_GLOBAL_FALLBACK,L0_NEW_RECIPE_COLD_START,0,5,M1-T09170WS-- 01 009;M1-T09170WS-- 01 010;M1-T09170XM-- 01 001;M1-T09170---- 24 001;M1-T15192R--- 03 001,0.925,INTERSECT_BRANCH_SIMILAR_RECIPE_ENGINEERING_BOUNDS,OBSERVATION_ONLY,False,True,True,True,True,,0.0,,,,,"Historical best performance suggests this candidate profile has been feasible. The model re-predicts it under current material, environment, batch, and machine conditions. The reported saving is model-adjusted, not raw historical saving. Main uncertainty factors: , , . Rotor speed and ram averages are monitoring references, not setpoint recommendations unless confirmed controllable."
2024~1301112,1,M1-A00205W3-- 03 002,MB02,CarbonBlack,OilWet,CarbonBlack_OilWet,TEST_HOLDOUT,EXACT_RECIPE_MIXER_ROUTE,L1_SIMILAR_RECIPE_REFERENCE,4,5,M1-A00205W4-- 01 001;M1-A00205W3-- 03 003;M1-B00163RT-- 01 001;M1-B00163RT-- 01 002;M1-B00163R4-- 01 003,0.996,INTERSECT_BRANCH_SIMILAR_RECIPE_ENGINEERING_BOUNDS,REFERENCE_ONLY,True,True,False,True,True,,0.0,,,,,"Historical best performance suggests this candidate profile has been feasible. The model re-predicts it under current material, environment, batch, and machine conditions. The reported saving is model-adjusted, not raw historical saving. Main uncertainty factors: , , . Rotor speed and ram averages are monitoring references, not setpoint recommendations unless confirmed controllable."
2024~1301112,2,M1-A00205W3-- 03 002,MB02,CarbonBlack,OilWet,CarbonBlack_OilWet,TEST_HOLDOUT,EXACT_RECIPE_MIXER_ROUTE,L1_SIMILAR_RECIPE_REFERENCE,4,5,M1-A00205W4-- 01 001;M1-A00205W3-- 03 003;M1-B00163RT-- 01 001;M1-B00163RT-- 01 002;M1-B00163R4-- 01 003,0.997,INTERSECT_BRANCH_SIMILAR_RECIPE_ENGINEERING_BOUNDS,REFERENCE_ONLY,True,True,False,True,True,,0.0,,,,,"Historical best performance suggests this candidate profile has been feasible. The model re-predicts it under current material, environment, batch, and machine conditions. The reported saving is model-adjusted, not raw historical saving. Main uncertainty factors: , , . Rotor speed and ram averages are monitoring references, not setpoint recommendations unless confirmed controllable."
2024~1301112,3,M1-A00205W3-- 03 002,MB02,CarbonBlack,OilWet,CarbonBlack_OilWet,TEST_HOLDOUT,EXACT_RECIPE_MIXER_ROUTE,L1_SIMILAR_RECIPE_REFERENCE,4,5,M1-A00205W4-- 01 001;M1-A00205W3-- 03 003;M1-B00163RT-- 01 001;M1-B00163RT-- 01 002;M1-B00163R4-- 01 003,0.996,INTERSECT_BRANCH_SIMILAR_RECIPE_ENGINEERING_BOUNDS,REFERENCE_ONLY,True,True,False,True,True,,0.0,,,,,"Historical best performance suggests this candidate profile has been feasible. The model re-predicts it under current material, environment, batch, and machine conditions. The reported saving is model-adjusted, not raw historical saving. Main uncertainty factors: , , . Rotor speed and ram averages are monitoring references, not setpoint recommendations unless confirmed controllable."
2024~1330226,8,M1-A00205W4-- 01 001,MB02,CarbonBlack,OilWet,CarbonBlack_OilWet,TEST_HOLDOUT,EXACT_RECIPE_MIXER_ROUTE,L1_SIMILAR_RECIPE_REFERENCE,9,5,M1-A00205W3-- 03 002;M1-A00205W3-- 03 003;M1-B00163RT-- 01 001;M1-B00163RT-- 01 002;M1-B00163R4-- 01 003,0.991,INTERSECT_BRANCH_SIMILAR_RECIPE_ENGINEERING_BOUNDS,REFERENCE_ONLY,True,True,False,True,True,,0.0,,,,,"Historical best performance suggests this candidate profile has been feasible. The model re-predicts it under current material, environment, batch, and machine conditions. The reported saving is model-adjusted, not raw historical saving. Main uncertainty factors: , , . Rotor speed and ram averages are monitoring references, not setpoint recommendations unless confirmed controllable."
2024~1323971,5,M1-A00205W4-- 01 001,MB02,CarbonBlack,OilWet,CarbonBlack_OilWet,TEST_HOLDOUT,EXACT_RECIPE_MIXER_ROUTE,L1_SIMILAR_RECIPE_REFERENCE,9,5,M1-A00205W3-- 03 002;M1-A00205W3-- 03 003;M1-B00163RT-- 01 001;M1-B00163RT-- 01 002;M1-B00163R4-- 01 003,0.975,INTERSECT_BRANCH_SIMILAR_RECIPE_ENGINEERING_BOUNDS,REFERENCE_ONLY,True,True,False,True,True,,0.0,,,,,"Historical best performance suggests this candidate profile has been feasible. The model re-predicts it under current material, environment, batch, and machine conditions. The reported saving is model-adjusted, not raw historical saving. Main uncertainty factors: , , . Rotor speed and ram averages are monitoring references, not setpoint recommendations unless confirmed controllable."
2024~1323971,8,M1-A00205W4-- 01 001,MB02,CarbonBlack,OilWet,CarbonBlack_OilWet,TEST_HOLDOUT,EXACT_RECIPE_MIXER_ROUTE,L1_SIMILAR_RECIPE_REFERENCE,9,5,M1-A00205W3-- 03 002;M1-A00205W3-- 03 003;M1-B00163RT-- 01 001;M1-B00163RT-- 01 002;M1-B00163R4-- 01 003,0.975,INTERSECT_BRANCH_SIMILAR_RECIPE_ENGINEERING_BOUNDS,REFERENCE_ONLY,True,True,False,True,True,,0.0,,,,,"Historical best performance suggests this candidate profile has been feasible. The model re-predicts it under current material, environment, batch, and machine conditions. The reported saving is model-adjusted, not raw historical saving. Main uncertainty factors: , , . Rotor speed and ram averages are monitoring references, not setpoint recommendations unless confirmed controllable."
2024~1362727,1,M1-B00458B1-- 02 002,MB02,CarbonBlack,OilWet,CarbonBlack_OilWet,TEST_HOLDOUT,EXACT_RECIPE_MIXER_ROUTE,L3_SHADOW_REVIEW_READY,79,5,M1-B00458---- 12 005;M1-B00458B1-- 02 001;M1-B00458---- 12 004;M1-B00458XM-- 04 002;M1-B00458---- 12 007,0.977,VALIDATED_SHADOW_REVIEW,SHADOW_REVIEW_READY,True,True,False,True,True,,0.0,,,,,"Historical best performance suggests this candidate profile has been feasible. The model re-predicts it under current material, environment, batch, and machine conditions. The reported saving is model-adjusted, not raw historical saving. Main uncertainty factors: , , . Rotor speed and ram averages are monitoring references, not setpoint recommendations unless confirmed controllable."
2024~1362727,2,M1-B00458B1-- 02 002,MB02,CarbonBlack,OilWet,CarbonBlack_OilWet,TEST_HOLDOUT,EXACT_RECIPE_MIXER_ROUTE,L3_SHADOW_REVIEW_READY,79,5,M1-B00458---- 12 005;M1-B00458B1-- 02 001;M1-B00458---- 12 004;M1-B00458XM-- 04 002;M1-B00458---- 12 007,0.978,VALIDATED_SHADOW_REVIEW,SHADOW_REVIEW_READY,True,True,False,True,True,,0.0,,,,,"Historical best performance suggests this candidate profile has been feasible. The model re-predicts it under current material, environment, batch, and machine conditions. The reported saving is model-adjusted, not raw historical saving. Main uncertainty factors: , , . Rotor speed and ram averages are monitoring references, not setpoint recommendations unless confirmed controllable."
2024~1362727,3,M1-B00458B1-- 02 002,MB02,CarbonBlack,OilWet,CarbonBlack_OilWet,TEST_HOLDOUT,EXACT_RECIPE_MIXER_ROUTE,L3_SHADOW_REVIEW_READY,79,5,M1-B00458---- 12 005;M1-B00458B1-- 02 001;M1-B00458---- 12 004;M1-B00458XM-- 04 002;M1-B00458---- 12 007,0.977,VALIDATED_SHADOW_REVIEW,SHADOW_REVIEW_READY,True,True,False,True,True,,0.0,,,,,"Historical best performance suggests this candidate profile has been feasible. The model re-predicts it under current material, environment, batch, and machine conditions. The reported saving is model-adjusted, not raw historical saving. Main uncertainty factors: , , . Rotor speed and ram averages are monitoring references, not setpoint recommendations unless confirmed controllable."
2024~1357627,1,M1-B00460B--- 02 001,MB02,CarbonBlack,OilWet,CarbonBlack_OilWet,TEST_HOLDOUT,EXACT_RECIPE_MIXER_ROUTE,L3_SHADOW_REVIEW_READY,67,5,M1-B00460B--- 03 001;M1-B00460B--- 03 003;M1-B00460B--- 03 002;M1-A44268---- 01 002;M1-B00163---- 08 008,0.987,VALIDATED_SHADOW_REVIEW,SHADOW_REVIEW_READY,True,True,False,True,True,,0.0,,,,,"Historical best performance suggests this candidate profile has been feasible. The model re-predicts it under current material, environment, batch, and machine conditions. The reported saving is model-adjusted, not raw historical saving. Main uncertainty factors: , , . Rotor speed and ram averages are monitoring references, not setpoint recommendations unless confirmed controllable."
2024~1364335,1,M1-B00163R4-- 01 003,MB02,CarbonBlack,OilWet,CarbonBlack_OilWet,TEST_HOLDOUT,EXACT_RECIPE_MIXER_ROUTE,L3_SHADOW_REVIEW_READY,47,5,M1-B00163XV-- 01 001;M1-B00163R4-- 01 004;M1-B00163XV-- 01 002;M1-B00163XM-- 02 003;M1-B00163XV-- 01 003,0.963,VALIDATED_SHADOW_REVIEW,SHADOW_REVIEW_READY,True,True,False,True,True,,0.0,,,,,"Historical best performance suggests this candidate profile has been feasible. The model re-predicts it under current material, environment, batch, and machine conditions. The reported saving is model-adjusted, not raw historical saving. Main uncertainty factors: , , . Rotor speed and ram averages are monitoring references, not setpoint recommendations unless confirmed controllable."
2024~1364335,2,M1-B00163R4-- 01 003,MB02,CarbonBlack,OilWet,CarbonBlack_OilWet,TEST_HOLDOUT,EXACT_RECIPE_MIXER_ROUTE,L3_SHADOW_REVIEW_READY,47,5,M1-B00163XV-- 01 001;M1-B00163R4-- 01 004;M1-B00163XV-- 01 002;M1-B00163XM-- 02 003;M1-B00163XV-- 01 003,0.963,VALIDATED_SHADOW_REVIEW,SHADOW_REVIEW_READY,True,True,False,True,True,,0.0,,,,,"Historical best performance suggests this candidate profile has been feasible. The model re-predicts it under current material, environment, batch, and machine conditions. The reported saving is model-adjusted, not raw historical saving. Main uncertainty factors: , , . Rotor speed and ram averages are monitoring references, not setpoint recommendations unless confirmed controllable."
2024~1364335,3,M1-B00163R4-- 01 003,MB02,CarbonBlack,OilWet,CarbonBlack_OilWet,TEST_HOLDOUT,EXACT_RECIPE_MIXER_ROUTE,L3_SHADOW_REVIEW_READY,47,5,M1-B00163XV-- 01 001;M1-B00163R4-- 01 004;M1-B00163XV-- 01 002;M1-B00163XM-- 02 003;M1-B00163XV-- 01 003,0.962,VALIDATED_SHADOW_REVIEW,SHADOW_REVIEW_READY,True,True,False,True,True,,0.0,,,,,"Historical best performance suggests this candidate profile has been feasible. The model re-predicts it under current material, environment, batch, and machine conditions. The reported saving is model-adjusted, not raw historical saving. Main uncertainty factors: , , . Rotor speed and ram averages are monitoring references, not setpoint recommendations unless confirmed controllable."
2024~1384350,3,M1-B00458---- 12 003,MB02,CarbonBlack,OilWet,CarbonBlack_OilWet,TEST_HOLDOUT,EXACT_RECIPE_MIXER_ROUTE,L4_PILOT_READY,1121,5,M1-B00458B1-- 02 001;M1-B00458B1-- 02 002;M1-B00458---- 12 005;M1-B00458XM-- 04 002;M1-B00458---- 12 007,0.988,EXACT_RECIPE_MIXER_PILOT_GATE,PILOT_REVIEW_READY,True,True,False,True,True,28.26,25.56,material_initial_temperature_difference,ambient_humidity_difference,supplier_COA_difference,"Historical best energy was lower, but the model re-predicts the template under current conditions and adjusts saving because material initial temperature, ambient humidity, and supplier COA differ.","Historical best performance suggests this candidate profile has been feasible. The model re-predicts it under current material, environment, batch, and machine conditions. The reported saving is model-adjusted, not raw historical saving. Main uncertainty factors: material_initial_temperature_difference, ambient_humidity_difference, supplier_COA_difference. Rotor speed and ram averages are monitoring references, not setpoint recommendations unless confirmed controllable."
2024~1393736,1,M1-A03391---- 09 001,MB03,CarbonBlack,OilWet,CarbonBlack_OilWet,TEST_HOLDOUT,UNAVAILABLE,L0_NEW_RECIPE_COLD_START,0,5,M1-A03391---- 09 005;M1-A03391---- 09 006;M1-A03391---- 09 003;M1-A16404B--- 01 002;M1-A16404---- 01 005,0.994,INTERSECT_BRANCH_SIMILAR_RECIPE_ENGINEERING_BOUNDS,OBSERVATION_ONLY,True,True,False,True,True,,,,,,,"Historical best performance suggests this candidate profile has been feasible. The model re-predicts it under current material, environment, batch, and machine conditions. The reported saving is model-adjusted, not raw historical saving. Main uncertainty factors: , , . Rotor speed and ram averages are monitoring references, not setpoint recommendations unless confirmed controllable."
2024~1393736,2,M1-A03391---- 09 001,MB03,CarbonBlack,OilWet,CarbonBlack_OilWet,TEST_HOLDOUT,UNAVAILABLE,L0_NEW_RECIPE_COLD_START,0,5,M1-A03391---- 09 005;M1-A03391---- 09 006;M1-A03391---- 09 003;M1-A16404B--- 01 002;M1-A16404---- 01 005,0.994,INTERSECT_BRANCH_SIMILAR_RECIPE_ENGINEERING_BOUNDS,OBSERVATION_ONLY,True,True,False,True,True,,,,,,,"Historical best performance suggests this candidate profile has been feasible. The model re-predicts it under current material, environment, batch, and machine conditions. The reported saving is model-adjusted, not raw historical saving. Main uncertainty factors: , , . Rotor speed and ram averages are monitoring references, not setpoint recommendations unless confirmed controllable."
2024~1393736,3,M1-A03391---- 09 001,MB03,CarbonBlack,OilWet,CarbonBlack_OilWet,TEST_HOLDOUT,UNAVAILABLE,L0_NEW_RECIPE_COLD_START,0,5,M1-A03391---- 09 005;M1-A03391---- 09 006;M1-A03391---- 09 003;M1-A16404B--- 01 002;M1-A16404---- 01 005,0.993,INTERSECT_BRANCH_SIMILAR_RECIPE_ENGINEERING_BOUNDS,OBSERVATION_ONLY,True,True,False,True,True,,,,,,,"Historical best performance suggests this candidate profile has been feasible. The model re-predicts it under current material, environment, batch, and machine conditions. The reported saving is model-adjusted, not raw historical saving. Main uncertainty factors: , , . Rotor speed and ram averages are monitoring references, not setpoint recommendations unless confirmed controllable."
2024~1401516,1,M1-T02128W5-- 04 002,ML07,Silica,OilWet,Silica_OilWet,TEST_HOLDOUT,EXACT_RECIPE_MIXER_ROUTE,L2_PRELIMINARY_RECIPE_WINDOW,10,5,M1-T02128W5-- 04 004;M1-T02128W5-- 04 006;M1-T33025W3-- 03 004;M1-T33025W3-- 03 005;M1-T14150---- 17 002,0.986,SHADOW_REVIEW_ONLY_WITH_PRELIMINARY_WINDOW,SHADOW_REVIEW_ONLY,False,True,True,True,True,,0.0,,,,,"Historical best performance suggests this candidate profile has been feasible. The model re-predicts it under current material, environment, batch, and machine conditions. The reported saving is model-adjusted, not raw historical saving. Main uncertainty factors: , , . Rotor speed and ram averages are monitoring references, not setpoint recommendations unless confirmed controllable."
2024~1401516,2,M1-T02128W5-- 04 002,ML07,Silica,OilWet,Silica_OilWet,TEST_HOLDOUT,EXACT_RECIPE_MIXER_ROUTE,L2_PRELIMINARY_RECIPE_WINDOW,10,5,M1-T02128W5-- 04 004;M1-T02128W5-- 04 006;M1-T33025W3-- 03 004;M1-T33025W3-- 03 005;M1-T14150---- 17 002,0.986,SHADOW_REVIEW_ONLY_WITH_PRELIMINARY_WINDOW,SHADOW_REVIEW_ONLY,False,True,True,True,True,,0.0,,,,,"Historical best performance suggests this candidate profile has been feasible. The model re-predicts it under current material, environment, batch, and machine conditions. The reported saving is model-adjusted, not raw historical saving. Main uncertainty factors: , , . Rotor speed and ram averages are monitoring references, not setpoint recommendations unless confirmed controllable."
2024~1401516,3,M1-T02128W5-- 04 002,ML07,Silica,OilWet,Silica_OilWet,TEST_HOLDOUT,EXACT_RECIPE_MIXER_ROUTE,L2_PRELIMINARY_RECIPE_WINDOW,10,5,M1-T02128W5-- 04 004;M1-T02128W5-- 04 006;M1-T33025W3-- 03 004;M1-T33025W3-- 03 005;M1-T14150---- 17 002,0.984,SHADOW_REVIEW_ONLY_WITH_PRELIMINARY_WINDOW,SHADOW_REVIEW_ONLY,False,True,True,True,True,,0.0,,,,,"Historical best performance suggests this candidate profile has been feasible. The model re-predicts it under current material, environment, batch, and machine conditions. The reported saving is model-adjusted, not raw historical saving. Main uncertainty factors: , , . Rotor speed and ram averages are monitoring references, not setpoint recommendations unless confirmed controllable."
2024~1418382,1,M1-T09170WS-- 01 009,ML09,Silica,OilWet,Silica_OilWet,TEST_HOLDOUT,EXACT_RECIPE_MIXER_ROUTE,L3_SHADOW_REVIEW_READY,378,5,M1-T09170---- 24 001;M1-T09170XM-- 01 001;M1-T09170WS-- 01 010;M1-T15760XC-- 01 001;M1-T15760W--- 03 005,0.992,VALIDATED_SHADOW_REVIEW,SHADOW_REVIEW_READY,False,True,True,True,True,,0.0,,,,,"Historical best performance suggests this candidate profile has been feasible. The model re-predicts it under current material, environment, batch, and machine conditions. The reported saving is model-adjusted, not raw historical saving. Main uncertainty factors: , , . Rotor speed and ram averages are monitoring references, not setpoint recommendations unless confirmed controllable."
2024~1418382,2,M1-T09170WS-- 01 009,ML09,Silica,OilWet,Silica_OilWet,TEST_HOLDOUT,EXACT_RECIPE_MIXER_ROUTE,L3_SHADOW_REVIEW_READY,378,5,M1-T09170---- 24 001;M1-T09170XM-- 01 001;M1-T09170WS-- 01 010;M1-T15760XC-- 01 001;M1-T15760W--- 03 005,0.993,VALIDATED_SHADOW_REVIEW,SHADOW_REVIEW_READY,False,True,True,True,True,,0.0,,,,,"Historical best performance suggests this candidate profile has been feasible. The model re-predicts it under current material, environment, batch, and machine conditions. The reported saving is model-adjusted, not raw historical saving. Main uncertainty factors: , , . Rotor speed and ram averages are monitoring references, not setpoint recommendations unless confirmed controllable."
2024~1418382,3,M1-T09170WS-- 01 009,ML09,Silica,OilWet,Silica_OilWet,TEST_HOLDOUT,EXACT_RECIPE_MIXER_ROUTE,L3_SHADOW_REVIEW_READY,378,5,M1-T09170---- 24 001;M1-T09170XM-- 01 001;M1-T09170WS-- 01 010;M1-T15760XC-- 01 001;M1-T15760W--- 03 005,0.992,VALIDATED_SHADOW_REVIEW,SHADOW_REVIEW_READY,False,True,True,True,True,,0.0,,,,,"Historical best performance suggests this candidate profile has been feasible. The model re-predicts it under current material, environment, batch, and machine conditions. The reported saving is model-adjusted, not raw historical saving. Main uncertainty factors: , , . Rotor speed and ram averages are monitoring references, not setpoint recommendations unless confirmed controllable."
2024~1425828,1,M1-T19012---- 01 005,ML09,Silica,OilWet,Silica_OilWet,TEST_HOLDOUT,SILICA_ROUTE_GLOBAL_FALLBACK,L0_NEW_RECIPE_COLD_START,0,5,M1-T19012---- 01 006;M1-T19012---- 01 004;M1-T19012X1-- 01 004;M1-T19012X1-- 01 007;M1-T33025W3-- 04 005,0.995,INTERSECT_BRANCH_SIMILAR_RECIPE_ENGINEERING_BOUNDS,OBSERVATION_ONLY,False,True,True,True,True,,17.37,,,,,"Historical best performance suggests this candidate profile has been feasible. The model re-predicts it under current material, environment, batch, and machine conditions. The reported saving is model-adjusted, not raw historical saving. Main uncertainty factors: , , . Rotor speed and ram averages are monitoring references, not setpoint recommendations unless confirmed controllable."
2024~1425828,3,M1-T19012---- 01 005,ML09,Silica,OilWet,Silica_OilWet,TEST_HOLDOUT,SILICA_ROUTE_GLOBAL_FALLBACK,L0_NEW_RECIPE_COLD_START,0,5,M1-T19012---- 01 006;M1-T19012---- 01 004;M1-T19012X1-- 01 004;M1-T19012X1-- 01 007;M1-T33025W3-- 04 005,0.996,INTERSECT_BRANCH_SIMILAR_RECIPE_ENGINEERING_BOUNDS,OBSERVATION_ONLY,False,True,True,True,True,,0.0,,,,,"Historical best performance suggests this candidate profile has been feasible. The model re-predicts it under current material, environment, batch, and machine conditions. The reported saving is model-adjusted, not raw historical saving. Main uncertainty factors: , , . Rotor speed and ram averages are monitoring references, not setpoint recommendations unless confirmed controllable."
2024~1425828,4,M1-T19012---- 01 005,ML09,Silica,OilWet,Silica_OilWet,TEST_HOLDOUT,SILICA_ROUTE_GLOBAL_FALLBACK,L0_NEW_RECIPE_COLD_START,0,5,M1-T19012---- 01 006;M1-T19012---- 01 004;M1-T19012X1-- 01 004;M1-T19012X1-- 01 007;M1-T33025W3-- 04 005,0.996,INTERSECT_BRANCH_SIMILAR_RECIPE_ENGINEERING_BOUNDS,OBSERVATION_ONLY,False,True,True,True,True,,0.0,,,,,"Historical best performance suggests this candidate profile has been feasible. The model re-predicts it under current material, environment, batch, and machine conditions. The reported saving is model-adjusted, not raw historical saving. Main uncertainty factors: , , . Rotor speed and ram averages are monitoring references, not setpoint recommendations unless confirmed controllable."
2024~1451752,1,M1-T09170---- 24 001,ML09,Silica,OilWet,Silica_OilWet,TEST_HOLDOUT,EXACT_RECIPE_MIXER_ROUTE,L2_PRELIMINARY_RECIPE_WINDOW,10,5,M1-T09170WS-- 01 010;M1-T09170WS-- 01 009;M1-T09170XM-- 01 001;M1-T15760W--- 03 005;M1-T15760XC-- 01 001,0.996,SHADOW_REVIEW_ONLY_WITH_PRELIMINARY_WINDOW,SHADOW_REVIEW_ONLY,False,True,True,True,True,,0.0,,,,,"Historical best performance suggests this candidate profile has been feasible. The model re-predicts it under current material, environment, batch, and machine conditions. The reported saving is model-adjusted, not raw historical saving. Main uncertainty factors: , , . Rotor speed and ram averages are monitoring references, not setpoint recommendations unless confirmed controllable."
2024~1451752,2,M1-T09170---- 24 001,ML09,Silica,OilWet,Silica_OilWet,TEST_HOLDOUT,EXACT_RECIPE_MIXER_ROUTE,L2_PRELIMINARY_RECIPE_WINDOW,10,5,M1-T09170WS-- 01 010;M1-T09170WS-- 01 009;M1-T09170XM-- 01 001;M1-T15760W--- 03 005;M1-T15760XC-- 01 001,0.996,SHADOW_REVIEW_ONLY_WITH_PRELIMINARY_WINDOW,SHADOW_REVIEW_ONLY,False,True,True,True,True,,0.0,,,,,"Historical best performance suggests this candidate profile has been feasible. The model re-predicts it under current material, environment, batch, and machine conditions. The reported saving is model-adjusted, not raw historical saving. Main uncertainty factors: , , . Rotor speed and ram averages are monitoring references, not setpoint recommendations unless confirmed controllable."
2024~1451752,3,M1-T09170---- 24 001,ML09,Silica,OilWet,Silica_OilWet,TEST_HOLDOUT,EXACT_RECIPE_MIXER_ROUTE,L2_PRELIMINARY_RECIPE_WINDOW,10,5,M1-T09170WS-- 01 010;M1-T09170WS-- 01 009;M1-T09170XM-- 01 001;M1-T15760W--- 03 005;M1-T15760XC-- 01 001,0.996,SHADOW_REVIEW_ONLY_WITH_PRELIMINARY_WINDOW,SHADOW_REVIEW_ONLY,False,True,True,True,True,,0.0,,,,,"Historical best performance suggests this candidate profile has been feasible. The model re-predicts it under current material, environment, batch, and machine conditions. The reported saving is model-adjusted, not raw historical saving. Main uncertainty factors: , , . Rotor speed and ram averages are monitoring references, not setpoint recommendations unless confirmed controllable."
2024~1503273,1,M1-T00011B8-- 02 001,MB02,Silica,OilWet,Silica_OilWet,TEST_HOLDOUT,SILICA_ROUTE_GLOBAL_FALLBACK,L0_NEW_RECIPE_COLD_START,0,5,M1-T00011B2-- 14 004;M1-T00011B2-- 14 001;M1-T00011B2-- 21 001;M1-T00011B2-- 21 002;M1-T00011B2-- 21 004,0.998,INTERSECT_BRANCH_SIMILAR_RECIPE_ENGINEERING_BOUNDS,OBSERVATION_ONLY,False,True,True,True,True,,0.0,,,,,"Historical best performance suggests this candidate profile has been feasible. The model re-predicts it under current material, environment, batch, and machine conditions. The reported saving is model-adjusted, not raw historical saving. Main uncertainty factors: , , . Rotor speed and ram averages are monitoring references, not setpoint recommendations unless confirmed controllable."
2024~1503273,2,M1-T00011B8-- 02 001,MB02,Silica,OilWet,Silica_OilWet,TEST_HOLDOUT,SILICA_ROUTE_GLOBAL_FALLBACK,L0_NEW_RECIPE_COLD_START,0,5,M1-T00011B2-- 14 004;M1-T00011B2-- 14 001;M1-T00011B2-- 21 001;M1-T00011B2-- 21 002;M1-T00011B2-- 21 004,0.998,INTERSECT_BRANCH_SIMILAR_RECIPE_ENGINEERING_BOUNDS,OBSERVATION_ONLY,False,True,True,True,True,,0.0,,,,,"Historical best performance suggests this candidate profile has been feasible. The model re-predicts it under current material, environment, batch, and machine conditions. The reported saving is model-adjusted, not raw historical saving. Main uncertainty factors: , , . Rotor speed and ram averages are monitoring references, not setpoint recommendations unless confirmed controllable."
2024~1503273,3,M1-T00011B8-- 02 001,MB02,Silica,OilWet,Silica_OilWet,TEST_HOLDOUT,SILICA_ROUTE_GLOBAL_FALLBACK,L0_NEW_RECIPE_COLD_START,0,5,M1-T00011B2-- 14 004;M1-T00011B2-- 14 001;M1-T00011B2-- 21 001;M1-T00011B2-- 21 002;M1-T00011B2-- 21 004,0.998,INTERSECT_BRANCH_SIMILAR_RECIPE_ENGINEERING_BOUNDS,OBSERVATION_ONLY,False,True,True,True,True,,0.0,,,,,"Historical best performance suggests this candidate profile has been feasible. The model re-predicts it under current material, environment, batch, and machine conditions. The reported saving is model-adjusted, not raw historical saving. Main uncertainty factors: , , . Rotor speed and ram averages are monitoring references, not setpoint recommendations unless confirmed controllable."
2024~1528000,1,M1-T33025XA-- 01 001,ML09,Silica,OilWet,Silica_OilWet,TEST_HOLDOUT,SILICA_ROUTE_GLOBAL_FALLBACK,L0_NEW_RECIPE_COLD_START,0,5,M1-T33025XA-- 01 002;M1-T33025W3-- 04 003;M1-T15760---- 06 002;M1-T15760B--- 01 003;M1-T15760---- 06 001,0.991,INTERSECT_BRANCH_SIMILAR_RECIPE_ENGINEERING_BOUNDS,OBSERVATION_ONLY,False,True,True,True,True,,33.57,,,,,"Historical best performance suggests this candidate profile has been feasible. The model re-predicts it under current material, environment, batch, and machine conditions. The reported saving is model-adjusted, not raw historical saving. Main uncertainty factors: , , . Rotor speed and ram averages are monitoring references, not setpoint recommendations unless confirmed controllable."
2024~1528000,2,M1-T33025XA-- 01 001,ML09,Silica,OilWet,Silica_OilWet,TEST_HOLDOUT,SILICA_ROUTE_GLOBAL_FALLBACK,L0_NEW_RECIPE_COLD_START,0,5,M1-T33025XA-- 01 002;M1-T15760---- 06 002;M1-T33025W3-- 04 003;M1-T15760B--- 01 003;M1-T15760---- 06 001,0.99,INTERSECT_BRANCH_SIMILAR_RECIPE_ENGINEERING_BOUNDS,OBSERVATION_ONLY,False,True,True,True,True,,35.79,,,,,"Historical best performance suggests this candidate profile has been feasible. The model re-predicts it under current material, environment, batch, and machine conditions. The reported saving is model-adjusted, not raw historical saving. Main uncertainty factors: , , . Rotor speed and ram averages are monitoring references, not setpoint recommendations unless confirmed controllable."
2024~1546888,1,M1-T33025XA-- 01 001,ML09,Silica,OilWet,Silica_OilWet,TEST_HOLDOUT,SILICA_ROUTE_GLOBAL_FALLBACK,L0_NEW_RECIPE_COLD_START,0,5,M1-T33025XA-- 01 002;M1-T15760---- 06 002;M1-T33025W3-- 04 003;M1-T15760B--- 01 003;M1-T33025W3-- 04 005,0.995,INTERSECT_BRANCH_SIMILAR_RECIPE_ENGINEERING_BOUNDS,OBSERVATION_ONLY,False,True,True,True,True,,33.28,,,,,"Historical best performance suggests this candidate profile has been feasible. The model re-predicts it under current material, environment, batch, and machine conditions. The reported saving is model-adjusted, not raw historical saving. Main uncertainty factors: , , . Rotor speed and ram averages are monitoring references, not setpoint recommendations unless confirmed controllable."
2024~1605749,1,M1-T01139B--- 14 003,MB03,Silica,OilWet,Silica_OilWet,TEST_HOLDOUT,SILICA_ROUTE_GLOBAL_FALLBACK,L0_NEW_RECIPE_COLD_START,0,5,M1-T17224---- 07 001;M1-T00011B2-- 16 001;M1-T00011B2-- 16 004;M1-T00011B8-- 01 004;M1-T00011B8-- 01 001,0.774,INTERSECT_BRANCH_SIMILAR_RECIPE_ENGINEERING_BOUNDS,OBSERVATION_ONLY,False,True,True,True,True,,0.0,,,,,"Historical best performance suggests this candidate profile has been feasible. The model re-predicts it under current material, environment, batch, and machine conditions. The reported saving is model-adjusted, not raw historical saving. Main uncertainty factors: , , . Rotor speed and ram averages are monitoring references, not setpoint recommendations unless confirmed controllable."
2024~1605749,2,M1-T01139B--- 14 003,MB03,Silica,OilWet,Silica_OilWet,TEST_HOLDOUT,SILICA_ROUTE_GLOBAL_FALLBACK,L0_NEW_RECIPE_COLD_START,0,5,M1-T17224---- 07 001;M1-T00011B2-- 16 001;M1-T00011B2-- 16 004;M1-T00011B8-- 01 004;M1-T00011B8-- 01 001,0.775,INTERSECT_BRANCH_SIMILAR_RECIPE_ENGINEERING_BOUNDS,OBSERVATION_ONLY,False,True,True,True,True,,0.0,,,,,"Historical best performance suggests this candidate profile has been feasible. The model re-predicts it under current material, environment, batch, and machine conditions. The reported saving is model-adjusted, not raw historical saving. Main uncertainty factors: , , . Rotor speed and ram averages are monitoring references, not setpoint recommendations unless confirmed controllable."
2024~1605749,3,M1-T01139B--- 14 003,MB03,Silica,OilWet,Silica_OilWet,TEST_HOLDOUT,SILICA_ROUTE_GLOBAL_FALLBACK,L0_NEW_RECIPE_COLD_START,0,5,M1-T17224---- 07 001;M1-T00011B2-- 16 001;M1-T00011B2-- 16 004;M1-T00011B8-- 01 004;M1-T00011B8-- 01 001,0.774,INTERSECT_BRANCH_SIMILAR_RECIPE_ENGINEERING_BOUNDS,OBSERVATION_ONLY,False,True,True,True,True,,0.0,,,,,"Historical best performance suggests this candidate profile has been feasible. The model re-predicts it under current material, environment, batch, and machine conditions. The reported saving is model-adjusted, not raw historical saving. Main uncertainty factors: , , . Rotor speed and ram averages are monitoring references, not setpoint recommendations unless confirmed controllable."
2024~1627908,8,M1-B00163RT-- 01 002,MB02,CarbonBlack,OilWet,CarbonBlack_OilWet,TEST_HOLDOUT,EXACT_RECIPE_MIXER_ROUTE,L3_SHADOW_REVIEW_READY,58,5,M1-B00163RT-- 01 001;M1-A00205W3-- 03 003;M1-A00205W4-- 01 001;M1-A00205W3-- 03 002;M1-B00163R4-- 01 003,0.993,VALIDATED_SHADOW_REVIEW,SHADOW_REVIEW_READY,True,True,False,True,True,,0.0,,,,,"Historical best performance suggests this candidate profile has been feasible. The model re-predicts it under current material, environment, batch, and machine conditions. The reported saving is model-adjusted, not raw historical saving. Main uncertainty factors: , , . Rotor speed and ram averages are monitoring references, not setpoint recommendations unless confirmed controllable."
2025~1667184,3,M1-T00011-M-- 01 003,ML10,Silica,OilWet,Silica_OilWet,TEST_HOLDOUT,EXACT_RECIPE_MIXER_ROUTE,L2_PRELIMINARY_RECIPE_WINDOW,20,5,M1-T00011-M-- 01 004;M1-T00011B2-- 23 003;M1-T00011B2-- 23 005;M1-T00011B2-- 23 006;M1-T01139-M-- 01 003,0.995,SHADOW_REVIEW_ONLY_WITH_PRELIMINARY_WINDOW,SHADOW_REVIEW_ONLY,False,True,True,True,True,,0.0,,,,,"Historical best performance suggests this candidate profile has been feasible. The model re-predicts it under current material, environment, batch, and machine conditions. The reported saving is model-adjusted, not raw historical saving. Main uncertainty factors: , , . Rotor speed and ram averages are monitoring references, not setpoint recommendations unless confirmed controllable."
2025~1667184,4,M1-T00011-M-- 01 003,ML10,Silica,OilWet,Silica_OilWet,TEST_HOLDOUT,EXACT_RECIPE_MIXER_ROUTE,L2_PRELIMINARY_RECIPE_WINDOW,20,5,M1-T00011-M-- 01 004;M1-T00011B2-- 23 003;M1-T00011B2-- 23 005;M1-T00011B2-- 23 006;M1-T01139-M-- 01 003,0.994,SHADOW_REVIEW_ONLY_WITH_PRELIMINARY_WINDOW,SHADOW_REVIEW_ONLY,False,True,True,True,True,,0.0,,,,,"Historical best performance suggests this candidate profile has been feasible. The model re-predicts it under current material, environment, batch, and machine conditions. The reported saving is model-adjusted, not raw historical saving. Main uncertainty factors: , , . Rotor speed and ram averages are monitoring references, not setpoint recommendations unless confirmed controllable."
2025~1686795,2,M1-T00011-M-- 01 003,ML10,Silica,OilWet,Silica_OilWet,TEST_HOLDOUT,EXACT_RECIPE_MIXER_ROUTE,L2_PRELIMINARY_RECIPE_WINDOW,20,5,M1-T00011-M-- 01 004;M1-T00011B2-- 23 003;M1-T00011B2-- 23 005;M1-T00011B2-- 23 006;M1-T01139-M-- 01 003,0.991,SHADOW_REVIEW_ONLY_WITH_PRELIMINARY_WINDOW,SHADOW_REVIEW_ONLY,False,True,True,True,True,,0.0,,,,,"Historical best performance suggests this candidate profile has been feasible. The model re-predicts it under current material, environment, batch, and machine conditions. The reported saving is model-adjusted, not raw historical saving. Main uncertainty factors: , , . Rotor speed and ram averages are monitoring references, not setpoint recommendations unless confirmed controllable."
2025~1735670,45,M1-T00011B2-- 16 002,MB03,Silica,OilWet,Silica_OilWet,TEST_HOLDOUT,SILICA_ROUTE_GLOBAL_FALLBACK,L0_NEW_RECIPE_COLD_START,0,5,M1-T00011B8-- 01 004;M1-T00011B8-- 01 001;M1-T00011B2-- 16 004;M1-T00011B2-- 16 001;M1-T00011B2-- 22 001,0.996,INTERSECT_BRANCH_SIMILAR_RECIPE_ENGINEERING_BOUNDS,OBSERVATION_ONLY,False,True,True,True,True,,0.0,,,,,"Historical best performance suggests this candidate profile has been feasible. The model re-predicts it under current material, environment, batch, and machine conditions. The reported saving is model-adjusted, not raw historical saving. Main uncertainty factors: , , . Rotor speed and ram averages are monitoring references, not setpoint recommendations unless confirmed controllable."
2025~1735670,46,M1-T00011B2-- 16 002,MB03,Silica,OilWet,Silica_OilWet,TEST_HOLDOUT,SILICA_ROUTE_GLOBAL_FALLBACK,L0_NEW_RECIPE_COLD_START,0,5,M1-T00011B8-- 01 004;M1-T00011B2-- 16 004;M1-T00011B8-- 01 001;M1-T00011B2-- 16 001;M1-T00011B2-- 22 001,0.997,INTERSECT_BRANCH_SIMILAR_RECIPE_ENGINEERING_BOUNDS,OBSERVATION_ONLY,False,True,True,True,True,,0.0,,,,,"Historical best performance suggests this candidate profile has been feasible. The model re-predicts it under current material, environment, batch, and machine conditions. The reported saving is model-adjusted, not raw historical saving. Main uncertainty factors: , , . Rotor speed and ram averages are monitoring references, not setpoint recommendations unless confirmed controllable."
2025~1735670,47,M1-T00011B2-- 16 002,MB03,Silica,OilWet,Silica_OilWet,TEST_HOLDOUT,SILICA_ROUTE_GLOBAL_FALLBACK,L0_NEW_RECIPE_COLD_START,0,5,M1-T00011B8-- 01 004;M1-T00011B2-- 16 004;M1-T00011B8-- 01 001;M1-T00011B2-- 16 001;M1-T00011B2-- 22 001,0.997,INTERSECT_BRANCH_SIMILAR_RECIPE_ENGINEERING_BOUNDS,OBSERVATION_ONLY,False,True,True,True,True,,0.0,,,,,"Historical best performance suggests this candidate profile has been feasible. The model re-predicts it under current material, environment, batch, and machine conditions. The reported saving is model-adjusted, not raw historical saving. Main uncertainty factors: , , . Rotor speed and ram averages are monitoring references, not setpoint recommendations unless confirmed controllable."
2025~1753546,16,M1-T00011-M-- 01 004,ML10,Silica,OilWet,Silica_OilWet,TEST_HOLDOUT,EXACT_RECIPE_MIXER_ROUTE,L2_PRELIMINARY_RECIPE_WINDOW,10,5,M1-T00011B2-- 23 003;M1-T00011B2-- 23 005;M1-T00011-M-- 01 003;M1-T00011B2-- 23 006;M1-T01139-M-- 01 003,0.968,SHADOW_REVIEW_ONLY_WITH_PRELIMINARY_WINDOW,SHADOW_REVIEW_ONLY,False,True,True,True,True,,0.0,,,,,"Historical best performance suggests this candidate profile has been feasible. The model re-predicts it under current material, environment, batch, and machine conditions. The reported saving is model-adjusted, not raw historical saving. Main uncertainty factors: , , . Rotor speed and ram averages are monitoring references, not setpoint recommendations unless confirmed controllable."
2025~1760767,9,M1-T00011-M-- 01 004,ML10,Silica,OilWet,Silica_OilWet,TEST_HOLDOUT,EXACT_RECIPE_MIXER_ROUTE,L2_PRELIMINARY_RECIPE_WINDOW,10,5,M1-T00011B2-- 23 003;M1-T00011-M-- 01 003;M1-T00011B2-- 23 005;M1-T00011B2-- 23 006;M1-T01139-M-- 01 003,0.972,SHADOW_REVIEW_ONLY_WITH_PRELIMINARY_WINDOW,SHADOW_REVIEW_ONLY,False,True,True,True,True,,0.0,,,,,"Historical best performance suggests this candidate profile has been feasible. The model re-predicts it under current material, environment, batch, and machine conditions. The reported saving is model-adjusted, not raw historical saving. Main uncertainty factors: , , . Rotor speed and ram averages are monitoring references, not setpoint recommendations unless confirmed controllable."
2025~1771771,25,M1-A00205W3-- 03 003,MB02,CarbonBlack,OilWet,CarbonBlack_OilWet,TEST_HOLDOUT,EXACT_RECIPE_MIXER_ROUTE,L3_SHADOW_REVIEW_READY,86,5,M1-A00205W3-- 03 002;M1-A00205W4-- 01 001;M1-B00163RT-- 01 001;M1-B00163RT-- 01 002;M1-B00163R4-- 01 003,0.977,VALIDATED_SHADOW_REVIEW,SHADOW_REVIEW_READY,True,True,False,True,True,,0.0,,,,,"Historical best performance suggests this candidate profile has been feasible. The model re-predicts it under current material, environment, batch, and machine conditions. The reported saving is model-adjusted, not raw historical saving. Main uncertainty factors: , , . Rotor speed and ram averages are monitoring references, not setpoint recommendations unless confirmed controllable."
2064013,1,M1-B00163XM-- 02 003,MB02,CarbonBlack,OilWet,CarbonBlack_OilWet,TEST_HOLDOUT,EXACT_RECIPE_MIXER_ROUTE,L1_SIMILAR_RECIPE_REFERENCE,4,5,M1-B00163R4-- 01 004;M1-B00163XV-- 01 001;M1-B00163R4-- 01 003;M1-B00163XV-- 01 002;M1-B00163XV-- 01 003,0.93,INTERSECT_BRANCH_SIMILAR_RECIPE_ENGINEERING_BOUNDS,REFERENCE_ONLY,True,True,False,True,True,,0.0,,,,,"Historical best performance suggests this candidate profile has been feasible. The model re-predicts it under current material, environment, batch, and machine conditions. The reported saving is model-adjusted, not raw historical saving. Main uncertainty factors: , , . Rotor speed and ram averages are monitoring references, not setpoint recommendations unless confirmed controllable."
2064013,2,M1-B00163XM-- 02 003,MB02,CarbonBlack,OilWet,CarbonBlack_OilWet,TEST_HOLDOUT,EXACT_RECIPE_MIXER_ROUTE,L1_SIMILAR_RECIPE_REFERENCE,4,5,M1-B00163R4-- 01 004;M1-B00163XV-- 01 001;M1-B00163R4-- 01 003;M1-B00163XV-- 01 002;M1-B00163XV-- 01 003,0.93,INTERSECT_BRANCH_SIMILAR_RECIPE_ENGINEERING_BOUNDS,REFERENCE_ONLY,True,True,False,True,True,,0.0,,,,,"Historical best performance suggests this candidate profile has been feasible. The model re-predicts it under current material, environment, batch, and machine conditions. The reported saving is model-adjusted, not raw historical saving. Main uncertainty factors: , , . Rotor speed and ram averages are monitoring references, not setpoint recommendations unless confirmed controllable."
2094369,7,M1-T10035B6-- 03 001,MB02,Silica,OilWet,Silica_OilWet,TEST_HOLDOUT,SILICA_ROUTE_GLOBAL_FALLBACK,L0_NEW_RECIPE_COLD_START,0,5,M1-T10035B7-- 02 001;M1-T17054B--- 01 001;M1-S08156---- 18 001;M1-S08156B1-- 03 002;M1-T17054---- 02 006,0.914,INTERSECT_BRANCH_SIMILAR_RECIPE_ENGINEERING_BOUNDS,OBSERVATION_ONLY,False,True,True,True,True,,0.0,,,,,"Historical best performance suggests this candidate profile has been feasible. The model re-predicts it under current material, environment, batch, and machine conditions. The reported saving is model-adjusted, not raw historical saving. Main uncertainty factors: , , . Rotor speed and ram averages are monitoring references, not setpoint recommendations unless confirmed controllable."
2204930,3,M1-S00211---- 10 001,ML09,Silica,OilWet,Silica_OilWet,TEST_HOLDOUT,SILICA_ROUTE_GLOBAL_FALLBACK,L0_NEW_RECIPE_COLD_START,0,5,M1-S00211B--- 05 003;M1-T15760---- 06 002;M1-T15760B--- 01 003;M1-T15760---- 06 001;M1-T15760XP-- 01 003,0.974,INTERSECT_BRANCH_SIMILAR_RECIPE_ENGINEERING_BOUNDS,OBSERVATION_ONLY,False,True,True,True,True,,0.0,,,,,"Historical best performance suggests this candidate profile has been feasible. The model re-predicts it under current material, environment, batch, and machine conditions. The reported saving is model-adjusted, not raw historical saving. Main uncertainty factors: , , . Rotor speed and ram averages are monitoring references, not setpoint recommendations unless confirmed controllable."
2204930,4,M1-S00211---- 10 001,ML09,Silica,OilWet,Silica_OilWet,TEST_HOLDOUT,SILICA_ROUTE_GLOBAL_FALLBACK,L0_NEW_RECIPE_COLD_START,0,5,M1-S00211B--- 05 003;M1-T15760---- 06 002;M1-T15760B--- 01 003;M1-T15760---- 06 001;M1-T15760XP-- 01 003,0.975,INTERSECT_BRANCH_SIMILAR_RECIPE_ENGINEERING_BOUNDS,OBSERVATION_ONLY,False,True,True,True,True,,0.0,,,,,"Historical best performance suggests this candidate profile has been feasible. The model re-predicts it under current material, environment, batch, and machine conditions. The reported saving is model-adjusted, not raw historical saving. Main uncertainty factors: , , . Rotor speed and ram averages are monitoring references, not setpoint recommendations unless confirmed controllable."
2244676,4,M1-B00163R4-- 01 004,MB02,CarbonBlack,OilWet,CarbonBlack_OilWet,TEST_HOLDOUT,EXACT_RECIPE_MIXER_ROUTE,L2_PRELIMINARY_RECIPE_WINDOW,22,5,M1-B00163XV-- 01 001;M1-B00163R4-- 01 003;M1-B00163XV-- 01 002;M1-B00163---- 08 005;M1-B00163XM-- 02 003,0.976,SHADOW_REVIEW_ONLY_WITH_PRELIMINARY_WINDOW,SHADOW_REVIEW_ONLY,True,True,False,True,True,,0.0,,,,,"Historical best performance suggests this candidate profile has been feasible. The model re-predicts it under current material, environment, batch, and machine conditions. The reported saving is model-adjusted, not raw historical saving. Main uncertainty factors: , , . Rotor speed and ram averages are monitoring references, not setpoint recommendations unless confirmed controllable."
2244676,5,M1-B00163R4-- 01 004,MB02,CarbonBlack,OilWet,CarbonBlack_OilWet,TEST_HOLDOUT,EXACT_RECIPE_MIXER_ROUTE,L2_PRELIMINARY_RECIPE_WINDOW,22,5,M1-B00163XV-- 01 001;M1-B00163R4-- 01 003;M1-B00163XV-- 01 002;M1-B00163---- 08 005;M1-B00163XM-- 02 003,0.975,SHADOW_REVIEW_ONLY_WITH_PRELIMINARY_WINDOW,SHADOW_REVIEW_ONLY,True,True,False,True,True,,0.0,,,,,"Historical best performance suggests this candidate profile has been feasible. The model re-predicts it under current material, environment, batch, and machine conditions. The reported saving is model-adjusted, not raw historical saving. Main uncertainty factors: , , . Rotor speed and ram averages are monitoring references, not setpoint recommendations unless confirmed controllable."
2244676,6,M1-B00163R4-- 01 004,MB02,CarbonBlack,OilWet,CarbonBlack_OilWet,TEST_HOLDOUT,EXACT_RECIPE_MIXER_ROUTE,L2_PRELIMINARY_RECIPE_WINDOW,22,5,M1-B00163XV-- 01 001;M1-B00163R4-- 01 003;M1-B00163XV-- 01 002;M1-B00163---- 08 005;M1-B00163XM-- 02 003,0.975,SHADOW_REVIEW_ONLY_WITH_PRELIMINARY_WINDOW,SHADOW_REVIEW_ONLY,True,True,False,True,True,,0.0,,,,,"Historical best performance suggests this candidate profile has been feasible. The model re-predicts it under current material, environment, batch, and machine conditions. The reported saving is model-adjusted, not raw historical saving. Main uncertainty factors: , , . Rotor speed and ram averages are monitoring references, not setpoint recommendations unless confirmed controllable."
2239581,2,M1-S08156B1-- 01 004,ML07,Silica,OilWet,Silica_OilWet,TEST_HOLDOUT,EXACT_RECIPE_MIXER_ROUTE,L1_SIMILAR_RECIPE_REFERENCE,1,5,M1-S08156B1-- 01 003;M1-S08156---- 20 001;M1-S08156B1-- 01 005;M1-T05073XV-- 01 001;M1-T05073---- 06 007,0.998,INTERSECT_BRANCH_SIMILAR_RECIPE_ENGINEERING_BOUNDS,REFERENCE_ONLY,False,True,True,True,True,,0.0,,,,,"Historical best performance suggests this candidate profile has been feasible. The model re-predicts it under current material, environment, batch, and machine conditions. The reported saving is model-adjusted, not raw historical saving. Main uncertainty factors: , , . Rotor speed and ram averages are monitoring references, not setpoint recommendations unless confirmed controllable."
2273329,56,M1-B15563R1-- 03 002,MB02,CarbonBlack,OilWet,CarbonBlack_OilWet,TEST_HOLDOUT,UNAVAILABLE,L0_NEW_RECIPE_COLD_START,0,5,M1-B00458---- 12 008;M1-B00458XV-- 01 002;M1-B00458B1-- 02 003;M1-B00458---- 12 003;M1-B00458---- 12 007,0.884,INTERSECT_BRANCH_SIMILAR_RECIPE_ENGINEERING_BOUNDS,OBSERVATION_ONLY,True,True,False,True,True,,,,,,,"Historical best performance suggests this candidate profile has been feasible. The model re-predicts it under current material, environment, batch, and machine conditions. The reported saving is model-adjusted, not raw historical saving. Main uncertainty factors: , , . Rotor speed and ram averages are monitoring references, not setpoint recommendations unless confirmed controllable."
2273329,57,M1-B15563R1-- 03 002,MB02,CarbonBlack,OilWet,CarbonBlack_OilWet,TEST_HOLDOUT,UNAVAILABLE,L0_NEW_RECIPE_COLD_START,0,5,M1-B00458---- 12 008;M1-B00458XV-- 01 002;M1-B00458B1-- 02 003;M1-B00458---- 12 003;M1-B00458---- 12 007,0.885,INTERSECT_BRANCH_SIMILAR_RECIPE_ENGINEERING_BOUNDS,OBSERVATION_ONLY,True,True,False,True,True,,,,,,,"Historical best performance suggests this candidate profile has been feasible. The model re-predicts it under current material, environment, batch, and machine conditions. The reported saving is model-adjusted, not raw historical saving. Main uncertainty factors: , , . Rotor speed and ram averages are monitoring references, not setpoint recommendations unless confirmed controllable."
2273329,58,M1-B15563R1-- 03 002,MB02,CarbonBlack,OilWet,CarbonBlack_OilWet,TEST_HOLDOUT,UNAVAILABLE,L0_NEW_RECIPE_COLD_START,0,5,M1-B00458---- 12 008;M1-B00458XV-- 01 002;M1-B00458B1-- 02 003;M1-B00458---- 12 003;M1-B00458---- 12 007,0.884,INTERSECT_BRANCH_SIMILAR_RECIPE_ENGINEERING_BOUNDS,OBSERVATION_ONLY,True,True,False,True,True,,,,,,,"Historical best performance suggests this candidate profile has been feasible. The model re-predicts it under current material, environment, batch, and machine conditions. The reported saving is model-adjusted, not raw historical saving. Main uncertainty factors: , , . Rotor speed and ram averages are monitoring references, not setpoint recommendations unless confirmed controllable."
2287018,1,M1-S08156B1-- 01 004,ML07,Silica,OilWet,Silica_OilWet,TEST_HOLDOUT,EXACT_RECIPE_MIXER_ROUTE,L1_SIMILAR_RECIPE_REFERENCE,1,5,M1-S08156B1-- 01 003;M1-S08156---- 20 001;M1-S08156B1-- 01 005;M1-T05073XV-- 01 001;M1-T05073---- 06 007,0.994,INTERSECT_BRANCH_SIMILAR_RECIPE_ENGINEERING_BOUNDS,REFERENCE_ONLY,False,True,True,True,True,,0.0,,,,,"Historical best performance suggests this candidate profile has been feasible. The model re-predicts it under current material, environment, batch, and machine conditions. The reported saving is model-adjusted, not raw historical saving. Main uncertainty factors: , , . Rotor speed and ram averages are monitoring references, not setpoint recommendations unless confirmed controllable."
2287018,2,M1-S08156B1-- 01 004,ML07,Silica,OilWet,Silica_OilWet,TEST_HOLDOUT,EXACT_RECIPE_MIXER_ROUTE,L1_SIMILAR_RECIPE_REFERENCE,1,5,M1-S08156B1-- 01 003;M1-S08156---- 20 001;M1-S08156B1-- 01 005;M1-T05073XV-- 01 001;M1-T05073---- 06 007,0.994,INTERSECT_BRANCH_SIMILAR_RECIPE_ENGINEERING_BOUNDS,REFERENCE_ONLY,False,True,True,True,True,,0.0,,,,,"Historical best performance suggests this candidate profile has been feasible. The model re-predicts it under current material, environment, batch, and machine conditions. The reported saving is model-adjusted, not raw historical saving. Main uncertainty factors: , , . Rotor speed and ram averages are monitoring references, not setpoint recommendations unless confirmed controllable."
2322099,57,M1-T00011B2-- 23 003,ML10,Silica,OilWet,Silica_OilWet,TEST_HOLDOUT,EXACT_RECIPE_MIXER_ROUTE,L1_SIMILAR_RECIPE_REFERENCE,1,5,M1-T00011B2-- 23 005;M1-T00011-M-- 01 004;M1-T00011B2-- 23 006;M1-T00011-M-- 01 003;M1-T01139-M-- 01 003,0.993,INTERSECT_BRANCH_SIMILAR_RECIPE_ENGINEERING_BOUNDS,REFERENCE_ONLY,False,True,True,True,True,,0.0,,,,,"Historical best performance suggests this candidate profile has been feasible. The model re-predicts it under current material, environment, batch, and machine conditions. The reported saving is model-adjusted, not raw historical saving. Main uncertainty factors: , , . Rotor speed and ram averages are monitoring references, not setpoint recommendations unless confirmed controllable."
2323549,1,M1-T01139-A-- 02 001,MB02,Silica,OilWet,Silica_OilWet,TEST_HOLDOUT,SILICA_ROUTE_GLOBAL_FALLBACK,L0_NEW_RECIPE_COLD_START,0,5,M1-T17054---- 02 007;M1-T17054---- 02 006;M1-T00011B2-- 14 001;M1-T00011B2-- 14 004;M1-T00011B2-- 21 001,0.801,INTERSECT_BRANCH_SIMILAR_RECIPE_ENGINEERING_BOUNDS,OBSERVATION_ONLY,False,True,True,True,True,,16.67,,,,,"Historical best performance suggests this candidate profile has been feasible. The model re-predicts it under current material, environment, batch, and machine conditions. The reported saving is model-adjusted, not raw historical saving. Main uncertainty factors: , , . Rotor speed and ram averages are monitoring references, not setpoint recommendations unless confirmed controllable."
2323549,2,M1-T01139-A-- 02 001,MB02,Silica,OilWet,Silica_OilWet,TEST_HOLDOUT,SILICA_ROUTE_GLOBAL_FALLBACK,L0_NEW_RECIPE_COLD_START,0,5,M1-T17054---- 02 007;M1-T17054---- 02 006;M1-T00011B2-- 14 001;M1-T00011B2-- 14 004;M1-T00011B2-- 21 001,0.801,INTERSECT_BRANCH_SIMILAR_RECIPE_ENGINEERING_BOUNDS,OBSERVATION_ONLY,False,True,True,True,True,,15.92,,,,,"Historical best performance suggests this candidate profile has been feasible. The model re-predicts it under current material, environment, batch, and machine conditions. The reported saving is model-adjusted, not raw historical saving. Main uncertainty factors: , , . Rotor speed and ram averages are monitoring references, not setpoint recommendations unless confirmed controllable."
2323549,4,M1-T01139-A-- 02 001,MB02,Silica,OilWet,Silica_OilWet,TEST_HOLDOUT,SILICA_ROUTE_GLOBAL_FALLBACK,L0_NEW_RECIPE_COLD_START,0,5,M1-T17054---- 02 007;M1-T17054---- 02 006;M1-T00011B2-- 14 001;M1-T00011B2-- 14 004;M1-T00011B2-- 21 001,0.802,INTERSECT_BRANCH_SIMILAR_RECIPE_ENGINEERING_BOUNDS,OBSERVATION_ONLY,False,True,True,True,True,,13.55,,,,,"Historical best performance suggests this candidate profile has been feasible. The model re-predicts it under current material, environment, batch, and machine conditions. The reported saving is model-adjusted, not raw historical saving. Main uncertainty factors: , , . Rotor speed and ram averages are monitoring references, not setpoint recommendations unless confirmed controllable."
2363438,1,M1-S08156---- 20 002,ML07,Silica,OilWet,Silica_OilWet,TEST_HOLDOUT,SILICA_ROUTE_GLOBAL_FALLBACK,L0_NEW_RECIPE_COLD_START,0,5,M1-S08156---- 20 001;M1-S08156B1-- 01 005;M1-S08156B1-- 01 004;M1-S08156B1-- 01 003;M1-T05073XV-- 01 001,0.99,INTERSECT_BRANCH_SIMILAR_RECIPE_ENGINEERING_BOUNDS,OBSERVATION_ONLY,False,True,True,True,True,,0.0,,,,,"Historical best performance suggests this candidate profile has been feasible. The model re-predicts it under current material, environment, batch, and machine conditions. The reported saving is model-adjusted, not raw historical saving. Main uncertainty factors: , , . Rotor speed and ram averages are monitoring references, not setpoint recommendations unless confirmed controllable."
2363438,2,M1-S08156---- 20 002,ML07,Silica,OilWet,Silica_OilWet,TEST_HOLDOUT,SILICA_ROUTE_GLOBAL_FALLBACK,L0_NEW_RECIPE_COLD_START,0,5,M1-S08156---- 20 001;M1-S08156B1-- 01 005;M1-S08156B1-- 01 004;M1-S08156B1-- 01 003;M1-T05073XV-- 01 001,0.989,INTERSECT_BRANCH_SIMILAR_RECIPE_ENGINEERING_BOUNDS,OBSERVATION_ONLY,False,True,True,True,True,,0.0,,,,,"Historical best performance suggests this candidate profile has been feasible. The model re-predicts it under current material, environment, batch, and machine conditions. The reported saving is model-adjusted, not raw historical saving. Main uncertainty factors: , , . Rotor speed and ram averages are monitoring references, not setpoint recommendations unless confirmed controllable."
2363438,3,M1-S08156---- 20 002,ML07,Silica,OilWet,Silica_OilWet,TEST_HOLDOUT,SILICA_ROUTE_GLOBAL_FALLBACK,L0_NEW_RECIPE_COLD_START,0,5,M1-S08156---- 20 001;M1-S08156B1-- 01 005;M1-S08156B1-- 01 004;M1-S08156B1-- 01 003;M1-T05073XV-- 01 001,0.989,INTERSECT_BRANCH_SIMILAR_RECIPE_ENGINEERING_BOUNDS,OBSERVATION_ONLY,False,True,True,True,True,,0.0,,,,,"Historical best performance suggests this candidate profile has been feasible. The model re-predicts it under current material, environment, batch, and machine conditions. The reported saving is model-adjusted, not raw historical saving. Main uncertainty factors: , , . Rotor speed and ram averages are monitoring references, not setpoint recommendations unless confirmed controllable."
2379091,1,M1-T09170---- 23 004,MB03,Silica,OilWet,Silica_OilWet,TEST_HOLDOUT,EXACT_RECIPE_MIXER_ROUTE,L3_SHADOW_REVIEW_READY,68,5,M1-T09170WS-- 02 004;M1-T09170WS-- 02 003;M1-T09170---- 23 003;M1-T09170XT-- 03 001;M1-T09170WZ-- 01 001,0.977,VALIDATED_SHADOW_REVIEW,SHADOW_REVIEW_READY,False,True,True,True,True,,0.0,,,,,"Historical best performance suggests this candidate profile has been feasible. The model re-predicts it under current material, environment, batch, and machine conditions. The reported saving is model-adjusted, not raw historical saving. Main uncertainty factors: , , . Rotor speed and ram averages are monitoring references, not setpoint recommendations unless confirmed controllable."
2379091,2,M1-T09170---- 23 004,MB03,Silica,OilWet,Silica_OilWet,TEST_HOLDOUT,EXACT_RECIPE_MIXER_ROUTE,L3_SHADOW_REVIEW_READY,68,5,M1-T09170WS-- 02 004;M1-T09170WS-- 02 003;M1-T09170---- 23 003;M1-T09170XT-- 03 001;M1-T09170WZ-- 01 001,0.977,VALIDATED_SHADOW_REVIEW,SHADOW_REVIEW_READY,False,True,True,True,True,,0.0,,,,,"Historical best performance suggests this candidate profile has been feasible. The model re-predicts it under current material, environment, batch, and machine conditions. The reported saving is model-adjusted, not raw historical saving. Main uncertainty factors: , , . Rotor speed and ram averages are monitoring references, not setpoint recommendations unless confirmed controllable."
2379091,3,M1-T09170---- 23 004,MB03,Silica,OilWet,Silica_OilWet,TEST_HOLDOUT,EXACT_RECIPE_MIXER_ROUTE,L3_SHADOW_REVIEW_READY,68,5,M1-T09170WS-- 02 004;M1-T09170WS-- 02 003;M1-T09170---- 23 003;M1-T09170XT-- 03 001;M1-T09170WZ-- 01 001,0.978,VALIDATED_SHADOW_REVIEW,SHADOW_REVIEW_READY,False,True,True,True,True,,0.0,,,,,"Historical best performance suggests this candidate profile has been feasible. The model re-predicts it under current material, environment, batch, and machine conditions. The reported saving is model-adjusted, not raw historical saving. Main uncertainty factors: , , . Rotor speed and ram averages are monitoring references, not setpoint recommendations unless confirmed controllable."
2411294,20,M1-A06441R1-- 04 001,MB02,CarbonBlack,OilWet,CarbonBlack_OilWet,TEST_HOLDOUT,EXACT_RECIPE_MIXER_ROUTE,L1_SIMILAR_RECIPE_REFERENCE,5,5,M1-A06441R2-- 01 005;M1-R00037W9-- 03 001;M1-A00268R2-- 05 001;M1-A00268R2-- 05 006;M1-A00268R2-- 05 003,0.98,INTERSECT_BRANCH_SIMILAR_RECIPE_ENGINEERING_BOUNDS,REFERENCE_ONLY,True,True,False,True,True,,0.0,,,,,"Historical best performance suggests this candidate profile has been feasible. The model re-predicts it under current material, environment, batch, and machine conditions. The reported saving is model-adjusted, not raw historical saving. Main uncertainty factors: , , . Rotor speed and ram averages are monitoring references, not setpoint recommendations unless confirmed controllable."
2397476,38,M1-M08161Y--- 02 011,MB02,CarbonBlack,OilWet,CarbonBlack_OilWet,TEST_HOLDOUT,UNAVAILABLE,L0_NEW_RECIPE_COLD_START,0,5,M1-M08161X3-- 01 001;M1-A44268---- 01 002;M1-B00163R4-- 01 003;M1-B00163XV-- 01 001;M1-A00205W4-- 01 001,0.912,INTERSECT_BRANCH_SIMILAR_RECIPE_ENGINEERING_BOUNDS,OBSERVATION_ONLY,True,True,False,True,True,,,,,,,"Historical best performance suggests this candidate profile has been feasible. The model re-predicts it under current material, environment, batch, and machine conditions. The reported saving is model-adjusted, not raw historical saving. Main uncertainty factors: , , . Rotor speed and ram averages are monitoring references, not setpoint recommendations unless confirmed controllable."
2397476,40,M1-M08161Y--- 02 011,MB02,CarbonBlack,OilWet,CarbonBlack_OilWet,TEST_HOLDOUT,UNAVAILABLE,L0_NEW_RECIPE_COLD_START,0,5,M1-M08161X3-- 01 001;M1-A44268---- 01 002;M1-B00163R4-- 01 003;M1-B00163XV-- 01 001;M1-A00205W4-- 01 001,0.912,INTERSECT_BRANCH_SIMILAR_RECIPE_ENGINEERING_BOUNDS,OBSERVATION_ONLY,True,True,False,True,True,,,,,,,"Historical best performance suggests this candidate profile has been feasible. The model re-predicts it under current material, environment, batch, and machine conditions. The reported saving is model-adjusted, not raw historical saving. Main uncertainty factors: , , . Rotor speed and ram averages are monitoring references, not setpoint recommendations unless confirmed controllable."
2397476,41,M1-M08161Y--- 02 011,MB02,CarbonBlack,OilWet,CarbonBlack_OilWet,TEST_HOLDOUT,UNAVAILABLE,L0_NEW_RECIPE_COLD_START,0,5,M1-M08161X3-- 01 001;M1-A44268---- 01 002;M1-B00163R4-- 01 003;M1-B00163XV-- 01 001;M1-A00205W4-- 01 001,0.912,INTERSECT_BRANCH_SIMILAR_RECIPE_ENGINEERING_BOUNDS,OBSERVATION_ONLY,True,True,False,True,True,,,,,,,"Historical best performance suggests this candidate profile has been feasible. The model re-predicts it under current material, environment, batch, and machine conditions. The reported saving is model-adjusted, not raw historical saving. Main uncertainty factors: , , . Rotor speed and ram averages are monitoring references, not setpoint recommendations unless confirmed controllable."
7450075,24,M1-T00011B2-- 22 004,MB03,Silica,OilWet,Silica_OilWet,TEST_HOLDOUT,SILICA_ROUTE_GLOBAL_FALLBACK,L0_NEW_RECIPE_COLD_START,0,5,M1-T00011B2-- 22 005;M1-T00011B8-- 01 001;M1-T00011B8-- 01 004;M1-T00011XZ-- 04 002;M1-T00011B2-- 16 004,0.984,INTERSECT_BRANCH_SIMILAR_RECIPE_ENGINEERING_BOUNDS,OBSERVATION_ONLY,False,True,True,True,True,,0.0,,,,,"Historical best performance suggests this candidate profile has been feasible. The model re-predicts it under current material, environment, batch, and machine conditions. The reported saving is model-adjusted, not raw historical saving. Main uncertainty factors: , , . Rotor speed and ram averages are monitoring references, not setpoint recommendations unless confirmed controllable."
7450075,98,M1-T00011B2-- 22 004,MB03,Silica,OilWet,Silica_OilWet,TEST_HOLDOUT,SILICA_ROUTE_GLOBAL_FALLBACK,L0_NEW_RECIPE_COLD_START,0,5,M1-T00011XZ-- 04 002;M1-T00011B2-- 16 004;M1-T00011B8-- 01 004;M1-T00011B2-- 16 001;M1-T00011B2-- 22 005,0.98,INTERSECT_BRANCH_SIMILAR_RECIPE_ENGINEERING_BOUNDS,OBSERVATION_ONLY,False,True,True,True,True,,0.0,,,,,"Historical best performance suggests this candidate profile has been feasible. The model re-predicts it under current material, environment, batch, and machine conditions. The reported saving is model-adjusted, not raw historical saving. Main uncertainty factors: , , . Rotor speed and ram averages are monitoring references, not setpoint recommendations unless confirmed controllable."
7450075,100,M1-T00011B2-- 22 004,MB03,Silica,OilWet,Silica_OilWet,TEST_HOLDOUT,SILICA_ROUTE_GLOBAL_FALLBACK,L0_NEW_RECIPE_COLD_START,0,5,M1-T00011XZ-- 04 002;M1-T00011B2-- 16 004;M1-T00011B8-- 01 004;M1-T00011B2-- 16 001;M1-T00011B2-- 22 005,0.98,INTERSECT_BRANCH_SIMILAR_RECIPE_ENGINEERING_BOUNDS,OBSERVATION_ONLY,False,True,True,True,True,,0.0,,,,,"Historical best performance suggests this candidate profile has been feasible. The model re-predicts it under current material, environment, batch, and machine conditions. The reported saving is model-adjusted, not raw historical saving. Main uncertainty factors: , , . Rotor speed and ram averages are monitoring references, not setpoint recommendations unless confirmed controllable."
7521257,49,M1-B00460B--- 04 009,ML10,CarbonBlack,OilWet,CarbonBlack_OilWet,TEST_HOLDOUT,EXACT_RECIPE_MIXER_ROUTE,L1_SIMILAR_RECIPE_REFERENCE,2,5,M1-B00460B--- 04 007;M1-B00460XP-- 02 001;M1-B00460B--- 04 002;M1-B00460-M-- 01 003;M1-B00460B--- 04 001,0.982,INTERSECT_BRANCH_SIMILAR_RECIPE_ENGINEERING_BOUNDS,REFERENCE_ONLY,True,True,False,True,True,,0.0,,,,,"Historical best performance suggests this candidate profile has been feasible. The model re-predicts it under current material, environment, batch, and machine conditions. The reported saving is model-adjusted, not raw historical saving. Main uncertainty factors: , , . Rotor speed and ram averages are monitoring references, not setpoint recommendations unless confirmed controllable."
7521257,50,M1-B00460B--- 04 009,ML10,CarbonBlack,OilWet,CarbonBlack_OilWet,TEST_HOLDOUT,EXACT_RECIPE_MIXER_ROUTE,L1_SIMILAR_RECIPE_REFERENCE,2,5,M1-B00460XP-- 02 001;M1-B00460B--- 04 007;M1-B00460B--- 04 002;M1-B00460-M-- 01 003;M1-B00460B--- 04 001,0.981,INTERSECT_BRANCH_SIMILAR_RECIPE_ENGINEERING_BOUNDS,REFERENCE_ONLY,True,True,False,True,True,,0.0,,,,,"Historical best performance suggests this candidate profile has been feasible. The model re-predicts it under current material, environment, batch, and machine conditions. The reported saving is model-adjusted, not raw historical saving. Main uncertainty factors: , , . Rotor speed and ram averages are monitoring references, not setpoint recommendations unless confirmed controllable."
7511035,14,M1-T19327---- 01 003,ML07,Silica,OilWet,Silica_OilWet,TEST_HOLDOUT,EXACT_RECIPE_MIXER_ROUTE,L1_SIMILAR_RECIPE_REFERENCE,1,5,M1-T19327---- 01 004;M1-T19327---- 01 005;M1-T15611W2-- 01 001;M1-T15760---- 08 001;M1-T16455---- 06 001,0.982,INTERSECT_BRANCH_SIMILAR_RECIPE_ENGINEERING_BOUNDS,REFERENCE_ONLY,False,True,True,True,True,,0.0,,,,,"Historical best performance suggests this candidate profile has been feasible. The model re-predicts it under current material, environment, batch, and machine conditions. The reported saving is model-adjusted, not raw historical saving. Main uncertainty factors: , , . Rotor speed and ram averages are monitoring references, not setpoint recommendations unless confirmed controllable."
7511035,15,M1-T19327---- 01 003,ML07,Silica,OilWet,Silica_OilWet,TEST_HOLDOUT,EXACT_RECIPE_MIXER_ROUTE,L1_SIMILAR_RECIPE_REFERENCE,1,5,M1-T19327---- 01 004;M1-T19327---- 01 005;M1-T15611W2-- 01 001;M1-T15760---- 08 001;M1-T16455---- 06 001,0.982,INTERSECT_BRANCH_SIMILAR_RECIPE_ENGINEERING_BOUNDS,REFERENCE_ONLY,False,True,True,True,True,,0.0,,,,,"Historical best performance suggests this candidate profile has been feasible. The model re-predicts it under current material, environment, batch, and machine conditions. The reported saving is model-adjusted, not raw historical saving. Main uncertainty factors: , , . Rotor speed and ram averages are monitoring references, not setpoint recommendations unless confirmed controllable."
7555805,61,M1-B00460B--- 04 009,ML10,CarbonBlack,OilWet,CarbonBlack_OilWet,TEST_HOLDOUT,EXACT_RECIPE_MIXER_ROUTE,L1_SIMILAR_RECIPE_REFERENCE,2,5,M1-B00460B--- 04 007;M1-B00460B--- 04 002;M1-B00460B--- 04 001;M1-B00460XP-- 02 001;M1-B00460B--- 04 004,0.987,INTERSECT_BRANCH_SIMILAR_RECIPE_ENGINEERING_BOUNDS,REFERENCE_ONLY,True,True,False,True,True,,0.0,,,,,"Historical best performance suggests this candidate profile has been feasible. The model re-predicts it under current material, environment, batch, and machine conditions. The reported saving is model-adjusted, not raw historical saving. Main uncertainty factors: , , . Rotor speed and ram averages are monitoring references, not setpoint recommendations unless confirmed controllable."
7569403,1,M1-T10035B6-- 03 002,MB02,Silica,OilWet,Silica_OilWet,TEST_HOLDOUT,SILICA_ROUTE_GLOBAL_FALLBACK,L0_NEW_RECIPE_COLD_START,0,5,M1-T10035B7-- 02 001;M1-T17054B--- 01 001;M1-S08156---- 18 001;M1-T00011B2-- 14 004;M1-T00011B2-- 14 001,0.944,INTERSECT_BRANCH_SIMILAR_RECIPE_ENGINEERING_BOUNDS,OBSERVATION_ONLY,False,True,True,True,True,,12.91,,,,,"Historical best performance suggests this candidate profile has been feasible. The model re-predicts it under current material, environment, batch, and machine conditions. The reported saving is model-adjusted, not raw historical saving. Main uncertainty factors: , , . Rotor speed and ram averages are monitoring references, not setpoint recommendations unless confirmed controllable."
7569403,2,M1-T10035B6-- 03 002,MB02,Silica,OilWet,Silica_OilWet,TEST_HOLDOUT,SILICA_ROUTE_GLOBAL_FALLBACK,L0_NEW_RECIPE_COLD_START,0,5,M1-T10035B7-- 02 001;M1-T17054B--- 01 001;M1-S08156---- 18 001;M1-T00011B2-- 14 004;M1-T00011B2-- 14 001,0.945,INTERSECT_BRANCH_SIMILAR_RECIPE_ENGINEERING_BOUNDS,OBSERVATION_ONLY,False,True,True,True,True,,10.67,,,,,"Historical best performance suggests this candidate profile has been feasible. The model re-predicts it under current material, environment, batch, and machine conditions. The reported saving is model-adjusted, not raw historical saving. Main uncertainty factors: , , . Rotor speed and ram averages are monitoring references, not setpoint recommendations unless confirmed controllable."
7727355,6,M1-B00163---- 08 008,MB02,CarbonBlack,OilWet,CarbonBlack_OilWet,TEST_HOLDOUT,EXACT_RECIPE_MIXER_ROUTE,L1_SIMILAR_RECIPE_REFERENCE,1,5,M1-B00163---- 08 005;M1-B00163---- 08 007;M1-B00163XV-- 01 003;M1-B00163XV-- 01 004;M1-B00163XV-- 01 002,0.913,INTERSECT_BRANCH_SIMILAR_RECIPE_ENGINEERING_BOUNDS,REFERENCE_ONLY,True,True,False,True,True,,0.0,,,,,"Historical best performance suggests this candidate profile has been feasible. The model re-predicts it under current material, environment, batch, and machine conditions. The reported saving is model-adjusted, not raw historical saving. Main uncertainty factors: , , . Rotor speed and ram averages are monitoring references, not setpoint recommendations unless confirmed controllable."
7775201,6,M1-T19012W--- 01 001,ML09,Silica,OilWet,Silica_OilWet,TEST_HOLDOUT,SILICA_ROUTE_GLOBAL_FALLBACK,L0_NEW_RECIPE_COLD_START,0,5,M1-T19012X1-- 01 004;M1-T19012X1-- 01 007;M1-T19012---- 01 006;M1-T19012---- 01 004;M1-T33025XA-- 01 002,0.953,INTERSECT_BRANCH_SIMILAR_RECIPE_ENGINEERING_BOUNDS,OBSERVATION_ONLY,False,True,True,True,True,,0.0,,,,,"Historical best performance suggests this candidate profile has been feasible. The model re-predicts it under current material, environment, batch, and machine conditions. The reported saving is model-adjusted, not raw historical saving. Main uncertainty factors: , , . Rotor speed and ram averages are monitoring references, not setpoint recommendations unless confirmed controllable."
7775201,7,M1-T19012W--- 01 001,ML09,Silica,OilWet,Silica_OilWet,TEST_HOLDOUT,SILICA_ROUTE_GLOBAL_FALLBACK,L0_NEW_RECIPE_COLD_START,0,5,M1-T19012X1-- 01 004;M1-T19012X1-- 01 007;M1-T19012---- 01 006;M1-T19012---- 01 004;M1-T33025XA-- 01 002,0.951,INTERSECT_BRANCH_SIMILAR_RECIPE_ENGINEERING_BOUNDS,OBSERVATION_ONLY,False,True,True,True,True,,0.0,,,,,"Historical best performance suggests this candidate profile has been feasible. The model re-predicts it under current material, environment, batch, and machine conditions. The reported saving is model-adjusted, not raw historical saving. Main uncertainty factors: , , . Rotor speed and ram averages are monitoring references, not setpoint recommendations unless confirmed controllable."
7775201,8,M1-T19012W--- 01 001,ML09,Silica,OilWet,Silica_OilWet,TEST_HOLDOUT,SILICA_ROUTE_GLOBAL_FALLBACK,L0_NEW_RECIPE_COLD_START,0,5,M1-T19012X1-- 01 004;M1-T19012X1-- 01 007;M1-T19012---- 01 006;M1-T19012---- 01 004;M1-T33025XA-- 01 002,0.954,INTERSECT_BRANCH_SIMILAR_RECIPE_ENGINEERING_BOUNDS,OBSERVATION_ONLY,False,True,True,True,True,,0.0,,,,,"Historical best performance suggests this candidate profile has been feasible. The model re-predicts it under current material, environment, batch, and machine conditions. The reported saving is model-adjusted, not raw historical saving. Main uncertainty factors: , , . Rotor speed and ram averages are monitoring references, not setpoint recommendations unless confirmed controllable."
7794844,2,M1-T00011XV-- 03 004,ML10,Silica,OilWet,Silica_OilWet,TEST_HOLDOUT,SILICA_ROUTE_GLOBAL_FALLBACK,L0_NEW_RECIPE_COLD_START,0,5,M1-T00011B2-- 23 003;M1-T00011-M-- 01 004;M1-T00011B2-- 23 005;M1-T00011B2-- 23 006;M1-T00011-M-- 01 003,0.989,INTERSECT_BRANCH_SIMILAR_RECIPE_ENGINEERING_BOUNDS,OBSERVATION_ONLY,False,True,True,True,True,,0.0,,,,,"Historical best performance suggests this candidate profile has been feasible. The model re-predicts it under current material, environment, batch, and machine conditions. The reported saving is model-adjusted, not raw historical saving. Main uncertainty factors: , , . Rotor speed and ram averages are monitoring references, not setpoint recommendations unless confirmed controllable."
7790765,42,M1-R00037---- 12 001,MB03,CarbonBlack,OilWet,CarbonBlack_OilWet,TEST_HOLDOUT,EXACT_RECIPE_MIXER_ROUTE,L1_SIMILAR_RECIPE_REFERENCE,1,5,M1-R00037W9-- 01 001;M1-R00037W9-- 01 002;M1-R00037W9-- 01 004;M1-R00037XE-- 02 005;M1-A16404B--- 01 002,0.994,INTERSECT_BRANCH_SIMILAR_RECIPE_ENGINEERING_BOUNDS,REFERENCE_ONLY,True,True,False,True,True,,0.0,,,,,"Historical best performance suggests this candidate profile has been feasible. The model re-predicts it under current material, environment, batch, and machine conditions. The reported saving is model-adjusted, not raw historical saving. Main uncertainty factors: , , . Rotor speed and ram averages are monitoring references, not setpoint recommendations unless confirmed controllable."
7790765,44,M1-R00037---- 12 001,MB03,CarbonBlack,OilWet,CarbonBlack_OilWet,TEST_HOLDOUT,EXACT_RECIPE_MIXER_ROUTE,L1_SIMILAR_RECIPE_REFERENCE,1,5,M1-R00037W9-- 01 001;M1-R00037W9-- 01 002;M1-R00037W9-- 01 004;M1-R00037XE-- 02 005;M1-A16404B--- 01 002,0.995,INTERSECT_BRANCH_SIMILAR_RECIPE_ENGINEERING_BOUNDS,REFERENCE_ONLY,True,True,False,True,True,,0.0,,,,,"Historical best performance suggests this candidate profile has been feasible. The model re-predicts it under current material, environment, batch, and machine conditions. The reported saving is model-adjusted, not raw historical saving. Main uncertainty factors: , , . Rotor speed and ram averages are monitoring references, not setpoint recommendations unless confirmed controllable."
7790765,45,M1-R00037---- 12 001,MB03,CarbonBlack,OilWet,CarbonBlack_OilWet,TEST_HOLDOUT,EXACT_RECIPE_MIXER_ROUTE,L1_SIMILAR_RECIPE_REFERENCE,1,5,M1-R00037W9-- 01 001;M1-R00037W9-- 01 002;M1-R00037W9-- 01 004;M1-R00037XE-- 02 005;M1-A16404B--- 01 002,0.996,INTERSECT_BRANCH_SIMILAR_RECIPE_ENGINEERING_BOUNDS,REFERENCE_ONLY,True,True,False,True,True,,0.0,,,,,"Historical best performance suggests this candidate profile has been feasible. The model re-predicts it under current material, environment, batch, and machine conditions. The reported saving is model-adjusted, not raw historical saving. Main uncertainty factors: , , . Rotor speed and ram averages are monitoring references, not setpoint recommendations unless confirmed controllable."
1827617,1,M1-T15215---- 08 005,ML07,Silica,NoOilDry,Silica_NoOilDry,TEST_HOLDOUT,SILICA_ROUTE_GLOBAL_FALLBACK,L0_NEW_RECIPE_COLD_START,0,5,M1-T15215---- 08 007;M1-T13127---- 09 004;M1-T13127---- 09 007;M1-T13127---- 09 005;M1-T25088---- 06 003,0.982,INTERSECT_BRANCH_SIMILAR_RECIPE_ENGINEERING_BOUNDS,OBSERVATION_ONLY,True,False,True,True,False,,0.0,,,,,"Historical best performance suggests this candidate profile has been feasible. The model re-predicts it under current material, environment, batch, and machine conditions. The reported saving is model-adjusted, not raw historical saving. Main uncertainty factors: , , . Rotor speed and ram averages are monitoring references, not setpoint recommendations unless confirmed controllable."
1827617,2,M1-T15215---- 08 005,ML07,Silica,NoOilDry,Silica_NoOilDry,TEST_HOLDOUT,SILICA_ROUTE_GLOBAL_FALLBACK,L0_NEW_RECIPE_COLD_START,0,5,M1-T15215---- 08 007;M1-T13127---- 09 004;M1-T13127---- 09 007;M1-T13127---- 09 005;M1-T25088---- 06 003,0.982,INTERSECT_BRANCH_SIMILAR_RECIPE_ENGINEERING_BOUNDS,OBSERVATION_ONLY,True,False,True,True,False,,0.0,,,,,"Historical best performance suggests this candidate profile has been feasible. The model re-predicts it under current material, environment, batch, and machine conditions. The reported saving is model-adjusted, not raw historical saving. Main uncertainty factors: , , . Rotor speed and ram averages are monitoring references, not setpoint recommendations unless confirmed controllable."
1827617,3,M1-T15215---- 08 005,ML07,Silica,NoOilDry,Silica_NoOilDry,TEST_HOLDOUT,SILICA_ROUTE_GLOBAL_FALLBACK,L0_NEW_RECIPE_COLD_START,0,5,M1-T15215---- 08 007;M1-T13127---- 09 004;M1-T13127---- 09 007;M1-T13127---- 09 005;M1-T25088---- 06 003,0.982,INTERSECT_BRANCH_SIMILAR_RECIPE_ENGINEERING_BOUNDS,OBSERVATION_ONLY,True,False,True,True,False,,0.0,,,,,"Historical best performance suggests this candidate profile has been feasible. The model re-predicts it under current material, environment, batch, and machine conditions. The reported saving is model-adjusted, not raw historical saving. Main uncertainty factors: , , . Rotor speed and ram averages are monitoring references, not setpoint recommendations unless confirmed controllable."
1899501,1,M1-T25045---- 08 004,ML09,Silica,NoOilDry,Silica_NoOilDry,TEST_HOLDOUT,SILICA_ROUTE_GLOBAL_FALLBACK,L0_NEW_RECIPE_COLD_START,0,5,M1-T13127---- 16 004;M1-T25045---- 08 005;M1-T19808---- 01 001;M1-T14885B3-- 01 002;M1-T16734---- 07 001,0.98,INTERSECT_BRANCH_SIMILAR_RECIPE_ENGINEERING_BOUNDS,OBSERVATION_ONLY,True,False,True,True,False,,0.0,,,,,"Historical best performance suggests this candidate profile has been feasible. The model re-predicts it under current material, environment, batch, and machine conditions. The reported saving is model-adjusted, not raw historical saving. Main uncertainty factors: , , . Rotor speed and ram averages are monitoring references, not setpoint recommendations unless confirmed controllable."
1907568,1,M1-C10430---- 05 005,MB03,CarbonBlack,NoOilDry,CarbonBlack_NoOilDry,TEST_HOLDOUT,EXACT_RECIPE_MIXER_ROUTE,L1_SIMILAR_RECIPE_REFERENCE,2,5,M1-C10430---- 05 004;M1-C10430---- 05 003;M1-A03405R3-- 04 004;M1-A03405R3-- 04 003;M1-A03405X--- 01 001,0.979,INTERSECT_BRANCH_SIMILAR_RECIPE_ENGINEERING_BOUNDS,REFERENCE_ONLY,True,False,False,True,False,,0.0,,,,,"Historical best performance suggests this candidate profile has been feasible. The model re-predicts it under current material, environment, batch, and machine conditions. The reported saving is model-adjusted, not raw historical saving. Main uncertainty factors: , , . Rotor speed and ram averages are monitoring references, not setpoint recommendations unless confirmed controllable."
1907568,2,M1-C10430---- 05 005,MB03,CarbonBlack,NoOilDry,CarbonBlack_NoOilDry,TEST_HOLDOUT,EXACT_RECIPE_MIXER_ROUTE,L1_SIMILAR_RECIPE_REFERENCE,2,5,M1-C10430---- 05 004;M1-C10430---- 05 003;M1-A03405R3-- 04 004;M1-A03405R3-- 04 003;M1-A03405X--- 01 001,0.979,INTERSECT_BRANCH_SIMILAR_RECIPE_ENGINEERING_BOUNDS,REFERENCE_ONLY,True,False,False,True,False,,0.0,,,,,"Historical best performance suggests this candidate profile has been feasible. The model re-predicts it under current material, environment, batch, and machine conditions. The reported saving is model-adjusted, not raw historical saving. Main uncertainty factors: , , . Rotor speed and ram averages are monitoring references, not setpoint recommendations unless confirmed controllable."
1907568,3,M1-C10430---- 05 005,MB03,CarbonBlack,NoOilDry,CarbonBlack_NoOilDry,TEST_HOLDOUT,EXACT_RECIPE_MIXER_ROUTE,L1_SIMILAR_RECIPE_REFERENCE,2,5,M1-C10430---- 05 004;M1-C10430---- 05 003;M1-A03405R3-- 04 004;M1-A03405R3-- 04 003;M1-A03405X--- 01 001,0.979,INTERSECT_BRANCH_SIMILAR_RECIPE_ENGINEERING_BOUNDS,REFERENCE_ONLY,True,False,False,True,False,,0.0,,,,,"Historical best performance suggests this candidate profile has been feasible. The model re-predicts it under current material, environment, batch, and machine conditions. The reported saving is model-adjusted, not raw historical saving. Main uncertainty factors: , , . Rotor speed and ram averages are monitoring references, not setpoint recommendations unless confirmed controllable."
1905456,1,M1-T25045---- 08 004,ML09,Silica,NoOilDry,Silica_NoOilDry,TEST_HOLDOUT,SILICA_ROUTE_GLOBAL_FALLBACK,L0_NEW_RECIPE_COLD_START,0,5,M1-T13127---- 16 004;M1-T25045---- 08 005;M1-T19808---- 01 001;M1-T14885B3-- 01 002;M1-T16734---- 07 001,0.98,INTERSECT_BRANCH_SIMILAR_RECIPE_ENGINEERING_BOUNDS,OBSERVATION_ONLY,True,False,True,True,False,,0.0,,,,,"Historical best performance suggests this candidate profile has been feasible. The model re-predicts it under current material, environment, batch, and machine conditions. The reported saving is model-adjusted, not raw historical saving. Main uncertainty factors: , , . Rotor speed and ram averages are monitoring references, not setpoint recommendations unless confirmed controllable."
1911891,3,M1-T25045---- 08 004,ML09,Silica,NoOilDry,Silica_NoOilDry,TEST_HOLDOUT,SILICA_ROUTE_GLOBAL_FALLBACK,L0_NEW_RECIPE_COLD_START,0,5,M1-T13127---- 16 004;M1-T25045---- 08 005;M1-T19808---- 01 001;M1-T14885B3-- 01 002;M1-T16734---- 07 001,0.983,INTERSECT_BRANCH_SIMILAR_RECIPE_ENGINEERING_BOUNDS,OBSERVATION_ONLY,True,False,True,True,False,,0.0,,,,,"Historical best performance suggests this candidate profile has been feasible. The model re-predicts it under current material, environment, batch, and machine conditions. The reported saving is model-adjusted, not raw historical saving. Main uncertainty factors: , , . Rotor speed and ram averages are monitoring references, not setpoint recommendations unless confirmed controllable."
1923756,1,M1-T11923---- 09 002,ML09,Silica,NoOilDry,Silica_NoOilDry,TEST_HOLDOUT,SILICA_ROUTE_GLOBAL_FALLBACK,L0_NEW_RECIPE_COLD_START,0,5,M1-T14885B3-- 01 002;M1-T13127---- 16 004;M1-T19808---- 01 001;M1-T16734---- 07 001;M1-T25045---- 08 005,0.931,INTERSECT_BRANCH_SIMILAR_RECIPE_ENGINEERING_BOUNDS,OBSERVATION_ONLY,True,False,True,True,False,,0.0,,,,,"Historical best performance suggests this candidate profile has been feasible. The model re-predicts it under current material, environment, batch, and machine conditions. The reported saving is model-adjusted, not raw historical saving. Main uncertainty factors: , , . Rotor speed and ram averages are monitoring references, not setpoint recommendations unless confirmed controllable."
1923756,2,M1-T11923---- 09 002,ML09,Silica,NoOilDry,Silica_NoOilDry,TEST_HOLDOUT,SILICA_ROUTE_GLOBAL_FALLBACK,L0_NEW_RECIPE_COLD_START,0,5,M1-T14885B3-- 01 002;M1-T13127---- 16 004;M1-T19808---- 01 001;M1-T16734---- 07 001;M1-T25045---- 08 005,0.931,INTERSECT_BRANCH_SIMILAR_RECIPE_ENGINEERING_BOUNDS,OBSERVATION_ONLY,True,False,True,True,False,,0.0,,,,,"Historical best performance suggests this candidate profile has been feasible. The model re-predicts it under current material, environment, batch, and machine conditions. The reported saving is model-adjusted, not raw historical saving. Main uncertainty factors: , , . Rotor speed and ram averages are monitoring references, not setpoint recommendations unless confirmed controllable."
1923756,3,M1-T11923---- 09 002,ML09,Silica,NoOilDry,Silica_NoOilDry,TEST_HOLDOUT,SILICA_ROUTE_GLOBAL_FALLBACK,L0_NEW_RECIPE_COLD_START,0,5,M1-T14885B3-- 01 002;M1-T13127---- 16 004;M1-T19808---- 01 001;M1-T16734---- 07 001;M1-T25045---- 08 005,0.931,INTERSECT_BRANCH_SIMILAR_RECIPE_ENGINEERING_BOUNDS,OBSERVATION_ONLY,True,False,True,True,False,,0.0,,,,,"Historical best performance suggests this candidate profile has been feasible. The model re-predicts it under current material, environment, batch, and machine conditions. The reported saving is model-adjusted, not raw historical saving. Main uncertainty factors: , , . Rotor speed and ram averages are monitoring references, not setpoint recommendations unless confirmed controllable."
2022369,10,M1-T25045-M-- 01 001,ML10,Silica,NoOilDry,Silica_NoOilDry,TEST_HOLDOUT,SILICA_ROUTE_GLOBAL_FALLBACK,L0_NEW_RECIPE_COLD_START,0,5,M1-T13127---- 09 005;M1-T13127---- 16 004;M1-T19808---- 01 001;M1-T13127---- 09 004;M1-T13127---- 09 007,0.986,INTERSECT_BRANCH_SIMILAR_RECIPE_ENGINEERING_BOUNDS,OBSERVATION_ONLY,True,False,True,True,False,,0.0,,,,,"Historical best performance suggests this candidate profile has been feasible. The model re-predicts it under current material, environment, batch, and machine conditions. The reported saving is model-adjusted, not raw historical saving. Main uncertainty factors: , , . Rotor speed and ram averages are monitoring references, not setpoint recommendations unless confirmed controllable."
2024~1440863,8,M1-R00218W1-- 01 003,ML05,CarbonBlack,NoOilDry,CarbonBlack_NoOilDry,TEST_HOLDOUT,UNAVAILABLE,L0_NEW_RECIPE_COLD_START,0,5,M1-R00218W5-- 01 001;M1-R00218W5-- 01 004;M1-R00218W2-- 10 004;M1-R00218W2-- 10 005;M1-R00218W1-- 01 002,0.973,INTERSECT_BRANCH_SIMILAR_RECIPE_ENGINEERING_BOUNDS,OBSERVATION_ONLY,True,False,False,True,False,,,,,,,"Historical best performance suggests this candidate profile has been feasible. The model re-predicts it under current material, environment, batch, and machine conditions. The reported saving is model-adjusted, not raw historical saving. Main uncertainty factors: , , . Rotor speed and ram averages are monitoring references, not setpoint recommendations unless confirmed controllable."
2024~1440863,9,M1-R00218W1-- 01 003,ML05,CarbonBlack,NoOilDry,CarbonBlack_NoOilDry,TEST_HOLDOUT,UNAVAILABLE,L0_NEW_RECIPE_COLD_START,0,5,M1-R00218W5-- 01 001;M1-R00218W5-- 01 004;M1-R00218W2-- 10 004;M1-R00218W2-- 10 005;M1-R00218W1-- 01 002,0.973,INTERSECT_BRANCH_SIMILAR_RECIPE_ENGINEERING_BOUNDS,OBSERVATION_ONLY,True,False,False,True,False,,,,,,,"Historical best performance suggests this candidate profile has been feasible. The model re-predicts it under current material, environment, batch, and machine conditions. The reported saving is model-adjusted, not raw historical saving. Main uncertainty factors: , , . Rotor speed and ram averages are monitoring references, not setpoint recommendations unless confirmed controllable."
2024~1440863,10,M1-R00218W1-- 01 003,ML05,CarbonBlack,NoOilDry,CarbonBlack_NoOilDry,TEST_HOLDOUT,UNAVAILABLE,L0_NEW_RECIPE_COLD_START,0,5,M1-R00218W5-- 01 001;M1-R00218W5-- 01 004;M1-R00218W2-- 10 004;M1-R00218W2-- 10 005;M1-R00218W1-- 01 002,0.973,INTERSECT_BRANCH_SIMILAR_RECIPE_ENGINEERING_BOUNDS,OBSERVATION_ONLY,True,False,False,True,False,,,,,,,"Historical best performance suggests this candidate profile has been feasible. The model re-predicts it under current material, environment, batch, and machine conditions. The reported saving is model-adjusted, not raw historical saving. Main uncertainty factors: , , . Rotor speed and ram averages are monitoring references, not setpoint recommendations unless confirmed controllable."
2028005,7,M1-T25045-M-- 01 001,ML10,Silica,NoOilDry,Silica_NoOilDry,TEST_HOLDOUT,SILICA_ROUTE_GLOBAL_FALLBACK,L0_NEW_RECIPE_COLD_START,0,5,M1-T13127---- 09 005;M1-T13127---- 16 004;M1-T19808---- 01 001;M1-T13127---- 09 004;M1-T13127---- 09 007,0.988,INTERSECT_BRANCH_SIMILAR_RECIPE_ENGINEERING_BOUNDS,OBSERVATION_ONLY,True,False,True,True,False,,0.0,,,,,"Historical best performance suggests this candidate profile has been feasible. The model re-predicts it under current material, environment, batch, and machine conditions. The reported saving is model-adjusted, not raw historical saving. Main uncertainty factors: , , . Rotor speed and ram averages are monitoring references, not setpoint recommendations unless confirmed controllable."
2028005,9,M1-T25045-M-- 01 001,ML10,Silica,NoOilDry,Silica_NoOilDry,TEST_HOLDOUT,SILICA_ROUTE_GLOBAL_FALLBACK,L0_NEW_RECIPE_COLD_START,0,5,M1-T13127---- 09 005;M1-T13127---- 16 004;M1-T19808---- 01 001;M1-T13127---- 09 004;M1-T13127---- 09 007,0.987,INTERSECT_BRANCH_SIMILAR_RECIPE_ENGINEERING_BOUNDS,OBSERVATION_ONLY,True,False,True,True,False,,8.23,,,,,"Historical best performance suggests this candidate profile has been feasible. The model re-predicts it under current material, environment, batch, and machine conditions. The reported saving is model-adjusted, not raw historical saving. Main uncertainty factors: , , . Rotor speed and ram averages are monitoring references, not setpoint recommendations unless confirmed controllable."
2121469,5,M1-T13127---- 19 001,ML10,Silica,NoOilDry,Silica_NoOilDry,TEST_HOLDOUT,SILICA_ROUTE_GLOBAL_FALLBACK,L0_NEW_RECIPE_COLD_START,0,5,M1-T13127---- 16 004;M1-T13127---- 09 005;M1-T13127---- 09 004;M1-T25045---- 08 005;M1-T13127---- 09 007,0.995,INTERSECT_BRANCH_SIMILAR_RECIPE_ENGINEERING_BOUNDS,OBSERVATION_ONLY,True,False,True,True,False,,0.0,,,,,"Historical best performance suggests this candidate profile has been feasible. The model re-predicts it under current material, environment, batch, and machine conditions. The reported saving is model-adjusted, not raw historical saving. Main uncertainty factors: , , . Rotor speed and ram averages are monitoring references, not setpoint recommendations unless confirmed controllable."
2133133,24,M1-T14885---- 17 002,ML07,Silica,NoOilDry,Silica_NoOilDry,TEST_HOLDOUT,SILICA_ROUTE_GLOBAL_FALLBACK,L0_NEW_RECIPE_COLD_START,0,5,M1-T14885---- 17 001;M1-T14885B3-- 04 003;M1-T14885B3-- 04 002;M1-T13127---- 09 007;M1-T01102W2-- 01 008,0.984,INTERSECT_BRANCH_SIMILAR_RECIPE_ENGINEERING_BOUNDS,OBSERVATION_ONLY,True,False,True,True,False,,0.0,,,,,"Historical best performance suggests this candidate profile has been feasible. The model re-predicts it under current material, environment, batch, and machine conditions. The reported saving is model-adjusted, not raw historical saving. Main uncertainty factors: , , . Rotor speed and ram averages are monitoring references, not setpoint recommendations unless confirmed controllable."
2133133,25,M1-T14885---- 17 002,ML07,Silica,NoOilDry,Silica_NoOilDry,TEST_HOLDOUT,SILICA_ROUTE_GLOBAL_FALLBACK,L0_NEW_RECIPE_COLD_START,0,5,M1-T14885---- 17 001;M1-T14885B3-- 04 003;M1-T14885B3-- 04 002;M1-T13127---- 09 007;M1-T01102W2-- 01 008,0.984,INTERSECT_BRANCH_SIMILAR_RECIPE_ENGINEERING_BOUNDS,OBSERVATION_ONLY,True,False,True,True,False,,0.0,,,,,"Historical best performance suggests this candidate profile has been feasible. The model re-predicts it under current material, environment, batch, and machine conditions. The reported saving is model-adjusted, not raw historical saving. Main uncertainty factors: , , . Rotor speed and ram averages are monitoring references, not setpoint recommendations unless confirmed controllable."
2133133,26,M1-T14885---- 17 002,ML07,Silica,NoOilDry,Silica_NoOilDry,TEST_HOLDOUT,SILICA_ROUTE_GLOBAL_FALLBACK,L0_NEW_RECIPE_COLD_START,0,5,M1-T14885---- 17 001;M1-T14885B3-- 04 002;M1-T14885B3-- 04 003;M1-T13127---- 09 007;M1-T01102W2-- 01 008,0.984,INTERSECT_BRANCH_SIMILAR_RECIPE_ENGINEERING_BOUNDS,OBSERVATION_ONLY,True,False,True,True,False,,0.0,,,,,"Historical best performance suggests this candidate profile has been feasible. The model re-predicts it under current material, environment, batch, and machine conditions. The reported saving is model-adjusted, not raw historical saving. Main uncertainty factors: , , . Rotor speed and ram averages are monitoring references, not setpoint recommendations unless confirmed controllable."
2263738,1,M1-T18191---- 01 003,ML09,Silica,NoOilDry,Silica_NoOilDry,TEST_HOLDOUT,SILICA_ROUTE_GLOBAL_FALLBACK,L0_NEW_RECIPE_COLD_START,0,5,M1-T13127---- 16 004;M1-T25045---- 08 005;M1-T16734---- 07 001;M1-T19808---- 01 001;M1-T14885B3-- 01 002,0.913,INTERSECT_BRANCH_SIMILAR_RECIPE_ENGINEERING_BOUNDS,OBSERVATION_ONLY,True,False,True,True,False,,0.0,,,,,"Historical best performance suggests this candidate profile has been feasible. The model re-predicts it under current material, environment, batch, and machine conditions. The reported saving is model-adjusted, not raw historical saving. Main uncertainty factors: , , . Rotor speed and ram averages are monitoring references, not setpoint recommendations unless confirmed controllable."
2263738,2,M1-T18191---- 01 003,ML09,Silica,NoOilDry,Silica_NoOilDry,TEST_HOLDOUT,SILICA_ROUTE_GLOBAL_FALLBACK,L0_NEW_RECIPE_COLD_START,0,5,M1-T13127---- 16 004;M1-T25045---- 08 005;M1-T16734---- 07 001;M1-T19808---- 01 001;M1-T14885B3-- 01 002,0.913,INTERSECT_BRANCH_SIMILAR_RECIPE_ENGINEERING_BOUNDS,OBSERVATION_ONLY,True,False,True,True,False,,0.0,,,,,"Historical best performance suggests this candidate profile has been feasible. The model re-predicts it under current material, environment, batch, and machine conditions. The reported saving is model-adjusted, not raw historical saving. Main uncertainty factors: , , . Rotor speed and ram averages are monitoring references, not setpoint recommendations unless confirmed controllable."
2263738,3,M1-T18191---- 01 003,ML09,Silica,NoOilDry,Silica_NoOilDry,TEST_HOLDOUT,SILICA_ROUTE_GLOBAL_FALLBACK,L0_NEW_RECIPE_COLD_START,0,5,M1-T13127---- 16 004;M1-T25045---- 08 005;M1-T16734---- 07 001;M1-T19808---- 01 001;M1-T14885B3-- 01 002,0.912,INTERSECT_BRANCH_SIMILAR_RECIPE_ENGINEERING_BOUNDS,OBSERVATION_ONLY,True,False,True,True,False,,0.0,,,,,"Historical best performance suggests this candidate profile has been feasible. The model re-predicts it under current material, environment, batch, and machine conditions. The reported saving is model-adjusted, not raw historical saving. Main uncertainty factors: , , . Rotor speed and ram averages are monitoring references, not setpoint recommendations unless confirmed controllable."
2392855,9,M1-T16734---- 06 002,ML07,Silica,NoOilDry,Silica_NoOilDry,TEST_HOLDOUT,SILICA_ROUTE_GLOBAL_FALLBACK,L0_NEW_RECIPE_COLD_START,0,5,M1-T16734---- 06 001;M1-T13127---- 09 007;M1-T16734---- 06 003;M1-T13127---- 09 004;M1-T13127---- 09 005,0.989,INTERSECT_BRANCH_SIMILAR_RECIPE_ENGINEERING_BOUNDS,OBSERVATION_ONLY,True,False,True,True,False,,0.0,,,,,"Historical best performance suggests this candidate profile has been feasible. The model re-predicts it under current material, environment, batch, and machine conditions. The reported saving is model-adjusted, not raw historical saving. Main uncertainty factors: , , . Rotor speed and ram averages are monitoring references, not setpoint recommendations unless confirmed controllable."
2392855,10,M1-T16734---- 06 002,ML07,Silica,NoOilDry,Silica_NoOilDry,TEST_HOLDOUT,SILICA_ROUTE_GLOBAL_FALLBACK,L0_NEW_RECIPE_COLD_START,0,5,M1-T16734---- 06 001;M1-T13127---- 09 007;M1-T16734---- 06 003;M1-T13127---- 09 004;M1-T13127---- 09 005,0.988,INTERSECT_BRANCH_SIMILAR_RECIPE_ENGINEERING_BOUNDS,OBSERVATION_ONLY,True,False,True,True,False,,0.0,,,,,"Historical best performance suggests this candidate profile has been feasible. The model re-predicts it under current material, environment, batch, and machine conditions. The reported saving is model-adjusted, not raw historical saving. Main uncertainty factors: , , . Rotor speed and ram averages are monitoring references, not setpoint recommendations unless confirmed controllable."
2392855,11,M1-T16734---- 06 002,ML07,Silica,NoOilDry,Silica_NoOilDry,TEST_HOLDOUT,SILICA_ROUTE_GLOBAL_FALLBACK,L0_NEW_RECIPE_COLD_START,0,5,M1-T16734---- 06 001;M1-T13127---- 09 007;M1-T16734---- 06 003;M1-T13127---- 09 004;M1-T13127---- 09 005,0.989,INTERSECT_BRANCH_SIMILAR_RECIPE_ENGINEERING_BOUNDS,OBSERVATION_ONLY,True,False,True,True,False,,0.0,,,,,"Historical best performance suggests this candidate profile has been feasible. The model re-predicts it under current material, environment, batch, and machine conditions. The reported saving is model-adjusted, not raw historical saving. Main uncertainty factors: , , . Rotor speed and ram averages are monitoring references, not setpoint recommendations unless confirmed controllable."
7646653,14,M1-T26104---- 06 003,ML09,Silica,NoOilDry,Silica_NoOilDry,TEST_HOLDOUT,EXACT_RECIPE_MIXER_ROUTE,L1_SIMILAR_RECIPE_REFERENCE,4,5,M1-T26104---- 06 002;M1-T26104---- 06 001;M1-T25045---- 08 005;M1-T13127---- 16 004;M1-T19808---- 01 001,0.961,INTERSECT_BRANCH_SIMILAR_RECIPE_ENGINEERING_BOUNDS,REFERENCE_ONLY,True,False,True,True,False,,0.0,,,,,"Historical best performance suggests this candidate profile has been feasible. The model re-predicts it under current material, environment, batch, and machine conditions. The reported saving is model-adjusted, not raw historical saving. Main uncertainty factors: , , . Rotor speed and ram averages are monitoring references, not setpoint recommendations unless confirmed controllable."
7646653,38,M1-T26104---- 06 003,ML09,Silica,NoOilDry,Silica_NoOilDry,TEST_HOLDOUT,EXACT_RECIPE_MIXER_ROUTE,L1_SIMILAR_RECIPE_REFERENCE,4,5,M1-T26104---- 06 002;M1-T26104---- 06 001;M1-T25045---- 08 005;M1-T13127---- 16 004;M1-T19808---- 01 001,0.968,INTERSECT_BRANCH_SIMILAR_RECIPE_ENGINEERING_BOUNDS,REFERENCE_ONLY,True,False,True,True,False,,0.0,,,,,"Historical best performance suggests this candidate profile has been feasible. The model re-predicts it under current material, environment, batch, and machine conditions. The reported saving is model-adjusted, not raw historical saving. Main uncertainty factors: , , . Rotor speed and ram averages are monitoring references, not setpoint recommendations unless confirmed controllable."
7646653,39,M1-T26104---- 06 003,ML09,Silica,NoOilDry,Silica_NoOilDry,TEST_HOLDOUT,EXACT_RECIPE_MIXER_ROUTE,L1_SIMILAR_RECIPE_REFERENCE,4,5,M1-T26104---- 06 002;M1-T26104---- 06 001;M1-T25045---- 08 005;M1-T13127---- 16 004;M1-T19808---- 01 001,0.968,INTERSECT_BRANCH_SIMILAR_RECIPE_ENGINEERING_BOUNDS,REFERENCE_ONLY,True,False,True,True,False,,0.0,,,,,"Historical best performance suggests this candidate profile has been feasible. The model re-predicts it under current material, environment, batch, and machine conditions. The reported saving is model-adjusted, not raw historical saving. Main uncertainty factors: , , . Rotor speed and ram averages are monitoring references, not setpoint recommendations unless confirmed controllable."
7770764,1,M1-T26104---- 01 005,ML07,Silica,NoOilDry,Silica_NoOilDry,TEST_HOLDOUT,SILICA_ROUTE_GLOBAL_FALLBACK,L0_NEW_RECIPE_COLD_START,0,5,M1-T26104---- 01 004;M1-T26104---- 01 003;M1-T25045-V-- 02 002;M1-T25045-V-- 02 003;M1-T25045-V-- 02 004,0.96,INTERSECT_BRANCH_SIMILAR_RECIPE_ENGINEERING_BOUNDS,OBSERVATION_ONLY,True,False,True,True,False,,0.0,,,,,"Historical best performance suggests this candidate profile has been feasible. The model re-predicts it under current material, environment, batch, and machine conditions. The reported saving is model-adjusted, not raw historical saving. Main uncertainty factors: , , . Rotor speed and ram averages are monitoring references, not setpoint recommendations unless confirmed controllable."
