OrderID,BatchNumber,CompoundName,MixerLine,material_system,phase_route,system_route_branch,shadow_cohort,safe_bounds_match_level,recipe_maturity_level,recipe_history_n_batches,similar_recipe_count,similar_recipe_list,similarity_score,cold_start_strategy,recommendation_readiness,has_drymix_stage,has_wetmix_stage,has_pid_stage,has_bottom_stage,has_oilloading_stage,actual_current_kwh_per_batch,mode_b_predicted_current_kwh_per_batch,mode_b_predicted_recommended_kwh_per_batch,shadow_actual_saving_kwh,shadow_actual_saving_pct,model_based_saving_kwh,model_based_saving_pct,current_kwh_per_batch,recommended_kwh_per_batch,saving_kwh,saving_pct,current_mooney_pred,recommended_mooney_pred,recommended_mooney_low,recommended_mooney_high,mooney_spec_low,mooney_spec_high,confidence_label,ood_flag,valid_candidate_count,safe_bound_status,route_stage_status,recommendation_status,rejection_reason,selected_template_id,historical_best_actual_saving_pct,model_adjusted_saving_pct,top_uncertainty_factor_1,top_uncertainty_factor_2,top_uncertainty_factor_3,uncertainty_explanation_text,operating_profile_reference_status,current_DryMixing_Duration,recommended_DryMixing_Duration,delta_DryMixing_Duration,current_WetMixing_Duration,recommended_WetMixing_Duration,delta_WetMixing_Duration,current_PID_Duration,recommended_PID_Duration,delta_PID_Duration,current_BottomMixing_Duration,recommended_BottomMixing_Duration,delta_BottomMixing_Duration,actual_mny,actual_kwh_per_batch,actual_kwh,predicted_current_kwh_per_batch,predicted_current_kwh,predicted_recommended_kwh,actual_kwh_per_ton,predicted_current_kwh_per_ton,recommended_kwh_per_ton,predicted_baseline_kwh_per_batch,predicted_baseline_kwh_per_ton,estimated_saving_kwh,estimated_saving_pct,mooney_pred_current,mooney_pred_recommended,mooney_interval_recommended_lower,mooney_interval_recommended_upper,confidence,valid_candidates_count,review_readiness,rejection_reason_top1,gate_pass_reason
1782695,1,M1-B00458---- 12 004,MB02,CarbonBlack,OilWet,CarbonBlack_OilWet,PRIORITY_OPERATIONAL_HISTORY,EXACT_RECIPE_MIXER_ROUTE,L3_SHADOW_REVIEW_READY,1175,5,M1-B00458B1-- 02 002;M1-B00458B1-- 02 001;M1-B00458---- 12 005;M1-B00458XM-- 04 002;M1-B00458---- 12 007,1.0,VALIDATED_SHADOW_REVIEW,SHADOW_REVIEW_READY,True,True,False,True,True,29.96,27.51,27.51,2.45,8.17,0.0,0.0,29.96,27.51,2.45,8.17,41.5,41.5,39.73,43.26,38.07666666666667,45.07666666666667,HIGH,False,19,WITHIN_SAFE_BOUNDS,VALID_ROUTE_STAGES,NO_VALID_CANDIDATE,INSUFFICIENT_VALID_CANDIDATES_COUNT,,,0.0,,,,,NONE,45.0,45.0,0.0,12.0,12.0,0.0,0.0,0.0,0.0,53.0,53.0,0.0,41.58,29.96,29.96,27.51,27.51,27.51,117.12,117.12,117.12,27.51,117.12,2.45,8.17,41.5,41.5,39.73,43.26,HIGH,19,SHADOW_REVIEW_READY,INSUFFICIENT_VALID_CANDIDATES_COUNT,
1782695,2,M1-B00458---- 12 004,MB02,CarbonBlack,OilWet,CarbonBlack_OilWet,PRIORITY_OPERATIONAL_HISTORY,EXACT_RECIPE_MIXER_ROUTE,L3_SHADOW_REVIEW_READY,1175,5,M1-B00458B1-- 02 002;M1-B00458B1-- 02 001;M1-B00458---- 12 005;M1-B00458XM-- 04 002;M1-B00458---- 12 007,1.0,VALIDATED_SHADOW_REVIEW,SHADOW_REVIEW_READY,True,True,False,True,True,28.68,27.47,27.47,1.21,4.21,0.0,0.0,28.68,27.47,1.21,4.21,41.43,41.43,39.67,43.19,38.07666666666667,45.07666666666667,HIGH,False,19,WITHIN_SAFE_BOUNDS,VALID_ROUTE_STAGES,NO_VALID_CANDIDATE,INSUFFICIENT_VALID_CANDIDATES_COUNT,,,0.0,,,,,NONE,45.0,45.0,0.0,13.0,13.0,0.0,0.0,0.0,0.0,52.0,52.0,0.0,41.58,28.68,28.68,27.47,27.47,27.47,112.13,112.13,112.13,27.47,112.13,1.21,4.21,41.43,41.43,39.67,43.19,HIGH,19,SHADOW_REVIEW_READY,INSUFFICIENT_VALID_CANDIDATES_COUNT,
1782695,3,M1-B00458---- 12 004,MB02,CarbonBlack,OilWet,CarbonBlack_OilWet,PRIORITY_OPERATIONAL_HISTORY,EXACT_RECIPE_MIXER_ROUTE,L3_SHADOW_REVIEW_READY,1175,5,M1-B00458B1-- 02 002;M1-B00458B1-- 02 001;M1-B00458---- 12 005;M1-B00458---- 12 007;M1-B00458XM-- 04 002,0.999,VALIDATED_SHADOW_REVIEW,SHADOW_REVIEW_READY,True,True,False,True,True,28.04,27.36,27.36,0.68,2.41,0.0,0.0,28.04,27.36,0.68,2.41,41.58,41.58,39.82,43.35,38.07666666666667,45.07666666666667,HIGH,False,19,WITHIN_SAFE_BOUNDS,VALID_ROUTE_STAGES,NO_VALID_CANDIDATE,INSUFFICIENT_VALID_CANDIDATES_COUNT,,,0.0,,,,,NONE,45.0,45.0,0.0,11.0,11.0,0.0,0.0,0.0,0.0,51.0,51.0,0.0,41.58,28.04,28.04,27.36,27.36,27.36,109.62,109.62,109.62,27.36,109.62,0.68,2.41,41.58,41.58,39.82,43.35,HIGH,19,SHADOW_REVIEW_READY,INSUFFICIENT_VALID_CANDIDATES_COUNT,
1887430,4,M1-B00163R4-- 01 004,MB02,CarbonBlack,OilWet,CarbonBlack_OilWet,PRIORITY_OPERATIONAL_HISTORY,EXACT_RECIPE_MIXER_ROUTE,L2_PRELIMINARY_RECIPE_WINDOW,22,5,M1-B00163XV-- 01 001;M1-B00163R4-- 01 003;M1-B00163XV-- 01 002;M1-B00163---- 08 005;M1-B00163XV-- 01 003,0.985,SHADOW_REVIEW_ONLY_WITH_PRELIMINARY_WINDOW,SHADOW_REVIEW_ONLY,True,True,False,True,True,30.38,29.49,29.49,0.9,2.95,0.0,0.0,30.38,29.49,0.9,2.95,30.18,30.18,28.41,31.94,27.15,34.15,HIGH,False,4,WITHIN_SAFE_BOUNDS,VALID_ROUTE_STAGES,NO_VALID_CANDIDATE,INSUFFICIENT_VALID_CANDIDATES_COUNT,,,0.0,,,,,NONE,50.0,50.0,0.0,5.0,5.0,0.0,0.0,0.0,0.0,74.0,74.0,0.0,30.65,30.38,30.38,29.49,29.49,29.49,115.44,115.44,115.44,29.49,115.44,0.9,2.95,30.18,30.18,28.41,31.94,HIGH,4,SHADOW_REVIEW_ONLY,INSUFFICIENT_VALID_CANDIDATES_COUNT,
1887430,5,M1-B00163R4-- 01 004,MB02,CarbonBlack,OilWet,CarbonBlack_OilWet,PRIORITY_OPERATIONAL_HISTORY,EXACT_RECIPE_MIXER_ROUTE,L2_PRELIMINARY_RECIPE_WINDOW,22,5,M1-B00163XV-- 01 001;M1-B00163R4-- 01 003;M1-B00163XV-- 01 002;M1-B00163---- 08 005;M1-B00163XV-- 01 003,0.985,SHADOW_REVIEW_ONLY_WITH_PRELIMINARY_WINDOW,SHADOW_REVIEW_ONLY,True,True,False,True,True,30.25,29.68,29.68,0.57,1.89,0.0,0.0,30.25,29.68,0.57,1.89,29.46,29.46,27.7,31.22,27.15,34.15,HIGH,False,4,WITHIN_SAFE_BOUNDS,VALID_ROUTE_STAGES,NO_VALID_CANDIDATE,INSUFFICIENT_VALID_CANDIDATES_COUNT,,,0.0,,,,,NONE,51.0,51.0,0.0,18.0,18.0,0.0,0.0,0.0,0.0,74.0,74.0,0.0,30.65,30.25,30.25,29.68,29.68,29.68,114.93,114.93,114.93,29.68,114.93,0.57,1.89,29.46,29.46,27.7,31.22,HIGH,4,SHADOW_REVIEW_ONLY,INSUFFICIENT_VALID_CANDIDATES_COUNT,
1887430,6,M1-B00163R4-- 01 004,MB02,CarbonBlack,OilWet,CarbonBlack_OilWet,PRIORITY_OPERATIONAL_HISTORY,EXACT_RECIPE_MIXER_ROUTE,L2_PRELIMINARY_RECIPE_WINDOW,22,5,M1-B00163XV-- 01 001;M1-B00163R4-- 01 003;M1-B00163XV-- 01 002;M1-B00163---- 08 005;M1-B00163XV-- 01 003,0.985,SHADOW_REVIEW_ONLY_WITH_PRELIMINARY_WINDOW,SHADOW_REVIEW_ONLY,True,True,False,True,True,30.55,29.68,29.68,0.88,2.86,0.0,0.0,30.55,29.68,0.88,2.86,29.34,29.34,27.58,31.1,27.15,34.15,HIGH,False,4,WITHIN_SAFE_BOUNDS,VALID_ROUTE_STAGES,NO_VALID_CANDIDATE,INSUFFICIENT_VALID_CANDIDATES_COUNT,,,0.0,,,,,NONE,50.0,50.0,0.0,18.0,18.0,0.0,0.0,0.0,0.0,75.0,75.0,0.0,30.65,30.55,30.55,29.68,29.68,29.68,116.09,116.09,116.09,29.68,116.09,0.88,2.86,29.34,29.34,27.58,31.1,HIGH,4,SHADOW_REVIEW_ONLY,INSUFFICIENT_VALID_CANDIDATES_COUNT,
1919992,25,M1-B00163R4-- 01 004,MB02,CarbonBlack,OilWet,CarbonBlack_OilWet,PRIORITY_OPERATIONAL_HISTORY,EXACT_RECIPE_MIXER_ROUTE,L2_PRELIMINARY_RECIPE_WINDOW,22,5,M1-B00163R4-- 01 003;M1-B00163XV-- 01 001;M1-B00163XV-- 01 002;M1-B00163XV-- 01 003;M1-B00163XM-- 02 003,0.992,SHADOW_REVIEW_ONLY_WITH_PRELIMINARY_WINDOW,SHADOW_REVIEW_ONLY,True,True,False,True,True,32.23,31.24,31.24,1.0,3.09,0.0,0.0,32.23,31.24,1.0,3.09,30.95,30.95,29.18,32.71,30.630000000000003,37.63,LOW,False,0,WITHIN_SAFE_BOUNDS,VALID_ROUTE_STAGES,NO_VALID_CANDIDATE,INSUFFICIENT_VALID_CANDIDATES_COUNT,,,0.0,,,,,NONE,51.0,51.0,0.0,22.0,22.0,0.0,0.0,0.0,0.0,97.0,97.0,0.0,34.13,32.23,32.23,31.24,31.24,31.24,122.47,122.47,122.47,31.24,122.47,1.0,3.09,30.95,30.95,29.18,32.71,LOW,0,SHADOW_REVIEW_ONLY,INSUFFICIENT_VALID_CANDIDATES_COUNT,
1919992,26,M1-B00163R4-- 01 004,MB02,CarbonBlack,OilWet,CarbonBlack_OilWet,PRIORITY_OPERATIONAL_HISTORY,EXACT_RECIPE_MIXER_ROUTE,L2_PRELIMINARY_RECIPE_WINDOW,22,5,M1-B00163R4-- 01 003;M1-B00163XV-- 01 001;M1-B00163XV-- 01 002;M1-B00163XV-- 01 003;M1-B00163XM-- 02 003,0.992,SHADOW_REVIEW_ONLY_WITH_PRELIMINARY_WINDOW,SHADOW_REVIEW_ONLY,True,True,False,True,True,32.12,31.19,31.19,0.93,2.91,0.0,0.0,32.12,31.19,0.93,2.91,30.27,30.27,28.5,32.03,30.630000000000003,37.63,LOW,False,0,WITHIN_SAFE_BOUNDS,VALID_ROUTE_STAGES,NO_VALID_CANDIDATE,INSUFFICIENT_VALID_CANDIDATES_COUNT,,,0.0,,,,,NONE,51.0,51.0,0.0,19.0,19.0,0.0,0.0,0.0,0.0,95.0,95.0,0.0,34.13,32.12,32.12,31.19,31.19,31.19,122.05,122.05,122.05,31.19,122.05,0.93,2.91,30.27,30.27,28.5,32.03,LOW,0,SHADOW_REVIEW_ONLY,INSUFFICIENT_VALID_CANDIDATES_COUNT,
1976906,19,M1-B00163R4-- 01 004,MB02,CarbonBlack,OilWet,CarbonBlack_OilWet,PRIORITY_OPERATIONAL_HISTORY,EXACT_RECIPE_MIXER_ROUTE,L2_PRELIMINARY_RECIPE_WINDOW,22,5,M1-B00163XV-- 01 001;M1-B00163R4-- 01 003;M1-B00163XV-- 01 002;M1-B00163---- 08 005;M1-B00163XM-- 02 003,0.976,SHADOW_REVIEW_ONLY_WITH_PRELIMINARY_WINDOW,SHADOW_REVIEW_ONLY,True,True,False,True,True,31.08,30.09,30.09,0.99,3.18,0.0,0.0,31.08,30.09,0.99,3.18,29.75,29.75,27.99,31.51,25.29,32.29,HIGH,False,4,WITHIN_SAFE_BOUNDS,VALID_ROUTE_STAGES,NO_VALID_CANDIDATE,INSUFFICIENT_VALID_CANDIDATES_COUNT,,,0.0,,,,,NONE,50.0,50.0,0.0,5.0,5.0,0.0,0.0,0.0,0.0,86.0,86.0,0.0,28.79,31.08,31.08,30.09,30.09,30.09,118.1,118.1,118.1,30.09,118.1,0.99,3.18,29.75,29.75,27.99,31.51,HIGH,4,SHADOW_REVIEW_ONLY,INSUFFICIENT_VALID_CANDIDATES_COUNT,
1976906,20,M1-B00163R4-- 01 004,MB02,CarbonBlack,OilWet,CarbonBlack_OilWet,PRIORITY_OPERATIONAL_HISTORY,EXACT_RECIPE_MIXER_ROUTE,L2_PRELIMINARY_RECIPE_WINDOW,22,5,M1-B00163XV-- 01 001;M1-B00163R4-- 01 003;M1-B00163XV-- 01 002;M1-B00163---- 08 005;M1-B00163XV-- 01 003,0.979,SHADOW_REVIEW_ONLY_WITH_PRELIMINARY_WINDOW,SHADOW_REVIEW_ONLY,True,True,False,True,True,34.27,30.09,30.09,4.18,12.2,0.0,0.0,34.27,30.09,4.18,12.2,30.35,30.35,28.59,32.12,25.76,32.760000000000005,HIGH,False,4,WITHIN_SAFE_BOUNDS,VALID_ROUTE_STAGES,NO_VALID_CANDIDATE,INSUFFICIENT_VALID_CANDIDATES_COUNT,,,0.0,,,,,NONE,50.0,50.0,0.0,5.0,5.0,0.0,0.0,0.0,0.0,86.0,86.0,0.0,29.26,34.27,34.27,30.09,30.09,30.09,130.23,130.23,130.23,30.09,130.23,4.18,12.2,30.35,30.35,28.59,32.12,HIGH,4,SHADOW_REVIEW_ONLY,INSUFFICIENT_VALID_CANDIDATES_COUNT,
1976906,21,M1-B00163R4-- 01 004,MB02,CarbonBlack,OilWet,CarbonBlack_OilWet,PRIORITY_OPERATIONAL_HISTORY,EXACT_RECIPE_MIXER_ROUTE,L2_PRELIMINARY_RECIPE_WINDOW,22,5,M1-B00163XV-- 01 001;M1-B00163R4-- 01 003;M1-B00163XV-- 01 002;M1-B00163---- 08 005;M1-B00163XV-- 01 003,0.979,SHADOW_REVIEW_ONLY_WITH_PRELIMINARY_WINDOW,SHADOW_REVIEW_ONLY,True,True,False,True,True,34.53,30.3,30.3,4.23,12.26,0.0,0.0,34.53,30.3,4.23,12.26,29.79,29.79,28.03,31.56,25.76,32.760000000000005,HIGH,False,4,WITHIN_SAFE_BOUNDS,VALID_ROUTE_STAGES,NO_VALID_CANDIDATE,INSUFFICIENT_VALID_CANDIDATES_COUNT,,,0.0,,,,,NONE,50.0,50.0,0.0,22.0,22.0,0.0,0.0,0.0,0.0,87.0,87.0,0.0,29.26,34.53,34.53,30.3,30.3,30.3,131.21,131.21,131.21,30.3,131.21,4.23,12.26,29.79,29.79,28.03,31.56,HIGH,4,SHADOW_REVIEW_ONLY,INSUFFICIENT_VALID_CANDIDATES_COUNT,
1976906,22,M1-B00163R4-- 01 004,MB02,CarbonBlack,OilWet,CarbonBlack_OilWet,PRIORITY_OPERATIONAL_HISTORY,EXACT_RECIPE_MIXER_ROUTE,L2_PRELIMINARY_RECIPE_WINDOW,22,5,M1-B00163XV-- 01 001;M1-B00163R4-- 01 003;M1-B00163XV-- 01 002;M1-B00163---- 08 005;M1-B00163XM-- 02 003,0.978,SHADOW_REVIEW_ONLY_WITH_PRELIMINARY_WINDOW,SHADOW_REVIEW_ONLY,True,True,False,True,True,32.51,30.28,30.28,2.22,6.84,0.0,0.0,32.51,30.28,2.22,6.84,29.8,29.8,28.04,31.57,25.76,32.760000000000005,HIGH,False,4,WITHIN_SAFE_BOUNDS,VALID_ROUTE_STAGES,NO_VALID_CANDIDATE,INSUFFICIENT_VALID_CANDIDATES_COUNT,,,0.0,,,,,NONE,50.0,50.0,0.0,19.0,19.0,0.0,0.0,0.0,0.0,87.0,87.0,0.0,29.26,32.51,32.51,30.28,30.28,30.28,123.52,123.52,123.52,30.28,123.52,2.22,6.84,29.8,29.8,28.04,31.57,HIGH,4,SHADOW_REVIEW_ONLY,INSUFFICIENT_VALID_CANDIDATES_COUNT,
1997980,2,M1-B00163R4-- 01 004,MB02,CarbonBlack,OilWet,CarbonBlack_OilWet,PRIORITY_OPERATIONAL_HISTORY,EXACT_RECIPE_MIXER_ROUTE,L2_PRELIMINARY_RECIPE_WINDOW,22,5,M1-B00163XV-- 01 001;M1-B00163R4-- 01 003;M1-B00163XV-- 01 002;M1-B00163XV-- 01 003;M1-B00163XM-- 02 003,0.984,SHADOW_REVIEW_ONLY_WITH_PRELIMINARY_WINDOW,SHADOW_REVIEW_ONLY,True,True,False,True,True,33.36,31.38,31.38,1.99,5.95,0.0,0.0,33.36,31.38,1.99,5.95,29.5,29.5,27.73,31.26,28.28,35.28,MEDIUM,False,0,WITHIN_SAFE_BOUNDS,VALID_ROUTE_STAGES,NO_VALID_CANDIDATE,INSUFFICIENT_VALID_CANDIDATES_COUNT,,,0.0,,,,,NONE,50.0,50.0,0.0,5.0,5.0,0.0,0.0,0.0,0.0,103.0,103.0,0.0,31.78,33.36,33.36,31.38,31.38,31.38,126.77,126.77,126.77,31.38,126.77,1.99,5.95,29.5,29.5,27.73,31.26,MEDIUM,0,SHADOW_REVIEW_ONLY,INSUFFICIENT_VALID_CANDIDATES_COUNT,
2024~1273702,12,M1-B00163R4-- 01 003,MB02,CarbonBlack,OilWet,CarbonBlack_OilWet,PRIORITY_OPERATIONAL_HISTORY,EXACT_RECIPE_MIXER_ROUTE,L3_SHADOW_REVIEW_READY,47,5,M1-B00163R4-- 01 004;M1-B00163XV-- 01 001;M1-B00163XV-- 01 002;M1-B00163XV-- 01 003;M1-B00163XV-- 01 004,0.979,VALIDATED_SHADOW_REVIEW,SHADOW_REVIEW_READY,True,True,False,True,True,27.39,29.32,29.32,-1.94,-7.08,0.0,0.0,27.39,29.32,-1.94,-7.08,33.75,33.75,31.98,35.51,32.24,39.24,HIGH,False,0,WITHIN_SAFE_BOUNDS,VALID_ROUTE_STAGES,NO_VALID_CANDIDATE,INSUFFICIENT_VALID_CANDIDATES_COUNT,,,0.0,,,,,NONE,47.0,47.0,0.0,17.0,17.0,0.0,0.0,0.0,0.0,76.0,76.0,0.0,35.74,27.39,27.39,29.32,29.32,29.32,104.06,104.06,104.06,29.32,104.06,-1.94,-7.08,33.75,33.75,31.98,35.51,HIGH,0,SHADOW_REVIEW_READY,INSUFFICIENT_VALID_CANDIDATES_COUNT,
2024~1273702,13,M1-B00163R4-- 01 003,MB02,CarbonBlack,OilWet,CarbonBlack_OilWet,PRIORITY_OPERATIONAL_HISTORY,EXACT_RECIPE_MIXER_ROUTE,L3_SHADOW_REVIEW_READY,47,5,M1-B00163R4-- 01 004;M1-B00163XV-- 01 001;M1-B00163XV-- 01 002;M1-B00163XV-- 01 003;M1-B00163XV-- 01 004,0.98,VALIDATED_SHADOW_REVIEW,SHADOW_REVIEW_READY,True,True,False,True,True,27.36,29.13,29.13,-1.77,-6.47,0.0,0.0,27.36,29.13,-1.77,-6.47,33.62,33.62,31.85,35.38,32.24,39.24,MEDIUM,False,0,WITHIN_SAFE_BOUNDS,VALID_ROUTE_STAGES,NO_VALID_CANDIDATE,INSUFFICIENT_VALID_CANDIDATES_COUNT,,,0.0,,,,,NONE,48.0,48.0,0.0,5.0,5.0,0.0,0.0,0.0,0.0,75.0,75.0,0.0,35.74,27.36,27.36,29.13,29.13,29.13,103.98,103.98,103.98,29.13,103.98,-1.77,-6.47,33.62,33.62,31.85,35.38,MEDIUM,0,SHADOW_REVIEW_READY,INSUFFICIENT_VALID_CANDIDATES_COUNT,
2024~1273702,14,M1-B00163R4-- 01 003,MB02,CarbonBlack,OilWet,CarbonBlack_OilWet,PRIORITY_OPERATIONAL_HISTORY,EXACT_RECIPE_MIXER_ROUTE,L3_SHADOW_REVIEW_READY,47,5,M1-B00163R4-- 01 004;M1-B00163XV-- 01 001;M1-B00163XV-- 01 002;M1-B00163XV-- 01 003;M1-B00163XV-- 01 004,0.979,VALIDATED_SHADOW_REVIEW,SHADOW_REVIEW_READY,True,True,False,True,True,28.21,29.18,29.18,-0.97,-3.44,0.0,0.0,28.21,29.18,-0.97,-3.44,33.54,33.54,31.78,35.3,32.24,39.24,MEDIUM,False,0,WITHIN_SAFE_BOUNDS,VALID_ROUTE_STAGES,NO_VALID_CANDIDATE,INSUFFICIENT_VALID_CANDIDATES_COUNT,,,0.0,,,,,NONE,47.0,47.0,0.0,5.0,5.0,0.0,0.0,0.0,0.0,77.0,77.0,0.0,35.74,28.21,28.21,29.18,29.18,29.18,107.18,107.18,107.18,29.18,107.18,-0.97,-3.44,33.54,33.54,31.78,35.3,MEDIUM,0,SHADOW_REVIEW_READY,INSUFFICIENT_VALID_CANDIDATES_COUNT,
2024~1276807,1,M1-B00458---- 12 003,MB02,CarbonBlack,OilWet,CarbonBlack_OilWet,PRIORITY_OPERATIONAL_HISTORY,EXACT_RECIPE_MIXER_ROUTE,L3_SHADOW_REVIEW_READY,1121,5,M1-B00458XV-- 01 002;M1-B00458B1-- 02 003;M1-B00458XM-- 04 002;M1-B00458B1-- 02 002;M1-B00458---- 12 008,0.997,VALIDATED_SHADOW_REVIEW,SHADOW_REVIEW_READY,True,True,False,True,True,27.04,27.9,27.9,-0.86,-3.18,0.0,0.0,27.04,27.9,-0.86,-3.18,40.68,40.68,38.91,42.44,35.99,42.99,HIGH,False,20,WITHIN_SAFE_BOUNDS,VALID_ROUTE_STAGES,NO_VALID_CANDIDATE,SAVING_BELOW_THRESHOLD,,,0.0,,,,,NONE,51.0,51.0,0.0,30.0,30.0,0.0,0.0,0.0,0.0,54.0,54.0,0.0,39.49,27.04,27.04,27.9,27.9,27.9,105.72,105.72,105.72,27.9,105.72,-0.86,-3.18,40.68,40.68,38.91,42.44,HIGH,20,SHADOW_REVIEW_READY,INSUFFICIENT_VALID_CANDIDATES_COUNT,
2024~1276807,2,M1-B00458---- 12 003,MB02,CarbonBlack,OilWet,CarbonBlack_OilWet,PRIORITY_OPERATIONAL_HISTORY,EXACT_RECIPE_MIXER_ROUTE,L3_SHADOW_REVIEW_READY,1121,5,M1-B00458XV-- 01 002;M1-B00458B1-- 02 003;M1-B00458XM-- 04 002;M1-B00458B1-- 02 002;M1-B00458---- 12 008,0.997,VALIDATED_SHADOW_REVIEW,SHADOW_REVIEW_READY,True,True,False,True,True,27.69,27.32,27.32,0.37,1.34,0.0,0.0,27.69,27.32,0.37,1.34,41.2,41.2,39.43,42.96,35.99,42.99,HIGH,False,20,WITHIN_SAFE_BOUNDS,VALID_ROUTE_STAGES,NO_VALID_CANDIDATE,SAVING_BELOW_THRESHOLD,,,0.0,,,,,NONE,51.0,51.0,0.0,5.0,5.0,0.0,0.0,0.0,0.0,55.0,55.0,0.0,39.49,27.69,27.69,27.32,27.32,27.32,108.26,108.26,108.26,27.32,108.26,0.37,1.34,41.2,41.2,39.43,42.96,HIGH,20,SHADOW_REVIEW_READY,INSUFFICIENT_VALID_CANDIDATES_COUNT,
2024~1276807,3,M1-B00458---- 12 003,MB02,CarbonBlack,OilWet,CarbonBlack_OilWet,PRIORITY_OPERATIONAL_HISTORY,EXACT_RECIPE_MIXER_ROUTE,L3_SHADOW_REVIEW_READY,1121,5,M1-B00458XV-- 01 002;M1-B00458B1-- 02 003;M1-B00458XM-- 04 002;M1-B00458---- 12 008;M1-B00458XM-- 04 003,0.996,VALIDATED_SHADOW_REVIEW,SHADOW_REVIEW_READY,True,True,False,True,True,25.67,27.32,27.32,-1.65,-6.42,0.0,0.0,25.67,27.32,-1.65,-6.42,40.79,40.79,39.03,42.55,35.99,42.99,HIGH,False,20,WITHIN_SAFE_BOUNDS,VALID_ROUTE_STAGES,NO_VALID_CANDIDATE,SAVING_BELOW_THRESHOLD,,,0.0,,,,,NONE,51.0,51.0,0.0,5.0,5.0,0.0,0.0,0.0,0.0,55.0,55.0,0.0,39.49,25.67,25.67,27.32,27.32,27.32,100.37,100.37,100.37,27.32,100.37,-1.65,-6.42,40.79,40.79,39.03,42.55,HIGH,20,SHADOW_REVIEW_READY,INSUFFICIENT_VALID_CANDIDATES_COUNT,
2024~1276807,4,M1-B00458---- 12 003,MB02,CarbonBlack,OilWet,CarbonBlack_OilWet,PRIORITY_OPERATIONAL_HISTORY,EXACT_RECIPE_MIXER_ROUTE,L3_SHADOW_REVIEW_READY,1121,5,M1-B00458XV-- 01 002;M1-B00458B1-- 02 003;M1-B00458XM-- 04 002;M1-B00458B1-- 02 002;M1-B00458---- 12 008,0.997,VALIDATED_SHADOW_REVIEW,SHADOW_REVIEW_READY,True,True,False,True,True,26.04,27.32,27.32,-1.28,-4.92,0.0,0.0,26.04,27.32,-1.28,-4.92,40.87,40.87,39.11,42.64,35.99,42.99,HIGH,False,20,WITHIN_SAFE_BOUNDS,VALID_ROUTE_STAGES,NO_VALID_CANDIDATE,SAVING_BELOW_THRESHOLD,,,0.0,,,,,NONE,51.0,51.0,0.0,5.0,5.0,0.0,0.0,0.0,0.0,55.0,55.0,0.0,39.49,26.04,26.04,27.32,27.32,27.32,101.8,101.8,101.8,27.32,101.8,-1.28,-4.92,40.87,40.87,39.11,42.64,HIGH,20,SHADOW_REVIEW_READY,INSUFFICIENT_VALID_CANDIDATES_COUNT,
2024~1274870,2,M1-B00458---- 12 003,MB02,CarbonBlack,OilWet,CarbonBlack_OilWet,PRIORITY_OPERATIONAL_HISTORY,EXACT_RECIPE_MIXER_ROUTE,L3_SHADOW_REVIEW_READY,1121,5,M1-B00458XM-- 04 002;M1-B00458XV-- 01 002;M1-B00458B1-- 02 003;M1-B00458B1-- 02 002;M1-B00458B1-- 02 001,0.998,VALIDATED_SHADOW_REVIEW,SHADOW_REVIEW_READY,True,True,False,True,True,27.43,27.9,27.9,-0.47,-1.71,0.0,0.0,27.43,27.9,-0.47,-1.71,40.89,40.89,39.13,42.66,36.44333333333333,43.44333333333333,HIGH,False,20,WITHIN_SAFE_BOUNDS,VALID_ROUTE_STAGES,NO_VALID_CANDIDATE,SAVING_BELOW_THRESHOLD,,,0.0,,,,,NONE,51.0,51.0,0.0,32.0,32.0,0.0,0.0,0.0,0.0,53.0,53.0,0.0,39.94,27.43,27.43,27.9,27.9,27.9,107.25,107.25,107.25,27.9,107.25,-0.47,-1.71,40.89,40.89,39.13,42.66,HIGH,20,SHADOW_REVIEW_READY,INSUFFICIENT_VALID_CANDIDATES_COUNT,
2024~1274870,3,M1-B00458---- 12 003,MB02,CarbonBlack,OilWet,CarbonBlack_OilWet,PRIORITY_OPERATIONAL_HISTORY,EXACT_RECIPE_MIXER_ROUTE,L3_SHADOW_REVIEW_READY,1121,5,M1-B00458XM-- 04 002;M1-B00458XV-- 01 002;M1-B00458B1-- 02 003;M1-B00458B1-- 02 002;M1-B00458B1-- 02 001,0.998,VALIDATED_SHADOW_REVIEW,SHADOW_REVIEW_READY,True,True,False,True,True,27.46,27.9,27.9,-0.44,-1.62,0.0,0.0,27.46,27.9,-0.44,-1.62,39.84,39.84,38.08,41.61,36.44333333333333,43.44333333333333,HIGH,False,20,WITHIN_SAFE_BOUNDS,VALID_ROUTE_STAGES,NO_VALID_CANDIDATE,SAVING_BELOW_THRESHOLD,,,0.0,,,,,NONE,51.0,51.0,0.0,34.0,34.0,0.0,0.0,0.0,0.0,54.0,54.0,0.0,39.94,27.46,27.46,27.9,27.9,27.9,107.34,107.34,107.34,27.9,107.34,-0.44,-1.62,39.84,39.84,38.08,41.61,HIGH,20,SHADOW_REVIEW_READY,INSUFFICIENT_VALID_CANDIDATES_COUNT,
2024~1275991,1,M1-B00458---- 12 003,MB02,CarbonBlack,OilWet,CarbonBlack_OilWet,PRIORITY_OPERATIONAL_HISTORY,EXACT_RECIPE_MIXER_ROUTE,L3_SHADOW_REVIEW_READY,1121,5,M1-B00458XM-- 04 002;M1-B00458XV-- 01 002;M1-B00458B1-- 02 002;M1-B00458B1-- 02 003;M1-B00458B1-- 02 001,0.999,VALIDATED_SHADOW_REVIEW,SHADOW_REVIEW_READY,True,True,False,True,True,27.26,27.53,27.53,-0.26,-0.97,0.0,0.0,27.26,27.53,-0.26,-0.97,40.22,40.22,38.45,41.98,36.62,43.62,HIGH,False,20,WITHIN_SAFE_BOUNDS,VALID_ROUTE_STAGES,NO_VALID_CANDIDATE,SAVING_BELOW_THRESHOLD,,,0.0,,,,,NONE,51.0,51.0,0.0,21.0,21.0,0.0,0.0,0.0,0.0,54.0,54.0,0.0,40.12,27.26,27.26,27.53,27.53,27.53,106.58,106.58,106.58,27.53,106.58,-0.26,-0.97,40.22,40.22,38.45,41.98,HIGH,20,SHADOW_REVIEW_READY,INSUFFICIENT_VALID_CANDIDATES_COUNT,
2024~1275991,2,M1-B00458---- 12 003,MB02,CarbonBlack,OilWet,CarbonBlack_OilWet,PRIORITY_OPERATIONAL_HISTORY,EXACT_RECIPE_MIXER_ROUTE,L3_SHADOW_REVIEW_READY,1121,5,M1-B00458XM-- 04 002;M1-B00458XV-- 01 002;M1-B00458B1-- 02 002;M1-B00458B1-- 02 003;M1-B00458B1-- 02 001,0.998,VALIDATED_SHADOW_REVIEW,SHADOW_REVIEW_READY,True,True,False,True,True,27.63,27.69,27.69,-0.06,-0.22,0.0,0.0,27.63,27.69,-0.06,-0.22,40.11,40.11,38.35,41.87,36.62,43.62,HIGH,False,20,WITHIN_SAFE_BOUNDS,VALID_ROUTE_STAGES,NO_VALID_CANDIDATE,SAVING_BELOW_THRESHOLD,,,0.0,,,,,NONE,51.0,51.0,0.0,27.0,27.0,0.0,0.0,0.0,0.0,52.0,52.0,0.0,40.12,27.63,27.63,27.69,27.69,27.69,108.03,108.03,108.03,27.69,108.03,-0.06,-0.22,40.11,40.11,38.35,41.87,HIGH,20,SHADOW_REVIEW_READY,INSUFFICIENT_VALID_CANDIDATES_COUNT,
2024~1282357,2,M1-B00163R4-- 01 003,MB02,CarbonBlack,OilWet,CarbonBlack_OilWet,PRIORITY_OPERATIONAL_HISTORY,EXACT_RECIPE_MIXER_ROUTE,L3_SHADOW_REVIEW_READY,47,5,M1-B00163R4-- 01 004;M1-B00163XV-- 01 001;M1-B00163XV-- 01 002;M1-B00163XM-- 02 003;M1-B00163XV-- 01 003,0.975,VALIDATED_SHADOW_REVIEW,SHADOW_REVIEW_READY,True,True,False,True,True,27.77,29.32,29.32,-1.56,-5.61,0.0,0.0,27.77,29.32,-1.56,-5.61,34.63,34.63,32.87,36.39,31.130000000000003,38.13,HIGH,False,8,WITHIN_SAFE_BOUNDS,VALID_ROUTE_STAGES,NO_VALID_CANDIDATE,INSUFFICIENT_VALID_CANDIDATES_COUNT,,,0.0,,,,,NONE,46.0,46.0,0.0,15.0,15.0,0.0,0.0,0.0,0.0,75.0,75.0,0.0,34.63,27.77,27.77,29.32,29.32,29.32,105.51,105.51,105.51,29.32,105.51,-1.56,-5.61,34.63,34.63,32.87,36.39,HIGH,8,SHADOW_REVIEW_READY,INSUFFICIENT_VALID_CANDIDATES_COUNT,
2024~1282357,22,M1-B00163R4-- 01 003,MB02,CarbonBlack,OilWet,CarbonBlack_OilWet,PRIORITY_OPERATIONAL_HISTORY,EXACT_RECIPE_MIXER_ROUTE,L3_SHADOW_REVIEW_READY,47,5,M1-B00163R4-- 01 004;M1-B00163XV-- 01 001;M1-B00163XV-- 01 002;M1-B00163XV-- 01 003;M1-B00163XV-- 01 004,0.987,VALIDATED_SHADOW_REVIEW,SHADOW_REVIEW_READY,True,True,False,True,True,27.09,29.13,29.13,-2.04,-7.54,0.0,0.0,27.09,29.13,-2.04,-7.54,34.0,34.0,32.24,35.77,29.92,36.92,HIGH,False,8,WITHIN_SAFE_BOUNDS,VALID_ROUTE_STAGES,NO_VALID_CANDIDATE,INSUFFICIENT_VALID_CANDIDATES_COUNT,,,0.0,,,,,NONE,47.0,47.0,0.0,5.0,5.0,0.0,0.0,0.0,0.0,75.0,75.0,0.0,33.42,27.09,27.09,29.13,29.13,29.13,102.94,102.94,102.94,29.13,102.94,-2.04,-7.54,34.0,34.0,32.24,35.77,HIGH,8,SHADOW_REVIEW_READY,INSUFFICIENT_VALID_CANDIDATES_COUNT,
2024~1282357,26,M1-B00163R4-- 01 003,MB02,CarbonBlack,OilWet,CarbonBlack_OilWet,PRIORITY_OPERATIONAL_HISTORY,EXACT_RECIPE_MIXER_ROUTE,L3_SHADOW_REVIEW_READY,47,5,M1-B00163R4-- 01 004;M1-B00163XV-- 01 001;M1-B00163XV-- 01 002;M1-B00163XV-- 01 003;M1-B00163XM-- 02 003,0.983,VALIDATED_SHADOW_REVIEW,SHADOW_REVIEW_READY,True,True,False,True,True,28.1,29.13,29.13,-1.03,-3.67,0.0,0.0,28.1,29.13,-1.03,-3.67,33.7,33.7,31.93,35.46,31.090000000000003,38.09,HIGH,False,8,WITHIN_SAFE_BOUNDS,VALID_ROUTE_STAGES,NO_VALID_CANDIDATE,INSUFFICIENT_VALID_CANDIDATES_COUNT,,,0.0,,,,,NONE,47.0,47.0,0.0,5.0,5.0,0.0,0.0,0.0,0.0,74.0,74.0,0.0,34.59,28.1,28.1,29.13,29.13,29.13,106.78,106.78,106.78,29.13,106.78,-1.03,-3.67,33.7,33.7,31.93,35.46,HIGH,8,SHADOW_REVIEW_READY,INSUFFICIENT_VALID_CANDIDATES_COUNT,
2024~1278656,7,M1-B00163R4-- 01 003,MB02,CarbonBlack,OilWet,CarbonBlack_OilWet,PRIORITY_OPERATIONAL_HISTORY,EXACT_RECIPE_MIXER_ROUTE,L3_SHADOW_REVIEW_READY,47,5,M1-B00163R4-- 01 004;M1-B00163XV-- 01 001;M1-B00163XV-- 01 002;M1-B00163XV-- 01 003;M1-B00163XV-- 01 004,0.989,VALIDATED_SHADOW_REVIEW,SHADOW_REVIEW_READY,True,True,False,True,True,27.5,29.13,29.13,-1.63,-5.94,0.0,0.0,27.5,29.13,-1.63,-5.94,33.17,33.17,31.4,34.93,29.759999999999998,36.76,HIGH,False,8,WITHIN_SAFE_BOUNDS,VALID_ROUTE_STAGES,NO_VALID_CANDIDATE,INSUFFICIENT_VALID_CANDIDATES_COUNT,,,0.0,,,,,NONE,47.0,47.0,0.0,5.0,5.0,0.0,0.0,0.0,0.0,75.0,75.0,0.0,33.26,27.5,27.5,29.13,29.13,29.13,104.49,104.49,104.49,29.13,104.49,-1.63,-5.94,33.17,33.17,31.4,34.93,HIGH,8,SHADOW_REVIEW_READY,INSUFFICIENT_VALID_CANDIDATES_COUNT,
2024~1278656,8,M1-B00163R4-- 01 003,MB02,CarbonBlack,OilWet,CarbonBlack_OilWet,PRIORITY_OPERATIONAL_HISTORY,EXACT_RECIPE_MIXER_ROUTE,L3_SHADOW_REVIEW_READY,47,5,M1-B00163R4-- 01 004;M1-B00163XV-- 01 001;M1-B00163XV-- 01 002;M1-B00163XV-- 01 003;M1-B00163XM-- 02 003,0.988,VALIDATED_SHADOW_REVIEW,SHADOW_REVIEW_READY,True,True,False,True,True,27.52,29.13,29.13,-1.61,-5.86,0.0,0.0,27.52,29.13,-1.61,-5.86,33.21,33.21,31.45,34.98,29.759999999999998,36.76,HIGH,False,8,WITHIN_SAFE_BOUNDS,VALID_ROUTE_STAGES,NO_VALID_CANDIDATE,INSUFFICIENT_VALID_CANDIDATES_COUNT,,,0.0,,,,,NONE,47.0,47.0,0.0,5.0,5.0,0.0,0.0,0.0,0.0,76.0,76.0,0.0,33.26,27.52,27.52,29.13,29.13,29.13,104.57,104.57,104.57,29.13,104.57,-1.61,-5.86,33.21,33.21,31.45,34.98,HIGH,8,SHADOW_REVIEW_READY,INSUFFICIENT_VALID_CANDIDATES_COUNT,
2024~1278656,9,M1-B00163R4-- 01 003,MB02,CarbonBlack,OilWet,CarbonBlack_OilWet,PRIORITY_OPERATIONAL_HISTORY,EXACT_RECIPE_MIXER_ROUTE,L3_SHADOW_REVIEW_READY,47,5,M1-B00163R4-- 01 004;M1-B00163XV-- 01 001;M1-B00163XV-- 01 002;M1-B00163XV-- 01 003;M1-B00163XM-- 02 003,0.987,VALIDATED_SHADOW_REVIEW,SHADOW_REVIEW_READY,True,True,False,True,True,27.39,29.13,29.13,-1.74,-6.35,0.0,0.0,27.39,29.13,-1.74,-6.35,33.2,33.2,31.44,34.97,29.759999999999998,36.76,HIGH,False,8,WITHIN_SAFE_BOUNDS,VALID_ROUTE_STAGES,NO_VALID_CANDIDATE,INSUFFICIENT_VALID_CANDIDATES_COUNT,,,0.0,,,,,NONE,47.0,47.0,0.0,5.0,5.0,0.0,0.0,0.0,0.0,75.0,75.0,0.0,33.26,27.39,27.39,29.13,29.13,29.13,104.09,104.09,104.09,29.13,104.09,-1.74,-6.35,33.2,33.2,31.44,34.97,HIGH,8,SHADOW_REVIEW_READY,INSUFFICIENT_VALID_CANDIDATES_COUNT,
2024~1278656,10,M1-B00163R4-- 01 003,MB02,CarbonBlack,OilWet,CarbonBlack_OilWet,PRIORITY_OPERATIONAL_HISTORY,EXACT_RECIPE_MIXER_ROUTE,L3_SHADOW_REVIEW_READY,47,5,M1-B00163R4-- 01 004;M1-B00163XV-- 01 001;M1-B00163XV-- 01 002;M1-B00163XV-- 01 003;M1-B00163XV-- 01 004,0.988,VALIDATED_SHADOW_REVIEW,SHADOW_REVIEW_READY,True,True,False,True,True,29.09,29.32,29.32,-0.23,-0.8,0.0,0.0,29.09,29.32,-0.23,-0.8,33.51,33.51,31.74,35.27,29.759999999999998,36.76,HIGH,False,8,WITHIN_SAFE_BOUNDS,VALID_ROUTE_STAGES,NO_VALID_CANDIDATE,INSUFFICIENT_VALID_CANDIDATES_COUNT,,,0.0,,,,,NONE,47.0,47.0,0.0,17.0,17.0,0.0,0.0,0.0,0.0,75.0,75.0,0.0,33.26,29.09,29.09,29.32,29.32,29.32,110.54,110.54,110.54,29.32,110.54,-0.23,-0.8,33.51,33.51,31.74,35.27,HIGH,8,SHADOW_REVIEW_READY,INSUFFICIENT_VALID_CANDIDATES_COUNT,
2024~1313395,1,M1-B00163RT-- 01 001,MB02,CarbonBlack,OilWet,CarbonBlack_OilWet,PRIORITY_OPERATIONAL_HISTORY,EXACT_RECIPE_MIXER_ROUTE,L2_PRELIMINARY_RECIPE_WINDOW,20,5,M1-B00163RT-- 01 002;M1-A00205W3-- 03 003;M1-A00205W4-- 01 001;M1-A00205W3-- 03 002;M1-B00163R4-- 01 003,0.988,SHADOW_REVIEW_ONLY_WITH_PRELIMINARY_WINDOW,SHADOW_REVIEW_ONLY,True,True,False,True,True,30.12,29.84,29.84,0.28,0.94,0.0,0.0,30.12,29.84,0.28,0.94,56.0,56.0,54.23,57.76,51.93,58.93,HIGH,False,0,OUT_OF_SAFE_BOUNDS,VALID_ROUTE_STAGES,NO_VALID_CANDIDATE,REJECTED_OUT_OF_SAFE_BOUNDS,,,0.0,,,,,NONE,34.0,34.0,0.0,3.0,3.0,0.0,0.0,0.0,0.0,97.0,97.0,0.0,55.43,30.12,30.12,29.84,29.84,29.84,123.45,123.45,123.45,29.84,123.45,0.28,0.94,56.0,56.0,54.23,57.76,HIGH,0,SHADOW_REVIEW_ONLY,INSUFFICIENT_VALID_CANDIDATES_COUNT,
2024~1313395,2,M1-B00163RT-- 01 001,MB02,CarbonBlack,OilWet,CarbonBlack_OilWet,PRIORITY_OPERATIONAL_HISTORY,EXACT_RECIPE_MIXER_ROUTE,L2_PRELIMINARY_RECIPE_WINDOW,20,5,M1-B00163RT-- 01 002;M1-A00205W3-- 03 003;M1-A00205W4-- 01 001;M1-A00205W3-- 03 002;M1-B00163R4-- 01 003,0.991,SHADOW_REVIEW_ONLY_WITH_PRELIMINARY_WINDOW,SHADOW_REVIEW_ONLY,True,True,False,True,True,29.77,29.92,29.92,-0.15,-0.51,0.0,0.0,29.77,29.92,-0.15,-0.51,55.56,55.56,53.8,57.32,51.93,58.93,HIGH,False,0,OUT_OF_SAFE_BOUNDS,VALID_ROUTE_STAGES,NO_VALID_CANDIDATE,REJECTED_OUT_OF_SAFE_BOUNDS,,,0.0,,,,,NONE,34.0,34.0,0.0,5.0,5.0,0.0,0.0,0.0,0.0,97.0,97.0,0.0,55.43,29.77,29.77,29.92,29.92,29.92,122.02,122.02,122.02,29.92,122.02,-0.15,-0.51,55.56,55.56,53.8,57.32,HIGH,0,SHADOW_REVIEW_ONLY,INSUFFICIENT_VALID_CANDIDATES_COUNT,
2024~1313395,3,M1-B00163RT-- 01 001,MB02,CarbonBlack,OilWet,CarbonBlack_OilWet,PRIORITY_OPERATIONAL_HISTORY,EXACT_RECIPE_MIXER_ROUTE,L2_PRELIMINARY_RECIPE_WINDOW,20,5,M1-B00163RT-- 01 002;M1-A00205W3-- 03 003;M1-A00205W4-- 01 001;M1-A00205W3-- 03 002;M1-B00163R4-- 01 003,0.993,SHADOW_REVIEW_ONLY_WITH_PRELIMINARY_WINDOW,SHADOW_REVIEW_ONLY,True,True,False,True,True,28.88,29.84,29.84,-0.95,-3.3,0.0,0.0,28.88,29.84,-0.95,-3.3,56.01,56.01,54.25,57.78,51.93,58.93,HIGH,False,0,OUT_OF_SAFE_BOUNDS,VALID_ROUTE_STAGES,NO_VALID_CANDIDATE,REJECTED_OUT_OF_SAFE_BOUNDS,,,0.0,,,,,NONE,34.0,34.0,0.0,5.0,5.0,0.0,0.0,0.0,0.0,98.0,98.0,0.0,55.43,28.88,28.88,29.84,29.84,29.84,118.39,118.39,118.39,29.84,118.39,-0.95,-3.3,56.01,56.01,54.25,57.78,HIGH,0,SHADOW_REVIEW_ONLY,INSUFFICIENT_VALID_CANDIDATES_COUNT,
2024~1313395,4,M1-B00163RT-- 01 001,MB02,CarbonBlack,OilWet,CarbonBlack_OilWet,PRIORITY_OPERATIONAL_HISTORY,EXACT_RECIPE_MIXER_ROUTE,L2_PRELIMINARY_RECIPE_WINDOW,20,5,M1-B00163RT-- 01 002;M1-A00205W3-- 03 003;M1-A00205W4-- 01 001;M1-A00205W3-- 03 002;M1-B00163R4-- 01 003,0.992,SHADOW_REVIEW_ONLY_WITH_PRELIMINARY_WINDOW,SHADOW_REVIEW_ONLY,True,True,False,True,True,29.89,29.84,29.84,0.05,0.17,0.0,0.0,29.89,29.84,0.05,0.17,56.3,56.3,54.54,58.07,51.93,58.93,HIGH,False,0,OUT_OF_SAFE_BOUNDS,VALID_ROUTE_STAGES,NO_VALID_CANDIDATE,REJECTED_OUT_OF_SAFE_BOUNDS,,,0.0,,,,,NONE,34.0,34.0,0.0,5.0,5.0,0.0,0.0,0.0,0.0,97.0,97.0,0.0,55.43,29.89,29.89,29.84,29.84,29.84,122.5,122.5,122.5,29.84,122.5,0.05,0.17,56.3,56.3,54.54,58.07,HIGH,0,SHADOW_REVIEW_ONLY,INSUFFICIENT_VALID_CANDIDATES_COUNT,
2024~1313395,5,M1-B00163RT-- 01 001,MB02,CarbonBlack,OilWet,CarbonBlack_OilWet,PRIORITY_OPERATIONAL_HISTORY,EXACT_RECIPE_MIXER_ROUTE,L2_PRELIMINARY_RECIPE_WINDOW,20,5,M1-B00163RT-- 01 002;M1-A00205W3-- 03 003;M1-A00205W4-- 01 001;M1-A00205W3-- 03 002;M1-B00163R4-- 01 003,0.994,SHADOW_REVIEW_ONLY_WITH_PRELIMINARY_WINDOW,SHADOW_REVIEW_ONLY,True,True,False,True,True,29.79,29.84,29.84,-0.04,-0.14,0.0,0.0,29.79,29.84,-0.04,-0.14,56.62,56.62,54.85,58.38,52.74,59.74,HIGH,False,3,OUT_OF_SAFE_BOUNDS,VALID_ROUTE_STAGES,NO_VALID_CANDIDATE,REJECTED_OUT_OF_SAFE_BOUNDS,,,0.0,,,,,NONE,34.0,34.0,0.0,5.0,5.0,0.0,0.0,0.0,0.0,97.0,97.0,0.0,56.24,29.79,29.79,29.84,29.84,29.84,122.12,122.12,122.12,29.84,122.12,-0.04,-0.14,56.62,56.62,54.85,58.38,HIGH,3,SHADOW_REVIEW_ONLY,INSUFFICIENT_VALID_CANDIDATES_COUNT,
2024~1313395,6,M1-B00163RT-- 01 001,MB02,CarbonBlack,OilWet,CarbonBlack_OilWet,PRIORITY_OPERATIONAL_HISTORY,EXACT_RECIPE_MIXER_ROUTE,L2_PRELIMINARY_RECIPE_WINDOW,20,5,M1-B00163RT-- 01 002;M1-A00205W3-- 03 003;M1-A00205W4-- 01 001;M1-A00205W3-- 03 002;M1-B00163R4-- 01 003,0.995,SHADOW_REVIEW_ONLY_WITH_PRELIMINARY_WINDOW,SHADOW_REVIEW_ONLY,True,True,False,True,True,29.27,30.03,30.03,-0.76,-2.6,0.0,0.0,29.27,30.03,-0.76,-2.6,56.31,56.31,54.55,58.08,52.74,59.74,HIGH,False,3,OUT_OF_SAFE_BOUNDS,VALID_ROUTE_STAGES,NO_VALID_CANDIDATE,REJECTED_OUT_OF_SAFE_BOUNDS,,,0.0,,,,,NONE,34.0,34.0,0.0,17.0,17.0,0.0,0.0,0.0,0.0,97.0,97.0,0.0,56.24,29.27,29.27,30.03,30.03,30.03,119.96,119.96,119.96,30.03,119.96,-0.76,-2.6,56.31,56.31,54.55,58.08,HIGH,3,SHADOW_REVIEW_ONLY,INSUFFICIENT_VALID_CANDIDATES_COUNT,
2024~1313395,7,M1-B00163RT-- 01 001,MB02,CarbonBlack,OilWet,CarbonBlack_OilWet,PRIORITY_OPERATIONAL_HISTORY,EXACT_RECIPE_MIXER_ROUTE,L2_PRELIMINARY_RECIPE_WINDOW,20,5,M1-B00163RT-- 01 002;M1-A00205W3-- 03 003;M1-A00205W4-- 01 001;M1-A00205W3-- 03 002;M1-B00163R4-- 01 003,0.993,SHADOW_REVIEW_ONLY_WITH_PRELIMINARY_WINDOW,SHADOW_REVIEW_ONLY,True,True,False,True,True,29.63,29.84,29.84,-0.21,-0.7,0.0,0.0,29.63,29.84,-0.21,-0.7,57.01,57.01,55.25,58.78,52.74,59.74,HIGH,False,3,OUT_OF_SAFE_BOUNDS,VALID_ROUTE_STAGES,NO_VALID_CANDIDATE,REJECTED_OUT_OF_SAFE_BOUNDS,,,0.0,,,,,NONE,34.0,34.0,0.0,5.0,5.0,0.0,0.0,0.0,0.0,97.0,97.0,0.0,56.24,29.63,29.63,29.84,29.84,29.84,121.44,121.44,121.44,29.84,121.44,-0.21,-0.7,57.01,57.01,55.25,58.78,HIGH,3,SHADOW_REVIEW_ONLY,INSUFFICIENT_VALID_CANDIDATES_COUNT,
2024~1313395,8,M1-B00163RT-- 01 001,MB02,CarbonBlack,OilWet,CarbonBlack_OilWet,PRIORITY_OPERATIONAL_HISTORY,EXACT_RECIPE_MIXER_ROUTE,L2_PRELIMINARY_RECIPE_WINDOW,20,5,M1-B00163RT-- 01 002;M1-A00205W3-- 03 003;M1-A00205W4-- 01 001;M1-A00205W3-- 03 002;M1-B00163R4-- 01 003,0.994,SHADOW_REVIEW_ONLY_WITH_PRELIMINARY_WINDOW,SHADOW_REVIEW_ONLY,True,True,False,True,True,29.51,29.84,29.84,-0.33,-1.11,0.0,0.0,29.51,29.84,-0.33,-1.11,56.91,56.91,55.15,58.68,52.74,59.74,HIGH,False,3,OUT_OF_SAFE_BOUNDS,VALID_ROUTE_STAGES,NO_VALID_CANDIDATE,REJECTED_OUT_OF_SAFE_BOUNDS,,,0.0,,,,,NONE,34.0,34.0,0.0,5.0,5.0,0.0,0.0,0.0,0.0,97.0,97.0,0.0,56.24,29.51,29.51,29.84,29.84,29.84,120.95,120.95,120.95,29.84,120.95,-0.33,-1.11,56.91,56.91,55.15,58.68,HIGH,3,SHADOW_REVIEW_ONLY,INSUFFICIENT_VALID_CANDIDATES_COUNT,
2024~1339461,1,M1-B00163RT-- 01 001,MB02,CarbonBlack,OilWet,CarbonBlack_OilWet,PRIORITY_OPERATIONAL_HISTORY,EXACT_RECIPE_MIXER_ROUTE,L2_PRELIMINARY_RECIPE_WINDOW,20,5,M1-B00163RT-- 01 002;M1-A00205W3-- 03 003;M1-A00205W4-- 01 001;M1-A00205W3-- 03 002;M1-B00163R4-- 01 003,0.988,SHADOW_REVIEW_ONLY_WITH_PRELIMINARY_WINDOW,SHADOW_REVIEW_ONLY,True,True,False,True,True,31.04,30.49,30.49,0.55,1.76,0.0,0.0,31.04,30.49,0.55,1.76,53.57,53.57,51.8,55.33,49.75,56.75,HIGH,False,0,OUT_OF_SAFE_BOUNDS,VALID_ROUTE_STAGES,NO_VALID_CANDIDATE,REJECTED_OUT_OF_SAFE_BOUNDS,,,0.0,,,,,NONE,34.0,34.0,0.0,19.0,19.0,0.0,0.0,0.0,0.0,107.0,107.0,0.0,53.25,31.04,31.04,30.49,30.49,30.49,127.24,127.24,127.24,30.49,127.24,0.55,1.76,53.57,53.57,51.8,55.33,HIGH,0,SHADOW_REVIEW_ONLY,INSUFFICIENT_VALID_CANDIDATES_COUNT,
2024~1339461,2,M1-B00163RT-- 01 001,MB02,CarbonBlack,OilWet,CarbonBlack_OilWet,PRIORITY_OPERATIONAL_HISTORY,EXACT_RECIPE_MIXER_ROUTE,L2_PRELIMINARY_RECIPE_WINDOW,20,5,M1-B00163RT-- 01 002;M1-A00205W3-- 03 003;M1-A00205W4-- 01 001;M1-A00205W3-- 03 002;M1-B00163R4-- 01 003,0.987,SHADOW_REVIEW_ONLY_WITH_PRELIMINARY_WINDOW,SHADOW_REVIEW_ONLY,True,True,False,True,True,32.2,30.51,30.51,1.69,5.24,0.0,0.0,32.2,30.51,1.69,5.24,53.28,53.28,51.51,55.04,49.75,56.75,HIGH,False,0,OUT_OF_SAFE_BOUNDS,VALID_ROUTE_STAGES,NO_VALID_CANDIDATE,REJECTED_OUT_OF_SAFE_BOUNDS,,,0.0,,,,,NONE,34.0,34.0,0.0,21.0,21.0,0.0,0.0,0.0,0.0,106.0,106.0,0.0,53.25,32.2,32.2,30.51,30.51,30.51,131.98,131.98,131.98,30.51,131.98,1.69,5.24,53.28,53.28,51.51,55.04,HIGH,0,SHADOW_REVIEW_ONLY,INSUFFICIENT_VALID_CANDIDATES_COUNT,
2024~1546770,9,M1-B00163RT-- 01 002,MB02,CarbonBlack,OilWet,CarbonBlack_OilWet,PRIORITY_OPERATIONAL_HISTORY,EXACT_RECIPE_MIXER_ROUTE,L3_SHADOW_REVIEW_READY,58,5,M1-B00163RT-- 01 001;M1-A00205W3-- 03 003;M1-A00205W4-- 01 001;M1-A00205W3-- 03 002;M1-B00163R4-- 01 003,0.988,VALIDATED_SHADOW_REVIEW,SHADOW_REVIEW_READY,True,True,False,True,True,29.94,32.69,32.69,-2.75,-9.2,0.0,0.0,29.94,32.69,-2.75,-9.2,57.05,57.05,55.28,58.81,55.26,62.26,HIGH,False,0,OUT_OF_SAFE_BOUNDS,VALID_ROUTE_STAGES,NO_VALID_CANDIDATE,REJECTED_OUT_OF_SAFE_BOUNDS,,,0.0,,,,,NONE,34.0,34.0,0.0,19.0,19.0,0.0,0.0,0.0,0.0,153.0,153.0,0.0,58.76,29.94,29.94,32.69,32.69,32.69,122.7,122.7,122.7,32.69,122.7,-2.75,-9.2,57.05,57.05,55.28,58.81,HIGH,0,SHADOW_REVIEW_READY,INSUFFICIENT_VALID_CANDIDATES_COUNT,
2024~1546770,10,M1-B00163RT-- 01 002,MB02,CarbonBlack,OilWet,CarbonBlack_OilWet,PRIORITY_OPERATIONAL_HISTORY,EXACT_RECIPE_MIXER_ROUTE,L3_SHADOW_REVIEW_READY,58,5,M1-B00163RT-- 01 001;M1-A00205W3-- 03 003;M1-A00205W4-- 01 001;M1-A00205W3-- 03 002;M1-B00163R4-- 01 003,0.989,VALIDATED_SHADOW_REVIEW,SHADOW_REVIEW_READY,True,True,False,True,True,30.61,32.69,32.69,-2.08,-6.8,0.0,0.0,30.61,32.69,-2.08,-6.8,57.14,57.14,55.38,58.91,55.26,62.26,HIGH,False,1,OUT_OF_SAFE_BOUNDS,VALID_ROUTE_STAGES,NO_VALID_CANDIDATE,REJECTED_OUT_OF_SAFE_BOUNDS,,,0.0,,,,,NONE,35.0,35.0,0.0,18.0,18.0,0.0,0.0,0.0,0.0,152.0,152.0,0.0,58.76,30.61,30.61,32.69,32.69,32.69,125.46,125.46,125.46,32.69,125.46,-2.08,-6.8,57.14,57.14,55.38,58.91,HIGH,1,SHADOW_REVIEW_READY,INSUFFICIENT_VALID_CANDIDATES_COUNT,
2024~1546770,11,M1-B00163RT-- 01 002,MB02,CarbonBlack,OilWet,CarbonBlack_OilWet,PRIORITY_OPERATIONAL_HISTORY,EXACT_RECIPE_MIXER_ROUTE,L3_SHADOW_REVIEW_READY,58,5,M1-B00163RT-- 01 001;M1-A00205W3-- 03 003;M1-A00205W4-- 01 001;M1-A00205W3-- 03 002;M1-B00163R4-- 01 003,0.992,VALIDATED_SHADOW_REVIEW,SHADOW_REVIEW_READY,True,True,False,True,True,30.96,32.69,32.69,-1.73,-5.59,0.0,0.0,30.96,32.69,-1.73,-5.59,57.15,57.15,55.39,58.92,55.26,62.26,HIGH,False,1,OUT_OF_SAFE_BOUNDS,VALID_ROUTE_STAGES,NO_VALID_CANDIDATE,REJECTED_OUT_OF_SAFE_BOUNDS,,,0.0,,,,,NONE,34.0,34.0,0.0,19.0,19.0,0.0,0.0,0.0,0.0,153.0,153.0,0.0,58.76,30.96,30.96,32.69,32.69,32.69,126.9,126.9,126.9,32.69,126.9,-1.73,-5.59,57.15,57.15,55.39,58.92,HIGH,1,SHADOW_REVIEW_READY,INSUFFICIENT_VALID_CANDIDATES_COUNT,
2024~1546770,12,M1-B00163RT-- 01 002,MB02,CarbonBlack,OilWet,CarbonBlack_OilWet,PRIORITY_OPERATIONAL_HISTORY,EXACT_RECIPE_MIXER_ROUTE,L3_SHADOW_REVIEW_READY,58,5,M1-B00163RT-- 01 001;M1-A00205W3-- 03 003;M1-A00205W4-- 01 001;M1-A00205W3-- 03 002;M1-B00163R4-- 01 003,0.99,VALIDATED_SHADOW_REVIEW,SHADOW_REVIEW_READY,True,True,False,True,True,31.14,32.69,32.69,-1.55,-4.98,0.0,0.0,31.14,32.69,-1.55,-4.98,57.07,57.07,55.31,58.84,55.26,62.26,HIGH,False,1,OUT_OF_SAFE_BOUNDS,VALID_ROUTE_STAGES,NO_VALID_CANDIDATE,REJECTED_OUT_OF_SAFE_BOUNDS,,,0.0,,,,,NONE,35.0,35.0,0.0,19.0,19.0,0.0,0.0,0.0,0.0,154.0,154.0,0.0,58.76,31.14,31.14,32.69,32.69,32.69,127.64,127.64,127.64,32.69,127.64,-1.55,-4.98,57.07,57.07,55.31,58.84,HIGH,1,SHADOW_REVIEW_READY,INSUFFICIENT_VALID_CANDIDATES_COUNT,
2024~1536999,5,M1-B00163RT-- 01 002,MB02,CarbonBlack,OilWet,CarbonBlack_OilWet,PRIORITY_OPERATIONAL_HISTORY,EXACT_RECIPE_MIXER_ROUTE,L3_SHADOW_REVIEW_READY,58,5,M1-B00163RT-- 01 001;M1-A00205W3-- 03 003;M1-A00205W4-- 01 001;M1-A00205W3-- 03 002;M1-B00163R4-- 01 003,0.99,VALIDATED_SHADOW_REVIEW,SHADOW_REVIEW_READY,True,True,False,True,True,25.71,28.67,28.67,-2.97,-11.55,0.0,0.0,25.71,28.67,-2.97,-11.55,56.43,56.43,54.67,58.2,54.01,61.01,HIGH,False,4,OUT_OF_SAFE_BOUNDS,VALID_ROUTE_STAGES,NO_VALID_CANDIDATE,REJECTED_OUT_OF_SAFE_BOUNDS,,,0.0,,,,,NONE,34.0,34.0,0.0,18.0,18.0,0.0,0.0,0.0,0.0,82.0,82.0,0.0,57.51,25.71,25.71,28.67,28.67,28.67,105.37,105.37,105.37,28.67,105.37,-2.97,-11.55,56.43,56.43,54.67,58.2,HIGH,4,SHADOW_REVIEW_READY,INSUFFICIENT_VALID_CANDIDATES_COUNT,
2024~1536999,6,M1-B00163RT-- 01 002,MB02,CarbonBlack,OilWet,CarbonBlack_OilWet,PRIORITY_OPERATIONAL_HISTORY,EXACT_RECIPE_MIXER_ROUTE,L3_SHADOW_REVIEW_READY,58,5,M1-B00163RT-- 01 001;M1-A00205W3-- 03 003;M1-A00205W4-- 01 001;M1-A00205W3-- 03 002;M1-B00163R4-- 01 003,0.99,VALIDATED_SHADOW_REVIEW,SHADOW_REVIEW_READY,True,True,False,True,True,25.93,28.17,28.17,-2.25,-8.66,0.0,0.0,25.93,28.17,-2.25,-8.66,57.42,57.42,55.66,59.19,54.01,61.01,HIGH,False,4,OUT_OF_SAFE_BOUNDS,VALID_ROUTE_STAGES,NO_VALID_CANDIDATE,REJECTED_OUT_OF_SAFE_BOUNDS,,,0.0,,,,,NONE,34.0,34.0,0.0,18.0,18.0,0.0,0.0,0.0,0.0,79.0,79.0,0.0,57.51,25.93,25.93,28.17,28.17,28.17,106.27,106.27,106.27,28.17,106.27,-2.25,-8.66,57.42,57.42,55.66,59.19,HIGH,4,SHADOW_REVIEW_READY,INSUFFICIENT_VALID_CANDIDATES_COUNT,
2024~1536999,7,M1-B00163RT-- 01 002,MB02,CarbonBlack,OilWet,CarbonBlack_OilWet,PRIORITY_OPERATIONAL_HISTORY,EXACT_RECIPE_MIXER_ROUTE,L3_SHADOW_REVIEW_READY,58,5,M1-B00163RT-- 01 001;M1-A00205W3-- 03 003;M1-A00205W4-- 01 001;M1-A00205W3-- 03 002;M1-B00163R4-- 01 003,0.99,VALIDATED_SHADOW_REVIEW,SHADOW_REVIEW_READY,True,True,False,True,True,26.71,28.67,28.67,-1.96,-7.35,0.0,0.0,26.71,28.67,-1.96,-7.35,56.83,56.83,55.06,58.59,54.01,61.01,HIGH,False,4,OUT_OF_SAFE_BOUNDS,VALID_ROUTE_STAGES,NO_VALID_CANDIDATE,REJECTED_OUT_OF_SAFE_BOUNDS,,,0.0,,,,,NONE,34.0,34.0,0.0,18.0,18.0,0.0,0.0,0.0,0.0,83.0,83.0,0.0,57.51,26.71,26.71,28.67,28.67,28.67,109.49,109.49,109.49,28.67,109.49,-1.96,-7.35,56.83,56.83,55.06,58.59,HIGH,4,SHADOW_REVIEW_READY,INSUFFICIENT_VALID_CANDIDATES_COUNT,
2024~1536999,8,M1-B00163RT-- 01 002,MB02,CarbonBlack,OilWet,CarbonBlack_OilWet,PRIORITY_OPERATIONAL_HISTORY,EXACT_RECIPE_MIXER_ROUTE,L3_SHADOW_REVIEW_READY,58,5,M1-B00163RT-- 01 001;M1-A00205W3-- 03 003;M1-A00205W4-- 01 001;M1-A00205W3-- 03 002;M1-B00163R4-- 01 003,0.992,VALIDATED_SHADOW_REVIEW,SHADOW_REVIEW_READY,True,True,False,True,True,26.3,28.67,28.67,-2.38,-9.04,0.0,0.0,26.3,28.67,-2.38,-9.04,56.58,56.58,54.82,58.35,54.01,61.01,HIGH,False,4,OUT_OF_SAFE_BOUNDS,VALID_ROUTE_STAGES,NO_VALID_CANDIDATE,REJECTED_OUT_OF_SAFE_BOUNDS,,,0.0,,,,,NONE,34.0,34.0,0.0,16.0,16.0,0.0,0.0,0.0,0.0,82.0,82.0,0.0,57.51,26.3,26.3,28.67,28.67,28.67,107.79,107.79,107.79,28.67,107.79,-2.38,-9.04,56.58,56.58,54.82,58.35,HIGH,4,SHADOW_REVIEW_READY,INSUFFICIENT_VALID_CANDIDATES_COUNT,
2024~1539276,5,M1-B00163RT-- 01 002,MB02,CarbonBlack,OilWet,CarbonBlack_OilWet,PRIORITY_OPERATIONAL_HISTORY,EXACT_RECIPE_MIXER_ROUTE,L3_SHADOW_REVIEW_READY,58,5,M1-B00163RT-- 01 001;M1-A00205W3-- 03 003;M1-A00205W4-- 01 001;M1-A00205W3-- 03 002;M1-B00163R4-- 01 003,0.977,VALIDATED_SHADOW_REVIEW,SHADOW_REVIEW_READY,True,True,False,True,True,28.05,28.44,28.44,-0.39,-1.4,0.0,0.0,28.05,28.44,-0.39,-1.4,55.31,55.31,53.54,57.07,49.92,56.92,HIGH,False,1,WITHIN_SAFE_BOUNDS,VALID_ROUTE_STAGES,NO_VALID_CANDIDATE,INSUFFICIENT_VALID_CANDIDATES_COUNT,,,0.0,,,,,NONE,34.0,34.0,0.0,5.0,5.0,0.0,0.0,0.0,0.0,82.0,82.0,0.0,53.42,28.05,28.05,28.44,28.44,28.44,114.98,114.98,114.98,28.44,114.98,-0.39,-1.4,55.31,55.31,53.54,57.07,HIGH,1,SHADOW_REVIEW_READY,INSUFFICIENT_VALID_CANDIDATES_COUNT,
2024~1539276,6,M1-B00163RT-- 01 002,MB02,CarbonBlack,OilWet,CarbonBlack_OilWet,PRIORITY_OPERATIONAL_HISTORY,EXACT_RECIPE_MIXER_ROUTE,L3_SHADOW_REVIEW_READY,58,5,M1-B00163RT-- 01 001;M1-A00205W3-- 03 003;M1-A00205W4-- 01 001;M1-A00205W3-- 03 002;M1-B00163R4-- 01 003,0.974,VALIDATED_SHADOW_REVIEW,SHADOW_REVIEW_READY,True,True,False,True,True,28.4,28.52,28.52,-0.11,-0.4,0.0,0.0,28.4,28.52,-0.11,-0.4,55.82,55.82,54.06,57.59,49.92,56.92,MEDIUM,False,0,WITHIN_SAFE_BOUNDS,VALID_ROUTE_STAGES,NO_VALID_CANDIDATE,INSUFFICIENT_VALID_CANDIDATES_COUNT,,,0.0,,,,,NONE,34.0,34.0,0.0,5.0,5.0,0.0,0.0,0.0,0.0,84.0,84.0,0.0,53.42,28.4,28.4,28.52,28.52,28.52,116.42,116.42,116.42,28.52,116.42,-0.11,-0.4,55.82,55.82,54.06,57.59,MEDIUM,0,SHADOW_REVIEW_READY,INSUFFICIENT_VALID_CANDIDATES_COUNT,
2232835,1,M1-B00458---- 12 005,MB02,CarbonBlack,OilWet,CarbonBlack_OilWet,PRIORITY_OPERATIONAL_HISTORY,EXACT_RECIPE_MIXER_ROUTE,L3_SHADOW_REVIEW_READY,234,5,M1-B00458B1-- 02 001;M1-B00458B1-- 02 002;M1-B00458---- 12 004;M1-B00458XM-- 04 002;M1-B00458---- 12 007,0.999,VALIDATED_SHADOW_REVIEW,SHADOW_REVIEW_READY,True,True,False,True,True,28.39,26.82,26.82,1.57,5.54,0.0,0.0,28.39,26.82,1.57,5.54,41.86,41.86,40.1,43.63,38.85,45.85,HIGH,False,18,OUT_OF_SAFE_BOUNDS,VALID_ROUTE_STAGES,NO_VALID_CANDIDATE,REJECTED_OUT_OF_SAFE_BOUNDS,,,0.0,,,,,NONE,45.0,45.0,0.0,14.0,14.0,0.0,0.0,0.0,0.0,39.0,39.0,0.0,42.35,28.39,28.39,26.82,26.82,26.82,110.9,110.9,110.9,26.82,110.9,1.57,5.54,41.86,41.86,40.1,43.63,HIGH,18,SHADOW_REVIEW_READY,INSUFFICIENT_VALID_CANDIDATES_COUNT,
2232835,2,M1-B00458---- 12 005,MB02,CarbonBlack,OilWet,CarbonBlack_OilWet,PRIORITY_OPERATIONAL_HISTORY,EXACT_RECIPE_MIXER_ROUTE,L3_SHADOW_REVIEW_READY,234,5,M1-B00458B1-- 02 001;M1-B00458B1-- 02 002;M1-B00458---- 12 004;M1-B00458---- 12 007;M1-B00458XM-- 04 002,0.999,VALIDATED_SHADOW_REVIEW,SHADOW_REVIEW_READY,True,True,False,True,True,26.52,26.82,26.82,-0.3,-1.12,0.0,0.0,26.52,26.82,-0.3,-1.12,42.46,42.46,40.69,44.22,38.85,45.85,HIGH,False,18,OUT_OF_SAFE_BOUNDS,VALID_ROUTE_STAGES,NO_VALID_CANDIDATE,REJECTED_OUT_OF_SAFE_BOUNDS,,,0.0,,,,,NONE,45.0,45.0,0.0,14.0,14.0,0.0,0.0,0.0,0.0,38.0,38.0,0.0,42.35,26.52,26.52,26.82,26.82,26.82,103.59,103.59,103.59,26.82,103.59,-0.3,-1.12,42.46,42.46,40.69,44.22,HIGH,18,SHADOW_REVIEW_READY,INSUFFICIENT_VALID_CANDIDATES_COUNT,
2232835,3,M1-B00458---- 12 005,MB02,CarbonBlack,OilWet,CarbonBlack_OilWet,PRIORITY_OPERATIONAL_HISTORY,EXACT_RECIPE_MIXER_ROUTE,L3_SHADOW_REVIEW_READY,234,5,M1-B00458B1-- 02 001;M1-B00458B1-- 02 002;M1-B00458---- 12 004;M1-B00458---- 12 007;M1-B00458XM-- 04 002,0.998,VALIDATED_SHADOW_REVIEW,SHADOW_REVIEW_READY,True,True,False,True,True,26.69,26.81,26.81,-0.12,-0.45,0.0,0.0,26.69,26.81,-0.12,-0.45,42.48,42.48,40.72,44.25,38.85,45.85,HIGH,False,18,OUT_OF_SAFE_BOUNDS,VALID_ROUTE_STAGES,NO_VALID_CANDIDATE,REJECTED_OUT_OF_SAFE_BOUNDS,,,0.0,,,,,NONE,45.0,45.0,0.0,5.0,5.0,0.0,0.0,0.0,0.0,39.0,39.0,0.0,42.35,26.69,26.69,26.81,26.81,26.81,104.24,104.24,104.24,26.81,104.24,-0.12,-0.45,42.48,42.48,40.72,44.25,HIGH,18,SHADOW_REVIEW_READY,INSUFFICIENT_VALID_CANDIDATES_COUNT,
2234242,2,M1-B00458---- 12 005,MB02,CarbonBlack,OilWet,CarbonBlack_OilWet,PRIORITY_OPERATIONAL_HISTORY,EXACT_RECIPE_MIXER_ROUTE,L3_SHADOW_REVIEW_READY,234,5,M1-B00458B1-- 02 002;M1-B00458XM-- 04 002;M1-B00458B1-- 02 001;M1-B00458---- 12 007;M1-B00458---- 12 003,0.997,VALIDATED_SHADOW_REVIEW,SHADOW_REVIEW_READY,True,True,False,True,True,26.89,26.82,26.82,0.07,0.27,0.0,0.0,26.89,26.82,0.07,0.27,41.92,41.92,40.16,43.68,37.61,44.61,HIGH,False,18,OUT_OF_SAFE_BOUNDS,VALID_ROUTE_STAGES,NO_VALID_CANDIDATE,REJECTED_OUT_OF_SAFE_BOUNDS,,,0.0,,,,,NONE,45.0,45.0,0.0,12.0,12.0,0.0,0.0,0.0,0.0,37.0,37.0,0.0,41.11,26.89,26.89,26.82,26.82,26.82,105.03,105.03,105.03,26.82,105.03,0.07,0.27,41.92,41.92,40.16,43.68,HIGH,18,SHADOW_REVIEW_READY,INSUFFICIENT_VALID_CANDIDATES_COUNT,
2234242,3,M1-B00458---- 12 005,MB02,CarbonBlack,OilWet,CarbonBlack_OilWet,PRIORITY_OPERATIONAL_HISTORY,EXACT_RECIPE_MIXER_ROUTE,L3_SHADOW_REVIEW_READY,234,5,M1-B00458B1-- 02 002;M1-B00458XM-- 04 002;M1-B00458B1-- 02 001;M1-B00458---- 12 007;M1-B00458---- 12 003,0.997,VALIDATED_SHADOW_REVIEW,SHADOW_REVIEW_READY,True,True,False,True,True,26.67,26.82,26.82,-0.15,-0.56,0.0,0.0,26.67,26.82,-0.15,-0.56,42.0,42.0,40.23,43.76,37.61,44.61,HIGH,False,18,OUT_OF_SAFE_BOUNDS,VALID_ROUTE_STAGES,NO_VALID_CANDIDATE,REJECTED_OUT_OF_SAFE_BOUNDS,,,0.0,,,,,NONE,45.0,45.0,0.0,11.0,11.0,0.0,0.0,0.0,0.0,38.0,38.0,0.0,41.11,26.67,26.67,26.82,26.82,26.82,104.17,104.17,104.17,26.82,104.17,-0.15,-0.56,42.0,42.0,40.23,43.76,HIGH,18,SHADOW_REVIEW_READY,INSUFFICIENT_VALID_CANDIDATES_COUNT,
2231055,1,M1-B00458---- 12 005,MB02,CarbonBlack,OilWet,CarbonBlack_OilWet,PRIORITY_OPERATIONAL_HISTORY,EXACT_RECIPE_MIXER_ROUTE,L3_SHADOW_REVIEW_READY,234,5,M1-B00458B1-- 02 002;M1-B00458B1-- 02 001;M1-B00458---- 12 004;M1-B00458---- 12 007;M1-B00458XM-- 04 002,0.998,VALIDATED_SHADOW_REVIEW,SHADOW_REVIEW_READY,True,True,False,True,True,27.22,26.82,26.82,0.4,1.46,0.0,0.0,27.22,26.82,0.4,1.46,41.25,41.25,39.49,43.01,38.43333333333333,45.43333333333333,HIGH,False,18,OUT_OF_SAFE_BOUNDS,VALID_ROUTE_STAGES,NO_VALID_CANDIDATE,REJECTED_OUT_OF_SAFE_BOUNDS,,,0.0,,,,,NONE,46.0,46.0,0.0,11.0,11.0,0.0,0.0,0.0,0.0,38.0,38.0,0.0,41.93,27.22,27.22,26.82,26.82,26.82,106.3,106.3,106.3,26.82,106.3,0.4,1.46,41.25,41.25,39.49,43.01,HIGH,18,SHADOW_REVIEW_READY,INSUFFICIENT_VALID_CANDIDATES_COUNT,
2231055,2,M1-B00458---- 12 005,MB02,CarbonBlack,OilWet,CarbonBlack_OilWet,PRIORITY_OPERATIONAL_HISTORY,EXACT_RECIPE_MIXER_ROUTE,L3_SHADOW_REVIEW_READY,234,5,M1-B00458B1-- 02 001;M1-B00458B1-- 02 002;M1-B00458---- 12 004;M1-B00458XM-- 04 002;M1-B00458---- 12 007,0.999,VALIDATED_SHADOW_REVIEW,SHADOW_REVIEW_READY,True,True,False,True,True,26.63,26.82,26.82,-0.19,-0.7,0.0,0.0,26.63,26.82,-0.19,-0.7,40.63,40.63,38.86,42.39,38.43333333333333,45.43333333333333,HIGH,False,18,OUT_OF_SAFE_BOUNDS,VALID_ROUTE_STAGES,NO_VALID_CANDIDATE,REJECTED_OUT_OF_SAFE_BOUNDS,,,0.0,,,,,NONE,45.0,45.0,0.0,12.0,12.0,0.0,0.0,0.0,0.0,38.0,38.0,0.0,41.93,26.63,26.63,26.82,26.82,26.82,104.02,104.02,104.02,26.82,104.02,-0.19,-0.7,40.63,40.63,38.86,42.39,HIGH,18,SHADOW_REVIEW_READY,INSUFFICIENT_VALID_CANDIDATES_COUNT,
2239709,1,M1-B00458---- 12 005,MB02,CarbonBlack,OilWet,CarbonBlack_OilWet,PRIORITY_OPERATIONAL_HISTORY,EXACT_RECIPE_MIXER_ROUTE,L3_SHADOW_REVIEW_READY,234,5,M1-B00458B1-- 02 003;M1-B00458XV-- 01 002;M1-B00458XM-- 04 003;M1-B00458---- 12 003;M1-B00458---- 12 008,0.998,VALIDATED_SHADOW_REVIEW,SHADOW_REVIEW_READY,True,True,False,True,True,32.09,30.8,30.8,1.28,4.0,0.0,0.0,32.09,30.8,1.28,4.0,40.62,40.62,38.85,42.38,34.693333333333335,41.693333333333335,MEDIUM,False,0,WITHIN_SAFE_BOUNDS,VALID_ROUTE_STAGES,NO_VALID_CANDIDATE,INSUFFICIENT_VALID_CANDIDATES_COUNT,,,0.0,,,,,NONE,46.0,46.0,0.0,11.0,11.0,0.0,0.0,0.0,0.0,91.0,91.0,0.0,38.19,32.09,32.09,30.8,30.8,30.8,125.32,125.32,125.32,30.8,125.32,1.28,4.0,40.62,40.62,38.85,42.38,MEDIUM,0,SHADOW_REVIEW_READY,INSUFFICIENT_VALID_CANDIDATES_COUNT,
2239709,2,M1-B00458---- 12 005,MB02,CarbonBlack,OilWet,CarbonBlack_OilWet,PRIORITY_OPERATIONAL_HISTORY,EXACT_RECIPE_MIXER_ROUTE,L3_SHADOW_REVIEW_READY,234,5,M1-B00458B1-- 02 003;M1-B00458XV-- 01 002;M1-B00458XM-- 04 003;M1-B00458---- 12 008;M1-B00458---- 12 003,0.998,VALIDATED_SHADOW_REVIEW,SHADOW_REVIEW_READY,True,True,False,True,True,30.84,29.92,29.92,0.93,3.0,0.0,0.0,30.84,29.92,0.93,3.0,40.34,40.34,38.58,42.1,34.693333333333335,41.693333333333335,MEDIUM,False,0,WITHIN_SAFE_BOUNDS,VALID_ROUTE_STAGES,NO_VALID_CANDIDATE,INSUFFICIENT_VALID_CANDIDATES_COUNT,,,0.0,,,,,NONE,45.0,45.0,0.0,14.0,14.0,0.0,0.0,0.0,0.0,67.0,67.0,0.0,38.19,30.84,30.84,29.92,29.92,29.92,120.46,120.46,120.46,29.92,120.46,0.93,3.0,40.34,40.34,38.58,42.1,MEDIUM,0,SHADOW_REVIEW_READY,INSUFFICIENT_VALID_CANDIDATES_COUNT,
2241426,1,M1-B00458---- 12 005,MB02,CarbonBlack,OilWet,CarbonBlack_OilWet,PRIORITY_OPERATIONAL_HISTORY,EXACT_RECIPE_MIXER_ROUTE,L3_SHADOW_REVIEW_READY,234,5,M1-B00458B1-- 02 003;M1-B00458XV-- 01 002;M1-B00458XM-- 04 003;M1-B00458---- 12 008;M1-B00458---- 12 003,0.998,VALIDATED_SHADOW_REVIEW,SHADOW_REVIEW_READY,True,True,False,True,True,31.09,30.01,30.01,1.08,3.49,0.0,0.0,31.09,30.01,1.08,3.49,39.91,39.91,38.14,41.67,35.2,42.2,HIGH,False,18,OUT_OF_SAFE_BOUNDS,VALID_ROUTE_STAGES,NO_VALID_CANDIDATE,REJECTED_OUT_OF_SAFE_BOUNDS,,,0.0,,,,,NONE,45.0,45.0,0.0,14.0,14.0,0.0,0.0,0.0,0.0,68.0,68.0,0.0,38.7,31.09,31.09,30.01,30.01,30.01,121.45,121.45,121.45,30.01,121.45,1.08,3.49,39.91,39.91,38.14,41.67,HIGH,18,SHADOW_REVIEW_READY,INSUFFICIENT_VALID_CANDIDATES_COUNT,
2370888,1,M1-B00458---- 12 007,MB02,CarbonBlack,OilWet,CarbonBlack_OilWet,PRIORITY_OPERATIONAL_HISTORY,EXACT_RECIPE_MIXER_ROUTE,L2_PRELIMINARY_RECIPE_WINDOW,19,5,M1-B00458B1-- 02 002;M1-B00458B1-- 02 001;M1-B00458---- 12 005;M1-B00458XM-- 04 002;M1-B00458---- 12 004,0.995,SHADOW_REVIEW_ONLY_WITH_PRELIMINARY_WINDOW,SHADOW_REVIEW_ONLY,True,True,False,True,True,33.92,32.22,32.22,1.7,5.01,0.0,0.0,33.92,32.22,1.7,5.01,41.26,41.26,39.5,43.03,38.06333333333333,45.06333333333333,HIGH,False,4,WITHIN_SAFE_BOUNDS,VALID_ROUTE_STAGES,NO_VALID_CANDIDATE,INSUFFICIENT_VALID_CANDIDATES_COUNT,,,0.0,,,,,NONE,50.0,50.0,0.0,17.0,17.0,0.0,0.0,0.0,0.0,103.0,103.0,0.0,41.56,33.92,33.92,32.22,32.22,32.22,129.67,129.67,129.67,32.22,129.67,1.7,5.01,41.26,41.26,39.5,43.03,HIGH,4,SHADOW_REVIEW_ONLY,INSUFFICIENT_VALID_CANDIDATES_COUNT,
2375891,1,M1-B00458---- 12 007,MB02,CarbonBlack,OilWet,CarbonBlack_OilWet,PRIORITY_OPERATIONAL_HISTORY,EXACT_RECIPE_MIXER_ROUTE,L2_PRELIMINARY_RECIPE_WINDOW,19,5,M1-B00458---- 12 003;M1-B00458XM-- 04 002;M1-B00458XV-- 01 002;M1-B00458---- 12 008;M1-B00458B1-- 02 003,0.994,SHADOW_REVIEW_ONLY_WITH_PRELIMINARY_WINDOW,SHADOW_REVIEW_ONLY,True,True,False,True,True,33.54,32.22,32.22,1.31,3.92,0.0,0.0,33.54,32.22,1.31,3.92,40.29,40.29,38.52,42.05,36.36333333333334,43.36333333333334,HIGH,False,4,WITHIN_SAFE_BOUNDS,VALID_ROUTE_STAGES,NO_VALID_CANDIDATE,INSUFFICIENT_VALID_CANDIDATES_COUNT,,,0.0,,,,,NONE,50.0,50.0,0.0,19.0,19.0,0.0,0.0,0.0,0.0,103.0,103.0,0.0,39.86,33.54,33.54,32.22,32.22,32.22,128.2,128.2,128.2,32.22,128.2,1.31,3.92,40.29,40.29,38.52,42.05,HIGH,4,SHADOW_REVIEW_ONLY,INSUFFICIENT_VALID_CANDIDATES_COUNT,
2375891,2,M1-B00458---- 12 007,MB02,CarbonBlack,OilWet,CarbonBlack_OilWet,PRIORITY_OPERATIONAL_HISTORY,EXACT_RECIPE_MIXER_ROUTE,L2_PRELIMINARY_RECIPE_WINDOW,19,5,M1-B00458---- 12 003;M1-B00458XM-- 04 002;M1-B00458XV-- 01 002;M1-B00458B1-- 02 003;M1-B00458---- 12 008,0.994,SHADOW_REVIEW_ONLY_WITH_PRELIMINARY_WINDOW,SHADOW_REVIEW_ONLY,True,True,False,True,True,32.6,32.22,32.22,0.38,1.15,0.0,0.0,32.6,32.22,0.38,1.15,40.83,40.83,39.07,42.59,36.36333333333334,43.36333333333334,HIGH,False,4,WITHIN_SAFE_BOUNDS,VALID_ROUTE_STAGES,NO_VALID_CANDIDATE,INSUFFICIENT_VALID_CANDIDATES_COUNT,,,0.0,,,,,NONE,50.0,50.0,0.0,18.0,18.0,0.0,0.0,0.0,0.0,103.0,103.0,0.0,39.86,32.6,32.6,32.22,32.22,32.22,124.61,124.61,124.61,32.22,124.61,0.38,1.15,40.83,40.83,39.07,42.59,HIGH,4,SHADOW_REVIEW_ONLY,INSUFFICIENT_VALID_CANDIDATES_COUNT,
2375891,3,M1-B00458---- 12 007,MB02,CarbonBlack,OilWet,CarbonBlack_OilWet,PRIORITY_OPERATIONAL_HISTORY,EXACT_RECIPE_MIXER_ROUTE,L2_PRELIMINARY_RECIPE_WINDOW,19,5,M1-B00458---- 12 003;M1-B00458XM-- 04 002;M1-B00458---- 12 008;M1-B00458XV-- 01 002;M1-B00458B1-- 02 003,0.993,SHADOW_REVIEW_ONLY_WITH_PRELIMINARY_WINDOW,SHADOW_REVIEW_ONLY,True,True,False,True,True,31.65,32.22,32.22,-0.58,-1.82,0.0,0.0,31.65,32.22,-0.58,-1.82,40.79,40.79,39.03,42.56,36.36333333333334,43.36333333333334,HIGH,False,4,WITHIN_SAFE_BOUNDS,VALID_ROUTE_STAGES,NO_VALID_CANDIDATE,INSUFFICIENT_VALID_CANDIDATES_COUNT,,,0.0,,,,,NONE,50.0,50.0,0.0,18.0,18.0,0.0,0.0,0.0,0.0,103.0,103.0,0.0,39.86,31.65,31.65,32.22,32.22,32.22,120.97,120.97,120.97,32.22,120.97,-0.58,-1.82,40.79,40.79,39.03,42.56,HIGH,4,SHADOW_REVIEW_ONLY,INSUFFICIENT_VALID_CANDIDATES_COUNT,
2370888,2,M1-B00458---- 12 007,MB02,CarbonBlack,OilWet,CarbonBlack_OilWet,PRIORITY_OPERATIONAL_HISTORY,EXACT_RECIPE_MIXER_ROUTE,L2_PRELIMINARY_RECIPE_WINDOW,19,5,M1-B00458B1-- 02 002;M1-B00458B1-- 02 001;M1-B00458---- 12 005;M1-B00458XM-- 04 002;M1-B00458---- 12 004,0.994,SHADOW_REVIEW_ONLY_WITH_PRELIMINARY_WINDOW,SHADOW_REVIEW_ONLY,True,True,False,True,True,32.33,32.37,32.37,-0.03,-0.1,0.0,0.0,32.33,32.37,-0.03,-0.1,41.09,41.09,39.32,42.85,38.06333333333333,45.06333333333333,HIGH,False,4,WITHIN_SAFE_BOUNDS,VALID_ROUTE_STAGES,NO_VALID_CANDIDATE,INSUFFICIENT_VALID_CANDIDATES_COUNT,,,0.0,,,,,NONE,50.0,50.0,0.0,15.0,15.0,0.0,0.0,0.0,0.0,102.0,102.0,0.0,41.56,32.33,32.33,32.37,32.37,32.37,123.59,123.59,123.59,32.37,123.59,-0.03,-0.1,41.09,41.09,39.32,42.85,HIGH,4,SHADOW_REVIEW_ONLY,INSUFFICIENT_VALID_CANDIDATES_COUNT,
2370888,3,M1-B00458---- 12 007,MB02,CarbonBlack,OilWet,CarbonBlack_OilWet,PRIORITY_OPERATIONAL_HISTORY,EXACT_RECIPE_MIXER_ROUTE,L2_PRELIMINARY_RECIPE_WINDOW,19,5,M1-B00458B1-- 02 002;M1-B00458B1-- 02 001;M1-B00458---- 12 005;M1-B00458XM-- 04 002;M1-B00458---- 12 004,0.994,SHADOW_REVIEW_ONLY_WITH_PRELIMINARY_WINDOW,SHADOW_REVIEW_ONLY,True,True,False,True,True,32.11,32.37,32.37,-0.25,-0.79,0.0,0.0,32.11,32.37,-0.25,-0.79,41.24,41.24,39.48,43.01,38.06333333333333,45.06333333333333,HIGH,False,4,WITHIN_SAFE_BOUNDS,VALID_ROUTE_STAGES,NO_VALID_CANDIDATE,INSUFFICIENT_VALID_CANDIDATES_COUNT,,,0.0,,,,,NONE,50.0,50.0,0.0,17.0,17.0,0.0,0.0,0.0,0.0,102.0,102.0,0.0,41.56,32.11,32.11,32.37,32.37,32.37,122.75,122.75,122.75,32.37,122.75,-0.25,-0.79,41.24,41.24,39.48,43.01,HIGH,4,SHADOW_REVIEW_ONLY,INSUFFICIENT_VALID_CANDIDATES_COUNT,
2371157,1,M1-B00458---- 12 007,MB02,CarbonBlack,OilWet,CarbonBlack_OilWet,PRIORITY_OPERATIONAL_HISTORY,EXACT_RECIPE_MIXER_ROUTE,L2_PRELIMINARY_RECIPE_WINDOW,19,5,M1-B00458B1-- 02 002;M1-B00458XM-- 04 002;M1-B00458---- 12 008;M1-B00458B1-- 02 001;M1-B00458---- 12 003,0.992,SHADOW_REVIEW_ONLY_WITH_PRELIMINARY_WINDOW,SHADOW_REVIEW_ONLY,True,True,False,True,True,34.68,32.38,32.38,2.3,6.63,0.0,0.0,34.68,32.38,2.3,6.63,40.81,40.81,39.05,42.58,37.43,44.43,HIGH,False,4,WITHIN_SAFE_BOUNDS,VALID_ROUTE_STAGES,NO_VALID_CANDIDATE,INSUFFICIENT_VALID_CANDIDATES_COUNT,,,0.0,,,,,NONE,50.0,50.0,0.0,22.0,22.0,0.0,0.0,0.0,0.0,102.0,102.0,0.0,40.93,34.68,34.68,32.38,32.38,32.38,132.56,132.56,132.56,32.38,132.56,2.3,6.63,40.81,40.81,39.05,42.58,HIGH,4,SHADOW_REVIEW_ONLY,INSUFFICIENT_VALID_CANDIDATES_COUNT,
2371157,2,M1-B00458---- 12 007,MB02,CarbonBlack,OilWet,CarbonBlack_OilWet,PRIORITY_OPERATIONAL_HISTORY,EXACT_RECIPE_MIXER_ROUTE,L2_PRELIMINARY_RECIPE_WINDOW,19,5,M1-B00458B1-- 02 002;M1-B00458XM-- 04 002;M1-B00458B1-- 02 001;M1-B00458---- 12 008;M1-B00458---- 12 003,0.993,SHADOW_REVIEW_ONLY_WITH_PRELIMINARY_WINDOW,SHADOW_REVIEW_ONLY,True,True,False,True,True,33.39,32.22,32.22,1.17,3.5,0.0,0.0,33.39,32.22,1.17,3.5,40.76,40.76,39.0,42.53,37.43,44.43,HIGH,False,4,WITHIN_SAFE_BOUNDS,VALID_ROUTE_STAGES,NO_VALID_CANDIDATE,INSUFFICIENT_VALID_CANDIDATES_COUNT,,,0.0,,,,,NONE,49.0,49.0,0.0,20.0,20.0,0.0,0.0,0.0,0.0,103.0,103.0,0.0,40.93,33.39,33.39,32.22,32.22,32.22,127.65,127.65,127.65,32.22,127.65,1.17,3.5,40.76,40.76,39.0,42.53,HIGH,4,SHADOW_REVIEW_ONLY,INSUFFICIENT_VALID_CANDIDATES_COUNT,
2371157,3,M1-B00458---- 12 007,MB02,CarbonBlack,OilWet,CarbonBlack_OilWet,PRIORITY_OPERATIONAL_HISTORY,EXACT_RECIPE_MIXER_ROUTE,L2_PRELIMINARY_RECIPE_WINDOW,19,5,M1-B00458B1-- 02 002;M1-B00458XM-- 04 002;M1-B00458B1-- 02 001;M1-B00458---- 12 003;M1-B00458---- 12 005,0.993,SHADOW_REVIEW_ONLY_WITH_PRELIMINARY_WINDOW,SHADOW_REVIEW_ONLY,True,True,False,True,True,32.15,32.22,32.22,-0.07,-0.23,0.0,0.0,32.15,32.22,-0.07,-0.23,40.8,40.8,39.04,42.57,37.43,44.43,HIGH,False,4,WITHIN_SAFE_BOUNDS,VALID_ROUTE_STAGES,NO_VALID_CANDIDATE,INSUFFICIENT_VALID_CANDIDATES_COUNT,,,0.0,,,,,NONE,50.0,50.0,0.0,20.0,20.0,0.0,0.0,0.0,0.0,105.0,105.0,0.0,40.93,32.15,32.15,32.22,32.22,32.22,122.89,122.89,122.89,32.22,122.89,-0.07,-0.23,40.8,40.8,39.04,42.57,HIGH,4,SHADOW_REVIEW_ONLY,INSUFFICIENT_VALID_CANDIDATES_COUNT,
2372751,1,M1-B00458---- 12 007,MB02,CarbonBlack,OilWet,CarbonBlack_OilWet,PRIORITY_OPERATIONAL_HISTORY,EXACT_RECIPE_MIXER_ROUTE,L2_PRELIMINARY_RECIPE_WINDOW,19,5,M1-B00458---- 12 008;M1-B00458---- 12 003;M1-B00458XM-- 04 003;M1-B00458XV-- 01 002;M1-B00458B1-- 02 003,0.995,SHADOW_REVIEW_ONLY_WITH_PRELIMINARY_WINDOW,SHADOW_REVIEW_ONLY,True,True,False,True,True,36.96,32.53,32.53,4.44,12.0,0.0,0.0,36.96,32.53,4.44,12.0,39.99,39.99,38.23,41.76,35.830000000000005,42.830000000000005,HIGH,False,4,WITHIN_SAFE_BOUNDS,VALID_ROUTE_STAGES,NO_VALID_CANDIDATE,INSUFFICIENT_VALID_CANDIDATES_COUNT,,,0.0,,,,,NONE,49.0,49.0,0.0,16.0,16.0,0.0,0.0,0.0,0.0,104.0,104.0,0.0,39.33,36.96,36.96,32.53,32.53,32.53,141.28,141.28,141.28,32.53,141.28,4.44,12.0,39.99,39.99,38.23,41.76,HIGH,4,SHADOW_REVIEW_ONLY,INSUFFICIENT_VALID_CANDIDATES_COUNT,
2384219,1,M1-B00458---- 12 008,MB02,CarbonBlack,OilWet,CarbonBlack_OilWet,PRIORITY_OPERATIONAL_HISTORY,EXACT_RECIPE_MIXER_ROUTE,L2_PRELIMINARY_RECIPE_WINDOW,25,5,M1-B00458XM-- 04 003;M1-B00458XV-- 01 002;M1-B00458B1-- 02 003;M1-B00458---- 12 003;M1-B00458XM-- 04 002,0.997,SHADOW_REVIEW_ONLY_WITH_PRELIMINARY_WINDOW,SHADOW_REVIEW_ONLY,True,True,False,True,True,33.9,32.54,32.54,1.36,4.02,0.0,0.0,33.9,32.54,1.36,4.02,40.21,40.21,38.44,41.97,35.25333333333334,42.25333333333334,HIGH,False,5,WITHIN_SAFE_BOUNDS,VALID_ROUTE_STAGES,NO_VALID_CANDIDATE,INSUFFICIENT_VALID_CANDIDATES_COUNT,,,0.0,,,,,NONE,51.0,51.0,0.0,21.0,21.0,0.0,0.0,0.0,0.0,103.0,103.0,0.0,38.75,33.9,33.9,32.54,32.54,32.54,131.56,131.56,131.56,32.54,131.56,1.36,4.02,40.21,40.21,38.44,41.97,HIGH,5,SHADOW_REVIEW_ONLY,INSUFFICIENT_VALID_CANDIDATES_COUNT,
2384219,2,M1-B00458---- 12 008,MB02,CarbonBlack,OilWet,CarbonBlack_OilWet,PRIORITY_OPERATIONAL_HISTORY,EXACT_RECIPE_MIXER_ROUTE,L2_PRELIMINARY_RECIPE_WINDOW,25,5,M1-B00458XV-- 01 002;M1-B00458B1-- 02 003;M1-B00458XM-- 04 003;M1-B00458---- 12 003;M1-B00458XM-- 04 002,0.997,SHADOW_REVIEW_ONLY_WITH_PRELIMINARY_WINDOW,SHADOW_REVIEW_ONLY,True,True,False,True,True,32.1,32.22,32.22,-0.12,-0.37,0.0,0.0,32.1,32.22,-0.12,-0.37,40.6,40.6,38.83,42.36,35.25333333333334,42.25333333333334,HIGH,False,0,WITHIN_SAFE_BOUNDS,VALID_ROUTE_STAGES,NO_VALID_CANDIDATE,INSUFFICIENT_VALID_CANDIDATES_COUNT,,,0.0,,,,,NONE,50.0,50.0,0.0,19.0,19.0,0.0,0.0,0.0,0.0,103.0,103.0,0.0,38.75,32.1,32.1,32.22,32.22,32.22,124.57,124.57,124.57,32.22,124.57,-0.12,-0.37,40.6,40.6,38.83,42.36,HIGH,0,SHADOW_REVIEW_ONLY,INSUFFICIENT_VALID_CANDIDATES_COUNT,
2384219,3,M1-B00458---- 12 008,MB02,CarbonBlack,OilWet,CarbonBlack_OilWet,PRIORITY_OPERATIONAL_HISTORY,EXACT_RECIPE_MIXER_ROUTE,L2_PRELIMINARY_RECIPE_WINDOW,25,5,M1-B00458XV-- 01 002;M1-B00458B1-- 02 003;M1-B00458---- 12 003;M1-B00458XM-- 04 003;M1-B00458XM-- 04 002,0.998,SHADOW_REVIEW_ONLY_WITH_PRELIMINARY_WINDOW,SHADOW_REVIEW_ONLY,True,True,False,True,True,30.96,32.22,32.22,-1.27,-4.09,0.0,0.0,30.96,32.22,-1.27,-4.09,40.59,40.59,38.82,42.35,35.25333333333334,42.25333333333334,HIGH,False,0,WITHIN_SAFE_BOUNDS,VALID_ROUTE_STAGES,NO_VALID_CANDIDATE,INSUFFICIENT_VALID_CANDIDATES_COUNT,,,0.0,,,,,NONE,51.0,51.0,0.0,18.0,18.0,0.0,0.0,0.0,0.0,104.0,104.0,0.0,38.75,30.96,30.96,32.22,32.22,32.22,120.12,120.12,120.12,32.22,120.12,-1.27,-4.09,40.59,40.59,38.82,42.35,HIGH,0,SHADOW_REVIEW_ONLY,INSUFFICIENT_VALID_CANDIDATES_COUNT,
2384219,4,M1-B00458---- 12 008,MB02,CarbonBlack,OilWet,CarbonBlack_OilWet,PRIORITY_OPERATIONAL_HISTORY,EXACT_RECIPE_MIXER_ROUTE,L2_PRELIMINARY_RECIPE_WINDOW,25,5,M1-B00458XV-- 01 002;M1-B00458B1-- 02 003;M1-B00458XM-- 04 003;M1-B00458---- 12 003;M1-B00458XM-- 04 002,0.996,SHADOW_REVIEW_ONLY_WITH_PRELIMINARY_WINDOW,SHADOW_REVIEW_ONLY,True,True,False,True,True,31.91,32.06,32.06,-0.16,-0.49,0.0,0.0,31.91,32.06,-0.16,-0.49,40.54,40.54,38.78,42.3,35.25333333333334,42.25333333333334,HIGH,False,0,WITHIN_SAFE_BOUNDS,VALID_ROUTE_STAGES,NO_VALID_CANDIDATE,INSUFFICIENT_VALID_CANDIDATES_COUNT,,,0.0,,,,,NONE,51.0,51.0,0.0,19.0,19.0,0.0,0.0,0.0,0.0,102.0,102.0,0.0,38.75,31.91,31.91,32.06,32.06,32.06,123.81,123.81,123.81,32.06,123.81,-0.16,-0.49,40.54,40.54,38.78,42.3,HIGH,0,SHADOW_REVIEW_ONLY,INSUFFICIENT_VALID_CANDIDATES_COUNT,
2391327,1,M1-B00458---- 12 008,MB02,CarbonBlack,OilWet,CarbonBlack_OilWet,PRIORITY_OPERATIONAL_HISTORY,EXACT_RECIPE_MIXER_ROUTE,L2_PRELIMINARY_RECIPE_WINDOW,25,5,M1-B00458B1-- 02 002;M1-B00458XM-- 04 002;M1-B00458B1-- 02 001;M1-B00458---- 12 005;M1-B00458---- 12 007,0.995,SHADOW_REVIEW_ONLY_WITH_PRELIMINARY_WINDOW,SHADOW_REVIEW_ONLY,True,True,False,True,True,32.96,32.22,32.22,0.74,2.24,0.0,0.0,32.96,32.22,0.74,2.24,40.87,40.87,39.1,42.63,37.56,44.56,HIGH,False,5,WITHIN_SAFE_BOUNDS,VALID_ROUTE_STAGES,NO_VALID_CANDIDATE,INSUFFICIENT_VALID_CANDIDATES_COUNT,,,0.0,,,,,NONE,50.0,50.0,0.0,18.0,18.0,0.0,0.0,0.0,0.0,103.0,103.0,0.0,41.06,32.96,32.96,32.22,32.22,32.22,127.9,127.9,127.9,32.22,127.9,0.74,2.24,40.87,40.87,39.1,42.63,HIGH,5,SHADOW_REVIEW_ONLY,INSUFFICIENT_VALID_CANDIDATES_COUNT,
2391327,2,M1-B00458---- 12 008,MB02,CarbonBlack,OilWet,CarbonBlack_OilWet,PRIORITY_OPERATIONAL_HISTORY,EXACT_RECIPE_MIXER_ROUTE,L2_PRELIMINARY_RECIPE_WINDOW,25,5,M1-B00458---- 12 005;M1-B00458B1-- 02 001;M1-B00458B1-- 02 002;M1-B00458---- 12 004;M1-B00458---- 12 007,0.997,SHADOW_REVIEW_ONLY_WITH_PRELIMINARY_WINDOW,SHADOW_REVIEW_ONLY,True,True,False,True,True,32.07,32.22,32.22,-0.15,-0.46,0.0,0.0,32.07,32.22,-0.15,-0.46,41.02,41.02,39.26,42.79,38.91,45.91,HIGH,False,4,WITHIN_SAFE_BOUNDS,VALID_ROUTE_STAGES,NO_VALID_CANDIDATE,INSUFFICIENT_VALID_CANDIDATES_COUNT,,,0.0,,,,,NONE,50.0,50.0,0.0,18.0,18.0,0.0,0.0,0.0,0.0,103.0,103.0,0.0,42.41,32.07,32.07,32.22,32.22,32.22,124.46,124.46,124.46,32.22,124.46,-0.15,-0.46,41.02,41.02,39.26,42.79,HIGH,4,SHADOW_REVIEW_ONLY,INSUFFICIENT_VALID_CANDIDATES_COUNT,
2391327,3,M1-B00458---- 12 008,MB02,CarbonBlack,OilWet,CarbonBlack_OilWet,PRIORITY_OPERATIONAL_HISTORY,EXACT_RECIPE_MIXER_ROUTE,L2_PRELIMINARY_RECIPE_WINDOW,25,5,M1-B00458B1-- 02 002;M1-B00458---- 12 007;M1-B00458B1-- 02 001;M1-B00458---- 12 005;M1-B00458XM-- 04 002,0.997,SHADOW_REVIEW_ONLY_WITH_PRELIMINARY_WINDOW,SHADOW_REVIEW_ONLY,True,True,False,True,True,31.86,32.22,32.22,-0.37,-1.15,0.0,0.0,31.86,32.22,-0.37,-1.15,40.88,40.88,39.11,42.64,37.89,44.89,HIGH,False,5,WITHIN_SAFE_BOUNDS,VALID_ROUTE_STAGES,NO_VALID_CANDIDATE,INSUFFICIENT_VALID_CANDIDATES_COUNT,,,0.0,,,,,NONE,50.0,50.0,0.0,19.0,19.0,0.0,0.0,0.0,0.0,104.0,104.0,0.0,41.39,31.86,31.86,32.22,32.22,32.22,123.61,123.61,123.61,32.22,123.61,-0.37,-1.15,40.88,40.88,39.11,42.64,HIGH,5,SHADOW_REVIEW_ONLY,INSUFFICIENT_VALID_CANDIDATES_COUNT,
2391327,4,M1-B00458---- 12 008,MB02,CarbonBlack,OilWet,CarbonBlack_OilWet,PRIORITY_OPERATIONAL_HISTORY,EXACT_RECIPE_MIXER_ROUTE,L2_PRELIMINARY_RECIPE_WINDOW,25,5,M1-B00458B1-- 02 002;M1-B00458---- 12 007;M1-B00458B1-- 02 001;M1-B00458XM-- 04 002;M1-B00458---- 12 005,0.996,SHADOW_REVIEW_ONLY_WITH_PRELIMINARY_WINDOW,SHADOW_REVIEW_ONLY,True,True,False,True,True,32.89,32.06,32.06,0.83,2.51,0.0,0.0,32.89,32.06,0.83,2.51,40.84,40.84,39.07,42.6,37.89,44.89,HIGH,False,5,WITHIN_SAFE_BOUNDS,VALID_ROUTE_STAGES,NO_VALID_CANDIDATE,INSUFFICIENT_VALID_CANDIDATES_COUNT,,,0.0,,,,,NONE,51.0,51.0,0.0,19.0,19.0,0.0,0.0,0.0,0.0,102.0,102.0,0.0,41.39,32.89,32.89,32.06,32.06,32.06,127.62,127.62,127.62,32.06,127.62,0.83,2.51,40.84,40.84,39.07,42.6,HIGH,5,SHADOW_REVIEW_ONLY,INSUFFICIENT_VALID_CANDIDATES_COUNT,
2391327,5,M1-B00458---- 12 008,MB02,CarbonBlack,OilWet,CarbonBlack_OilWet,PRIORITY_OPERATIONAL_HISTORY,EXACT_RECIPE_MIXER_ROUTE,L2_PRELIMINARY_RECIPE_WINDOW,25,5,M1-B00458---- 12 007;M1-B00458B1-- 02 002;M1-B00458B1-- 02 001;M1-B00458XM-- 04 002;M1-B00458---- 12 005,0.996,SHADOW_REVIEW_ONLY_WITH_PRELIMINARY_WINDOW,SHADOW_REVIEW_ONLY,True,True,False,True,True,30.74,32.53,32.53,-1.79,-5.82,0.0,0.0,30.74,32.53,-1.79,-5.82,40.8,40.8,39.03,42.56,37.89,44.89,HIGH,False,5,WITHIN_SAFE_BOUNDS,VALID_ROUTE_STAGES,NO_VALID_CANDIDATE,INSUFFICIENT_VALID_CANDIDATES_COUNT,,,0.0,,,,,NONE,51.0,51.0,0.0,17.0,17.0,0.0,0.0,0.0,0.0,103.0,103.0,0.0,41.39,30.74,30.74,32.53,32.53,32.53,119.26,119.26,119.26,32.53,119.26,-1.79,-5.82,40.8,40.8,39.03,42.56,HIGH,5,SHADOW_REVIEW_ONLY,INSUFFICIENT_VALID_CANDIDATES_COUNT,
2391327,6,M1-B00458---- 12 008,MB02,CarbonBlack,OilWet,CarbonBlack_OilWet,PRIORITY_OPERATIONAL_HISTORY,EXACT_RECIPE_MIXER_ROUTE,L2_PRELIMINARY_RECIPE_WINDOW,25,5,M1-B00458B1-- 02 002;M1-B00458---- 12 007;M1-B00458B1-- 02 001;M1-B00458---- 12 005;M1-B00458XM-- 04 002,0.997,SHADOW_REVIEW_ONLY_WITH_PRELIMINARY_WINDOW,SHADOW_REVIEW_ONLY,True,True,False,True,True,31.31,32.22,32.22,-0.91,-2.92,0.0,0.0,31.31,32.22,-0.91,-2.92,40.82,40.82,39.06,42.59,37.89,44.89,HIGH,False,5,WITHIN_SAFE_BOUNDS,VALID_ROUTE_STAGES,NO_VALID_CANDIDATE,INSUFFICIENT_VALID_CANDIDATES_COUNT,,,0.0,,,,,NONE,50.0,50.0,0.0,17.0,17.0,0.0,0.0,0.0,0.0,103.0,103.0,0.0,41.39,31.31,31.31,32.22,32.22,32.22,121.49,121.49,121.49,32.22,121.49,-0.91,-2.92,40.82,40.82,39.06,42.59,HIGH,5,SHADOW_REVIEW_ONLY,INSUFFICIENT_VALID_CANDIDATES_COUNT,
1786357,1,M1-A00268XM-- 02 004,MB02,CarbonBlack,OilWet,CarbonBlack_OilWet,TEST_HOLDOUT,UNAVAILABLE,L0_NEW_RECIPE_COLD_START,0,5,M1-A00268R2-- 05 006;M1-A00268R2-- 05 003;M1-A00268R2-- 05 001;M1-A44268---- 01 002;M1-A00205W3-- 03 003,0.979,INTERSECT_BRANCH_SIMILAR_RECIPE_ENGINEERING_BOUNDS,OBSERVATION_ONLY,True,True,False,True,True,26.8,23.36,23.36,0.0,0.0,0.0,0.0,26.8,23.36,0.0,0.0,,,,,43.79,50.79,LOW,True,0,UNAVAILABLE,UNAVAILABLE,REJECTED,COLD_START_RECIPE_NO_HISTORY,,,,,,,,NONE,31.0,0.0,-31.0,13.0,0.0,-13.0,0.0,0.0,0.0,75.0,0.0,-75.0,47.29,26.8,26.8,23.36,23.36,23.36,116.04,101.16,116.04,23.36,101.16,0.0,0.0,,,,,LOW,0,OBSERVATION_ONLY,INSUFFICIENT_VALID_CANDIDATES_COUNT,
1786357,2,M1-A00268XM-- 02 004,MB02,CarbonBlack,OilWet,CarbonBlack_OilWet,TEST_HOLDOUT,UNAVAILABLE,L0_NEW_RECIPE_COLD_START,0,5,M1-A00268R2-- 05 006;M1-A00268R2-- 05 003;M1-A00268R2-- 05 001;M1-A44268---- 01 002;M1-A00205W3-- 03 003,0.98,INTERSECT_BRANCH_SIMILAR_RECIPE_ENGINEERING_BOUNDS,OBSERVATION_ONLY,True,True,False,True,True,24.4,23.24,23.24,0.0,0.0,0.0,0.0,24.4,23.24,0.0,0.0,,,,,43.79,50.79,LOW,True,0,UNAVAILABLE,UNAVAILABLE,REJECTED,COLD_START_RECIPE_NO_HISTORY,,,,,,,,NONE,31.0,0.0,-31.0,5.0,0.0,-5.0,0.0,0.0,0.0,74.0,0.0,-74.0,47.29,24.4,24.4,23.24,23.24,23.24,105.66,100.65,105.66,23.24,100.65,0.0,0.0,,,,,LOW,0,OBSERVATION_ONLY,INSUFFICIENT_VALID_CANDIDATES_COUNT,
1786357,3,M1-A00268XM-- 02 004,MB02,CarbonBlack,OilWet,CarbonBlack_OilWet,TEST_HOLDOUT,UNAVAILABLE,L0_NEW_RECIPE_COLD_START,0,5,M1-A00268R2-- 05 006;M1-A00268R2-- 05 003;M1-A00268R2-- 05 001;M1-A44268---- 01 002;M1-A00205W3-- 03 003,0.98,INTERSECT_BRANCH_SIMILAR_RECIPE_ENGINEERING_BOUNDS,OBSERVATION_ONLY,True,True,False,True,True,24.32,23.29,23.29,0.0,0.0,0.0,0.0,24.32,23.29,0.0,0.0,,,,,43.79,50.79,LOW,True,0,UNAVAILABLE,UNAVAILABLE,REJECTED,COLD_START_RECIPE_NO_HISTORY,,,,,,,,NONE,31.0,0.0,-31.0,5.0,0.0,-5.0,0.0,0.0,0.0,78.0,0.0,-78.0,47.29,24.32,24.32,23.29,23.29,23.29,105.3,100.85,105.3,23.29,100.85,0.0,0.0,,,,,LOW,0,OBSERVATION_ONLY,INSUFFICIENT_VALID_CANDIDATES_COUNT,
1778363,20,M1-T17771---- 05 002,MB03,Silica,OilWet,Silica_OilWet,TEST_HOLDOUT,SILICA_ROUTE_GLOBAL_FALLBACK,L0_NEW_RECIPE_COLD_START,0,5,M1-T17771---- 05 001;M1-T17771B1-- 01 002;M1-T17771---- 05 003;M1-T17771X6-- 01 005;M1-T33025W3-- 07 003,0.996,INTERSECT_BRANCH_SIMILAR_RECIPE_ENGINEERING_BOUNDS,OBSERVATION_ONLY,False,True,True,True,True,45.21,44.39,44.39,0.82,1.81,0.0,0.0,45.21,44.39,0.82,1.81,34.08,34.08,31.73,36.44,32.77,39.77,MEDIUM,False,0,WITHIN_SAFE_BOUNDS,VALID_ROUTE_STAGES,NO_VALID_CANDIDATE,INSUFFICIENT_VALID_CANDIDATES_COUNT,,,0.0,,,,,NONE,0.0,0.0,0.0,34.0,34.0,0.0,50.0,50.0,0.0,134.0,134.0,0.0,36.27,45.21,45.21,44.39,44.39,44.39,171.44,171.44,171.44,44.39,171.44,0.82,1.81,34.08,34.08,31.73,36.44,MEDIUM,0,OBSERVATION_ONLY,INSUFFICIENT_VALID_CANDIDATES_COUNT,
1778363,21,M1-T17771---- 05 002,MB03,Silica,OilWet,Silica_OilWet,TEST_HOLDOUT,SILICA_ROUTE_GLOBAL_FALLBACK,L0_NEW_RECIPE_COLD_START,0,5,M1-T17771---- 05 001;M1-T17771B1-- 01 002;M1-T17771---- 05 003;M1-T17771X6-- 01 005;M1-T33025W3-- 07 003,0.996,INTERSECT_BRANCH_SIMILAR_RECIPE_ENGINEERING_BOUNDS,OBSERVATION_ONLY,False,True,True,True,True,45.62,44.39,44.39,1.23,2.69,0.0,0.0,45.62,44.39,1.23,2.69,34.38,34.38,32.03,36.74,32.77,39.77,HIGH,False,0,WITHIN_SAFE_BOUNDS,VALID_ROUTE_STAGES,NO_VALID_CANDIDATE,INSUFFICIENT_VALID_CANDIDATES_COUNT,,,0.0,,,,,NONE,0.0,0.0,0.0,35.0,35.0,0.0,50.0,50.0,0.0,134.0,134.0,0.0,36.27,45.62,45.62,44.39,44.39,44.39,172.99,172.99,172.99,44.39,172.99,1.23,2.69,34.38,34.38,32.03,36.74,HIGH,0,OBSERVATION_ONLY,INSUFFICIENT_VALID_CANDIDATES_COUNT,
1782804,2,M1-T33025W3-- 04 004,ML09,Silica,OilWet,Silica_OilWet,TEST_HOLDOUT,EXACT_RECIPE_MIXER_ROUTE,L2_PRELIMINARY_RECIPE_WINDOW,18,5,M1-T33025W3-- 04 003;M1-T33025W3-- 04 005;M1-T33025XA-- 01 002;M1-T19012---- 01 006;M1-T19012---- 01 004,0.987,SHADOW_REVIEW_ONLY_WITH_PRELIMINARY_WINDOW,SHADOW_REVIEW_ONLY,False,True,True,True,True,50.42,46.38,46.38,4.04,8.02,0.0,0.0,50.42,46.38,4.04,8.02,50.98,50.98,48.62,53.33,46.29,53.29,HIGH,False,0,OUT_OF_SAFE_BOUNDS,VALID_ROUTE_STAGES,NO_VALID_CANDIDATE,REJECTED_OUT_OF_SAFE_BOUNDS,,,0.0,,,,,NONE,0.0,0.0,0.0,59.0,59.0,0.0,45.0,45.0,0.0,98.0,98.0,0.0,49.79,50.42,50.42,46.38,46.38,46.38,336.15,336.15,336.15,46.38,336.15,4.04,8.02,50.98,50.98,48.62,53.33,HIGH,0,SHADOW_REVIEW_ONLY,INSUFFICIENT_VALID_CANDIDATES_COUNT,
1782804,3,M1-T33025W3-- 04 004,ML09,Silica,OilWet,Silica_OilWet,TEST_HOLDOUT,EXACT_RECIPE_MIXER_ROUTE,L2_PRELIMINARY_RECIPE_WINDOW,18,5,M1-T33025W3-- 04 003;M1-T33025W3-- 04 005;M1-T33025XA-- 01 002;M1-T19012---- 01 006;M1-T19012---- 01 004,0.986,SHADOW_REVIEW_ONLY_WITH_PRELIMINARY_WINDOW,SHADOW_REVIEW_ONLY,False,True,True,True,True,47.65,46.28,46.28,1.37,2.87,0.0,0.0,47.65,46.28,1.37,2.87,51.5,51.5,49.15,53.85,46.29,53.29,HIGH,False,0,OUT_OF_SAFE_BOUNDS,VALID_ROUTE_STAGES,NO_VALID_CANDIDATE,REJECTED_OUT_OF_SAFE_BOUNDS,,,0.0,,,,,NONE,0.0,0.0,0.0,50.0,50.0,0.0,45.0,45.0,0.0,99.0,99.0,0.0,49.79,47.65,47.65,46.28,46.28,46.28,317.67,317.67,317.67,46.28,317.67,1.37,2.87,51.5,51.5,49.15,53.85,HIGH,0,SHADOW_REVIEW_ONLY,INSUFFICIENT_VALID_CANDIDATES_COUNT,
1782804,4,M1-T33025W3-- 04 004,ML09,Silica,OilWet,Silica_OilWet,TEST_HOLDOUT,EXACT_RECIPE_MIXER_ROUTE,L2_PRELIMINARY_RECIPE_WINDOW,18,5,M1-T33025W3-- 04 003;M1-T33025W3-- 04 005;M1-T33025XA-- 01 002;M1-T19012---- 01 006;M1-T19012---- 01 004,0.987,SHADOW_REVIEW_ONLY_WITH_PRELIMINARY_WINDOW,SHADOW_REVIEW_ONLY,False,True,True,True,True,47.5,46.08,46.08,1.42,2.99,0.0,0.0,47.5,46.08,1.42,2.99,51.18,51.18,48.83,53.53,46.29,53.29,HIGH,False,0,OUT_OF_SAFE_BOUNDS,VALID_ROUTE_STAGES,NO_VALID_CANDIDATE,REJECTED_OUT_OF_SAFE_BOUNDS,,,0.0,,,,,NONE,0.0,0.0,0.0,55.0,55.0,0.0,41.0,41.0,0.0,97.0,97.0,0.0,49.79,47.5,47.5,46.08,46.08,46.08,316.64,316.64,316.64,46.08,316.64,1.42,2.99,51.18,51.18,48.83,53.53,HIGH,0,SHADOW_REVIEW_ONLY,INSUFFICIENT_VALID_CANDIDATES_COUNT,
1792998,20,M1-T02128W5-- 04 003,ML07,Silica,OilWet,Silica_OilWet,TEST_HOLDOUT,SILICA_ROUTE_GLOBAL_FALLBACK,L0_NEW_RECIPE_COLD_START,0,5,M1-T02128W5-- 04 004;M1-T02128W5-- 04 006;M1-T02128W5-- 04 002;M1-T33025W3-- 03 004;M1-T33025W3-- 03 005,0.983,INTERSECT_BRANCH_SIMILAR_RECIPE_ENGINEERING_BOUNDS,OBSERVATION_ONLY,False,True,True,True,True,34.89,41.06,41.06,-6.16,-17.66,0.0,0.0,34.89,41.06,-6.16,-17.66,62.39,62.39,60.04,64.74,57.635000000000005,64.635,HIGH,False,10,WITHIN_SAFE_BOUNDS,VALID_ROUTE_STAGES,NO_VALID_CANDIDATE,INSUFFICIENT_VALID_CANDIDATES_COUNT,,,0.0,,,,,NONE,0.0,0.0,0.0,80.0,80.0,0.0,40.0,40.0,0.0,82.0,82.0,0.0,61.14,34.89,34.89,41.06,41.06,41.06,232.63,232.63,232.63,41.06,232.63,-6.16,-17.66,62.39,62.39,60.04,64.74,HIGH,10,OBSERVATION_ONLY,INSUFFICIENT_VALID_CANDIDATES_COUNT,
1792998,21,M1-T02128W5-- 04 003,ML07,Silica,OilWet,Silica_OilWet,TEST_HOLDOUT,SILICA_ROUTE_GLOBAL_FALLBACK,L0_NEW_RECIPE_COLD_START,0,5,M1-T02128W5-- 04 004;M1-T02128W5-- 04 006;M1-T02128W5-- 04 002;M1-T33025W3-- 03 004;M1-T33025W3-- 03 005,0.982,INTERSECT_BRANCH_SIMILAR_RECIPE_ENGINEERING_BOUNDS,OBSERVATION_ONLY,False,True,True,True,True,34.25,40.18,40.18,-5.94,-17.33,0.0,0.0,34.25,40.18,-5.94,-17.33,62.24,62.24,59.89,64.6,57.635000000000005,64.635,HIGH,False,10,WITHIN_SAFE_BOUNDS,VALID_ROUTE_STAGES,NO_VALID_CANDIDATE,INSUFFICIENT_VALID_CANDIDATES_COUNT,,,0.0,,,,,NONE,0.0,0.0,0.0,72.0,72.0,0.0,37.0,37.0,0.0,81.0,81.0,0.0,61.14,34.25,34.25,40.18,40.18,40.18,228.31,228.31,228.31,40.18,228.31,-5.94,-17.33,62.24,62.24,59.89,64.6,HIGH,10,OBSERVATION_ONLY,INSUFFICIENT_VALID_CANDIDATES_COUNT,
1792998,22,M1-T02128W5-- 04 003,ML07,Silica,OilWet,Silica_OilWet,TEST_HOLDOUT,SILICA_ROUTE_GLOBAL_FALLBACK,L0_NEW_RECIPE_COLD_START,0,5,M1-T02128W5-- 04 004;M1-T02128W5-- 04 006;M1-T02128W5-- 04 002;M1-T33025W3-- 03 004;M1-T33025W3-- 03 005,0.982,INTERSECT_BRANCH_SIMILAR_RECIPE_ENGINEERING_BOUNDS,OBSERVATION_ONLY,False,True,True,True,True,32.83,40.8,40.8,-7.96,-24.25,0.0,0.0,32.83,40.8,-7.96,-24.25,62.57,62.57,60.22,64.93,57.635000000000005,64.635,HIGH,False,0,WITHIN_SAFE_BOUNDS,VALID_ROUTE_STAGES,NO_VALID_CANDIDATE,INSUFFICIENT_VALID_CANDIDATES_COUNT,,,0.0,,,,,NONE,0.0,0.0,0.0,75.0,75.0,0.0,34.0,34.0,0.0,81.0,81.0,0.0,61.14,32.83,32.83,40.8,40.8,40.8,218.89,218.89,218.89,40.8,218.89,-7.96,-24.25,62.57,62.57,60.22,64.93,HIGH,0,OBSERVATION_ONLY,INSUFFICIENT_VALID_CANDIDATES_COUNT,
1808244,3,M1-T17771---- 05 002,MB03,Silica,OilWet,Silica_OilWet,TEST_HOLDOUT,SILICA_ROUTE_GLOBAL_FALLBACK,L0_NEW_RECIPE_COLD_START,0,5,M1-T17771---- 05 001;M1-T17771B1-- 01 002;M1-T17771---- 05 003;M1-T17771X6-- 01 005;M1-T33025W3-- 07 003,0.986,INTERSECT_BRANCH_SIMILAR_RECIPE_ENGINEERING_BOUNDS,OBSERVATION_ONLY,False,True,True,True,True,45.85,43.76,43.76,2.08,4.55,0.0,0.0,45.85,43.76,2.08,4.55,35.14,35.14,32.78,37.49,29.700000000000003,36.7,HIGH,False,0,WITHIN_SAFE_BOUNDS,VALID_ROUTE_STAGES,NO_VALID_CANDIDATE,INSUFFICIENT_VALID_CANDIDATES_COUNT,,,0.0,,,,,NONE,0.0,0.0,0.0,30.0,30.0,0.0,47.0,47.0,0.0,133.0,133.0,0.0,33.2,45.85,45.85,43.76,43.76,43.76,173.85,173.85,173.85,43.76,173.85,2.08,4.55,35.14,35.14,32.78,37.49,HIGH,0,OBSERVATION_ONLY,INSUFFICIENT_VALID_CANDIDATES_COUNT,
1812722,1,M1-S00211---- 10 001,ML09,Silica,OilWet,Silica_OilWet,TEST_HOLDOUT,SILICA_ROUTE_GLOBAL_FALLBACK,L0_NEW_RECIPE_COLD_START,0,5,M1-S00211B--- 05 003;M1-T15760---- 06 002;M1-T15760B--- 01 003;M1-T15760---- 06 001;M1-T15760XP-- 01 003,0.97,INTERSECT_BRANCH_SIMILAR_RECIPE_ENGINEERING_BOUNDS,OBSERVATION_ONLY,False,True,True,True,True,40.18,33.76,33.76,6.43,16.0,0.0,0.0,40.18,33.76,6.43,16.0,26.51,26.51,24.16,28.86,26.48,33.480000000000004,LOW,False,0,WITHIN_SAFE_BOUNDS,VALID_ROUTE_STAGES,NO_VALID_CANDIDATE,INSUFFICIENT_VALID_CANDIDATES_COUNT,,,0.0,,,,,NONE,0.0,0.0,0.0,68.0,68.0,0.0,20.0,20.0,0.0,90.0,90.0,0.0,29.98,40.18,40.18,33.76,33.76,33.76,137.64,137.64,137.64,33.76,137.64,6.43,16.0,26.51,26.51,24.16,28.86,LOW,0,OBSERVATION_ONLY,INSUFFICIENT_VALID_CANDIDATES_COUNT,
1818453,1,M1-T30087---- 08 001,ML09,Silica,OilWet,Silica_OilWet,TEST_HOLDOUT,SILICA_ROUTE_GLOBAL_FALLBACK,L0_NEW_RECIPE_COLD_START,0,5,M1-T17732---- 06 002;M1-T09170---- 24 001;M1-T09170WS-- 01 009;M1-T09170WS-- 01 010;M1-T09170XM-- 01 001,0.917,INTERSECT_BRANCH_SIMILAR_RECIPE_ENGINEERING_BOUNDS,OBSERVATION_ONLY,False,True,True,True,True,46.32,43.72,43.72,2.61,5.63,0.0,0.0,46.32,43.72,2.61,5.63,61.07,61.07,58.71,63.42,54.23,61.23,LOW,False,0,WITHIN_SAFE_BOUNDS,VALID_ROUTE_STAGES,NO_VALID_CANDIDATE,INSUFFICIENT_VALID_CANDIDATES_COUNT,,,0.0,,,,,NONE,0.0,0.0,0.0,50.0,50.0,0.0,50.0,50.0,0.0,73.0,73.0,0.0,57.73,46.32,46.32,43.72,43.72,43.72,187.98,187.98,187.98,43.72,187.98,2.61,5.63,61.07,61.07,58.71,63.42,LOW,0,OBSERVATION_ONLY,INSUFFICIENT_VALID_CANDIDATES_COUNT,
1818453,2,M1-T30087---- 08 001,ML09,Silica,OilWet,Silica_OilWet,TEST_HOLDOUT,SILICA_ROUTE_GLOBAL_FALLBACK,L0_NEW_RECIPE_COLD_START,0,5,M1-T17732---- 06 002;M1-T09170---- 24 001;M1-T09170WS-- 01 009;M1-T09170WS-- 01 010;M1-T09170XM-- 01 001,0.917,INTERSECT_BRANCH_SIMILAR_RECIPE_ENGINEERING_BOUNDS,OBSERVATION_ONLY,False,True,True,True,True,45.5,44.07,44.07,1.42,3.13,0.0,0.0,45.5,44.07,1.42,3.13,60.43,60.43,58.08,62.79,54.23,61.23,MEDIUM,False,0,WITHIN_SAFE_BOUNDS,VALID_ROUTE_STAGES,NO_VALID_CANDIDATE,INSUFFICIENT_VALID_CANDIDATES_COUNT,,,0.0,,,,,NONE,0.0,0.0,0.0,55.0,55.0,0.0,52.0,52.0,0.0,72.0,72.0,0.0,57.73,45.5,45.5,44.07,44.07,44.07,184.63,184.63,184.63,44.07,184.63,1.42,3.13,60.43,60.43,58.08,62.79,MEDIUM,0,OBSERVATION_ONLY,INSUFFICIENT_VALID_CANDIDATES_COUNT,
1818453,3,M1-T30087---- 08 001,ML09,Silica,OilWet,Silica_OilWet,TEST_HOLDOUT,SILICA_ROUTE_GLOBAL_FALLBACK,L0_NEW_RECIPE_COLD_START,0,5,M1-T17732---- 06 002;M1-T09170---- 24 001;M1-T09170WS-- 01 009;M1-T09170WS-- 01 010;M1-T09170XM-- 01 001,0.917,INTERSECT_BRANCH_SIMILAR_RECIPE_ENGINEERING_BOUNDS,OBSERVATION_ONLY,False,True,True,True,True,44.98,43.71,43.71,1.27,2.83,0.0,0.0,44.98,43.71,1.27,2.83,60.67,60.67,58.31,63.02,54.23,61.23,MEDIUM,False,0,WITHIN_SAFE_BOUNDS,VALID_ROUTE_STAGES,NO_VALID_CANDIDATE,INSUFFICIENT_VALID_CANDIDATES_COUNT,,,0.0,,,,,NONE,0.0,0.0,0.0,62.0,62.0,0.0,49.0,49.0,0.0,73.0,73.0,0.0,57.73,44.98,44.98,43.71,43.71,43.71,182.54,182.54,182.54,43.71,182.54,1.27,2.83,60.67,60.67,58.31,63.02,MEDIUM,0,OBSERVATION_ONLY,INSUFFICIENT_VALID_CANDIDATES_COUNT,
1860389,1,M1-A06441XZ-- 01 002,MB02,CarbonBlack,OilWet,CarbonBlack_OilWet,TEST_HOLDOUT,UNAVAILABLE,L0_NEW_RECIPE_COLD_START,0,5,M1-A06441R1-- 04 001;M1-A06441R2-- 01 005;M1-R00037W9-- 03 001;M1-A00268R2-- 05 001;M1-A00268R2-- 05 006,0.986,INTERSECT_BRANCH_SIMILAR_RECIPE_ENGINEERING_BOUNDS,OBSERVATION_ONLY,True,True,False,True,True,27.48,32.13,32.13,0.0,0.0,0.0,0.0,27.48,32.13,0.0,0.0,,,,,54.26,61.26,LOW,True,0,UNAVAILABLE,UNAVAILABLE,REJECTED,COLD_START_RECIPE_NO_HISTORY,,,,,,,,NONE,45.0,0.0,-45.0,25.0,0.0,-25.0,0.0,0.0,0.0,86.0,0.0,-86.0,57.76,27.48,27.48,32.13,32.13,32.13,108.56,126.92,108.56,32.13,126.92,0.0,0.0,,,,,LOW,0,OBSERVATION_ONLY,INSUFFICIENT_VALID_CANDIDATES_COUNT,
1860389,2,M1-A06441XZ-- 01 002,MB02,CarbonBlack,OilWet,CarbonBlack_OilWet,TEST_HOLDOUT,UNAVAILABLE,L0_NEW_RECIPE_COLD_START,0,5,M1-A06441R1-- 04 001;M1-A06441R2-- 01 005;M1-R00037W9-- 03 001;M1-A00268R2-- 05 001;M1-A00268R2-- 05 006,0.986,INTERSECT_BRANCH_SIMILAR_RECIPE_ENGINEERING_BOUNDS,OBSERVATION_ONLY,True,True,False,True,True,26.61,32.13,32.13,0.0,0.0,0.0,0.0,26.61,32.13,0.0,0.0,,,,,54.26,61.26,LOW,True,0,UNAVAILABLE,UNAVAILABLE,REJECTED,COLD_START_RECIPE_NO_HISTORY,,,,,,,,NONE,44.0,0.0,-44.0,23.0,0.0,-23.0,0.0,0.0,0.0,85.0,0.0,-85.0,57.76,26.61,26.61,32.13,32.13,32.13,105.1,126.92,105.1,32.13,126.92,0.0,0.0,,,,,LOW,0,OBSERVATION_ONLY,INSUFFICIENT_VALID_CANDIDATES_COUNT,
1860389,3,M1-A06441XZ-- 01 002,MB02,CarbonBlack,OilWet,CarbonBlack_OilWet,TEST_HOLDOUT,UNAVAILABLE,L0_NEW_RECIPE_COLD_START,0,5,M1-A06441R1-- 04 001;M1-A06441R2-- 01 005;M1-R00037W9-- 03 001;M1-A00268R2-- 05 001;M1-A00268R2-- 05 006,0.986,INTERSECT_BRANCH_SIMILAR_RECIPE_ENGINEERING_BOUNDS,OBSERVATION_ONLY,True,True,False,True,True,26.36,32.13,32.13,0.0,0.0,0.0,0.0,26.36,32.13,0.0,0.0,,,,,54.26,61.26,LOW,True,0,UNAVAILABLE,UNAVAILABLE,REJECTED,COLD_START_RECIPE_NO_HISTORY,,,,,,,,NONE,44.0,0.0,-44.0,23.0,0.0,-23.0,0.0,0.0,0.0,83.0,0.0,-83.0,57.76,26.36,26.36,32.13,32.13,32.13,104.14,126.92,104.14,32.13,126.92,0.0,0.0,,,,,LOW,0,OBSERVATION_ONLY,INSUFFICIENT_VALID_CANDIDATES_COUNT,
1879790,10,M1-T15611W6-- 01 004,ML07,Silica,OilWet,Silica_OilWet,TEST_HOLDOUT,SILICA_ROUTE_GLOBAL_FALLBACK,L0_NEW_RECIPE_COLD_START,0,5,M1-T15611W2-- 01 001;M1-T19327---- 01 005;M1-T19327---- 01 003;M1-T19327---- 01 004;M1-T18035---- 03 013,0.887,INTERSECT_BRANCH_SIMILAR_RECIPE_ENGINEERING_BOUNDS,OBSERVATION_ONLY,False,True,True,True,True,36.9,37.42,37.42,-0.53,-1.42,0.0,0.0,36.9,37.42,-0.53,-1.42,51.4,51.4,49.05,53.75,27.34,34.34,LOW,True,0,WITHIN_SAFE_BOUNDS,VALID_ROUTE_STAGES,NO_VALID_CANDIDATE,INSUFFICIENT_VALID_CANDIDATES_COUNT,,,0.0,,,,,NONE,0.0,0.0,0.0,62.0,62.0,0.0,49.0,49.0,0.0,92.0,92.0,0.0,30.84,36.9,36.9,37.42,37.42,37.42,224.38,224.38,224.38,37.42,224.38,-0.53,-1.42,51.4,51.4,49.05,53.75,LOW,0,OBSERVATION_ONLY,INSUFFICIENT_VALID_CANDIDATES_COUNT,
1879790,11,M1-T15611W6-- 01 004,ML07,Silica,OilWet,Silica_OilWet,TEST_HOLDOUT,SILICA_ROUTE_GLOBAL_FALLBACK,L0_NEW_RECIPE_COLD_START,0,5,M1-T15611W2-- 01 001;M1-T19327---- 01 005;M1-T19327---- 01 003;M1-T19327---- 01 004;M1-T18035---- 03 013,0.887,INTERSECT_BRANCH_SIMILAR_RECIPE_ENGINEERING_BOUNDS,OBSERVATION_ONLY,False,True,True,True,True,37.03,37.11,37.11,-0.08,-0.21,0.0,0.0,37.03,37.11,-0.08,-0.21,51.36,51.36,49.0,53.71,27.34,34.34,LOW,True,0,WITHIN_SAFE_BOUNDS,VALID_ROUTE_STAGES,NO_VALID_CANDIDATE,INSUFFICIENT_VALID_CANDIDATES_COUNT,,,0.0,,,,,NONE,0.0,0.0,0.0,62.0,62.0,0.0,49.0,49.0,0.0,89.0,89.0,0.0,30.84,37.03,37.03,37.11,37.11,37.11,225.18,225.18,225.18,37.11,225.18,-0.08,-0.21,51.36,51.36,49.0,53.71,LOW,0,OBSERVATION_ONLY,INSUFFICIENT_VALID_CANDIDATES_COUNT,
1879790,12,M1-T15611W6-- 01 004,ML07,Silica,OilWet,Silica_OilWet,TEST_HOLDOUT,SILICA_ROUTE_GLOBAL_FALLBACK,L0_NEW_RECIPE_COLD_START,0,5,M1-T15611W2-- 01 001;M1-T19327---- 01 005;M1-T19327---- 01 003;M1-T19327---- 01 004;M1-T18035---- 03 013,0.887,INTERSECT_BRANCH_SIMILAR_RECIPE_ENGINEERING_BOUNDS,OBSERVATION_ONLY,False,True,True,True,True,36.51,37.42,37.42,-0.91,-2.5,0.0,0.0,36.51,37.42,-0.91,-2.5,51.29,51.29,48.93,53.64,27.34,34.34,LOW,True,0,WITHIN_SAFE_BOUNDS,VALID_ROUTE_STAGES,NO_VALID_CANDIDATE,INSUFFICIENT_VALID_CANDIDATES_COUNT,,,0.0,,,,,NONE,0.0,0.0,0.0,61.0,61.0,0.0,50.0,50.0,0.0,91.0,91.0,0.0,30.84,36.51,36.51,37.42,37.42,37.42,222.04,222.04,222.04,37.42,222.04,-0.91,-2.5,51.29,51.29,48.93,53.64,LOW,0,OBSERVATION_ONLY,INSUFFICIENT_VALID_CANDIDATES_COUNT,
1890960,19,M1-A00205W3-- 03 003,MB02,CarbonBlack,OilWet,CarbonBlack_OilWet,TEST_HOLDOUT,EXACT_RECIPE_MIXER_ROUTE,L3_SHADOW_REVIEW_READY,86,5,M1-A00205W3-- 03 002;M1-A00205W4-- 01 001;M1-B00163RT-- 01 001;M1-B00163R4-- 01 003;M1-B00163XV-- 01 002,0.978,VALIDATED_SHADOW_REVIEW,SHADOW_REVIEW_READY,True,True,False,True,True,28.85,28.57,28.57,0.28,0.96,0.0,0.0,28.85,28.57,0.28,0.96,42.31,42.31,40.55,44.08,35.55,42.55,LOW,False,0,WITHIN_SAFE_BOUNDS,VALID_ROUTE_STAGES,NO_VALID_CANDIDATE,INSUFFICIENT_VALID_CANDIDATES_COUNT,,,0.0,,,,,NONE,53.0,53.0,0.0,7.0,7.0,0.0,0.0,0.0,0.0,124.0,124.0,0.0,39.05,28.85,28.85,28.57,28.57,28.57,122.91,122.91,122.91,28.57,122.91,0.28,0.96,42.31,42.31,40.55,44.08,LOW,0,SHADOW_REVIEW_READY,INSUFFICIENT_VALID_CANDIDATES_COUNT,
1893903,29,M1-A00205W3-- 03 003,MB02,CarbonBlack,OilWet,CarbonBlack_OilWet,TEST_HOLDOUT,EXACT_RECIPE_MIXER_ROUTE,L3_SHADOW_REVIEW_READY,86,5,M1-A00205W3-- 03 002;M1-A00205W4-- 01 001;M1-B00163RT-- 01 001;M1-B00163RT-- 01 002;M1-B00163R4-- 01 003,0.986,VALIDATED_SHADOW_REVIEW,SHADOW_REVIEW_READY,True,True,False,True,True,29.06,28.2,28.2,0.86,2.97,0.0,0.0,29.06,28.2,0.86,2.97,41.86,41.86,40.09,43.62,39.79,46.79,HIGH,False,9,WITHIN_SAFE_BOUNDS,VALID_ROUTE_STAGES,NO_VALID_CANDIDATE,INSUFFICIENT_VALID_CANDIDATES_COUNT,,,0.0,,,,,NONE,53.0,53.0,0.0,4.0,4.0,0.0,0.0,0.0,0.0,124.0,124.0,0.0,43.29,29.06,29.06,28.2,28.2,28.2,123.83,123.83,123.83,28.2,123.83,0.86,2.97,41.86,41.86,40.09,43.62,HIGH,9,SHADOW_REVIEW_READY,INSUFFICIENT_VALID_CANDIDATES_COUNT,
1905483,1,M1-T09170WS-- 02 004,MB03,Silica,OilWet,Silica_OilWet,TEST_HOLDOUT,EXACT_RECIPE_MIXER_ROUTE,L3_SHADOW_REVIEW_READY,2756,5,M1-T09170WZ-- 01 001;M1-T09170XT-- 03 001;M1-T09170WS-- 02 003;M1-T09170---- 23 004;M1-T09170---- 23 003,0.974,VALIDATED_SHADOW_REVIEW,SHADOW_REVIEW_READY,False,True,True,True,True,43.48,42.56,42.56,0.91,2.1,0.0,0.0,43.48,42.56,0.91,2.1,58.13,58.13,55.78,60.48,57.43,64.43,MEDIUM,False,0,WITHIN_SAFE_BOUNDS,VALID_ROUTE_STAGES,NO_VALID_CANDIDATE,INSUFFICIENT_VALID_CANDIDATES_COUNT,,,0.0,,,,,NONE,0.0,0.0,0.0,63.0,63.0,0.0,30.0,30.0,0.0,106.0,106.0,0.0,60.93,43.48,43.48,42.56,42.56,42.56,183.76,183.76,183.76,42.56,183.76,0.91,2.1,58.13,58.13,55.78,60.48,MEDIUM,0,SHADOW_REVIEW_READY,INSUFFICIENT_VALID_CANDIDATES_COUNT,
1905483,2,M1-T09170WS-- 02 004,MB03,Silica,OilWet,Silica_OilWet,TEST_HOLDOUT,EXACT_RECIPE_MIXER_ROUTE,L3_SHADOW_REVIEW_READY,2756,5,M1-T09170WZ-- 01 001;M1-T09170XT-- 03 001;M1-T09170WS-- 02 003;M1-T09170---- 23 004;M1-T09170---- 23 003,0.973,VALIDATED_SHADOW_REVIEW,SHADOW_REVIEW_READY,False,True,True,True,True,41.26,42.56,42.56,-1.3,-3.16,0.0,0.0,41.26,42.56,-1.3,-3.16,58.86,58.86,56.51,61.21,57.43,64.43,HIGH,False,0,WITHIN_SAFE_BOUNDS,VALID_ROUTE_STAGES,NO_VALID_CANDIDATE,INSUFFICIENT_VALID_CANDIDATES_COUNT,,,0.0,,,,,NONE,0.0,0.0,0.0,65.0,65.0,0.0,29.0,29.0,0.0,104.0,104.0,0.0,60.93,41.26,41.26,42.56,42.56,42.56,174.39,174.39,174.39,42.56,174.39,-1.3,-3.16,58.86,58.86,56.51,61.21,HIGH,0,SHADOW_REVIEW_READY,INSUFFICIENT_VALID_CANDIDATES_COUNT,
1905483,3,M1-T09170WS-- 02 004,MB03,Silica,OilWet,Silica_OilWet,TEST_HOLDOUT,EXACT_RECIPE_MIXER_ROUTE,L3_SHADOW_REVIEW_READY,2756,5,M1-T09170WZ-- 01 001;M1-T09170XT-- 03 001;M1-T09170WS-- 02 003;M1-T09170---- 23 004;M1-T09170---- 23 003,0.974,VALIDATED_SHADOW_REVIEW,SHADOW_REVIEW_READY,False,True,True,True,True,40.88,42.56,42.56,-1.69,-4.13,0.0,0.0,40.88,42.56,-1.69,-4.13,58.07,58.07,55.72,60.42,57.43,64.43,MEDIUM,False,0,WITHIN_SAFE_BOUNDS,VALID_ROUTE_STAGES,NO_VALID_CANDIDATE,INSUFFICIENT_VALID_CANDIDATES_COUNT,,,0.0,,,,,NONE,0.0,0.0,0.0,63.0,63.0,0.0,28.0,28.0,0.0,104.0,104.0,0.0,60.93,40.88,40.88,42.56,42.56,42.56,172.76,172.76,172.76,42.56,172.76,-1.69,-4.13,58.07,58.07,55.72,60.42,MEDIUM,0,SHADOW_REVIEW_READY,INSUFFICIENT_VALID_CANDIDATES_COUNT,
1902317,1,M1-T17771---- 04 003,ML07,Silica,OilWet,Silica_OilWet,TEST_HOLDOUT,SILICA_ROUTE_GLOBAL_FALLBACK,L0_NEW_RECIPE_COLD_START,0,5,M1-T17771---- 04 004;M1-T19327---- 01 004;M1-T05073XV-- 01 001;M1-T05073---- 06 006;M1-T05073---- 06 007,0.825,INTERSECT_BRANCH_SIMILAR_RECIPE_ENGINEERING_BOUNDS,OBSERVATION_ONLY,False,True,True,True,True,45.84,43.06,43.06,2.78,6.07,0.0,0.0,45.84,43.06,2.78,6.07,34.79,34.79,32.44,37.14,35.74,42.74,LOW,True,0,WITHIN_SAFE_BOUNDS,VALID_ROUTE_STAGES,NO_VALID_CANDIDATE,INSUFFICIENT_VALID_CANDIDATES_COUNT,,,0.0,,,,,NONE,0.0,0.0,0.0,28.0,28.0,0.0,44.0,44.0,0.0,134.0,134.0,0.0,39.24,45.84,45.84,43.06,43.06,43.06,173.82,173.82,173.82,43.06,173.82,2.78,6.07,34.79,34.79,32.44,37.14,LOW,0,OBSERVATION_ONLY,INSUFFICIENT_VALID_CANDIDATES_COUNT,
1902317,2,M1-T17771---- 04 003,ML07,Silica,OilWet,Silica_OilWet,TEST_HOLDOUT,SILICA_ROUTE_GLOBAL_FALLBACK,L0_NEW_RECIPE_COLD_START,0,5,M1-T17771---- 04 004;M1-T19327---- 01 004;M1-T05073XV-- 01 001;M1-T05073---- 06 006;M1-T05073---- 06 007,0.825,INTERSECT_BRANCH_SIMILAR_RECIPE_ENGINEERING_BOUNDS,OBSERVATION_ONLY,False,True,True,True,True,42.04,42.54,42.54,-0.49,-1.18,0.0,0.0,42.04,42.54,-0.49,-1.18,34.41,34.41,32.06,36.76,35.74,42.74,LOW,True,0,WITHIN_SAFE_BOUNDS,VALID_ROUTE_STAGES,NO_VALID_CANDIDATE,INSUFFICIENT_VALID_CANDIDATES_COUNT,,,0.0,,,,,NONE,0.0,0.0,0.0,28.0,28.0,0.0,40.0,40.0,0.0,133.0,133.0,0.0,39.24,42.04,42.04,42.54,42.54,42.54,159.42,159.42,159.42,42.54,159.42,-0.49,-1.18,34.41,34.41,32.06,36.76,LOW,0,OBSERVATION_ONLY,INSUFFICIENT_VALID_CANDIDATES_COUNT,
1907516,3,M1-T33025W3-- 03 005,ML07,Silica,OilWet,Silica_OilWet,TEST_HOLDOUT,EXACT_RECIPE_MIXER_ROUTE,L1_SIMILAR_RECIPE_REFERENCE,2,5,M1-T33025W3-- 03 004;M1-T16455---- 06 001;M1-T14150---- 17 004;M1-T14150---- 17 005;M1-T15760---- 08 001,0.993,INTERSECT_BRANCH_SIMILAR_RECIPE_ENGINEERING_BOUNDS,REFERENCE_ONLY,False,True,True,True,True,45.85,46.39,46.39,-0.54,-1.17,0.0,0.0,45.85,46.39,-0.54,-1.17,49.96,49.96,47.6,52.31,49.52333333333333,56.52333333333333,MEDIUM,False,0,NOT_CHECKED,ZERO_EFFECTIVE_DURATIONS,NO_VALID_CANDIDATE,REJECTED_ZERO_DURATION_CANDIDATE,,,0.0,,,,,NONE,0.0,0.0,0.0,42.0,42.0,0.0,61.0,61.0,0.0,100.0,100.0,0.0,53.02,45.85,45.85,46.39,46.39,46.39,305.69,305.69,305.69,46.39,305.69,-0.54,-1.17,49.96,49.96,47.6,52.31,MEDIUM,0,REFERENCE_ONLY,INSUFFICIENT_VALID_CANDIDATES_COUNT,
1907516,4,M1-T33025W3-- 03 005,ML07,Silica,OilWet,Silica_OilWet,TEST_HOLDOUT,EXACT_RECIPE_MIXER_ROUTE,L1_SIMILAR_RECIPE_REFERENCE,2,5,M1-T33025W3-- 03 004;M1-T16455---- 06 001;M1-T14150---- 17 004;M1-T14150---- 17 005;M1-T15760---- 08 001,0.994,INTERSECT_BRANCH_SIMILAR_RECIPE_ENGINEERING_BOUNDS,REFERENCE_ONLY,False,True,True,True,True,46.77,46.06,46.06,0.71,1.52,0.0,0.0,46.77,46.06,0.71,1.52,50.3,50.3,47.95,52.66,49.52333333333333,56.52333333333333,MEDIUM,False,0,NOT_CHECKED,ZERO_EFFECTIVE_DURATIONS,NO_VALID_CANDIDATE,REJECTED_ZERO_DURATION_CANDIDATE,,,0.0,,,,,NONE,0.0,0.0,0.0,40.0,40.0,0.0,61.0,61.0,0.0,101.0,101.0,0.0,53.02,46.77,46.77,46.06,46.06,46.06,311.82,311.82,311.82,46.06,311.82,0.71,1.52,50.3,50.3,47.95,52.66,MEDIUM,0,REFERENCE_ONLY,INSUFFICIENT_VALID_CANDIDATES_COUNT,
1913944,75,M1-B15563---- 01 005,ML09,CarbonBlack,OilWet,CarbonBlack_OilWet,TEST_HOLDOUT,UNAVAILABLE,L0_NEW_RECIPE_COLD_START,0,5,M1-B15563---- 01 003;M1-B00458---- 11 005;M1-B00458---- 11 006;M1-B00458RFD- 06 001;M1-B00458RRL- 04 002,0.994,INTERSECT_BRANCH_SIMILAR_RECIPE_ENGINEERING_BOUNDS,OBSERVATION_ONLY,True,True,False,True,True,29.55,30.91,30.91,0.0,0.0,0.0,0.0,29.55,30.91,0.0,0.0,,,,,39.99,46.99,LOW,True,0,UNAVAILABLE,UNAVAILABLE,REJECTED,COLD_START_RECIPE_NO_HISTORY,,,,,,,,NONE,35.0,0.0,-35.0,19.0,0.0,-19.0,0.0,0.0,0.0,91.0,0.0,-91.0,43.49,29.55,29.55,30.91,30.91,30.91,116.55,121.89,116.55,30.91,121.89,0.0,0.0,,,,,LOW,0,OBSERVATION_ONLY,INSUFFICIENT_VALID_CANDIDATES_COUNT,
1913944,76,M1-B15563---- 01 005,ML09,CarbonBlack,OilWet,CarbonBlack_OilWet,TEST_HOLDOUT,UNAVAILABLE,L0_NEW_RECIPE_COLD_START,0,5,M1-B15563---- 01 003;M1-B00458---- 11 005;M1-B00458---- 11 006;M1-B00458RFD- 06 001;M1-B00458RRL- 04 002,0.994,INTERSECT_BRANCH_SIMILAR_RECIPE_ENGINEERING_BOUNDS,OBSERVATION_ONLY,True,True,False,True,True,30.13,31.33,31.33,0.0,0.0,0.0,0.0,30.13,31.33,0.0,0.0,,,,,39.99,46.99,LOW,True,0,UNAVAILABLE,UNAVAILABLE,REJECTED,COLD_START_RECIPE_NO_HISTORY,,,,,,,,NONE,35.0,0.0,-35.0,31.0,0.0,-31.0,0.0,0.0,0.0,90.0,0.0,-90.0,43.49,30.13,30.13,31.33,31.33,31.33,118.84,123.57,118.84,31.33,123.57,0.0,0.0,,,,,LOW,0,OBSERVATION_ONLY,INSUFFICIENT_VALID_CANDIDATES_COUNT,
1913944,77,M1-B15563---- 01 005,ML09,CarbonBlack,OilWet,CarbonBlack_OilWet,TEST_HOLDOUT,UNAVAILABLE,L0_NEW_RECIPE_COLD_START,0,5,M1-B15563---- 01 003;M1-B00458---- 11 005;M1-B00458---- 11 006;M1-B00458RFD- 06 001;M1-B00458RRL- 04 002,0.994,INTERSECT_BRANCH_SIMILAR_RECIPE_ENGINEERING_BOUNDS,OBSERVATION_ONLY,True,True,False,True,True,30.21,31.33,31.33,0.0,0.0,0.0,0.0,30.21,31.33,0.0,0.0,,,,,39.99,46.99,LOW,True,0,UNAVAILABLE,UNAVAILABLE,REJECTED,COLD_START_RECIPE_NO_HISTORY,,,,,,,,NONE,35.0,0.0,-35.0,32.0,0.0,-32.0,0.0,0.0,0.0,89.0,0.0,-89.0,43.49,30.21,30.21,31.33,31.33,31.33,119.15,123.57,119.15,31.33,123.57,0.0,0.0,,,,,LOW,0,OBSERVATION_ONLY,INSUFFICIENT_VALID_CANDIDATES_COUNT,
1925692,2,M1-T33025W3-- 03 005,ML07,Silica,OilWet,Silica_OilWet,TEST_HOLDOUT,EXACT_RECIPE_MIXER_ROUTE,L1_SIMILAR_RECIPE_REFERENCE,2,5,M1-T33025W3-- 03 004;M1-T16455---- 06 001;M1-T14150---- 17 004;M1-T14150---- 17 002;M1-T14150---- 17 005,0.981,INTERSECT_BRANCH_SIMILAR_RECIPE_ENGINEERING_BOUNDS,REFERENCE_ONLY,False,True,True,True,True,46.66,46.64,46.64,0.02,0.03,0.0,0.0,46.66,46.64,0.02,0.03,49.75,49.75,47.4,52.11,54.26,61.26,LOW,True,0,NOT_CHECKED,ZERO_EFFECTIVE_DURATIONS,NO_VALID_CANDIDATE,REJECTED_ZERO_DURATION_CANDIDATE,,,0.0,,,,,NONE,0.0,0.0,0.0,54.0,54.0,0.0,60.0,60.0,0.0,101.0,101.0,0.0,57.76,46.66,46.66,46.64,46.64,46.64,311.06,311.06,311.06,46.64,311.06,0.02,0.03,49.75,49.75,47.4,52.11,LOW,0,REFERENCE_ONLY,INSUFFICIENT_VALID_CANDIDATES_COUNT,
1931896,14,M1-A00268R2-- 05 003,MB02,CarbonBlack,OilWet,CarbonBlack_OilWet,TEST_HOLDOUT,EXACT_RECIPE_MIXER_ROUTE,L1_SIMILAR_RECIPE_REFERENCE,2,5,M1-A00268R2-- 05 006;M1-A00268R2-- 05 001;M1-A44268---- 01 002;M1-A00205W3-- 03 003;M1-A00205W3-- 03 002,0.974,INTERSECT_BRANCH_SIMILAR_RECIPE_ENGINEERING_BOUNDS,REFERENCE_ONLY,True,True,False,True,True,24.23,24.42,24.42,-0.18,-0.76,0.0,0.0,24.23,24.42,-0.18,-0.76,46.1,46.1,44.33,47.86,41.36,48.36,HIGH,False,0,NOT_CHECKED,ZERO_EFFECTIVE_DURATIONS,NO_VALID_CANDIDATE,REJECTED_ZERO_DURATION_CANDIDATE,,,0.0,,,,,NONE,31.0,31.0,0.0,5.0,5.0,0.0,0.0,0.0,0.0,89.0,89.0,0.0,44.86,24.23,24.23,24.42,24.42,24.42,104.48,104.48,104.48,24.42,104.48,-0.18,-0.76,46.1,46.1,44.33,47.86,HIGH,0,REFERENCE_ONLY,INSUFFICIENT_VALID_CANDIDATES_COUNT,
1931896,16,M1-A00268R2-- 05 003,MB02,CarbonBlack,OilWet,CarbonBlack_OilWet,TEST_HOLDOUT,EXACT_RECIPE_MIXER_ROUTE,L1_SIMILAR_RECIPE_REFERENCE,2,5,M1-A00268R2-- 05 006;M1-A00268R2-- 05 001;M1-A44268---- 01 002;M1-A00205W3-- 03 003;M1-A00205W3-- 03 002,0.974,INTERSECT_BRANCH_SIMILAR_RECIPE_ENGINEERING_BOUNDS,REFERENCE_ONLY,True,True,False,True,True,26.24,24.54,24.54,1.71,6.51,0.0,0.0,26.24,24.54,1.71,6.51,46.87,46.87,45.11,48.64,41.36,48.36,HIGH,False,0,NOT_CHECKED,ZERO_EFFECTIVE_DURATIONS,NO_VALID_CANDIDATE,REJECTED_ZERO_DURATION_CANDIDATE,,,0.0,,,,,NONE,31.0,31.0,0.0,15.0,15.0,0.0,0.0,0.0,0.0,88.0,88.0,0.0,44.86,26.24,26.24,24.54,24.54,24.54,113.15,113.15,113.15,24.54,113.15,1.71,6.51,46.87,46.87,45.11,48.64,HIGH,0,REFERENCE_ONLY,INSUFFICIENT_VALID_CANDIDATES_COUNT,
1931896,17,M1-A00268R2-- 05 003,MB02,CarbonBlack,OilWet,CarbonBlack_OilWet,TEST_HOLDOUT,EXACT_RECIPE_MIXER_ROUTE,L1_SIMILAR_RECIPE_REFERENCE,2,5,M1-A00268R2-- 05 006;M1-A00268R2-- 05 001;M1-A44268---- 01 002;M1-A00205W3-- 03 003;M1-A00205W3-- 03 002,0.973,INTERSECT_BRANCH_SIMILAR_RECIPE_ENGINEERING_BOUNDS,REFERENCE_ONLY,True,True,False,True,True,24.61,24.42,24.42,0.19,0.77,0.0,0.0,24.61,24.42,0.19,0.77,46.52,46.52,44.75,48.28,41.36,48.36,HIGH,False,0,NOT_CHECKED,ZERO_EFFECTIVE_DURATIONS,NO_VALID_CANDIDATE,REJECTED_ZERO_DURATION_CANDIDATE,,,0.0,,,,,NONE,31.0,31.0,0.0,5.0,5.0,0.0,0.0,0.0,0.0,88.0,88.0,0.0,44.86,24.61,24.61,24.42,24.42,24.42,106.09,106.09,106.09,24.42,106.09,0.19,0.77,46.52,46.52,44.75,48.28,HIGH,0,REFERENCE_ONLY,INSUFFICIENT_VALID_CANDIDATES_COUNT,
1967814,1,M1-T15760---- 06 001,ML09,Silica,OilWet,Silica_OilWet,TEST_HOLDOUT,EXACT_RECIPE_MIXER_ROUTE,L3_SHADOW_REVIEW_READY,51,5,M1-T15760B--- 01 003;M1-T15760---- 06 002;M1-T15760XP-- 01 003;M1-T15760W--- 03 005;M1-T15760W--- 03 004,0.996,VALIDATED_SHADOW_REVIEW,SHADOW_REVIEW_READY,False,True,True,True,True,35.27,37.19,37.19,-1.92,-5.44,0.0,0.0,35.27,37.19,-1.92,-5.44,55.42,55.42,53.07,57.78,47.46,54.46,LOW,True,0,OUT_OF_SAFE_BOUNDS,VALID_ROUTE_STAGES,NO_VALID_CANDIDATE,REJECTED_OUT_OF_SAFE_BOUNDS,,,0.0,,,,,NONE,0.0,0.0,0.0,49.0,49.0,0.0,42.0,42.0,0.0,115.0,115.0,0.0,50.96,35.27,35.27,37.19,37.19,37.19,138.85,138.85,138.85,37.19,138.85,-1.92,-5.44,55.42,55.42,53.07,57.78,LOW,0,SHADOW_REVIEW_READY,INSUFFICIENT_VALID_CANDIDATES_COUNT,
1967814,2,M1-T15760---- 06 001,ML09,Silica,OilWet,Silica_OilWet,TEST_HOLDOUT,EXACT_RECIPE_MIXER_ROUTE,L3_SHADOW_REVIEW_READY,51,5,M1-T15760B--- 01 003;M1-T15760---- 06 002;M1-T15760XP-- 01 003;M1-T15760W--- 03 005;M1-T15760W--- 03 004,0.997,VALIDATED_SHADOW_REVIEW,SHADOW_REVIEW_READY,False,True,True,True,True,36.03,37.11,37.11,-1.08,-3.0,0.0,0.0,36.03,37.11,-1.08,-3.0,56.5,56.5,54.14,58.85,47.46,54.46,LOW,True,0,OUT_OF_SAFE_BOUNDS,VALID_ROUTE_STAGES,NO_VALID_CANDIDATE,REJECTED_OUT_OF_SAFE_BOUNDS,,,0.0,,,,,NONE,0.0,0.0,0.0,54.0,54.0,0.0,35.0,35.0,0.0,115.0,115.0,0.0,50.96,36.03,36.03,37.11,37.11,37.11,141.87,141.87,141.87,37.11,141.87,-1.08,-3.0,56.5,56.5,54.14,58.85,LOW,0,SHADOW_REVIEW_READY,INSUFFICIENT_VALID_CANDIDATES_COUNT,
1969488,19,M1-T15760---- 06 001,ML09,Silica,OilWet,Silica_OilWet,TEST_HOLDOUT,EXACT_RECIPE_MIXER_ROUTE,L3_SHADOW_REVIEW_READY,51,5,M1-T15760---- 06 002;M1-T15760B--- 01 003;M1-T15760XP-- 01 003;M1-T15899---- 12 004;M1-T15760W--- 03 005,0.998,VALIDATED_SHADOW_REVIEW,SHADOW_REVIEW_READY,False,True,True,True,True,42.24,37.2,37.2,5.04,11.94,0.0,0.0,42.24,37.2,5.04,11.94,55.52,55.52,53.17,57.87,45.04,52.04,LOW,True,0,WITHIN_SAFE_BOUNDS,VALID_ROUTE_STAGES,NO_VALID_CANDIDATE,INSUFFICIENT_VALID_CANDIDATES_COUNT,,,0.0,,,,,NONE,0.0,0.0,0.0,52.0,52.0,0.0,38.0,38.0,0.0,140.0,140.0,0.0,48.54,42.24,42.24,37.2,37.2,37.2,166.31,166.31,166.31,37.2,166.31,5.04,11.94,55.52,55.52,53.17,57.87,LOW,0,SHADOW_REVIEW_READY,INSUFFICIENT_VALID_CANDIDATES_COUNT,
2024~1284387,2,M1-T09170XT-- 02 001,ML09,Silica,OilWet,Silica_OilWet,TEST_HOLDOUT,SILICA_ROUTE_GLOBAL_FALLBACK,L0_NEW_RECIPE_COLD_START,0,5,M1-T09170WS-- 01 009;M1-T09170WS-- 01 010;M1-T09170XM-- 01 001;M1-T09170---- 24 001;M1-T15192R--- 03 001,0.925,INTERSECT_BRANCH_SIMILAR_RECIPE_ENGINEERING_BOUNDS,OBSERVATION_ONLY,False,True,True,True,True,43.19,42.25,42.25,0.93,2.16,0.0,0.0,43.19,42.25,0.93,2.16,58.93,58.93,56.58,61.28,53.375,60.375,HIGH,False,0,WITHIN_SAFE_BOUNDS,VALID_ROUTE_STAGES,NO_VALID_CANDIDATE,INSUFFICIENT_VALID_CANDIDATES_COUNT,,,0.0,,,,,NONE,0.0,0.0,0.0,25.0,25.0,0.0,42.0,42.0,0.0,94.0,94.0,0.0,56.88,43.19,43.19,42.25,42.25,42.25,287.92,287.92,287.92,42.25,287.92,0.93,2.16,58.93,58.93,56.58,61.28,HIGH,0,OBSERVATION_ONLY,INSUFFICIENT_VALID_CANDIDATES_COUNT,
2024~1284387,3,M1-T09170XT-- 02 001,ML09,Silica,OilWet,Silica_OilWet,TEST_HOLDOUT,SILICA_ROUTE_GLOBAL_FALLBACK,L0_NEW_RECIPE_COLD_START,0,5,M1-T09170WS-- 01 009;M1-T09170WS-- 01 010;M1-T09170XM-- 01 001;M1-T09170---- 24 001;M1-T15192R--- 03 001,0.925,INTERSECT_BRANCH_SIMILAR_RECIPE_ENGINEERING_BOUNDS,OBSERVATION_ONLY,False,True,True,True,True,43.18,42.25,42.25,0.93,2.15,0.0,0.0,43.18,42.25,0.93,2.15,59.01,59.01,56.65,61.36,53.375,60.375,MEDIUM,False,0,WITHIN_SAFE_BOUNDS,VALID_ROUTE_STAGES,NO_VALID_CANDIDATE,INSUFFICIENT_VALID_CANDIDATES_COUNT,,,0.0,,,,,NONE,0.0,0.0,0.0,25.0,25.0,0.0,45.0,45.0,0.0,93.0,93.0,0.0,56.88,43.18,43.18,42.25,42.25,42.25,287.86,287.86,287.86,42.25,287.86,0.93,2.15,59.01,59.01,56.65,61.36,MEDIUM,0,OBSERVATION_ONLY,INSUFFICIENT_VALID_CANDIDATES_COUNT,
2024~1284387,4,M1-T09170XT-- 02 001,ML09,Silica,OilWet,Silica_OilWet,TEST_HOLDOUT,SILICA_ROUTE_GLOBAL_FALLBACK,L0_NEW_RECIPE_COLD_START,0,5,M1-T09170WS-- 01 009;M1-T09170WS-- 01 010;M1-T09170XM-- 01 001;M1-T09170---- 24 001;M1-T15192R--- 03 001,0.925,INTERSECT_BRANCH_SIMILAR_RECIPE_ENGINEERING_BOUNDS,OBSERVATION_ONLY,False,True,True,True,True,43.76,43.12,43.12,0.64,1.46,0.0,0.0,43.76,43.12,0.64,1.46,58.73,58.73,56.38,61.08,53.375,60.375,HIGH,False,0,WITHIN_SAFE_BOUNDS,VALID_ROUTE_STAGES,NO_VALID_CANDIDATE,INSUFFICIENT_VALID_CANDIDATES_COUNT,,,0.0,,,,,NONE,0.0,0.0,0.0,27.0,27.0,0.0,45.0,45.0,0.0,94.0,94.0,0.0,56.88,43.76,43.76,43.12,43.12,43.12,291.72,291.72,291.72,43.12,291.72,0.64,1.46,58.73,58.73,56.38,61.08,HIGH,0,OBSERVATION_ONLY,INSUFFICIENT_VALID_CANDIDATES_COUNT,
2024~1301112,1,M1-A00205W3-- 03 002,MB02,CarbonBlack,OilWet,CarbonBlack_OilWet,TEST_HOLDOUT,EXACT_RECIPE_MIXER_ROUTE,L1_SIMILAR_RECIPE_REFERENCE,4,5,M1-A00205W4-- 01 001;M1-A00205W3-- 03 003;M1-B00163RT-- 01 001;M1-B00163RT-- 01 002;M1-B00163R4-- 01 003,0.996,INTERSECT_BRANCH_SIMILAR_RECIPE_ENGINEERING_BOUNDS,REFERENCE_ONLY,True,True,False,True,True,28.81,26.28,26.28,2.53,8.77,0.0,0.0,28.81,26.28,2.53,8.77,40.87,40.87,39.11,42.63,36.16,43.16,HIGH,False,0,NOT_CHECKED,ZERO_EFFECTIVE_DURATIONS,NO_VALID_CANDIDATE,REJECTED_ZERO_DURATION_CANDIDATE,,,0.0,,,,,NONE,51.0,51.0,0.0,5.0,5.0,0.0,0.0,0.0,0.0,80.0,80.0,0.0,39.66,28.81,28.81,26.28,26.28,26.28,122.75,122.75,122.75,26.28,122.75,2.53,8.77,40.87,40.87,39.11,42.63,HIGH,0,REFERENCE_ONLY,INSUFFICIENT_VALID_CANDIDATES_COUNT,
2024~1301112,2,M1-A00205W3-- 03 002,MB02,CarbonBlack,OilWet,CarbonBlack_OilWet,TEST_HOLDOUT,EXACT_RECIPE_MIXER_ROUTE,L1_SIMILAR_RECIPE_REFERENCE,4,5,M1-A00205W4-- 01 001;M1-A00205W3-- 03 003;M1-B00163RT-- 01 001;M1-B00163RT-- 01 002;M1-B00163R4-- 01 003,0.997,INTERSECT_BRANCH_SIMILAR_RECIPE_ENGINEERING_BOUNDS,REFERENCE_ONLY,True,True,False,True,True,27.36,26.26,26.26,1.1,4.03,0.0,0.0,27.36,26.26,1.1,4.03,40.21,40.21,38.45,41.98,36.16,43.16,HIGH,False,0,NOT_CHECKED,ZERO_EFFECTIVE_DURATIONS,NO_VALID_CANDIDATE,REJECTED_ZERO_DURATION_CANDIDATE,,,0.0,,,,,NONE,51.0,51.0,0.0,5.0,5.0,0.0,0.0,0.0,0.0,77.0,77.0,0.0,39.66,27.36,27.36,26.26,26.26,26.26,116.57,116.57,116.57,26.26,116.57,1.1,4.03,40.21,40.21,38.45,41.98,HIGH,0,REFERENCE_ONLY,INSUFFICIENT_VALID_CANDIDATES_COUNT,
2024~1301112,3,M1-A00205W3-- 03 002,MB02,CarbonBlack,OilWet,CarbonBlack_OilWet,TEST_HOLDOUT,EXACT_RECIPE_MIXER_ROUTE,L1_SIMILAR_RECIPE_REFERENCE,4,5,M1-A00205W4-- 01 001;M1-A00205W3-- 03 003;M1-B00163RT-- 01 001;M1-B00163RT-- 01 002;M1-B00163R4-- 01 003,0.996,INTERSECT_BRANCH_SIMILAR_RECIPE_ENGINEERING_BOUNDS,REFERENCE_ONLY,True,True,False,True,True,27.05,26.38,26.38,0.66,2.46,0.0,0.0,27.05,26.38,0.66,2.46,40.23,40.23,38.47,41.99,36.16,43.16,HIGH,False,0,NOT_CHECKED,ZERO_EFFECTIVE_DURATIONS,NO_VALID_CANDIDATE,REJECTED_ZERO_DURATION_CANDIDATE,,,0.0,,,,,NONE,51.0,51.0,0.0,5.0,5.0,0.0,0.0,0.0,0.0,78.0,78.0,0.0,39.66,27.05,27.05,26.38,26.38,26.38,115.24,115.24,115.24,26.38,115.24,0.66,2.46,40.23,40.23,38.47,41.99,HIGH,0,REFERENCE_ONLY,INSUFFICIENT_VALID_CANDIDATES_COUNT,
2024~1330226,8,M1-A00205W4-- 01 001,MB02,CarbonBlack,OilWet,CarbonBlack_OilWet,TEST_HOLDOUT,EXACT_RECIPE_MIXER_ROUTE,L1_SIMILAR_RECIPE_REFERENCE,9,5,M1-A00205W3-- 03 002;M1-A00205W3-- 03 003;M1-B00163RT-- 01 001;M1-B00163RT-- 01 002;M1-B00163R4-- 01 003,0.991,INTERSECT_BRANCH_SIMILAR_RECIPE_ENGINEERING_BOUNDS,REFERENCE_ONLY,True,True,False,True,True,29.42,27.83,27.83,1.6,5.42,0.0,0.0,29.42,27.83,1.6,5.42,43.79,43.79,42.03,45.55,38.08,45.08,MEDIUM,False,0,WITHIN_SAFE_BOUNDS,VALID_ROUTE_STAGES,NO_VALID_CANDIDATE,INSUFFICIENT_VALID_CANDIDATES_COUNT,,,0.0,,,,,NONE,51.0,51.0,0.0,10.0,10.0,0.0,0.0,0.0,0.0,78.0,78.0,0.0,41.58,29.42,29.42,27.83,27.83,27.83,125.42,125.42,125.42,27.83,125.42,1.6,5.42,43.79,43.79,42.03,45.55,MEDIUM,0,REFERENCE_ONLY,INSUFFICIENT_VALID_CANDIDATES_COUNT,
2024~1323971,5,M1-A00205W4-- 01 001,MB02,CarbonBlack,OilWet,CarbonBlack_OilWet,TEST_HOLDOUT,EXACT_RECIPE_MIXER_ROUTE,L1_SIMILAR_RECIPE_REFERENCE,9,5,M1-A00205W3-- 03 002;M1-A00205W3-- 03 003;M1-B00163RT-- 01 001;M1-B00163RT-- 01 002;M1-B00163R4-- 01 003,0.975,INTERSECT_BRANCH_SIMILAR_RECIPE_ENGINEERING_BOUNDS,REFERENCE_ONLY,True,True,False,True,True,27.68,26.46,26.46,1.22,4.42,0.0,0.0,27.68,26.46,1.22,4.42,42.67,42.67,40.91,44.44,34.58,41.58,LOW,True,0,WITHIN_SAFE_BOUNDS,VALID_ROUTE_STAGES,NO_VALID_CANDIDATE,INSUFFICIENT_VALID_CANDIDATES_COUNT,,,0.0,,,,,NONE,52.0,52.0,0.0,5.0,5.0,0.0,0.0,0.0,0.0,78.0,78.0,0.0,38.08,27.68,27.68,26.46,26.46,26.46,118.0,118.0,118.0,26.46,118.0,1.22,4.42,42.67,42.67,40.91,44.44,LOW,0,REFERENCE_ONLY,INSUFFICIENT_VALID_CANDIDATES_COUNT,
2024~1323971,8,M1-A00205W4-- 01 001,MB02,CarbonBlack,OilWet,CarbonBlack_OilWet,TEST_HOLDOUT,EXACT_RECIPE_MIXER_ROUTE,L1_SIMILAR_RECIPE_REFERENCE,9,5,M1-A00205W3-- 03 002;M1-A00205W3-- 03 003;M1-B00163RT-- 01 001;M1-B00163RT-- 01 002;M1-B00163R4-- 01 003,0.975,INTERSECT_BRANCH_SIMILAR_RECIPE_ENGINEERING_BOUNDS,REFERENCE_ONLY,True,True,False,True,True,27.81,26.46,26.46,1.35,4.87,0.0,0.0,27.81,26.46,1.35,4.87,42.79,42.79,41.02,44.55,34.58,41.58,LOW,True,0,WITHIN_SAFE_BOUNDS,VALID_ROUTE_STAGES,NO_VALID_CANDIDATE,INSUFFICIENT_VALID_CANDIDATES_COUNT,,,0.0,,,,,NONE,51.0,51.0,0.0,5.0,5.0,0.0,0.0,0.0,0.0,78.0,78.0,0.0,38.08,27.81,27.81,26.46,26.46,26.46,118.55,118.55,118.55,26.46,118.55,1.35,4.87,42.79,42.79,41.02,44.55,LOW,0,REFERENCE_ONLY,INSUFFICIENT_VALID_CANDIDATES_COUNT,
2024~1362727,1,M1-B00458B1-- 02 002,MB02,CarbonBlack,OilWet,CarbonBlack_OilWet,TEST_HOLDOUT,EXACT_RECIPE_MIXER_ROUTE,L3_SHADOW_REVIEW_READY,79,5,M1-B00458---- 12 005;M1-B00458B1-- 02 001;M1-B00458---- 12 004;M1-B00458XM-- 04 002;M1-B00458---- 12 007,0.977,VALIDATED_SHADOW_REVIEW,SHADOW_REVIEW_READY,True,True,False,True,True,30.37,30.93,30.93,-0.56,-1.84,0.0,0.0,30.37,30.93,-0.56,-1.84,41.54,41.54,39.78,43.31,39.05,46.05,HIGH,False,7,WITHIN_SAFE_BOUNDS,VALID_ROUTE_STAGES,NO_VALID_CANDIDATE,INSUFFICIENT_VALID_CANDIDATES_COUNT,,,0.0,,,,,NONE,60.0,60.0,0.0,5.0,5.0,0.0,0.0,0.0,0.0,84.0,84.0,0.0,42.55,30.37,30.37,30.93,30.93,30.93,118.72,118.72,118.72,30.93,118.72,-0.56,-1.84,41.54,41.54,39.78,43.31,HIGH,7,SHADOW_REVIEW_READY,INSUFFICIENT_VALID_CANDIDATES_COUNT,
2024~1362727,2,M1-B00458B1-- 02 002,MB02,CarbonBlack,OilWet,CarbonBlack_OilWet,TEST_HOLDOUT,EXACT_RECIPE_MIXER_ROUTE,L3_SHADOW_REVIEW_READY,79,5,M1-B00458---- 12 005;M1-B00458B1-- 02 001;M1-B00458---- 12 004;M1-B00458XM-- 04 002;M1-B00458---- 12 007,0.978,VALIDATED_SHADOW_REVIEW,SHADOW_REVIEW_READY,True,True,False,True,True,28.91,29.96,29.96,-1.05,-3.62,0.0,0.0,28.91,29.96,-1.05,-3.62,41.51,41.51,39.75,43.27,39.05,46.05,HIGH,False,7,WITHIN_SAFE_BOUNDS,VALID_ROUTE_STAGES,NO_VALID_CANDIDATE,INSUFFICIENT_VALID_CANDIDATES_COUNT,,,0.0,,,,,NONE,60.0,60.0,0.0,5.0,5.0,0.0,0.0,0.0,0.0,82.0,82.0,0.0,42.55,28.91,28.91,29.96,29.96,29.96,113.02,113.02,113.02,29.96,113.02,-1.05,-3.62,41.51,41.51,39.75,43.27,HIGH,7,SHADOW_REVIEW_READY,INSUFFICIENT_VALID_CANDIDATES_COUNT,
2024~1362727,3,M1-B00458B1-- 02 002,MB02,CarbonBlack,OilWet,CarbonBlack_OilWet,TEST_HOLDOUT,EXACT_RECIPE_MIXER_ROUTE,L3_SHADOW_REVIEW_READY,79,5,M1-B00458---- 12 005;M1-B00458B1-- 02 001;M1-B00458---- 12 004;M1-B00458XM-- 04 002;M1-B00458---- 12 007,0.977,VALIDATED_SHADOW_REVIEW,SHADOW_REVIEW_READY,True,True,False,True,True,29.18,30.93,30.93,-1.75,-5.99,0.0,0.0,29.18,30.93,-1.75,-5.99,41.04,41.04,39.28,42.81,39.05,46.05,HIGH,False,7,WITHIN_SAFE_BOUNDS,VALID_ROUTE_STAGES,NO_VALID_CANDIDATE,INSUFFICIENT_VALID_CANDIDATES_COUNT,,,0.0,,,,,NONE,60.0,60.0,0.0,5.0,5.0,0.0,0.0,0.0,0.0,83.0,83.0,0.0,42.55,29.18,29.18,30.93,30.93,30.93,114.07,114.07,114.07,30.93,114.07,-1.75,-5.99,41.04,41.04,39.28,42.81,HIGH,7,SHADOW_REVIEW_READY,INSUFFICIENT_VALID_CANDIDATES_COUNT,
2024~1357627,1,M1-B00460B--- 02 001,MB02,CarbonBlack,OilWet,CarbonBlack_OilWet,TEST_HOLDOUT,EXACT_RECIPE_MIXER_ROUTE,L3_SHADOW_REVIEW_READY,67,5,M1-B00460B--- 03 001;M1-B00460B--- 03 003;M1-B00460B--- 03 002;M1-A44268---- 01 002;M1-B00163---- 08 008,0.987,VALIDATED_SHADOW_REVIEW,SHADOW_REVIEW_READY,True,True,False,True,True,29.91,28.51,28.51,1.4,4.69,0.0,0.0,29.91,28.51,1.4,4.69,52.13,52.13,50.36,53.89,51.05,58.05,MEDIUM,False,0,WITHIN_SAFE_BOUNDS,VALID_ROUTE_STAGES,NO_VALID_CANDIDATE,INSUFFICIENT_VALID_CANDIDATES_COUNT,,,0.0,,,,,NONE,64.0,64.0,0.0,21.0,21.0,0.0,0.0,0.0,0.0,91.0,91.0,0.0,54.55,29.91,29.91,28.51,28.51,28.51,199.41,199.41,199.41,28.51,199.41,1.4,4.69,52.13,52.13,50.36,53.89,MEDIUM,0,SHADOW_REVIEW_READY,INSUFFICIENT_VALID_CANDIDATES_COUNT,
2024~1364335,1,M1-B00163R4-- 01 003,MB02,CarbonBlack,OilWet,CarbonBlack_OilWet,TEST_HOLDOUT,EXACT_RECIPE_MIXER_ROUTE,L3_SHADOW_REVIEW_READY,47,5,M1-B00163XV-- 01 001;M1-B00163R4-- 01 004;M1-B00163XV-- 01 002;M1-B00163XM-- 02 003;M1-B00163XV-- 01 003,0.963,VALIDATED_SHADOW_REVIEW,SHADOW_REVIEW_READY,True,True,False,True,True,36.59,33.26,33.26,3.33,9.1,0.0,0.0,36.59,33.26,3.33,9.1,33.16,33.16,31.4,34.93,30.950000000000003,37.95,HIGH,False,8,WITHIN_SAFE_BOUNDS,VALID_ROUTE_STAGES,NO_VALID_CANDIDATE,INSUFFICIENT_VALID_CANDIDATES_COUNT,,,0.0,,,,,NONE,51.0,51.0,0.0,20.0,20.0,0.0,0.0,0.0,0.0,130.0,130.0,0.0,34.45,36.59,36.59,33.26,33.26,33.26,139.05,139.05,139.05,33.26,139.05,3.33,9.1,33.16,33.16,31.4,34.93,HIGH,8,SHADOW_REVIEW_READY,INSUFFICIENT_VALID_CANDIDATES_COUNT,
2024~1364335,2,M1-B00163R4-- 01 003,MB02,CarbonBlack,OilWet,CarbonBlack_OilWet,TEST_HOLDOUT,EXACT_RECIPE_MIXER_ROUTE,L3_SHADOW_REVIEW_READY,47,5,M1-B00163XV-- 01 001;M1-B00163R4-- 01 004;M1-B00163XV-- 01 002;M1-B00163XM-- 02 003;M1-B00163XV-- 01 003,0.963,VALIDATED_SHADOW_REVIEW,SHADOW_REVIEW_READY,True,True,False,True,True,34.63,34.48,34.48,0.15,0.45,0.0,0.0,34.63,34.48,0.15,0.45,32.81,32.81,31.04,34.57,30.950000000000003,37.95,HIGH,False,8,WITHIN_SAFE_BOUNDS,VALID_ROUTE_STAGES,NO_VALID_CANDIDATE,INSUFFICIENT_VALID_CANDIDATES_COUNT,,,0.0,,,,,NONE,51.0,51.0,0.0,17.0,17.0,0.0,0.0,0.0,0.0,132.0,132.0,0.0,34.45,34.63,34.63,34.48,34.48,34.48,131.6,131.6,131.6,34.48,131.6,0.15,0.45,32.81,32.81,31.04,34.57,HIGH,8,SHADOW_REVIEW_READY,INSUFFICIENT_VALID_CANDIDATES_COUNT,
2024~1364335,3,M1-B00163R4-- 01 003,MB02,CarbonBlack,OilWet,CarbonBlack_OilWet,TEST_HOLDOUT,EXACT_RECIPE_MIXER_ROUTE,L3_SHADOW_REVIEW_READY,47,5,M1-B00163XV-- 01 001;M1-B00163R4-- 01 004;M1-B00163XV-- 01 002;M1-B00163XM-- 02 003;M1-B00163XV-- 01 003,0.962,VALIDATED_SHADOW_REVIEW,SHADOW_REVIEW_READY,True,True,False,True,True,32.68,32.86,32.86,-0.19,-0.57,0.0,0.0,32.68,32.86,-0.19,-0.57,32.11,32.11,30.34,33.87,30.950000000000003,37.95,MEDIUM,False,0,WITHIN_SAFE_BOUNDS,VALID_ROUTE_STAGES,NO_VALID_CANDIDATE,INSUFFICIENT_VALID_CANDIDATES_COUNT,,,0.0,,,,,NONE,52.0,52.0,0.0,5.0,5.0,0.0,0.0,0.0,0.0,129.0,129.0,0.0,34.45,32.68,32.68,32.86,32.86,32.86,124.16,124.16,124.16,32.86,124.16,-0.19,-0.57,32.11,32.11,30.34,33.87,MEDIUM,0,SHADOW_REVIEW_READY,INSUFFICIENT_VALID_CANDIDATES_COUNT,
2024~1393736,1,M1-A03391---- 09 001,MB03,CarbonBlack,OilWet,CarbonBlack_OilWet,TEST_HOLDOUT,UNAVAILABLE,L0_NEW_RECIPE_COLD_START,0,5,M1-A03391---- 09 005;M1-A03391---- 09 006;M1-A03391---- 09 003;M1-A16404B--- 01 002;M1-A16404---- 01 005,0.994,INTERSECT_BRANCH_SIMILAR_RECIPE_ENGINEERING_BOUNDS,OBSERVATION_ONLY,True,True,False,True,True,33.43,31.77,31.77,0.0,0.0,0.0,0.0,33.43,31.77,0.0,0.0,,,,,44.21,51.21,LOW,True,0,UNAVAILABLE,UNAVAILABLE,REJECTED,COLD_START_RECIPE_NO_HISTORY,,,,,,,,NONE,29.0,0.0,-29.0,42.0,0.0,-42.0,0.0,0.0,0.0,105.0,0.0,-105.0,47.71,33.43,33.43,31.77,31.77,31.77,222.9,211.8,222.9,31.77,211.8,0.0,0.0,,,,,LOW,0,OBSERVATION_ONLY,INSUFFICIENT_VALID_CANDIDATES_COUNT,
2024~1393736,2,M1-A03391---- 09 001,MB03,CarbonBlack,OilWet,CarbonBlack_OilWet,TEST_HOLDOUT,UNAVAILABLE,L0_NEW_RECIPE_COLD_START,0,5,M1-A03391---- 09 005;M1-A03391---- 09 006;M1-A03391---- 09 003;M1-A16404B--- 01 002;M1-A16404---- 01 005,0.994,INTERSECT_BRANCH_SIMILAR_RECIPE_ENGINEERING_BOUNDS,OBSERVATION_ONLY,True,True,False,True,True,31.31,31.67,31.67,0.0,0.0,0.0,0.0,31.31,31.67,0.0,0.0,,,,,44.21,51.21,LOW,True,0,UNAVAILABLE,UNAVAILABLE,REJECTED,COLD_START_RECIPE_NO_HISTORY,,,,,,,,NONE,29.0,0.0,-29.0,40.0,0.0,-40.0,0.0,0.0,0.0,105.0,0.0,-105.0,47.71,31.31,31.31,31.67,31.67,31.67,208.75,211.11,208.75,31.67,211.11,0.0,0.0,,,,,LOW,0,OBSERVATION_ONLY,INSUFFICIENT_VALID_CANDIDATES_COUNT,
2024~1393736,3,M1-A03391---- 09 001,MB03,CarbonBlack,OilWet,CarbonBlack_OilWet,TEST_HOLDOUT,UNAVAILABLE,L0_NEW_RECIPE_COLD_START,0,5,M1-A03391---- 09 005;M1-A03391---- 09 006;M1-A03391---- 09 003;M1-A16404B--- 01 002;M1-A16404---- 01 005,0.993,INTERSECT_BRANCH_SIMILAR_RECIPE_ENGINEERING_BOUNDS,OBSERVATION_ONLY,True,True,False,True,True,30.71,31.67,31.67,0.0,0.0,0.0,0.0,30.71,31.67,0.0,0.0,,,,,44.21,51.21,LOW,True,0,UNAVAILABLE,UNAVAILABLE,REJECTED,COLD_START_RECIPE_NO_HISTORY,,,,,,,,NONE,29.0,0.0,-29.0,36.0,0.0,-36.0,0.0,0.0,0.0,106.0,0.0,-106.0,47.71,30.71,30.71,31.67,31.67,31.67,204.76,211.11,204.76,31.67,211.11,0.0,0.0,,,,,LOW,0,OBSERVATION_ONLY,INSUFFICIENT_VALID_CANDIDATES_COUNT,
2024~1401516,1,M1-T02128W5-- 04 002,ML07,Silica,OilWet,Silica_OilWet,TEST_HOLDOUT,EXACT_RECIPE_MIXER_ROUTE,L2_PRELIMINARY_RECIPE_WINDOW,10,5,M1-T02128W5-- 04 004;M1-T02128W5-- 04 006;M1-T33025W3-- 03 004;M1-T33025W3-- 03 005;M1-T14150---- 17 002,0.986,SHADOW_REVIEW_ONLY_WITH_PRELIMINARY_WINDOW,SHADOW_REVIEW_ONLY,False,True,True,True,True,35.85,41.41,41.41,-5.56,-15.5,0.0,0.0,35.85,41.41,-5.56,-15.5,61.74,61.74,59.39,64.09,59.22,66.22,HIGH,False,0,WITHIN_SAFE_BOUNDS,VALID_ROUTE_STAGES,NO_VALID_CANDIDATE,INSUFFICIENT_VALID_CANDIDATES_COUNT,,,0.0,,,,,NONE,0.0,0.0,0.0,61.0,61.0,0.0,40.0,40.0,0.0,102.0,102.0,0.0,62.72,35.85,35.85,41.41,41.41,41.41,239.01,239.01,239.01,41.41,239.01,-5.56,-15.5,61.74,61.74,59.39,64.09,HIGH,0,SHADOW_REVIEW_ONLY,INSUFFICIENT_VALID_CANDIDATES_COUNT,
2024~1401516,2,M1-T02128W5-- 04 002,ML07,Silica,OilWet,Silica_OilWet,TEST_HOLDOUT,EXACT_RECIPE_MIXER_ROUTE,L2_PRELIMINARY_RECIPE_WINDOW,10,5,M1-T02128W5-- 04 004;M1-T02128W5-- 04 006;M1-T33025W3-- 03 004;M1-T33025W3-- 03 005;M1-T14150---- 17 002,0.986,SHADOW_REVIEW_ONLY_WITH_PRELIMINARY_WINDOW,SHADOW_REVIEW_ONLY,False,True,True,True,True,35.17,41.07,41.07,-5.9,-16.78,0.0,0.0,35.17,41.07,-5.9,-16.78,61.0,61.0,58.65,63.35,59.22,66.22,HIGH,False,0,WITHIN_SAFE_BOUNDS,VALID_ROUTE_STAGES,NO_VALID_CANDIDATE,INSUFFICIENT_VALID_CANDIDATES_COUNT,,,0.0,,,,,NONE,0.0,0.0,0.0,61.0,61.0,0.0,36.0,36.0,0.0,101.0,101.0,0.0,62.72,35.17,35.17,41.07,41.07,41.07,234.48,234.48,234.48,41.07,234.48,-5.9,-16.78,61.0,61.0,58.65,63.35,HIGH,0,SHADOW_REVIEW_ONLY,INSUFFICIENT_VALID_CANDIDATES_COUNT,
2024~1401516,3,M1-T02128W5-- 04 002,ML07,Silica,OilWet,Silica_OilWet,TEST_HOLDOUT,EXACT_RECIPE_MIXER_ROUTE,L2_PRELIMINARY_RECIPE_WINDOW,10,5,M1-T02128W5-- 04 004;M1-T02128W5-- 04 006;M1-T33025W3-- 03 004;M1-T33025W3-- 03 005;M1-T14150---- 17 002,0.984,SHADOW_REVIEW_ONLY_WITH_PRELIMINARY_WINDOW,SHADOW_REVIEW_ONLY,False,True,True,True,True,34.63,40.96,40.96,-6.33,-18.29,0.0,0.0,34.63,40.96,-6.33,-18.29,60.98,60.98,58.63,63.33,59.22,66.22,HIGH,False,0,WITHIN_SAFE_BOUNDS,VALID_ROUTE_STAGES,NO_VALID_CANDIDATE,INSUFFICIENT_VALID_CANDIDATES_COUNT,,,0.0,,,,,NONE,0.0,0.0,0.0,65.0,65.0,0.0,32.0,32.0,0.0,101.0,101.0,0.0,62.72,34.63,34.63,40.96,40.96,40.96,230.87,230.87,230.87,40.96,230.87,-6.33,-18.29,60.98,60.98,58.63,63.33,HIGH,0,SHADOW_REVIEW_ONLY,INSUFFICIENT_VALID_CANDIDATES_COUNT,
2024~1418382,1,M1-T09170WS-- 01 009,ML09,Silica,OilWet,Silica_OilWet,TEST_HOLDOUT,EXACT_RECIPE_MIXER_ROUTE,L3_SHADOW_REVIEW_READY,378,5,M1-T09170---- 24 001;M1-T09170XM-- 01 001;M1-T09170WS-- 01 010;M1-T15760XC-- 01 001;M1-T15760W--- 03 005,0.992,VALIDATED_SHADOW_REVIEW,SHADOW_REVIEW_READY,False,True,True,True,True,47.35,43.99,43.99,3.36,7.1,0.0,0.0,47.35,43.99,3.36,7.1,58.97,58.97,56.62,61.33,55.57333333333333,62.57333333333333,HIGH,False,14,OUT_OF_SAFE_BOUNDS,VALID_ROUTE_STAGES,NO_VALID_CANDIDATE,REJECTED_OUT_OF_SAFE_BOUNDS,,,0.0,,,,,NONE,0.0,0.0,0.0,41.0,41.0,0.0,20.0,20.0,0.0,108.0,108.0,0.0,59.07,47.35,47.35,43.99,43.99,43.99,200.23,200.23,200.23,43.99,200.23,3.36,7.1,58.97,58.97,56.62,61.33,HIGH,14,SHADOW_REVIEW_READY,INSUFFICIENT_VALID_CANDIDATES_COUNT,
2024~1418382,2,M1-T09170WS-- 01 009,ML09,Silica,OilWet,Silica_OilWet,TEST_HOLDOUT,EXACT_RECIPE_MIXER_ROUTE,L3_SHADOW_REVIEW_READY,378,5,M1-T09170---- 24 001;M1-T09170XM-- 01 001;M1-T09170WS-- 01 010;M1-T15760XC-- 01 001;M1-T15760W--- 03 005,0.993,VALIDATED_SHADOW_REVIEW,SHADOW_REVIEW_READY,False,True,True,True,True,45.57,43.99,43.99,1.57,3.46,0.0,0.0,45.57,43.99,1.57,3.46,58.78,58.78,56.43,61.13,55.57333333333333,62.57333333333333,HIGH,False,14,OUT_OF_SAFE_BOUNDS,VALID_ROUTE_STAGES,NO_VALID_CANDIDATE,REJECTED_OUT_OF_SAFE_BOUNDS,,,0.0,,,,,NONE,0.0,0.0,0.0,43.0,43.0,0.0,24.0,24.0,0.0,108.0,108.0,0.0,59.07,45.57,45.57,43.99,43.99,43.99,192.67,192.67,192.67,43.99,192.67,1.57,3.46,58.78,58.78,56.43,61.13,HIGH,14,SHADOW_REVIEW_READY,INSUFFICIENT_VALID_CANDIDATES_COUNT,
2024~1418382,3,M1-T09170WS-- 01 009,ML09,Silica,OilWet,Silica_OilWet,TEST_HOLDOUT,EXACT_RECIPE_MIXER_ROUTE,L3_SHADOW_REVIEW_READY,378,5,M1-T09170---- 24 001;M1-T09170XM-- 01 001;M1-T09170WS-- 01 010;M1-T15760XC-- 01 001;M1-T15760W--- 03 005,0.992,VALIDATED_SHADOW_REVIEW,SHADOW_REVIEW_READY,False,True,True,True,True,44.19,43.99,43.99,0.2,0.45,0.0,0.0,44.19,43.99,0.2,0.45,58.75,58.75,56.4,61.1,55.57333333333333,62.57333333333333,HIGH,False,14,OUT_OF_SAFE_BOUNDS,VALID_ROUTE_STAGES,NO_VALID_CANDIDATE,REJECTED_OUT_OF_SAFE_BOUNDS,,,0.0,,,,,NONE,0.0,0.0,0.0,43.0,43.0,0.0,23.0,23.0,0.0,107.0,107.0,0.0,59.07,44.19,44.19,43.99,43.99,43.99,186.85,186.85,186.85,43.99,186.85,0.2,0.45,58.75,58.75,56.4,61.1,HIGH,14,SHADOW_REVIEW_READY,INSUFFICIENT_VALID_CANDIDATES_COUNT,
2024~1425828,3,M1-T19012---- 01 005,ML09,Silica,OilWet,Silica_OilWet,TEST_HOLDOUT,SILICA_ROUTE_GLOBAL_FALLBACK,L0_NEW_RECIPE_COLD_START,0,5,M1-T19012---- 01 006;M1-T19012---- 01 004;M1-T19012X1-- 01 004;M1-T19012X1-- 01 007;M1-T33025W3-- 04 005,0.996,INTERSECT_BRANCH_SIMILAR_RECIPE_ENGINEERING_BOUNDS,OBSERVATION_ONLY,False,True,True,True,True,44.67,41.5,41.5,3.17,7.1,0.0,0.0,44.67,41.5,3.17,7.1,109.2,109.2,106.85,111.55,103.7775,110.7775,HIGH,False,0,WITHIN_SAFE_BOUNDS,VALID_ROUTE_STAGES,NO_VALID_CANDIDATE,INSUFFICIENT_VALID_CANDIDATES_COUNT,,,0.0,,,,,NONE,0.0,0.0,0.0,104.0,104.0,0.0,119.0,119.0,0.0,52.0,52.0,0.0,107.28,44.67,44.67,41.5,41.5,41.5,297.78,297.78,297.78,41.5,297.78,3.17,7.1,109.2,109.2,106.85,111.55,HIGH,0,OBSERVATION_ONLY,INSUFFICIENT_VALID_CANDIDATES_COUNT,
2024~1425828,4,M1-T19012---- 01 005,ML09,Silica,OilWet,Silica_OilWet,TEST_HOLDOUT,SILICA_ROUTE_GLOBAL_FALLBACK,L0_NEW_RECIPE_COLD_START,0,5,M1-T19012---- 01 006;M1-T19012---- 01 004;M1-T19012X1-- 01 004;M1-T19012X1-- 01 007;M1-T33025W3-- 04 005,0.996,INTERSECT_BRANCH_SIMILAR_RECIPE_ENGINEERING_BOUNDS,OBSERVATION_ONLY,False,True,True,True,True,45.52,42.87,42.87,2.65,5.82,0.0,0.0,45.52,42.87,2.65,5.82,108.9,108.9,106.55,111.25,103.7775,110.7775,HIGH,False,0,WITHIN_SAFE_BOUNDS,VALID_ROUTE_STAGES,NO_VALID_CANDIDATE,INSUFFICIENT_VALID_CANDIDATES_COUNT,,,0.0,,,,,NONE,0.0,0.0,0.0,112.0,112.0,0.0,121.0,121.0,0.0,51.0,51.0,0.0,107.28,45.52,45.52,42.87,42.87,42.87,303.44,303.44,303.44,42.87,303.44,2.65,5.82,108.9,108.9,106.55,111.25,HIGH,0,OBSERVATION_ONLY,INSUFFICIENT_VALID_CANDIDATES_COUNT,
2024~1451752,1,M1-T09170---- 24 001,ML09,Silica,OilWet,Silica_OilWet,TEST_HOLDOUT,EXACT_RECIPE_MIXER_ROUTE,L2_PRELIMINARY_RECIPE_WINDOW,10,5,M1-T09170WS-- 01 010;M1-T09170WS-- 01 009;M1-T09170XM-- 01 001;M1-T15760W--- 03 005;M1-T15760XC-- 01 001,0.996,SHADOW_REVIEW_ONLY_WITH_PRELIMINARY_WINDOW,SHADOW_REVIEW_ONLY,False,True,True,True,True,45.91,44.6,44.6,1.31,2.86,0.0,0.0,45.91,44.6,1.31,2.86,58.05,58.05,55.7,60.4,55.11666666666667,62.11666666666667,HIGH,False,0,OUT_OF_SAFE_BOUNDS,VALID_ROUTE_STAGES,NO_VALID_CANDIDATE,REJECTED_OUT_OF_SAFE_BOUNDS,,,0.0,,,,,NONE,0.0,0.0,0.0,52.0,52.0,0.0,24.0,24.0,0.0,107.0,107.0,0.0,58.62,45.91,45.91,44.6,44.6,44.6,194.14,194.14,194.14,44.6,194.14,1.31,2.86,58.05,58.05,55.7,60.4,HIGH,0,SHADOW_REVIEW_ONLY,INSUFFICIENT_VALID_CANDIDATES_COUNT,
2024~1451752,2,M1-T09170---- 24 001,ML09,Silica,OilWet,Silica_OilWet,TEST_HOLDOUT,EXACT_RECIPE_MIXER_ROUTE,L2_PRELIMINARY_RECIPE_WINDOW,10,5,M1-T09170WS-- 01 010;M1-T09170WS-- 01 009;M1-T09170XM-- 01 001;M1-T15760W--- 03 005;M1-T15760XC-- 01 001,0.996,SHADOW_REVIEW_ONLY_WITH_PRELIMINARY_WINDOW,SHADOW_REVIEW_ONLY,False,True,True,True,True,45.22,44.54,44.54,0.68,1.51,0.0,0.0,45.22,44.54,0.68,1.51,57.68,57.68,55.33,60.03,55.11666666666667,62.11666666666667,HIGH,False,0,OUT_OF_SAFE_BOUNDS,VALID_ROUTE_STAGES,NO_VALID_CANDIDATE,REJECTED_OUT_OF_SAFE_BOUNDS,,,0.0,,,,,NONE,0.0,0.0,0.0,46.0,46.0,0.0,25.0,25.0,0.0,107.0,107.0,0.0,58.62,45.22,45.22,44.54,44.54,44.54,191.21,191.21,191.21,44.54,191.21,0.68,1.51,57.68,57.68,55.33,60.03,HIGH,0,SHADOW_REVIEW_ONLY,INSUFFICIENT_VALID_CANDIDATES_COUNT,
2024~1451752,3,M1-T09170---- 24 001,ML09,Silica,OilWet,Silica_OilWet,TEST_HOLDOUT,EXACT_RECIPE_MIXER_ROUTE,L2_PRELIMINARY_RECIPE_WINDOW,10,5,M1-T09170WS-- 01 010;M1-T09170WS-- 01 009;M1-T09170XM-- 01 001;M1-T15760W--- 03 005;M1-T15760XC-- 01 001,0.996,SHADOW_REVIEW_ONLY_WITH_PRELIMINARY_WINDOW,SHADOW_REVIEW_ONLY,False,True,True,True,True,44.24,44.6,44.6,-0.36,-0.82,0.0,0.0,44.24,44.6,-0.36,-0.82,57.8,57.8,55.45,60.15,55.11666666666667,62.11666666666667,HIGH,False,0,OUT_OF_SAFE_BOUNDS,VALID_ROUTE_STAGES,NO_VALID_CANDIDATE,REJECTED_OUT_OF_SAFE_BOUNDS,,,0.0,,,,,NONE,0.0,0.0,0.0,54.0,54.0,0.0,23.0,23.0,0.0,107.0,107.0,0.0,58.62,44.24,44.24,44.6,44.6,44.6,187.07,187.07,187.07,44.6,187.07,-0.36,-0.82,57.8,57.8,55.45,60.15,HIGH,0,SHADOW_REVIEW_ONLY,INSUFFICIENT_VALID_CANDIDATES_COUNT,
2024~1503273,1,M1-T00011B8-- 02 001,MB02,Silica,OilWet,Silica_OilWet,TEST_HOLDOUT,SILICA_ROUTE_GLOBAL_FALLBACK,L0_NEW_RECIPE_COLD_START,0,5,M1-T00011B2-- 14 004;M1-T00011B2-- 14 001;M1-T00011B2-- 21 001;M1-T00011B2-- 21 002;M1-T00011B2-- 21 004,0.998,INTERSECT_BRANCH_SIMILAR_RECIPE_ENGINEERING_BOUNDS,OBSERVATION_ONLY,False,True,True,True,True,25.35,27.31,27.31,-1.96,-7.75,0.0,0.0,25.35,27.31,-1.96,-7.75,42.0,42.0,39.65,44.35,41.29666666666666,48.29666666666666,MEDIUM,False,0,WITHIN_SAFE_BOUNDS,VALID_ROUTE_STAGES,NO_VALID_CANDIDATE,INSUFFICIENT_VALID_CANDIDATES_COUNT,,,0.0,,,,,NONE,0.0,0.0,0.0,35.0,35.0,0.0,18.0,18.0,0.0,88.0,88.0,0.0,44.8,25.35,25.35,27.31,27.31,27.31,103.94,103.94,103.94,27.31,103.94,-1.96,-7.75,42.0,42.0,39.65,44.35,MEDIUM,0,OBSERVATION_ONLY,INSUFFICIENT_VALID_CANDIDATES_COUNT,
2024~1503273,2,M1-T00011B8-- 02 001,MB02,Silica,OilWet,Silica_OilWet,TEST_HOLDOUT,SILICA_ROUTE_GLOBAL_FALLBACK,L0_NEW_RECIPE_COLD_START,0,5,M1-T00011B2-- 14 004;M1-T00011B2-- 14 001;M1-T00011B2-- 21 001;M1-T00011B2-- 21 002;M1-T00011B2-- 21 004,0.998,INTERSECT_BRANCH_SIMILAR_RECIPE_ENGINEERING_BOUNDS,OBSERVATION_ONLY,False,True,True,True,True,24.93,27.31,27.31,-2.38,-9.53,0.0,0.0,24.93,27.31,-2.38,-9.53,41.89,41.89,39.54,44.24,41.29666666666666,48.29666666666666,MEDIUM,False,0,WITHIN_SAFE_BOUNDS,VALID_ROUTE_STAGES,NO_VALID_CANDIDATE,INSUFFICIENT_VALID_CANDIDATES_COUNT,,,0.0,,,,,NONE,0.0,0.0,0.0,35.0,35.0,0.0,19.0,19.0,0.0,88.0,88.0,0.0,44.8,24.93,24.93,27.31,27.31,27.31,102.25,102.25,102.25,27.31,102.25,-2.38,-9.53,41.89,41.89,39.54,44.24,MEDIUM,0,OBSERVATION_ONLY,INSUFFICIENT_VALID_CANDIDATES_COUNT,
2024~1503273,3,M1-T00011B8-- 02 001,MB02,Silica,OilWet,Silica_OilWet,TEST_HOLDOUT,SILICA_ROUTE_GLOBAL_FALLBACK,L0_NEW_RECIPE_COLD_START,0,5,M1-T00011B2-- 14 004;M1-T00011B2-- 14 001;M1-T00011B2-- 21 001;M1-T00011B2-- 21 002;M1-T00011B2-- 21 004,0.998,INTERSECT_BRANCH_SIMILAR_RECIPE_ENGINEERING_BOUNDS,OBSERVATION_ONLY,False,True,True,True,True,24.48,27.31,27.31,-2.82,-11.54,0.0,0.0,24.48,27.31,-2.82,-11.54,42.2,42.2,39.84,44.55,41.29666666666666,48.29666666666666,MEDIUM,False,0,WITHIN_SAFE_BOUNDS,VALID_ROUTE_STAGES,NO_VALID_CANDIDATE,INSUFFICIENT_VALID_CANDIDATES_COUNT,,,0.0,,,,,NONE,0.0,0.0,0.0,37.0,37.0,0.0,18.0,18.0,0.0,88.0,88.0,0.0,44.8,24.48,24.48,27.31,27.31,27.31,100.4,100.4,100.4,27.31,100.4,-2.82,-11.54,42.2,42.2,39.84,44.55,MEDIUM,0,OBSERVATION_ONLY,INSUFFICIENT_VALID_CANDIDATES_COUNT,
2024~1605749,1,M1-T01139B--- 14 003,MB03,Silica,OilWet,Silica_OilWet,TEST_HOLDOUT,SILICA_ROUTE_GLOBAL_FALLBACK,L0_NEW_RECIPE_COLD_START,0,5,M1-T17224---- 07 001;M1-T00011B2-- 16 001;M1-T00011B2-- 16 004;M1-T00011B8-- 01 004;M1-T00011B8-- 01 001,0.774,INTERSECT_BRANCH_SIMILAR_RECIPE_ENGINEERING_BOUNDS,OBSERVATION_ONLY,False,True,True,True,True,31.85,31.29,31.29,0.56,1.75,0.0,0.0,31.85,31.29,0.56,1.75,63.91,63.91,61.55,66.26,57.59,64.59,MEDIUM,False,0,WITHIN_SAFE_BOUNDS,VALID_ROUTE_STAGES,NO_VALID_CANDIDATE,INSUFFICIENT_VALID_CANDIDATES_COUNT,,,0.0,,,,,NONE,0.0,0.0,0.0,5.0,5.0,0.0,31.0,31.0,0.0,100.0,100.0,0.0,61.09,31.85,31.85,31.29,31.29,31.29,136.4,136.4,136.4,31.29,136.4,0.56,1.75,63.91,63.91,61.55,66.26,MEDIUM,0,OBSERVATION_ONLY,INSUFFICIENT_VALID_CANDIDATES_COUNT,
2024~1605749,2,M1-T01139B--- 14 003,MB03,Silica,OilWet,Silica_OilWet,TEST_HOLDOUT,SILICA_ROUTE_GLOBAL_FALLBACK,L0_NEW_RECIPE_COLD_START,0,5,M1-T17224---- 07 001;M1-T00011B2-- 16 001;M1-T00011B2-- 16 004;M1-T00011B8-- 01 004;M1-T00011B8-- 01 001,0.775,INTERSECT_BRANCH_SIMILAR_RECIPE_ENGINEERING_BOUNDS,OBSERVATION_ONLY,False,True,True,True,True,30.07,31.29,31.29,-1.22,-4.06,0.0,0.0,30.07,31.29,-1.22,-4.06,63.72,63.72,61.37,66.07,57.59,64.59,MEDIUM,False,0,WITHIN_SAFE_BOUNDS,VALID_ROUTE_STAGES,NO_VALID_CANDIDATE,INSUFFICIENT_VALID_CANDIDATES_COUNT,,,0.0,,,,,NONE,0.0,0.0,0.0,3.0,3.0,0.0,39.0,39.0,0.0,101.0,101.0,0.0,61.09,30.07,30.07,31.29,31.29,31.29,128.78,128.78,128.78,31.29,128.78,-1.22,-4.06,63.72,63.72,61.37,66.07,MEDIUM,0,OBSERVATION_ONLY,INSUFFICIENT_VALID_CANDIDATES_COUNT,
2024~1605749,3,M1-T01139B--- 14 003,MB03,Silica,OilWet,Silica_OilWet,TEST_HOLDOUT,SILICA_ROUTE_GLOBAL_FALLBACK,L0_NEW_RECIPE_COLD_START,0,5,M1-T17224---- 07 001;M1-T00011B2-- 16 001;M1-T00011B2-- 16 004;M1-T00011B8-- 01 004;M1-T00011B8-- 01 001,0.774,INTERSECT_BRANCH_SIMILAR_RECIPE_ENGINEERING_BOUNDS,OBSERVATION_ONLY,False,True,True,True,True,29.62,31.29,31.29,-1.67,-5.65,0.0,0.0,29.62,31.29,-1.67,-5.65,63.89,63.89,61.53,66.24,57.59,64.59,MEDIUM,False,0,WITHIN_SAFE_BOUNDS,VALID_ROUTE_STAGES,NO_VALID_CANDIDATE,INSUFFICIENT_VALID_CANDIDATES_COUNT,,,0.0,,,,,NONE,0.0,0.0,0.0,3.0,3.0,0.0,36.0,36.0,0.0,101.0,101.0,0.0,61.09,29.62,29.62,31.29,31.29,31.29,126.84,126.84,126.84,31.29,126.84,-1.67,-5.65,63.89,63.89,61.53,66.24,MEDIUM,0,OBSERVATION_ONLY,INSUFFICIENT_VALID_CANDIDATES_COUNT,
2024~1627908,8,M1-B00163RT-- 01 002,MB02,CarbonBlack,OilWet,CarbonBlack_OilWet,TEST_HOLDOUT,EXACT_RECIPE_MIXER_ROUTE,L3_SHADOW_REVIEW_READY,58,5,M1-B00163RT-- 01 001;M1-A00205W3-- 03 003;M1-A00205W4-- 01 001;M1-A00205W3-- 03 002;M1-B00163R4-- 01 003,0.993,VALIDATED_SHADOW_REVIEW,SHADOW_REVIEW_READY,True,True,False,True,True,30.3,27.87,27.87,2.44,8.04,0.0,0.0,30.3,27.87,2.44,8.04,57.04,57.04,55.28,58.81,53.65,60.65,HIGH,False,4,OUT_OF_SAFE_BOUNDS,VALID_ROUTE_STAGES,NO_VALID_CANDIDATE,REJECTED_OUT_OF_SAFE_BOUNDS,,,0.0,,,,,NONE,34.0,34.0,0.0,20.0,20.0,0.0,0.0,0.0,0.0,64.0,64.0,0.0,57.15,30.3,30.3,27.87,27.87,27.87,124.21,124.21,124.21,27.87,124.21,2.44,8.04,57.04,57.04,55.28,58.81,HIGH,4,SHADOW_REVIEW_READY,INSUFFICIENT_VALID_CANDIDATES_COUNT,
2025~1667184,3,M1-T00011-M-- 01 003,ML10,Silica,OilWet,Silica_OilWet,TEST_HOLDOUT,EXACT_RECIPE_MIXER_ROUTE,L2_PRELIMINARY_RECIPE_WINDOW,20,5,M1-T00011-M-- 01 004;M1-T00011B2-- 23 003;M1-T00011B2-- 23 005;M1-T00011B2-- 23 006;M1-T01139-M-- 01 003,0.995,SHADOW_REVIEW_ONLY_WITH_PRELIMINARY_WINDOW,SHADOW_REVIEW_ONLY,False,True,True,True,True,44.33,43.01,43.01,1.31,2.96,0.0,0.0,44.33,43.01,1.31,2.96,41.3,41.3,38.95,43.65,37.653333333333336,44.653333333333336,HIGH,False,2,WITHIN_SAFE_BOUNDS,VALID_ROUTE_STAGES,NO_VALID_CANDIDATE,INSUFFICIENT_VALID_CANDIDATES_COUNT,,,0.0,,,,,NONE,0.0,0.0,0.0,32.0,32.0,0.0,22.0,22.0,0.0,72.0,72.0,0.0,41.15,44.33,44.33,43.01,43.01,43.01,192.39,192.39,192.39,43.01,192.39,1.31,2.96,41.3,41.3,38.95,43.65,HIGH,2,SHADOW_REVIEW_ONLY,INSUFFICIENT_VALID_CANDIDATES_COUNT,
2025~1667184,4,M1-T00011-M-- 01 003,ML10,Silica,OilWet,Silica_OilWet,TEST_HOLDOUT,EXACT_RECIPE_MIXER_ROUTE,L2_PRELIMINARY_RECIPE_WINDOW,20,5,M1-T00011-M-- 01 004;M1-T00011B2-- 23 003;M1-T00011B2-- 23 005;M1-T00011B2-- 23 006;M1-T01139-M-- 01 003,0.994,SHADOW_REVIEW_ONLY_WITH_PRELIMINARY_WINDOW,SHADOW_REVIEW_ONLY,False,True,True,True,True,44.31,45.63,45.63,-1.32,-2.98,0.0,0.0,44.31,45.63,-1.32,-2.98,42.14,42.14,39.79,44.49,37.653333333333336,44.653333333333336,HIGH,False,2,WITHIN_SAFE_BOUNDS,VALID_ROUTE_STAGES,NO_VALID_CANDIDATE,INSUFFICIENT_VALID_CANDIDATES_COUNT,,,0.0,,,,,NONE,0.0,0.0,0.0,31.0,31.0,0.0,24.0,24.0,0.0,72.0,72.0,0.0,41.15,44.31,44.31,45.63,45.63,45.63,192.34,192.34,192.34,45.63,192.34,-1.32,-2.98,42.14,42.14,39.79,44.49,HIGH,2,SHADOW_REVIEW_ONLY,INSUFFICIENT_VALID_CANDIDATES_COUNT,
2025~1686795,2,M1-T00011-M-- 01 003,ML10,Silica,OilWet,Silica_OilWet,TEST_HOLDOUT,EXACT_RECIPE_MIXER_ROUTE,L2_PRELIMINARY_RECIPE_WINDOW,20,5,M1-T00011-M-- 01 004;M1-T00011B2-- 23 003;M1-T00011B2-- 23 005;M1-T00011B2-- 23 006;M1-T01139-M-- 01 003,0.991,SHADOW_REVIEW_ONLY_WITH_PRELIMINARY_WINDOW,SHADOW_REVIEW_ONLY,False,True,True,True,True,46.68,46.23,46.23,0.45,0.96,0.0,0.0,46.68,46.23,0.45,0.96,44.08,44.08,41.72,46.43,36.42,43.42,LOW,False,0,WITHIN_SAFE_BOUNDS,VALID_ROUTE_STAGES,NO_VALID_CANDIDATE,INSUFFICIENT_VALID_CANDIDATES_COUNT,,,0.0,,,,,NONE,0.0,0.0,0.0,30.0,30.0,0.0,23.0,23.0,0.0,73.0,73.0,0.0,39.92,46.68,46.68,46.23,46.23,46.23,202.63,202.63,202.63,46.23,202.63,0.45,0.96,44.08,44.08,41.72,46.43,LOW,0,SHADOW_REVIEW_ONLY,INSUFFICIENT_VALID_CANDIDATES_COUNT,
2025~1735670,45,M1-T00011B2-- 16 002,MB03,Silica,OilWet,Silica_OilWet,TEST_HOLDOUT,SILICA_ROUTE_GLOBAL_FALLBACK,L0_NEW_RECIPE_COLD_START,0,5,M1-T00011B8-- 01 004;M1-T00011B8-- 01 001;M1-T00011B2-- 16 004;M1-T00011B2-- 16 001;M1-T00011B2-- 22 001,0.996,INTERSECT_BRANCH_SIMILAR_RECIPE_ENGINEERING_BOUNDS,OBSERVATION_ONLY,False,True,True,True,True,24.97,24.67,24.67,0.29,1.18,0.0,0.0,24.97,24.67,0.29,1.18,42.92,42.92,40.57,45.27,38.79,45.79,HIGH,False,25,WITHIN_SAFE_BOUNDS,VALID_ROUTE_STAGES,REJECTED_NEGATIVE_OR_ZERO_SAVING,REJECTED_NEGATIVE_OR_ZERO_SAVING,,,0.0,,,,,NONE,0.0,0.0,0.0,29.0,29.0,0.0,22.0,22.0,0.0,47.0,47.0,0.0,42.29,24.97,24.97,24.67,24.67,24.67,102.38,102.38,102.38,24.67,102.38,0.29,1.18,42.92,42.92,40.57,45.27,HIGH,25,OBSERVATION_ONLY,INSUFFICIENT_VALID_CANDIDATES_COUNT,
2025~1735670,46,M1-T00011B2-- 16 002,MB03,Silica,OilWet,Silica_OilWet,TEST_HOLDOUT,SILICA_ROUTE_GLOBAL_FALLBACK,L0_NEW_RECIPE_COLD_START,0,5,M1-T00011B8-- 01 004;M1-T00011B2-- 16 004;M1-T00011B8-- 01 001;M1-T00011B2-- 16 001;M1-T00011B2-- 22 001,0.997,INTERSECT_BRANCH_SIMILAR_RECIPE_ENGINEERING_BOUNDS,OBSERVATION_ONLY,False,True,True,True,True,24.05,26.61,26.61,-2.56,-10.64,0.0,0.0,24.05,26.61,-2.56,-10.64,43.0,43.0,40.65,45.36,38.79,45.79,HIGH,False,25,WITHIN_SAFE_BOUNDS,VALID_ROUTE_STAGES,REJECTED_NEGATIVE_OR_ZERO_SAVING,REJECTED_NEGATIVE_OR_ZERO_SAVING,,,0.0,,,,,NONE,0.0,0.0,0.0,27.0,27.0,0.0,19.0,19.0,0.0,72.0,72.0,0.0,42.29,24.05,24.05,26.61,26.61,26.61,98.63,98.63,98.63,26.61,98.63,-2.56,-10.64,43.0,43.0,40.65,45.36,HIGH,25,OBSERVATION_ONLY,INSUFFICIENT_VALID_CANDIDATES_COUNT,
2025~1735670,47,M1-T00011B2-- 16 002,MB03,Silica,OilWet,Silica_OilWet,TEST_HOLDOUT,SILICA_ROUTE_GLOBAL_FALLBACK,L0_NEW_RECIPE_COLD_START,0,5,M1-T00011B8-- 01 004;M1-T00011B2-- 16 004;M1-T00011B8-- 01 001;M1-T00011B2-- 16 001;M1-T00011B2-- 22 001,0.997,INTERSECT_BRANCH_SIMILAR_RECIPE_ENGINEERING_BOUNDS,OBSERVATION_ONLY,False,True,True,True,True,26.23,28.61,28.61,-2.38,-9.05,0.0,0.0,26.23,28.61,-2.38,-9.05,43.4,43.4,41.05,45.76,38.79,45.79,HIGH,False,23,WITHIN_SAFE_BOUNDS,VALID_ROUTE_STAGES,REJECTED_NEGATIVE_OR_ZERO_SAVING,REJECTED_NEGATIVE_OR_ZERO_SAVING,,,0.0,,,,,NONE,0.0,0.0,0.0,27.0,27.0,0.0,20.0,20.0,0.0,95.0,95.0,0.0,42.29,26.23,26.23,28.61,28.61,28.61,107.58,107.58,107.58,28.61,107.58,-2.38,-9.05,43.4,43.4,41.05,45.76,HIGH,23,OBSERVATION_ONLY,INSUFFICIENT_VALID_CANDIDATES_COUNT,
2025~1753546,16,M1-T00011-M-- 01 004,ML10,Silica,OilWet,Silica_OilWet,TEST_HOLDOUT,EXACT_RECIPE_MIXER_ROUTE,L2_PRELIMINARY_RECIPE_WINDOW,10,5,M1-T00011B2-- 23 003;M1-T00011B2-- 23 005;M1-T00011-M-- 01 003;M1-T00011B2-- 23 006;M1-T01139-M-- 01 003,0.968,SHADOW_REVIEW_ONLY_WITH_PRELIMINARY_WINDOW,SHADOW_REVIEW_ONLY,False,True,True,True,True,42.58,41.4,41.4,1.18,2.76,0.0,0.0,42.58,41.4,1.18,2.76,41.61,41.61,39.26,43.96,30.549999999999997,37.55,LOW,True,0,WITHIN_SAFE_BOUNDS,VALID_ROUTE_STAGES,NO_VALID_CANDIDATE,INSUFFICIENT_VALID_CANDIDATES_COUNT,,,0.0,,,,,NONE,0.0,0.0,0.0,29.0,29.0,0.0,19.0,19.0,0.0,95.0,95.0,0.0,34.05,42.58,42.58,41.4,41.4,41.4,184.8,184.8,184.8,41.4,184.8,1.18,2.76,41.61,41.61,39.26,43.96,LOW,0,SHADOW_REVIEW_ONLY,INSUFFICIENT_VALID_CANDIDATES_COUNT,
2025~1760767,9,M1-T00011-M-- 01 004,ML10,Silica,OilWet,Silica_OilWet,TEST_HOLDOUT,EXACT_RECIPE_MIXER_ROUTE,L2_PRELIMINARY_RECIPE_WINDOW,10,5,M1-T00011B2-- 23 003;M1-T00011-M-- 01 003;M1-T00011B2-- 23 005;M1-T00011B2-- 23 006;M1-T01139-M-- 01 003,0.972,SHADOW_REVIEW_ONLY_WITH_PRELIMINARY_WINDOW,SHADOW_REVIEW_ONLY,False,True,True,True,True,44.55,44.48,44.48,0.07,0.17,0.0,0.0,44.55,44.48,0.07,0.17,39.53,39.53,37.18,41.88,37.33,44.33,HIGH,False,0,OUT_OF_SAFE_BOUNDS,VALID_ROUTE_STAGES,NO_VALID_CANDIDATE,REJECTED_OUT_OF_SAFE_BOUNDS,,,0.0,,,,,NONE,0.0,0.0,0.0,28.0,28.0,0.0,20.0,20.0,0.0,96.0,96.0,0.0,40.83,44.55,44.55,44.48,44.48,44.48,193.37,193.37,193.37,44.48,193.37,0.07,0.17,39.53,39.53,37.18,41.88,HIGH,0,SHADOW_REVIEW_ONLY,INSUFFICIENT_VALID_CANDIDATES_COUNT,
2025~1771771,25,M1-A00205W3-- 03 003,MB02,CarbonBlack,OilWet,CarbonBlack_OilWet,TEST_HOLDOUT,EXACT_RECIPE_MIXER_ROUTE,L3_SHADOW_REVIEW_READY,86,5,M1-A00205W3-- 03 002;M1-A00205W4-- 01 001;M1-B00163RT-- 01 001;M1-B00163RT-- 01 002;M1-B00163R4-- 01 003,0.977,VALIDATED_SHADOW_REVIEW,SHADOW_REVIEW_READY,True,True,False,True,True,27.41,27.32,27.32,0.09,0.32,0.0,0.0,27.41,27.32,0.09,0.32,41.08,41.08,39.32,42.85,38.75,45.75,HIGH,False,8,WITHIN_SAFE_BOUNDS,VALID_ROUTE_STAGES,NO_VALID_CANDIDATE,INSUFFICIENT_VALID_CANDIDATES_COUNT,,,0.0,,,,,NONE,53.0,53.0,0.0,6.0,6.0,0.0,0.0,0.0,0.0,75.0,75.0,0.0,42.25,27.41,27.41,27.32,27.32,27.32,116.77,116.77,116.77,27.32,116.77,0.09,0.32,41.08,41.08,39.32,42.85,HIGH,8,SHADOW_REVIEW_READY,INSUFFICIENT_VALID_CANDIDATES_COUNT,
2064013,1,M1-B00163XM-- 02 003,MB02,CarbonBlack,OilWet,CarbonBlack_OilWet,TEST_HOLDOUT,EXACT_RECIPE_MIXER_ROUTE,L1_SIMILAR_RECIPE_REFERENCE,4,5,M1-B00163R4-- 01 004;M1-B00163XV-- 01 001;M1-B00163R4-- 01 003;M1-B00163XV-- 01 002;M1-B00163XV-- 01 003,0.93,INTERSECT_BRANCH_SIMILAR_RECIPE_ENGINEERING_BOUNDS,REFERENCE_ONLY,True,True,False,True,True,26.01,26.12,26.12,-0.1,-0.4,0.0,0.0,26.01,26.12,-0.1,-0.4,33.38,33.38,31.61,35.14,27.69,34.69,MEDIUM,False,0,NOT_CHECKED,ZERO_EFFECTIVE_DURATIONS,NO_VALID_CANDIDATE,REJECTED_ZERO_DURATION_CANDIDATE,,,0.0,,,,,NONE,50.0,50.0,0.0,5.0,5.0,0.0,0.0,0.0,0.0,36.0,36.0,0.0,31.19,26.01,26.01,26.12,26.12,26.12,98.84,98.84,98.84,26.12,98.84,-0.1,-0.4,33.38,33.38,31.61,35.14,MEDIUM,0,REFERENCE_ONLY,INSUFFICIENT_VALID_CANDIDATES_COUNT,
2064013,2,M1-B00163XM-- 02 003,MB02,CarbonBlack,OilWet,CarbonBlack_OilWet,TEST_HOLDOUT,EXACT_RECIPE_MIXER_ROUTE,L1_SIMILAR_RECIPE_REFERENCE,4,5,M1-B00163R4-- 01 004;M1-B00163XV-- 01 001;M1-B00163R4-- 01 003;M1-B00163XV-- 01 002;M1-B00163XV-- 01 003,0.93,INTERSECT_BRANCH_SIMILAR_RECIPE_ENGINEERING_BOUNDS,REFERENCE_ONLY,True,True,False,True,True,25.63,26.79,26.79,-1.16,-4.53,0.0,0.0,25.63,26.79,-1.16,-4.53,32.9,32.9,31.13,34.66,27.69,34.69,HIGH,False,0,NOT_CHECKED,ZERO_EFFECTIVE_DURATIONS,NO_VALID_CANDIDATE,REJECTED_ZERO_DURATION_CANDIDATE,,,0.0,,,,,NONE,50.0,50.0,0.0,31.0,31.0,0.0,0.0,0.0,0.0,35.0,35.0,0.0,31.19,25.63,25.63,26.79,26.79,26.79,97.4,97.4,97.4,26.79,97.4,-1.16,-4.53,32.9,32.9,31.13,34.66,HIGH,0,REFERENCE_ONLY,INSUFFICIENT_VALID_CANDIDATES_COUNT,
2094369,7,M1-T10035B6-- 03 001,MB02,Silica,OilWet,Silica_OilWet,TEST_HOLDOUT,SILICA_ROUTE_GLOBAL_FALLBACK,L0_NEW_RECIPE_COLD_START,0,5,M1-T10035B7-- 02 001;M1-T17054B--- 01 001;M1-S08156---- 18 001;M1-S08156B1-- 03 002;M1-T17054---- 02 006,0.914,INTERSECT_BRANCH_SIMILAR_RECIPE_ENGINEERING_BOUNDS,OBSERVATION_ONLY,False,True,True,True,True,45.0,39.56,39.56,5.44,12.1,0.0,0.0,45.0,39.56,5.44,12.1,43.23,43.23,40.88,45.58,30.909999999999997,37.91,LOW,True,0,WITHIN_SAFE_BOUNDS,VALID_ROUTE_STAGES,NO_VALID_CANDIDATE,INSUFFICIENT_VALID_CANDIDATES_COUNT,,,0.0,,,,,NONE,0.0,0.0,0.0,70.0,70.0,0.0,55.0,55.0,0.0,144.0,144.0,0.0,34.41,45.0,45.0,39.56,39.56,39.56,300.0,300.0,300.0,39.56,300.0,5.44,12.1,43.23,43.23,40.88,45.58,LOW,0,OBSERVATION_ONLY,INSUFFICIENT_VALID_CANDIDATES_COUNT,
2204930,3,M1-S00211---- 10 001,ML09,Silica,OilWet,Silica_OilWet,TEST_HOLDOUT,SILICA_ROUTE_GLOBAL_FALLBACK,L0_NEW_RECIPE_COLD_START,0,5,M1-S00211B--- 05 003;M1-T15760---- 06 002;M1-T15760B--- 01 003;M1-T15760---- 06 001;M1-T15760XP-- 01 003,0.974,INTERSECT_BRANCH_SIMILAR_RECIPE_ENGINEERING_BOUNDS,OBSERVATION_ONLY,False,True,True,True,True,34.81,30.52,30.52,4.29,12.31,0.0,0.0,34.81,30.52,4.29,12.31,27.14,27.14,24.79,29.49,25.27,32.269999999999996,HIGH,False,0,WITHIN_SAFE_BOUNDS,VALID_ROUTE_STAGES,NO_VALID_CANDIDATE,INSUFFICIENT_VALID_CANDIDATES_COUNT,,,0.0,,,,,NONE,0.0,0.0,0.0,78.0,78.0,0.0,19.0,19.0,0.0,59.0,59.0,0.0,28.77,34.81,34.81,30.52,30.52,30.52,119.22,119.22,119.22,30.52,119.22,4.29,12.31,27.14,27.14,24.79,29.49,HIGH,0,OBSERVATION_ONLY,INSUFFICIENT_VALID_CANDIDATES_COUNT,
2204930,4,M1-S00211---- 10 001,ML09,Silica,OilWet,Silica_OilWet,TEST_HOLDOUT,SILICA_ROUTE_GLOBAL_FALLBACK,L0_NEW_RECIPE_COLD_START,0,5,M1-S00211B--- 05 003;M1-T15760---- 06 002;M1-T15760B--- 01 003;M1-T15760---- 06 001;M1-T15760XP-- 01 003,0.975,INTERSECT_BRANCH_SIMILAR_RECIPE_ENGINEERING_BOUNDS,OBSERVATION_ONLY,False,True,True,True,True,35.21,31.58,31.58,3.63,10.31,0.0,0.0,35.21,31.58,3.63,10.31,27.35,27.35,25.0,29.7,25.27,32.269999999999996,HIGH,False,0,WITHIN_SAFE_BOUNDS,VALID_ROUTE_STAGES,NO_VALID_CANDIDATE,INSUFFICIENT_VALID_CANDIDATES_COUNT,,,0.0,,,,,NONE,0.0,0.0,0.0,83.0,83.0,0.0,19.0,19.0,0.0,61.0,61.0,0.0,28.77,35.21,35.21,31.58,31.58,31.58,120.61,120.61,120.61,31.58,120.61,3.63,10.31,27.35,27.35,25.0,29.7,HIGH,0,OBSERVATION_ONLY,INSUFFICIENT_VALID_CANDIDATES_COUNT,
2244676,4,M1-B00163R4-- 01 004,MB02,CarbonBlack,OilWet,CarbonBlack_OilWet,TEST_HOLDOUT,EXACT_RECIPE_MIXER_ROUTE,L2_PRELIMINARY_RECIPE_WINDOW,22,5,M1-B00163XV-- 01 001;M1-B00163R4-- 01 003;M1-B00163XV-- 01 002;M1-B00163---- 08 005;M1-B00163XM-- 02 003,0.976,SHADOW_REVIEW_ONLY_WITH_PRELIMINARY_WINDOW,SHADOW_REVIEW_ONLY,True,True,False,True,True,30.29,31.02,31.02,-0.73,-2.41,0.0,0.0,30.29,31.02,-0.73,-2.41,32.29,32.29,30.53,34.06,25.61,32.61,LOW,False,0,WITHIN_SAFE_BOUNDS,VALID_ROUTE_STAGES,NO_VALID_CANDIDATE,INSUFFICIENT_VALID_CANDIDATES_COUNT,,,0.0,,,,,NONE,50.0,50.0,0.0,15.0,15.0,0.0,0.0,0.0,0.0,94.0,94.0,0.0,29.11,30.29,30.29,31.02,31.02,31.02,115.08,115.08,115.08,31.02,115.08,-0.73,-2.41,32.29,32.29,30.53,34.06,LOW,0,SHADOW_REVIEW_ONLY,INSUFFICIENT_VALID_CANDIDATES_COUNT,
2244676,5,M1-B00163R4-- 01 004,MB02,CarbonBlack,OilWet,CarbonBlack_OilWet,TEST_HOLDOUT,EXACT_RECIPE_MIXER_ROUTE,L2_PRELIMINARY_RECIPE_WINDOW,22,5,M1-B00163XV-- 01 001;M1-B00163R4-- 01 003;M1-B00163XV-- 01 002;M1-B00163---- 08 005;M1-B00163XM-- 02 003,0.975,SHADOW_REVIEW_ONLY_WITH_PRELIMINARY_WINDOW,SHADOW_REVIEW_ONLY,True,True,False,True,True,30.21,31.26,31.26,-1.05,-3.48,0.0,0.0,30.21,31.26,-1.05,-3.48,32.53,32.53,30.77,34.3,25.61,32.61,LOW,False,0,WITHIN_SAFE_BOUNDS,VALID_ROUTE_STAGES,NO_VALID_CANDIDATE,INSUFFICIENT_VALID_CANDIDATES_COUNT,,,0.0,,,,,NONE,51.0,51.0,0.0,15.0,15.0,0.0,0.0,0.0,0.0,96.0,96.0,0.0,29.11,30.21,30.21,31.26,31.26,31.26,114.79,114.79,114.79,31.26,114.79,-1.05,-3.48,32.53,32.53,30.77,34.3,LOW,0,SHADOW_REVIEW_ONLY,INSUFFICIENT_VALID_CANDIDATES_COUNT,
2244676,6,M1-B00163R4-- 01 004,MB02,CarbonBlack,OilWet,CarbonBlack_OilWet,TEST_HOLDOUT,EXACT_RECIPE_MIXER_ROUTE,L2_PRELIMINARY_RECIPE_WINDOW,22,5,M1-B00163XV-- 01 001;M1-B00163R4-- 01 003;M1-B00163XV-- 01 002;M1-B00163---- 08 005;M1-B00163XM-- 02 003,0.975,SHADOW_REVIEW_ONLY_WITH_PRELIMINARY_WINDOW,SHADOW_REVIEW_ONLY,True,True,False,True,True,31.05,31.02,31.02,0.03,0.09,0.0,0.0,31.05,31.02,0.03,0.09,32.18,32.18,30.42,33.95,25.61,32.61,MEDIUM,False,0,WITHIN_SAFE_BOUNDS,VALID_ROUTE_STAGES,NO_VALID_CANDIDATE,INSUFFICIENT_VALID_CANDIDATES_COUNT,,,0.0,,,,,NONE,50.0,50.0,0.0,17.0,17.0,0.0,0.0,0.0,0.0,94.0,94.0,0.0,29.11,31.05,31.05,31.02,31.02,31.02,117.96,117.96,117.96,31.02,117.96,0.03,0.09,32.18,32.18,30.42,33.95,MEDIUM,0,SHADOW_REVIEW_ONLY,INSUFFICIENT_VALID_CANDIDATES_COUNT,
2239581,2,M1-S08156B1-- 01 004,ML07,Silica,OilWet,Silica_OilWet,TEST_HOLDOUT,EXACT_RECIPE_MIXER_ROUTE,L1_SIMILAR_RECIPE_REFERENCE,1,5,M1-S08156B1-- 01 003;M1-S08156---- 20 001;M1-S08156B1-- 01 005;M1-T05073XV-- 01 001;M1-T05073---- 06 007,0.998,INTERSECT_BRANCH_SIMILAR_RECIPE_ENGINEERING_BOUNDS,REFERENCE_ONLY,False,True,True,True,True,25.12,26.35,26.35,-1.23,-4.89,0.0,0.0,25.12,26.35,-1.23,-4.89,26.49,26.49,24.14,28.85,23.85333333333333,30.85333333333333,HIGH,False,1,WITHIN_SAFE_BOUNDS,VALID_ROUTE_STAGES,NO_VALID_CANDIDATE,INSUFFICIENT_VALID_CANDIDATES_COUNT,,,0.0,,,,,NONE,0.0,0.0,0.0,44.0,44.0,0.0,16.0,16.0,0.0,25.0,25.0,0.0,27.35,25.12,25.12,26.35,26.35,26.35,92.27,92.27,92.27,26.35,92.27,-1.23,-4.89,26.49,26.49,24.14,28.85,HIGH,1,REFERENCE_ONLY,INSUFFICIENT_VALID_CANDIDATES_COUNT,
2273329,56,M1-B15563R1-- 03 002,MB02,CarbonBlack,OilWet,CarbonBlack_OilWet,TEST_HOLDOUT,UNAVAILABLE,L0_NEW_RECIPE_COLD_START,0,5,M1-B00458---- 12 008;M1-B00458XV-- 01 002;M1-B00458B1-- 02 003;M1-B00458---- 12 003;M1-B00458---- 12 007,0.884,INTERSECT_BRANCH_SIMILAR_RECIPE_ENGINEERING_BOUNDS,OBSERVATION_ONLY,True,True,False,True,True,28.98,31.46,31.46,0.0,0.0,0.0,0.0,28.98,31.46,0.0,0.0,,,,,35.39,42.39,LOW,True,0,UNAVAILABLE,UNAVAILABLE,REJECTED,COLD_START_RECIPE_NO_HISTORY,,,,,,,,NONE,39.0,0.0,-39.0,5.0,0.0,-5.0,0.0,0.0,0.0,103.0,0.0,-103.0,38.89,28.98,28.98,31.46,31.46,31.46,109.94,119.33,109.94,31.46,119.33,0.0,0.0,,,,,LOW,0,OBSERVATION_ONLY,INSUFFICIENT_VALID_CANDIDATES_COUNT,
2273329,57,M1-B15563R1-- 03 002,MB02,CarbonBlack,OilWet,CarbonBlack_OilWet,TEST_HOLDOUT,UNAVAILABLE,L0_NEW_RECIPE_COLD_START,0,5,M1-B00458---- 12 008;M1-B00458XV-- 01 002;M1-B00458B1-- 02 003;M1-B00458---- 12 003;M1-B00458---- 12 007,0.885,INTERSECT_BRANCH_SIMILAR_RECIPE_ENGINEERING_BOUNDS,OBSERVATION_ONLY,True,True,False,True,True,29.03,32.24,32.24,0.0,0.0,0.0,0.0,29.03,32.24,0.0,0.0,,,,,35.39,42.39,LOW,True,0,UNAVAILABLE,UNAVAILABLE,REJECTED,COLD_START_RECIPE_NO_HISTORY,,,,,,,,NONE,40.0,0.0,-40.0,21.0,0.0,-21.0,0.0,0.0,0.0,102.0,0.0,-102.0,38.89,29.03,29.03,32.24,32.24,32.24,110.12,122.3,110.12,32.24,122.3,0.0,0.0,,,,,LOW,0,OBSERVATION_ONLY,INSUFFICIENT_VALID_CANDIDATES_COUNT,
2273329,58,M1-B15563R1-- 03 002,MB02,CarbonBlack,OilWet,CarbonBlack_OilWet,TEST_HOLDOUT,UNAVAILABLE,L0_NEW_RECIPE_COLD_START,0,5,M1-B00458---- 12 008;M1-B00458XV-- 01 002;M1-B00458B1-- 02 003;M1-B00458---- 12 003;M1-B00458---- 12 007,0.884,INTERSECT_BRANCH_SIMILAR_RECIPE_ENGINEERING_BOUNDS,OBSERVATION_ONLY,True,True,False,True,True,27.66,32.17,32.17,0.0,0.0,0.0,0.0,27.66,32.17,0.0,0.0,,,,,35.39,42.39,LOW,True,0,UNAVAILABLE,UNAVAILABLE,REJECTED,COLD_START_RECIPE_NO_HISTORY,,,,,,,,NONE,39.0,0.0,-39.0,21.0,0.0,-21.0,0.0,0.0,0.0,102.0,0.0,-102.0,38.89,27.66,27.66,32.17,32.17,32.17,104.94,122.03,104.94,32.17,122.03,0.0,0.0,,,,,LOW,0,OBSERVATION_ONLY,INSUFFICIENT_VALID_CANDIDATES_COUNT,
2287018,1,M1-S08156B1-- 01 004,ML07,Silica,OilWet,Silica_OilWet,TEST_HOLDOUT,EXACT_RECIPE_MIXER_ROUTE,L1_SIMILAR_RECIPE_REFERENCE,1,5,M1-S08156B1-- 01 003;M1-S08156---- 20 001;M1-S08156B1-- 01 005;M1-T05073XV-- 01 001;M1-T05073---- 06 007,0.994,INTERSECT_BRANCH_SIMILAR_RECIPE_ENGINEERING_BOUNDS,REFERENCE_ONLY,False,True,True,True,True,27.88,27.71,27.71,0.17,0.62,0.0,0.0,27.88,27.71,0.17,0.62,26.68,26.68,24.32,29.03,23.00333333333333,30.00333333333333,HIGH,False,1,WITHIN_SAFE_BOUNDS,VALID_ROUTE_STAGES,NO_VALID_CANDIDATE,INSUFFICIENT_VALID_CANDIDATES_COUNT,,,0.0,,,,,NONE,0.0,0.0,0.0,40.0,40.0,0.0,15.0,15.0,0.0,46.0,46.0,0.0,26.5,27.88,27.88,27.71,27.71,27.71,102.43,102.43,102.43,27.71,102.43,0.17,0.62,26.68,26.68,24.32,29.03,HIGH,1,REFERENCE_ONLY,INSUFFICIENT_VALID_CANDIDATES_COUNT,
2287018,2,M1-S08156B1-- 01 004,ML07,Silica,OilWet,Silica_OilWet,TEST_HOLDOUT,EXACT_RECIPE_MIXER_ROUTE,L1_SIMILAR_RECIPE_REFERENCE,1,5,M1-S08156B1-- 01 003;M1-S08156---- 20 001;M1-S08156B1-- 01 005;M1-T05073XV-- 01 001;M1-T05073---- 06 007,0.994,INTERSECT_BRANCH_SIMILAR_RECIPE_ENGINEERING_BOUNDS,REFERENCE_ONLY,False,True,True,True,True,27.62,28.42,28.42,-0.79,-2.88,0.0,0.0,27.62,28.42,-0.79,-2.88,26.44,26.44,24.09,28.8,23.00333333333333,30.00333333333333,HIGH,False,1,WITHIN_SAFE_BOUNDS,VALID_ROUTE_STAGES,NO_VALID_CANDIDATE,INSUFFICIENT_VALID_CANDIDATES_COUNT,,,0.0,,,,,NONE,0.0,0.0,0.0,43.0,43.0,0.0,17.0,17.0,0.0,46.0,46.0,0.0,26.5,27.62,27.62,28.42,28.42,28.42,101.48,101.48,101.48,28.42,101.48,-0.79,-2.88,26.44,26.44,24.09,28.8,HIGH,1,REFERENCE_ONLY,INSUFFICIENT_VALID_CANDIDATES_COUNT,
2322099,57,M1-T00011B2-- 23 003,ML10,Silica,OilWet,Silica_OilWet,TEST_HOLDOUT,EXACT_RECIPE_MIXER_ROUTE,L1_SIMILAR_RECIPE_REFERENCE,1,5,M1-T00011B2-- 23 005;M1-T00011-M-- 01 004;M1-T00011B2-- 23 006;M1-T00011-M-- 01 003;M1-T01139-M-- 01 003,0.993,INTERSECT_BRANCH_SIMILAR_RECIPE_ENGINEERING_BOUNDS,REFERENCE_ONLY,False,True,True,True,True,46.54,41.88,41.88,4.66,10.01,0.0,0.0,46.54,41.88,4.66,10.01,40.65,40.65,38.3,43.0,37.22,44.22,HIGH,False,1,WITHIN_SAFE_BOUNDS,VALID_ROUTE_STAGES,NO_VALID_CANDIDATE,INSUFFICIENT_VALID_CANDIDATES_COUNT,,,0.0,,,,,NONE,0.0,0.0,0.0,8.0,8.0,0.0,45.0,45.0,0.0,93.0,93.0,0.0,40.72,46.54,46.54,41.88,41.88,41.88,201.38,201.38,201.38,41.88,201.38,4.66,10.01,40.65,40.65,38.3,43.0,HIGH,1,REFERENCE_ONLY,INSUFFICIENT_VALID_CANDIDATES_COUNT,
2363438,1,M1-S08156---- 20 002,ML07,Silica,OilWet,Silica_OilWet,TEST_HOLDOUT,SILICA_ROUTE_GLOBAL_FALLBACK,L0_NEW_RECIPE_COLD_START,0,5,M1-S08156---- 20 001;M1-S08156B1-- 01 005;M1-S08156B1-- 01 004;M1-S08156B1-- 01 003;M1-T05073XV-- 01 001,0.99,INTERSECT_BRANCH_SIMILAR_RECIPE_ENGINEERING_BOUNDS,OBSERVATION_ONLY,False,True,True,True,True,31.15,29.01,29.01,2.13,6.85,0.0,0.0,31.15,29.01,2.13,6.85,26.6,26.6,24.25,28.95,23.126666666666665,30.126666666666665,HIGH,False,25,WITHIN_SAFE_BOUNDS,VALID_ROUTE_STAGES,NO_VALID_CANDIDATE,SAVING_BELOW_THRESHOLD,,,0.0,,,,,NONE,0.0,0.0,0.0,47.0,47.0,0.0,21.0,21.0,0.0,47.0,47.0,0.0,26.63,31.15,31.15,29.01,29.01,29.01,105.86,105.86,105.86,29.01,105.86,2.13,6.85,26.6,26.6,24.25,28.95,HIGH,25,OBSERVATION_ONLY,INSUFFICIENT_VALID_CANDIDATES_COUNT,
2363438,2,M1-S08156---- 20 002,ML07,Silica,OilWet,Silica_OilWet,TEST_HOLDOUT,SILICA_ROUTE_GLOBAL_FALLBACK,L0_NEW_RECIPE_COLD_START,0,5,M1-S08156---- 20 001;M1-S08156B1-- 01 005;M1-S08156B1-- 01 004;M1-S08156B1-- 01 003;M1-T05073XV-- 01 001,0.989,INTERSECT_BRANCH_SIMILAR_RECIPE_ENGINEERING_BOUNDS,OBSERVATION_ONLY,False,True,True,True,True,30.6,29.01,29.01,1.58,5.17,0.0,0.0,30.6,29.01,1.58,5.17,26.48,26.48,24.13,28.83,23.126666666666665,30.126666666666665,HIGH,False,25,WITHIN_SAFE_BOUNDS,VALID_ROUTE_STAGES,NO_VALID_CANDIDATE,SAVING_BELOW_THRESHOLD,,,0.0,,,,,NONE,0.0,0.0,0.0,47.0,47.0,0.0,21.0,21.0,0.0,47.0,47.0,0.0,26.63,30.6,30.6,29.01,29.01,29.01,103.99,103.99,103.99,29.01,103.99,1.58,5.17,26.48,26.48,24.13,28.83,HIGH,25,OBSERVATION_ONLY,INSUFFICIENT_VALID_CANDIDATES_COUNT,
2363438,3,M1-S08156---- 20 002,ML07,Silica,OilWet,Silica_OilWet,TEST_HOLDOUT,SILICA_ROUTE_GLOBAL_FALLBACK,L0_NEW_RECIPE_COLD_START,0,5,M1-S08156---- 20 001;M1-S08156B1-- 01 005;M1-S08156B1-- 01 004;M1-S08156B1-- 01 003;M1-T05073XV-- 01 001,0.989,INTERSECT_BRANCH_SIMILAR_RECIPE_ENGINEERING_BOUNDS,OBSERVATION_ONLY,False,True,True,True,True,30.25,29.01,29.01,1.23,4.08,0.0,0.0,30.25,29.01,1.23,4.08,26.65,26.65,24.3,29.0,23.126666666666665,30.126666666666665,HIGH,False,25,WITHIN_SAFE_BOUNDS,VALID_ROUTE_STAGES,REJECTED_NEGATIVE_OR_ZERO_SAVING,REJECTED_NEGATIVE_OR_ZERO_SAVING,,,0.0,,,,,NONE,0.0,0.0,0.0,46.0,46.0,0.0,21.0,21.0,0.0,46.0,46.0,0.0,26.63,30.25,30.25,29.01,29.01,29.01,102.8,102.8,102.8,29.01,102.8,1.23,4.08,26.65,26.65,24.3,29.0,HIGH,25,OBSERVATION_ONLY,INSUFFICIENT_VALID_CANDIDATES_COUNT,
2379091,1,M1-T09170---- 23 004,MB03,Silica,OilWet,Silica_OilWet,TEST_HOLDOUT,EXACT_RECIPE_MIXER_ROUTE,L3_SHADOW_REVIEW_READY,68,5,M1-T09170WS-- 02 004;M1-T09170WS-- 02 003;M1-T09170---- 23 003;M1-T09170XT-- 03 001;M1-T09170WZ-- 01 001,0.977,VALIDATED_SHADOW_REVIEW,SHADOW_REVIEW_READY,False,True,True,True,True,41.2,42.79,42.79,-1.59,-3.87,0.0,0.0,41.2,42.79,-1.59,-3.87,55.24,55.24,52.89,57.6,50.473333333333336,57.473333333333336,HIGH,False,0,WITHIN_SAFE_BOUNDS,VALID_ROUTE_STAGES,NO_VALID_CANDIDATE,INSUFFICIENT_VALID_CANDIDATES_COUNT,,,0.0,,,,,NONE,0.0,0.0,0.0,59.0,59.0,0.0,34.0,34.0,0.0,124.0,124.0,0.0,53.97,41.2,41.2,42.79,42.79,42.79,174.12,174.12,174.12,42.79,174.12,-1.59,-3.87,55.24,55.24,52.89,57.6,HIGH,0,SHADOW_REVIEW_READY,INSUFFICIENT_VALID_CANDIDATES_COUNT,
2379091,2,M1-T09170---- 23 004,MB03,Silica,OilWet,Silica_OilWet,TEST_HOLDOUT,EXACT_RECIPE_MIXER_ROUTE,L3_SHADOW_REVIEW_READY,68,5,M1-T09170WS-- 02 004;M1-T09170WS-- 02 003;M1-T09170---- 23 003;M1-T09170XT-- 03 001;M1-T09170WZ-- 01 001,0.977,VALIDATED_SHADOW_REVIEW,SHADOW_REVIEW_READY,False,True,True,True,True,46.15,42.43,42.43,3.72,8.05,0.0,0.0,46.15,42.43,3.72,8.05,54.43,54.43,52.08,56.78,50.473333333333336,57.473333333333336,HIGH,False,8,WITHIN_SAFE_BOUNDS,VALID_ROUTE_STAGES,NO_VALID_CANDIDATE,INSUFFICIENT_VALID_CANDIDATES_COUNT,,,0.0,,,,,NONE,0.0,0.0,0.0,51.0,51.0,0.0,28.0,28.0,0.0,124.0,124.0,0.0,53.97,46.15,46.15,42.43,42.43,42.43,195.05,195.05,195.05,42.43,195.05,3.72,8.05,54.43,54.43,52.08,56.78,HIGH,8,SHADOW_REVIEW_READY,INSUFFICIENT_VALID_CANDIDATES_COUNT,
2379091,3,M1-T09170---- 23 004,MB03,Silica,OilWet,Silica_OilWet,TEST_HOLDOUT,EXACT_RECIPE_MIXER_ROUTE,L3_SHADOW_REVIEW_READY,68,5,M1-T09170WS-- 02 004;M1-T09170WS-- 02 003;M1-T09170---- 23 003;M1-T09170XT-- 03 001;M1-T09170WZ-- 01 001,0.978,VALIDATED_SHADOW_REVIEW,SHADOW_REVIEW_READY,False,True,True,True,True,44.64,42.67,42.67,1.97,4.42,0.0,0.0,44.64,42.67,1.97,4.42,54.45,54.45,52.1,56.8,50.473333333333336,57.473333333333336,HIGH,False,8,WITHIN_SAFE_BOUNDS,VALID_ROUTE_STAGES,NO_VALID_CANDIDATE,INSUFFICIENT_VALID_CANDIDATES_COUNT,,,0.0,,,,,NONE,0.0,0.0,0.0,49.0,49.0,0.0,30.0,30.0,0.0,125.0,125.0,0.0,53.97,44.64,44.64,42.67,42.67,42.67,188.66,188.66,188.66,42.67,188.66,1.97,4.42,54.45,54.45,52.1,56.8,HIGH,8,SHADOW_REVIEW_READY,INSUFFICIENT_VALID_CANDIDATES_COUNT,
2411294,20,M1-A06441R1-- 04 001,MB02,CarbonBlack,OilWet,CarbonBlack_OilWet,TEST_HOLDOUT,EXACT_RECIPE_MIXER_ROUTE,L1_SIMILAR_RECIPE_REFERENCE,5,5,M1-A06441R2-- 01 005;M1-R00037W9-- 03 001;M1-A00268R2-- 05 001;M1-A00268R2-- 05 006;M1-A00268R2-- 05 003,0.98,INTERSECT_BRANCH_SIMILAR_RECIPE_ENGINEERING_BOUNDS,REFERENCE_ONLY,True,True,False,True,True,30.15,33.38,33.38,-3.23,-10.71,0.0,0.0,30.15,33.38,-3.23,-10.71,57.12,57.12,55.36,58.89,50.55,57.55,MEDIUM,False,0,WITHIN_SAFE_BOUNDS,VALID_ROUTE_STAGES,NO_VALID_CANDIDATE,INSUFFICIENT_VALID_CANDIDATES_COUNT,,,0.0,,,,,NONE,48.0,48.0,0.0,29.0,29.0,0.0,0.0,0.0,0.0,104.0,104.0,0.0,54.05,30.15,30.15,33.38,33.38,33.38,119.11,119.11,119.11,33.38,119.11,-3.23,-10.71,57.12,57.12,55.36,58.89,MEDIUM,0,REFERENCE_ONLY,INSUFFICIENT_VALID_CANDIDATES_COUNT,
2397476,38,M1-M08161Y--- 02 011,MB02,CarbonBlack,OilWet,CarbonBlack_OilWet,TEST_HOLDOUT,UNAVAILABLE,L0_NEW_RECIPE_COLD_START,0,5,M1-M08161X3-- 01 001;M1-A44268---- 01 002;M1-B00163R4-- 01 003;M1-B00163XV-- 01 001;M1-A00205W4-- 01 001,0.912,INTERSECT_BRANCH_SIMILAR_RECIPE_ENGINEERING_BOUNDS,OBSERVATION_ONLY,True,True,False,True,True,21.53,27.41,27.41,0.0,0.0,0.0,0.0,21.53,27.41,0.0,0.0,,,,,32.11,39.11,LOW,True,0,UNAVAILABLE,UNAVAILABLE,REJECTED,COLD_START_RECIPE_NO_HISTORY,,,,,,,,NONE,45.0,0.0,-45.0,5.0,0.0,-5.0,0.0,0.0,0.0,50.0,0.0,-50.0,35.61,21.53,21.53,27.41,27.41,27.41,143.52,182.74,143.52,27.41,182.74,0.0,0.0,,,,,LOW,0,OBSERVATION_ONLY,INSUFFICIENT_VALID_CANDIDATES_COUNT,
2397476,40,M1-M08161Y--- 02 011,MB02,CarbonBlack,OilWet,CarbonBlack_OilWet,TEST_HOLDOUT,UNAVAILABLE,L0_NEW_RECIPE_COLD_START,0,5,M1-M08161X3-- 01 001;M1-A44268---- 01 002;M1-B00163R4-- 01 003;M1-B00163XV-- 01 001;M1-A00205W4-- 01 001,0.912,INTERSECT_BRANCH_SIMILAR_RECIPE_ENGINEERING_BOUNDS,OBSERVATION_ONLY,True,True,False,True,True,21.57,27.41,27.41,0.0,0.0,0.0,0.0,21.57,27.41,0.0,0.0,,,,,32.11,39.11,LOW,True,0,UNAVAILABLE,UNAVAILABLE,REJECTED,COLD_START_RECIPE_NO_HISTORY,,,,,,,,NONE,47.0,0.0,-47.0,5.0,0.0,-5.0,0.0,0.0,0.0,48.0,0.0,-48.0,35.61,21.57,21.57,27.41,27.41,27.41,143.83,182.74,143.83,27.41,182.74,0.0,0.0,,,,,LOW,0,OBSERVATION_ONLY,INSUFFICIENT_VALID_CANDIDATES_COUNT,
2397476,41,M1-M08161Y--- 02 011,MB02,CarbonBlack,OilWet,CarbonBlack_OilWet,TEST_HOLDOUT,UNAVAILABLE,L0_NEW_RECIPE_COLD_START,0,5,M1-M08161X3-- 01 001;M1-A44268---- 01 002;M1-B00163R4-- 01 003;M1-B00163XV-- 01 001;M1-A00205W4-- 01 001,0.912,INTERSECT_BRANCH_SIMILAR_RECIPE_ENGINEERING_BOUNDS,OBSERVATION_ONLY,True,True,False,True,True,21.38,27.41,27.41,0.0,0.0,0.0,0.0,21.38,27.41,0.0,0.0,,,,,32.11,39.11,LOW,True,0,UNAVAILABLE,UNAVAILABLE,REJECTED,COLD_START_RECIPE_NO_HISTORY,,,,,,,,NONE,49.0,0.0,-49.0,5.0,0.0,-5.0,0.0,0.0,0.0,50.0,0.0,-50.0,35.61,21.38,21.38,27.41,27.41,27.41,142.52,182.74,142.52,27.41,182.74,0.0,0.0,,,,,LOW,0,OBSERVATION_ONLY,INSUFFICIENT_VALID_CANDIDATES_COUNT,
7450075,24,M1-T00011B2-- 22 004,MB03,Silica,OilWet,Silica_OilWet,TEST_HOLDOUT,SILICA_ROUTE_GLOBAL_FALLBACK,L0_NEW_RECIPE_COLD_START,0,5,M1-T00011B2-- 22 005;M1-T00011B8-- 01 001;M1-T00011B8-- 01 004;M1-T00011XZ-- 04 002;M1-T00011B2-- 16 004,0.984,INTERSECT_BRANCH_SIMILAR_RECIPE_ENGINEERING_BOUNDS,OBSERVATION_ONLY,False,True,True,True,True,27.34,30.92,30.92,-3.58,-13.11,0.0,0.0,27.34,30.92,-3.58,-13.11,40.0,40.0,37.65,42.35,37.12,44.12,HIGH,False,25,WITHIN_SAFE_BOUNDS,VALID_ROUTE_STAGES,REJECTED_NEGATIVE_OR_ZERO_SAVING,REJECTED_NEGATIVE_OR_ZERO_SAVING,,,0.0,,,,,NONE,0.0,0.0,0.0,14.0,14.0,0.0,81.0,81.0,0.0,37.0,37.0,0.0,40.62,27.34,27.34,30.92,30.92,30.92,104.98,104.98,104.98,30.92,104.98,-3.58,-13.11,40.0,40.0,37.65,42.35,HIGH,25,OBSERVATION_ONLY,INSUFFICIENT_VALID_CANDIDATES_COUNT,
7450075,98,M1-T00011B2-- 22 004,MB03,Silica,OilWet,Silica_OilWet,TEST_HOLDOUT,SILICA_ROUTE_GLOBAL_FALLBACK,L0_NEW_RECIPE_COLD_START,0,5,M1-T00011XZ-- 04 002;M1-T00011B2-- 16 004;M1-T00011B8-- 01 004;M1-T00011B2-- 16 001;M1-T00011B2-- 22 005,0.98,INTERSECT_BRANCH_SIMILAR_RECIPE_ENGINEERING_BOUNDS,OBSERVATION_ONLY,False,True,True,True,True,29.8,30.2,30.2,-0.39,-1.32,0.0,0.0,29.8,30.2,-0.39,-1.32,39.81,39.81,37.46,42.17,39.97,46.97,LOW,False,0,WITHIN_SAFE_BOUNDS,VALID_ROUTE_STAGES,NO_VALID_CANDIDATE,INSUFFICIENT_VALID_CANDIDATES_COUNT,,,0.0,,,,,NONE,0.0,0.0,0.0,29.0,29.0,0.0,17.0,17.0,0.0,51.0,51.0,0.0,43.47,29.8,29.8,30.2,30.2,30.2,114.45,114.45,114.45,30.2,114.45,-0.39,-1.32,39.81,39.81,37.46,42.17,LOW,0,OBSERVATION_ONLY,INSUFFICIENT_VALID_CANDIDATES_COUNT,
7450075,100,M1-T00011B2-- 22 004,MB03,Silica,OilWet,Silica_OilWet,TEST_HOLDOUT,SILICA_ROUTE_GLOBAL_FALLBACK,L0_NEW_RECIPE_COLD_START,0,5,M1-T00011XZ-- 04 002;M1-T00011B2-- 16 004;M1-T00011B8-- 01 004;M1-T00011B2-- 16 001;M1-T00011B2-- 22 005,0.98,INTERSECT_BRANCH_SIMILAR_RECIPE_ENGINEERING_BOUNDS,OBSERVATION_ONLY,False,True,True,True,True,25.76,29.56,29.56,-3.8,-14.76,0.0,0.0,25.76,29.56,-3.8,-14.76,39.9,39.9,37.55,42.25,39.97,46.97,LOW,False,0,WITHIN_SAFE_BOUNDS,VALID_ROUTE_STAGES,NO_VALID_CANDIDATE,INSUFFICIENT_VALID_CANDIDATES_COUNT,,,0.0,,,,,NONE,0.0,0.0,0.0,9.0,9.0,0.0,32.0,32.0,0.0,50.0,50.0,0.0,43.47,25.76,25.76,29.56,29.56,29.56,98.91,98.91,98.91,29.56,98.91,-3.8,-14.76,39.9,39.9,37.55,42.25,LOW,0,OBSERVATION_ONLY,INSUFFICIENT_VALID_CANDIDATES_COUNT,
7521257,49,M1-B00460B--- 04 009,ML10,CarbonBlack,OilWet,CarbonBlack_OilWet,TEST_HOLDOUT,EXACT_RECIPE_MIXER_ROUTE,L1_SIMILAR_RECIPE_REFERENCE,2,5,M1-B00460B--- 04 007;M1-B00460XP-- 02 001;M1-B00460B--- 04 002;M1-B00460-M-- 01 003;M1-B00460B--- 04 001,0.982,INTERSECT_BRANCH_SIMILAR_RECIPE_ENGINEERING_BOUNDS,REFERENCE_ONLY,True,True,False,True,True,45.75,47.46,47.46,-1.71,-3.74,0.0,0.0,45.75,47.46,-1.71,-3.74,52.83,52.83,51.07,54.6,55.14,62.14,LOW,True,0,NOT_CHECKED,ZERO_EFFECTIVE_DURATIONS,NO_VALID_CANDIDATE,REJECTED_ZERO_DURATION_CANDIDATE,,,0.0,,,,,NONE,24.0,24.0,0.0,29.0,29.0,0.0,0.0,0.0,0.0,137.0,137.0,0.0,58.64,45.75,45.75,47.46,47.46,47.46,201.3,201.3,201.3,47.46,201.3,-1.71,-3.74,52.83,52.83,51.07,54.6,LOW,0,REFERENCE_ONLY,INSUFFICIENT_VALID_CANDIDATES_COUNT,
7521257,50,M1-B00460B--- 04 009,ML10,CarbonBlack,OilWet,CarbonBlack_OilWet,TEST_HOLDOUT,EXACT_RECIPE_MIXER_ROUTE,L1_SIMILAR_RECIPE_REFERENCE,2,5,M1-B00460XP-- 02 001;M1-B00460B--- 04 007;M1-B00460B--- 04 002;M1-B00460-M-- 01 003;M1-B00460B--- 04 001,0.981,INTERSECT_BRANCH_SIMILAR_RECIPE_ENGINEERING_BOUNDS,REFERENCE_ONLY,True,True,False,True,True,45.53,47.96,47.96,-2.43,-5.34,0.0,0.0,45.53,47.96,-2.43,-5.34,52.07,52.07,50.31,53.83,55.14,62.14,LOW,True,0,NOT_CHECKED,ZERO_EFFECTIVE_DURATIONS,NO_VALID_CANDIDATE,REJECTED_ZERO_DURATION_CANDIDATE,,,0.0,,,,,NONE,24.0,24.0,0.0,31.0,31.0,0.0,0.0,0.0,0.0,138.0,138.0,0.0,58.64,45.53,45.53,47.96,47.96,47.96,200.31,200.31,200.31,47.96,200.31,-2.43,-5.34,52.07,52.07,50.31,53.83,LOW,0,REFERENCE_ONLY,INSUFFICIENT_VALID_CANDIDATES_COUNT,
7511035,14,M1-T19327---- 01 003,ML07,Silica,OilWet,Silica_OilWet,TEST_HOLDOUT,EXACT_RECIPE_MIXER_ROUTE,L1_SIMILAR_RECIPE_REFERENCE,1,5,M1-T19327---- 01 004;M1-T19327---- 01 005;M1-T15611W2-- 01 001;M1-T15760---- 08 001;M1-T16455---- 06 001,0.982,INTERSECT_BRANCH_SIMILAR_RECIPE_ENGINEERING_BOUNDS,REFERENCE_ONLY,False,True,True,True,True,52.76,47.84,47.84,4.91,9.31,0.0,0.0,52.76,47.84,4.91,9.31,29.97,29.97,27.62,32.33,30.65,37.65,LOW,False,0,NOT_CHECKED,ZERO_EFFECTIVE_DURATIONS,NO_VALID_CANDIDATE,REJECTED_ZERO_DURATION_CANDIDATE,,,0.0,,,,,NONE,0.0,0.0,0.0,83.0,83.0,0.0,85.0,85.0,0.0,81.0,81.0,0.0,34.15,52.76,52.76,47.84,47.84,47.84,190.53,190.53,190.53,47.84,190.53,4.91,9.31,29.97,29.97,27.62,32.33,LOW,0,REFERENCE_ONLY,INSUFFICIENT_VALID_CANDIDATES_COUNT,
7511035,15,M1-T19327---- 01 003,ML07,Silica,OilWet,Silica_OilWet,TEST_HOLDOUT,EXACT_RECIPE_MIXER_ROUTE,L1_SIMILAR_RECIPE_REFERENCE,1,5,M1-T19327---- 01 004;M1-T19327---- 01 005;M1-T15611W2-- 01 001;M1-T15760---- 08 001;M1-T16455---- 06 001,0.982,INTERSECT_BRANCH_SIMILAR_RECIPE_ENGINEERING_BOUNDS,REFERENCE_ONLY,False,True,True,True,True,51.87,47.84,47.84,4.02,7.76,0.0,0.0,51.87,47.84,4.02,7.76,29.82,29.82,27.46,32.17,30.65,37.65,LOW,True,0,NOT_CHECKED,ZERO_EFFECTIVE_DURATIONS,NO_VALID_CANDIDATE,REJECTED_ZERO_DURATION_CANDIDATE,,,0.0,,,,,NONE,0.0,0.0,0.0,81.0,81.0,0.0,80.0,80.0,0.0,81.0,81.0,0.0,34.15,51.87,51.87,47.84,47.84,47.84,187.32,187.32,187.32,47.84,187.32,4.02,7.76,29.82,29.82,27.46,32.17,LOW,0,REFERENCE_ONLY,INSUFFICIENT_VALID_CANDIDATES_COUNT,
7555805,61,M1-B00460B--- 04 009,ML10,CarbonBlack,OilWet,CarbonBlack_OilWet,TEST_HOLDOUT,EXACT_RECIPE_MIXER_ROUTE,L1_SIMILAR_RECIPE_REFERENCE,2,5,M1-B00460B--- 04 007;M1-B00460B--- 04 002;M1-B00460B--- 04 001;M1-B00460XP-- 02 001;M1-B00460B--- 04 004,0.987,INTERSECT_BRANCH_SIMILAR_RECIPE_ENGINEERING_BOUNDS,REFERENCE_ONLY,True,True,False,True,True,46.5,47.96,47.96,-1.46,-3.13,0.0,0.0,46.5,47.96,-1.46,-3.13,50.8,50.8,49.03,52.56,53.45,60.45,LOW,True,0,NOT_CHECKED,ZERO_EFFECTIVE_DURATIONS,NO_VALID_CANDIDATE,REJECTED_ZERO_DURATION_CANDIDATE,,,0.0,,,,,NONE,24.0,24.0,0.0,34.0,34.0,0.0,0.0,0.0,0.0,136.0,136.0,0.0,56.95,46.5,46.5,47.96,47.96,47.96,204.6,204.6,204.6,47.96,204.6,-1.46,-3.13,50.8,50.8,49.03,52.56,LOW,0,REFERENCE_ONLY,INSUFFICIENT_VALID_CANDIDATES_COUNT,
7727355,6,M1-B00163---- 08 008,MB02,CarbonBlack,OilWet,CarbonBlack_OilWet,TEST_HOLDOUT,EXACT_RECIPE_MIXER_ROUTE,L1_SIMILAR_RECIPE_REFERENCE,1,5,M1-B00163---- 08 005;M1-B00163---- 08 007;M1-B00163XV-- 01 003;M1-B00163XV-- 01 004;M1-B00163XV-- 01 002,0.913,INTERSECT_BRANCH_SIMILAR_RECIPE_ENGINEERING_BOUNDS,REFERENCE_ONLY,True,True,False,True,True,31.82,31.82,31.82,-0.01,-0.03,0.0,0.0,31.82,31.82,-0.01,-0.03,30.05,30.05,28.29,31.82,28.08,35.08,HIGH,False,1,WITHIN_SAFE_BOUNDS,VALID_ROUTE_STAGES,NO_VALID_CANDIDATE,INSUFFICIENT_VALID_CANDIDATES_COUNT,,,0.0,,,,,NONE,34.0,34.0,0.0,36.0,36.0,0.0,0.0,0.0,0.0,115.0,115.0,0.0,31.58,31.82,31.82,31.82,31.82,31.82,115.19,115.19,115.19,31.82,115.19,-0.01,-0.03,30.05,30.05,28.29,31.82,HIGH,1,REFERENCE_ONLY,INSUFFICIENT_VALID_CANDIDATES_COUNT,
7775201,6,M1-T19012W--- 01 001,ML09,Silica,OilWet,Silica_OilWet,TEST_HOLDOUT,SILICA_ROUTE_GLOBAL_FALLBACK,L0_NEW_RECIPE_COLD_START,0,5,M1-T19012X1-- 01 004;M1-T19012X1-- 01 007;M1-T19012---- 01 006;M1-T19012---- 01 004;M1-T33025XA-- 01 002,0.953,INTERSECT_BRANCH_SIMILAR_RECIPE_ENGINEERING_BOUNDS,OBSERVATION_ONLY,False,True,True,True,True,44.73,40.99,40.99,3.74,8.37,0.0,0.0,44.73,40.99,3.74,8.37,99.31,99.31,96.96,101.66,81.81,88.81,LOW,True,0,WITHIN_SAFE_BOUNDS,VALID_ROUTE_STAGES,NO_VALID_CANDIDATE,INSUFFICIENT_VALID_CANDIDATES_COUNT,,,0.0,,,,,NONE,0.0,0.0,0.0,113.0,113.0,0.0,109.0,109.0,0.0,46.0,46.0,0.0,85.31,44.73,44.73,40.99,40.99,40.99,195.21,195.21,195.21,40.99,195.21,3.74,8.37,99.31,99.31,96.96,101.66,LOW,0,OBSERVATION_ONLY,INSUFFICIENT_VALID_CANDIDATES_COUNT,
7775201,7,M1-T19012W--- 01 001,ML09,Silica,OilWet,Silica_OilWet,TEST_HOLDOUT,SILICA_ROUTE_GLOBAL_FALLBACK,L0_NEW_RECIPE_COLD_START,0,5,M1-T19012X1-- 01 004;M1-T19012X1-- 01 007;M1-T19012---- 01 006;M1-T19012---- 01 004;M1-T33025XA-- 01 002,0.951,INTERSECT_BRANCH_SIMILAR_RECIPE_ENGINEERING_BOUNDS,OBSERVATION_ONLY,False,True,True,True,True,44.28,40.99,40.99,3.29,7.43,0.0,0.0,44.28,40.99,3.29,7.43,99.08,99.08,96.73,101.43,81.81,88.81,LOW,True,0,WITHIN_SAFE_BOUNDS,VALID_ROUTE_STAGES,NO_VALID_CANDIDATE,INSUFFICIENT_VALID_CANDIDATES_COUNT,,,0.0,,,,,NONE,0.0,0.0,0.0,108.0,108.0,0.0,109.0,109.0,0.0,47.0,47.0,0.0,85.31,44.28,44.28,40.99,40.99,40.99,193.25,193.25,193.25,40.99,193.25,3.29,7.43,99.08,99.08,96.73,101.43,LOW,0,OBSERVATION_ONLY,INSUFFICIENT_VALID_CANDIDATES_COUNT,
7775201,8,M1-T19012W--- 01 001,ML09,Silica,OilWet,Silica_OilWet,TEST_HOLDOUT,SILICA_ROUTE_GLOBAL_FALLBACK,L0_NEW_RECIPE_COLD_START,0,5,M1-T19012X1-- 01 004;M1-T19012X1-- 01 007;M1-T19012---- 01 006;M1-T19012---- 01 004;M1-T33025XA-- 01 002,0.954,INTERSECT_BRANCH_SIMILAR_RECIPE_ENGINEERING_BOUNDS,OBSERVATION_ONLY,False,True,True,True,True,43.55,41.45,41.45,2.09,4.8,0.0,0.0,43.55,41.45,2.09,4.8,106.14,106.14,103.79,108.49,81.81,88.81,LOW,True,0,WITHIN_SAFE_BOUNDS,VALID_ROUTE_STAGES,NO_VALID_CANDIDATE,INSUFFICIENT_VALID_CANDIDATES_COUNT,,,0.0,,,,,NONE,0.0,0.0,0.0,117.0,117.0,0.0,108.0,108.0,0.0,47.0,47.0,0.0,85.31,43.55,43.55,41.45,41.45,41.45,190.04,190.04,190.04,41.45,190.04,2.09,4.8,106.14,106.14,103.79,108.49,LOW,0,OBSERVATION_ONLY,INSUFFICIENT_VALID_CANDIDATES_COUNT,
7794844,2,M1-T00011XV-- 03 004,ML10,Silica,OilWet,Silica_OilWet,TEST_HOLDOUT,SILICA_ROUTE_GLOBAL_FALLBACK,L0_NEW_RECIPE_COLD_START,0,5,M1-T00011B2-- 23 003;M1-T00011-M-- 01 004;M1-T00011B2-- 23 005;M1-T00011B2-- 23 006;M1-T00011-M-- 01 003,0.989,INTERSECT_BRANCH_SIMILAR_RECIPE_ENGINEERING_BOUNDS,OBSERVATION_ONLY,False,True,True,True,True,58.26,47.51,47.51,10.75,18.45,0.0,0.0,58.26,47.51,10.75,18.45,41.44,41.44,39.09,43.8,35.68,42.68,MEDIUM,False,0,WITHIN_SAFE_BOUNDS,VALID_ROUTE_STAGES,NO_VALID_CANDIDATE,INSUFFICIENT_VALID_CANDIDATES_COUNT,,,0.0,,,,,NONE,0.0,0.0,0.0,24.0,24.0,0.0,24.0,24.0,0.0,104.0,104.0,0.0,39.18,58.26,58.26,47.51,47.51,47.51,251.75,251.75,251.75,47.51,251.75,10.75,18.45,41.44,41.44,39.09,43.8,MEDIUM,0,OBSERVATION_ONLY,INSUFFICIENT_VALID_CANDIDATES_COUNT,
7790765,42,M1-R00037---- 12 001,MB03,CarbonBlack,OilWet,CarbonBlack_OilWet,TEST_HOLDOUT,EXACT_RECIPE_MIXER_ROUTE,L1_SIMILAR_RECIPE_REFERENCE,1,5,M1-R00037W9-- 01 001;M1-R00037W9-- 01 002;M1-R00037W9-- 01 004;M1-R00037XE-- 02 005;M1-A16404B--- 01 002,0.994,INTERSECT_BRANCH_SIMILAR_RECIPE_ENGINEERING_BOUNDS,REFERENCE_ONLY,True,True,False,True,True,36.67,35.63,35.63,1.04,2.82,0.0,0.0,36.67,35.63,1.04,2.82,56.45,56.45,54.69,58.22,56.33,63.33,LOW,False,0,NOT_CHECKED,ZERO_EFFECTIVE_DURATIONS,NO_VALID_CANDIDATE,REJECTED_ZERO_DURATION_CANDIDATE,,,0.0,,,,,NONE,29.0,29.0,0.0,19.0,19.0,0.0,0.0,0.0,0.0,160.0,160.0,0.0,59.83,36.67,36.67,35.63,35.63,35.63,139.1,139.1,139.1,35.63,139.1,1.04,2.82,56.45,56.45,54.69,58.22,LOW,0,REFERENCE_ONLY,INSUFFICIENT_VALID_CANDIDATES_COUNT,
7790765,44,M1-R00037---- 12 001,MB03,CarbonBlack,OilWet,CarbonBlack_OilWet,TEST_HOLDOUT,EXACT_RECIPE_MIXER_ROUTE,L1_SIMILAR_RECIPE_REFERENCE,1,5,M1-R00037W9-- 01 001;M1-R00037W9-- 01 002;M1-R00037W9-- 01 004;M1-R00037XE-- 02 005;M1-A16404B--- 01 002,0.995,INTERSECT_BRANCH_SIMILAR_RECIPE_ENGINEERING_BOUNDS,REFERENCE_ONLY,True,True,False,True,True,37.33,37.02,37.02,0.3,0.81,0.0,0.0,37.33,37.02,0.3,0.81,56.02,56.02,54.26,57.79,56.33,63.33,LOW,False,0,NOT_CHECKED,ZERO_EFFECTIVE_DURATIONS,NO_VALID_CANDIDATE,REJECTED_ZERO_DURATION_CANDIDATE,,,0.0,,,,,NONE,38.0,38.0,0.0,16.0,16.0,0.0,0.0,0.0,0.0,160.0,160.0,0.0,59.83,37.33,37.33,37.02,37.02,37.02,141.6,141.6,141.6,37.02,141.6,0.3,0.81,56.02,56.02,54.26,57.79,LOW,0,REFERENCE_ONLY,INSUFFICIENT_VALID_CANDIDATES_COUNT,
7790765,45,M1-R00037---- 12 001,MB03,CarbonBlack,OilWet,CarbonBlack_OilWet,TEST_HOLDOUT,EXACT_RECIPE_MIXER_ROUTE,L1_SIMILAR_RECIPE_REFERENCE,1,5,M1-R00037W9-- 01 001;M1-R00037W9-- 01 002;M1-R00037W9-- 01 004;M1-R00037XE-- 02 005;M1-A16404B--- 01 002,0.996,INTERSECT_BRANCH_SIMILAR_RECIPE_ENGINEERING_BOUNDS,REFERENCE_ONLY,True,True,False,True,True,37.38,37.02,37.02,0.35,0.95,0.0,0.0,37.38,37.02,0.35,0.95,55.98,55.98,54.21,57.74,56.33,63.33,LOW,False,0,NOT_CHECKED,ZERO_EFFECTIVE_DURATIONS,NO_VALID_CANDIDATE,REJECTED_ZERO_DURATION_CANDIDATE,,,0.0,,,,,NONE,39.0,39.0,0.0,16.0,16.0,0.0,0.0,0.0,0.0,160.0,160.0,0.0,59.83,37.38,37.38,37.02,37.02,37.02,141.8,141.8,141.8,37.02,141.8,0.35,0.95,55.98,55.98,54.21,57.74,LOW,0,REFERENCE_ONLY,INSUFFICIENT_VALID_CANDIDATES_COUNT,
1827617,1,M1-T15215---- 08 005,ML07,Silica,NoOilDry,Silica_NoOilDry,TEST_HOLDOUT,SILICA_ROUTE_GLOBAL_FALLBACK,L0_NEW_RECIPE_COLD_START,0,5,M1-T15215---- 08 007;M1-T13127---- 09 004;M1-T13127---- 09 007;M1-T13127---- 09 005;M1-T25088---- 06 003,0.982,INTERSECT_BRANCH_SIMILAR_RECIPE_ENGINEERING_BOUNDS,OBSERVATION_ONLY,True,False,True,True,False,49.91,40.82,40.82,9.09,18.22,0.0,0.0,49.91,40.82,9.09,18.22,67.83,67.83,65.48,70.18,75.13,82.13,LOW,True,0,WITHIN_SAFE_BOUNDS,VALID_ROUTE_STAGES,NO_VALID_CANDIDATE,INSUFFICIENT_VALID_CANDIDATES_COUNT,,,0.0,,,,,NONE,116.0,116.0,0.0,0.0,0.0,0.0,118.0,118.0,0.0,147.0,147.0,0.0,78.63,49.91,49.91,40.82,40.82,40.82,206.86,206.86,206.86,40.82,206.86,9.09,18.22,67.83,67.83,65.48,70.18,LOW,0,OBSERVATION_ONLY,INSUFFICIENT_VALID_CANDIDATES_COUNT,
1827617,2,M1-T15215---- 08 005,ML07,Silica,NoOilDry,Silica_NoOilDry,TEST_HOLDOUT,SILICA_ROUTE_GLOBAL_FALLBACK,L0_NEW_RECIPE_COLD_START,0,5,M1-T15215---- 08 007;M1-T13127---- 09 004;M1-T13127---- 09 007;M1-T13127---- 09 005;M1-T25088---- 06 003,0.982,INTERSECT_BRANCH_SIMILAR_RECIPE_ENGINEERING_BOUNDS,OBSERVATION_ONLY,True,False,True,True,False,46.72,40.82,40.82,5.9,12.63,0.0,0.0,46.72,40.82,5.9,12.63,68.46,68.46,66.11,70.81,75.13,82.13,LOW,True,0,WITHIN_SAFE_BOUNDS,VALID_ROUTE_STAGES,NO_VALID_CANDIDATE,INSUFFICIENT_VALID_CANDIDATES_COUNT,,,0.0,,,,,NONE,115.0,115.0,0.0,0.0,0.0,0.0,115.0,115.0,0.0,146.0,146.0,0.0,78.63,46.72,46.72,40.82,40.82,40.82,193.64,193.64,193.64,40.82,193.64,5.9,12.63,68.46,68.46,66.11,70.81,LOW,0,OBSERVATION_ONLY,INSUFFICIENT_VALID_CANDIDATES_COUNT,
1827617,3,M1-T15215---- 08 005,ML07,Silica,NoOilDry,Silica_NoOilDry,TEST_HOLDOUT,SILICA_ROUTE_GLOBAL_FALLBACK,L0_NEW_RECIPE_COLD_START,0,5,M1-T15215---- 08 007;M1-T13127---- 09 004;M1-T13127---- 09 007;M1-T13127---- 09 005;M1-T25088---- 06 003,0.982,INTERSECT_BRANCH_SIMILAR_RECIPE_ENGINEERING_BOUNDS,OBSERVATION_ONLY,True,False,True,True,False,44.24,40.82,40.82,3.42,7.74,0.0,0.0,44.24,40.82,3.42,7.74,68.41,68.41,66.06,70.76,75.13,82.13,LOW,True,0,WITHIN_SAFE_BOUNDS,VALID_ROUTE_STAGES,NO_VALID_CANDIDATE,INSUFFICIENT_VALID_CANDIDATES_COUNT,,,0.0,,,,,NONE,115.0,115.0,0.0,0.0,0.0,0.0,114.0,114.0,0.0,147.0,147.0,0.0,78.63,44.24,44.24,40.82,40.82,40.82,183.36,183.36,183.36,40.82,183.36,3.42,7.74,68.41,68.41,66.06,70.76,LOW,0,OBSERVATION_ONLY,INSUFFICIENT_VALID_CANDIDATES_COUNT,
1899501,1,M1-T25045---- 08 004,ML09,Silica,NoOilDry,Silica_NoOilDry,TEST_HOLDOUT,SILICA_ROUTE_GLOBAL_FALLBACK,L0_NEW_RECIPE_COLD_START,0,5,M1-T13127---- 16 004;M1-T25045---- 08 005;M1-T19808---- 01 001;M1-T14885B3-- 01 002;M1-T16734---- 07 001,0.98,INTERSECT_BRANCH_SIMILAR_RECIPE_ENGINEERING_BOUNDS,OBSERVATION_ONLY,True,False,True,True,False,35.74,40.21,40.21,-4.46,-12.49,0.0,0.0,35.74,40.21,-4.46,-12.49,62.39,62.39,60.03,64.74,62.870000000000005,69.87,LOW,False,0,WITHIN_SAFE_BOUNDS,VALID_ROUTE_STAGES,NO_VALID_CANDIDATE,INSUFFICIENT_VALID_CANDIDATES_COUNT,,,0.0,,,,,NONE,104.0,104.0,0.0,0.0,0.0,0.0,44.0,44.0,0.0,93.0,93.0,0.0,66.37,35.74,35.74,40.21,40.21,40.21,152.15,152.15,152.15,40.21,152.15,-4.46,-12.49,62.39,62.39,60.03,64.74,LOW,0,OBSERVATION_ONLY,INSUFFICIENT_VALID_CANDIDATES_COUNT,
1907568,1,M1-C10430---- 05 005,MB03,CarbonBlack,NoOilDry,CarbonBlack_NoOilDry,TEST_HOLDOUT,EXACT_RECIPE_MIXER_ROUTE,L1_SIMILAR_RECIPE_REFERENCE,2,5,M1-C10430---- 05 004;M1-C10430---- 05 003;M1-A03405R3-- 04 004;M1-A03405R3-- 04 003;M1-A03405X--- 01 001,0.979,INTERSECT_BRANCH_SIMILAR_RECIPE_ENGINEERING_BOUNDS,REFERENCE_ONLY,True,False,False,True,False,34.44,29.7,29.7,4.74,13.75,0.0,0.0,34.44,29.7,4.74,13.75,29.37,29.37,27.61,31.14,21.8,28.8,LOW,False,0,NOT_CHECKED,ZERO_EFFECTIVE_DURATIONS,NO_VALID_CANDIDATE,REJECTED_ZERO_DURATION_CANDIDATE,,,0.0,,,,,NONE,68.0,68.0,0.0,0.0,0.0,0.0,0.0,0.0,0.0,80.0,80.0,0.0,25.3,34.44,34.44,29.7,29.7,29.7,219.95,219.95,219.95,29.7,219.95,4.74,13.75,29.37,29.37,27.61,31.14,LOW,0,REFERENCE_ONLY,INSUFFICIENT_VALID_CANDIDATES_COUNT,
1907568,2,M1-C10430---- 05 005,MB03,CarbonBlack,NoOilDry,CarbonBlack_NoOilDry,TEST_HOLDOUT,EXACT_RECIPE_MIXER_ROUTE,L1_SIMILAR_RECIPE_REFERENCE,2,5,M1-C10430---- 05 004;M1-C10430---- 05 003;M1-A03405R3-- 04 004;M1-A03405R3-- 04 003;M1-A03405X--- 01 001,0.979,INTERSECT_BRANCH_SIMILAR_RECIPE_ENGINEERING_BOUNDS,REFERENCE_ONLY,True,False,False,True,False,33.52,29.7,29.7,3.82,11.39,0.0,0.0,33.52,29.7,3.82,11.39,28.89,28.89,27.13,30.66,21.8,28.8,LOW,False,0,NOT_CHECKED,ZERO_EFFECTIVE_DURATIONS,NO_VALID_CANDIDATE,REJECTED_ZERO_DURATION_CANDIDATE,,,0.0,,,,,NONE,67.0,67.0,0.0,0.0,0.0,0.0,0.0,0.0,0.0,81.0,81.0,0.0,25.3,33.52,33.52,29.7,29.7,29.7,214.1,214.1,214.1,29.7,214.1,3.82,11.39,28.89,28.89,27.13,30.66,LOW,0,REFERENCE_ONLY,INSUFFICIENT_VALID_CANDIDATES_COUNT,
1907568,3,M1-C10430---- 05 005,MB03,CarbonBlack,NoOilDry,CarbonBlack_NoOilDry,TEST_HOLDOUT,EXACT_RECIPE_MIXER_ROUTE,L1_SIMILAR_RECIPE_REFERENCE,2,5,M1-C10430---- 05 004;M1-C10430---- 05 003;M1-A03405R3-- 04 004;M1-A03405R3-- 04 003;M1-A03405X--- 01 001,0.979,INTERSECT_BRANCH_SIMILAR_RECIPE_ENGINEERING_BOUNDS,REFERENCE_ONLY,True,False,False,True,False,32.67,29.7,29.7,2.97,9.08,0.0,0.0,32.67,29.7,2.97,9.08,28.97,28.97,27.2,30.73,21.8,28.8,LOW,False,0,NOT_CHECKED,ZERO_EFFECTIVE_DURATIONS,NO_VALID_CANDIDATE,REJECTED_ZERO_DURATION_CANDIDATE,,,0.0,,,,,NONE,77.0,77.0,0.0,0.0,0.0,0.0,0.0,0.0,0.0,81.0,81.0,0.0,25.3,32.67,32.67,29.7,29.7,29.7,208.65,208.65,208.65,29.7,208.65,2.97,9.08,28.97,28.97,27.2,30.73,LOW,0,REFERENCE_ONLY,INSUFFICIENT_VALID_CANDIDATES_COUNT,
1905456,1,M1-T25045---- 08 004,ML09,Silica,NoOilDry,Silica_NoOilDry,TEST_HOLDOUT,SILICA_ROUTE_GLOBAL_FALLBACK,L0_NEW_RECIPE_COLD_START,0,5,M1-T13127---- 16 004;M1-T25045---- 08 005;M1-T19808---- 01 001;M1-T14885B3-- 01 002;M1-T16734---- 07 001,0.98,INTERSECT_BRANCH_SIMILAR_RECIPE_ENGINEERING_BOUNDS,OBSERVATION_ONLY,True,False,True,True,False,39.38,40.08,40.08,-0.71,-1.79,0.0,0.0,39.38,40.08,-0.71,-1.79,60.09,60.09,57.73,62.44,62.769999999999996,69.77,LOW,True,0,WITHIN_SAFE_BOUNDS,VALID_ROUTE_STAGES,NO_VALID_CANDIDATE,INSUFFICIENT_VALID_CANDIDATES_COUNT,,,0.0,,,,,NONE,111.0,111.0,0.0,0.0,0.0,0.0,61.0,61.0,0.0,83.0,83.0,0.0,66.27,39.38,39.38,40.08,40.08,40.08,167.61,167.61,167.61,40.08,167.61,-0.71,-1.79,60.09,60.09,57.73,62.44,LOW,0,OBSERVATION_ONLY,INSUFFICIENT_VALID_CANDIDATES_COUNT,
1911891,3,M1-T25045---- 08 004,ML09,Silica,NoOilDry,Silica_NoOilDry,TEST_HOLDOUT,SILICA_ROUTE_GLOBAL_FALLBACK,L0_NEW_RECIPE_COLD_START,0,5,M1-T13127---- 16 004;M1-T25045---- 08 005;M1-T19808---- 01 001;M1-T14885B3-- 01 002;M1-T16734---- 07 001,0.983,INTERSECT_BRANCH_SIMILAR_RECIPE_ENGINEERING_BOUNDS,OBSERVATION_ONLY,True,False,True,True,False,34.0,41.62,41.62,-7.62,-22.42,0.0,0.0,34.0,41.62,-7.62,-22.42,64.18,64.18,61.82,66.53,62.17,69.17,HIGH,False,18,WITHIN_SAFE_BOUNDS,VALID_ROUTE_STAGES,NO_VALID_CANDIDATE,INSUFFICIENT_VALID_CANDIDATES_COUNT,,,0.0,,,,,NONE,122.0,122.0,0.0,0.0,0.0,0.0,58.0,58.0,0.0,99.0,99.0,0.0,65.67,34.0,34.0,41.62,41.62,41.62,144.72,144.72,144.72,41.62,144.72,-7.62,-22.42,64.18,64.18,61.82,66.53,HIGH,18,OBSERVATION_ONLY,INSUFFICIENT_VALID_CANDIDATES_COUNT,
1923756,1,M1-T11923---- 09 002,ML09,Silica,NoOilDry,Silica_NoOilDry,TEST_HOLDOUT,SILICA_ROUTE_GLOBAL_FALLBACK,L0_NEW_RECIPE_COLD_START,0,5,M1-T14885B3-- 01 002;M1-T13127---- 16 004;M1-T19808---- 01 001;M1-T16734---- 07 001;M1-T25045---- 08 005,0.931,INTERSECT_BRANCH_SIMILAR_RECIPE_ENGINEERING_BOUNDS,OBSERVATION_ONLY,True,False,True,True,False,44.14,40.72,40.72,3.42,7.75,0.0,0.0,44.14,40.72,3.42,7.75,57.28,57.28,54.93,59.64,47.47,54.47,LOW,True,0,WITHIN_SAFE_BOUNDS,VALID_ROUTE_STAGES,NO_VALID_CANDIDATE,INSUFFICIENT_VALID_CANDIDATES_COUNT,,,0.0,,,,,NONE,112.0,112.0,0.0,0.0,0.0,0.0,49.0,49.0,0.0,80.0,80.0,0.0,50.97,44.14,44.14,40.72,40.72,40.72,175.79,175.79,175.79,40.72,175.79,3.42,7.75,57.28,57.28,54.93,59.64,LOW,0,OBSERVATION_ONLY,INSUFFICIENT_VALID_CANDIDATES_COUNT,
1923756,2,M1-T11923---- 09 002,ML09,Silica,NoOilDry,Silica_NoOilDry,TEST_HOLDOUT,SILICA_ROUTE_GLOBAL_FALLBACK,L0_NEW_RECIPE_COLD_START,0,5,M1-T14885B3-- 01 002;M1-T13127---- 16 004;M1-T19808---- 01 001;M1-T16734---- 07 001;M1-T25045---- 08 005,0.931,INTERSECT_BRANCH_SIMILAR_RECIPE_ENGINEERING_BOUNDS,OBSERVATION_ONLY,True,False,True,True,False,41.86,40.45,40.45,1.41,3.37,0.0,0.0,41.86,40.45,1.41,3.37,57.74,57.74,55.39,60.09,47.47,54.47,LOW,True,0,WITHIN_SAFE_BOUNDS,VALID_ROUTE_STAGES,NO_VALID_CANDIDATE,INSUFFICIENT_VALID_CANDIDATES_COUNT,,,0.0,,,,,NONE,112.0,112.0,0.0,0.0,0.0,0.0,48.0,48.0,0.0,75.0,75.0,0.0,50.97,41.86,41.86,40.45,40.45,40.45,166.71,166.71,166.71,40.45,166.71,1.41,3.37,57.74,57.74,55.39,60.09,LOW,0,OBSERVATION_ONLY,INSUFFICIENT_VALID_CANDIDATES_COUNT,
1923756,3,M1-T11923---- 09 002,ML09,Silica,NoOilDry,Silica_NoOilDry,TEST_HOLDOUT,SILICA_ROUTE_GLOBAL_FALLBACK,L0_NEW_RECIPE_COLD_START,0,5,M1-T14885B3-- 01 002;M1-T13127---- 16 004;M1-T19808---- 01 001;M1-T16734---- 07 001;M1-T25045---- 08 005,0.931,INTERSECT_BRANCH_SIMILAR_RECIPE_ENGINEERING_BOUNDS,OBSERVATION_ONLY,True,False,True,True,False,41.29,40.1,40.1,1.2,2.9,0.0,0.0,41.29,40.1,1.2,2.9,57.77,57.77,55.42,60.12,47.47,54.47,LOW,True,0,WITHIN_SAFE_BOUNDS,VALID_ROUTE_STAGES,NO_VALID_CANDIDATE,INSUFFICIENT_VALID_CANDIDATES_COUNT,,,0.0,,,,,NONE,111.0,111.0,0.0,0.0,0.0,0.0,47.0,47.0,0.0,76.0,76.0,0.0,50.97,41.29,41.29,40.1,40.1,40.1,164.44,164.44,164.44,40.1,164.44,1.2,2.9,57.77,57.77,55.42,60.12,LOW,0,OBSERVATION_ONLY,INSUFFICIENT_VALID_CANDIDATES_COUNT,
2022369,10,M1-T25045-M-- 01 001,ML10,Silica,NoOilDry,Silica_NoOilDry,TEST_HOLDOUT,SILICA_ROUTE_GLOBAL_FALLBACK,L0_NEW_RECIPE_COLD_START,0,5,M1-T13127---- 09 005;M1-T13127---- 16 004;M1-T19808---- 01 001;M1-T13127---- 09 004;M1-T13127---- 09 007,0.986,INTERSECT_BRANCH_SIMILAR_RECIPE_ENGINEERING_BOUNDS,OBSERVATION_ONLY,True,False,True,True,False,57.13,52.07,52.07,5.05,8.85,0.0,0.0,57.13,52.07,5.05,8.85,57.23,57.23,54.88,59.58,56.76,63.76,MEDIUM,False,0,WITHIN_SAFE_BOUNDS,VALID_ROUTE_STAGES,NO_VALID_CANDIDATE,INSUFFICIENT_VALID_CANDIDATES_COUNT,,,0.0,,,,,NONE,134.0,134.0,0.0,0.0,0.0,0.0,32.0,32.0,0.0,97.0,97.0,0.0,60.26,57.13,57.13,52.07,52.07,52.07,246.08,246.08,246.08,52.07,246.08,5.05,8.85,57.23,57.23,54.88,59.58,MEDIUM,0,OBSERVATION_ONLY,INSUFFICIENT_VALID_CANDIDATES_COUNT,
2024~1440863,8,M1-R00218W1-- 01 003,ML05,CarbonBlack,NoOilDry,CarbonBlack_NoOilDry,TEST_HOLDOUT,UNAVAILABLE,L0_NEW_RECIPE_COLD_START,0,5,M1-R00218W5-- 01 001;M1-R00218W5-- 01 004;M1-R00218W2-- 10 004;M1-R00218W2-- 10 005;M1-R00218W1-- 01 002,0.973,INTERSECT_BRANCH_SIMILAR_RECIPE_ENGINEERING_BOUNDS,OBSERVATION_ONLY,True,False,False,True,False,39.81,38.46,38.46,0.0,0.0,0.0,0.0,39.81,38.46,0.0,0.0,,,,,70.54,77.54,LOW,True,0,UNAVAILABLE,UNAVAILABLE,REJECTED,COLD_START_RECIPE_NO_HISTORY,,,,,,,,NONE,86.0,0.0,-86.0,0.0,0.0,0.0,0.0,0.0,0.0,203.0,0.0,-203.0,74.04,39.81,39.81,38.46,38.46,38.46,157.98,152.64,157.98,38.46,152.64,0.0,0.0,,,,,LOW,0,OBSERVATION_ONLY,INSUFFICIENT_VALID_CANDIDATES_COUNT,
2024~1440863,9,M1-R00218W1-- 01 003,ML05,CarbonBlack,NoOilDry,CarbonBlack_NoOilDry,TEST_HOLDOUT,UNAVAILABLE,L0_NEW_RECIPE_COLD_START,0,5,M1-R00218W5-- 01 001;M1-R00218W5-- 01 004;M1-R00218W2-- 10 004;M1-R00218W2-- 10 005;M1-R00218W1-- 01 002,0.973,INTERSECT_BRANCH_SIMILAR_RECIPE_ENGINEERING_BOUNDS,OBSERVATION_ONLY,True,False,False,True,False,38.67,38.46,38.46,0.0,0.0,0.0,0.0,38.67,38.46,0.0,0.0,,,,,70.54,77.54,LOW,True,0,UNAVAILABLE,UNAVAILABLE,REJECTED,COLD_START_RECIPE_NO_HISTORY,,,,,,,,NONE,86.0,0.0,-86.0,0.0,0.0,0.0,0.0,0.0,0.0,186.0,0.0,-186.0,74.04,38.67,38.67,38.46,38.46,38.46,153.45,152.64,153.45,38.46,152.64,0.0,0.0,,,,,LOW,0,OBSERVATION_ONLY,INSUFFICIENT_VALID_CANDIDATES_COUNT,
2024~1440863,10,M1-R00218W1-- 01 003,ML05,CarbonBlack,NoOilDry,CarbonBlack_NoOilDry,TEST_HOLDOUT,UNAVAILABLE,L0_NEW_RECIPE_COLD_START,0,5,M1-R00218W5-- 01 001;M1-R00218W5-- 01 004;M1-R00218W2-- 10 004;M1-R00218W2-- 10 005;M1-R00218W1-- 01 002,0.973,INTERSECT_BRANCH_SIMILAR_RECIPE_ENGINEERING_BOUNDS,OBSERVATION_ONLY,True,False,False,True,False,39.0,38.46,38.46,0.0,0.0,0.0,0.0,39.0,38.46,0.0,0.0,,,,,70.54,77.54,LOW,True,0,UNAVAILABLE,UNAVAILABLE,REJECTED,COLD_START_RECIPE_NO_HISTORY,,,,,,,,NONE,85.0,0.0,-85.0,0.0,0.0,0.0,0.0,0.0,0.0,184.0,0.0,-184.0,74.04,39.0,39.0,38.46,38.46,38.46,154.77,152.64,154.77,38.46,152.64,0.0,0.0,,,,,LOW,0,OBSERVATION_ONLY,INSUFFICIENT_VALID_CANDIDATES_COUNT,
2028005,7,M1-T25045-M-- 01 001,ML10,Silica,NoOilDry,Silica_NoOilDry,TEST_HOLDOUT,SILICA_ROUTE_GLOBAL_FALLBACK,L0_NEW_RECIPE_COLD_START,0,5,M1-T13127---- 09 005;M1-T13127---- 16 004;M1-T19808---- 01 001;M1-T13127---- 09 004;M1-T13127---- 09 007,0.988,INTERSECT_BRANCH_SIMILAR_RECIPE_ENGINEERING_BOUNDS,OBSERVATION_ONLY,True,False,True,True,False,53.42,52.09,52.09,1.33,2.5,0.0,0.0,53.42,52.09,1.33,2.5,59.5,59.5,57.15,61.85,55.47,62.47,HIGH,False,25,WITHIN_SAFE_BOUNDS,VALID_ROUTE_STAGES,NO_VALID_CANDIDATE,SAVING_BELOW_THRESHOLD,,,0.0,,,,,NONE,126.0,126.0,0.0,0.0,0.0,0.0,31.0,31.0,0.0,102.0,102.0,0.0,58.97,53.42,53.42,52.09,52.09,52.09,230.12,230.12,230.12,52.09,230.12,1.33,2.5,59.5,59.5,57.15,61.85,HIGH,25,OBSERVATION_ONLY,INSUFFICIENT_VALID_CANDIDATES_COUNT,
2121469,5,M1-T13127---- 19 001,ML10,Silica,NoOilDry,Silica_NoOilDry,TEST_HOLDOUT,SILICA_ROUTE_GLOBAL_FALLBACK,L0_NEW_RECIPE_COLD_START,0,5,M1-T13127---- 16 004;M1-T13127---- 09 005;M1-T13127---- 09 004;M1-T25045---- 08 005;M1-T13127---- 09 007,0.995,INTERSECT_BRANCH_SIMILAR_RECIPE_ENGINEERING_BOUNDS,OBSERVATION_ONLY,True,False,True,True,False,58.71,51.76,51.76,6.95,11.84,0.0,0.0,58.71,51.76,6.95,11.84,64.81,64.81,62.46,67.16,59.49,66.49000000000001,HIGH,False,0,WITHIN_SAFE_BOUNDS,VALID_ROUTE_STAGES,NO_VALID_CANDIDATE,INSUFFICIENT_VALID_CANDIDATES_COUNT,,,0.0,,,,,NONE,169.0,169.0,0.0,0.0,0.0,0.0,34.0,34.0,0.0,96.0,96.0,0.0,62.99,58.71,58.71,51.76,51.76,51.76,252.93,252.93,252.93,51.76,252.93,6.95,11.84,64.81,64.81,62.46,67.16,HIGH,0,OBSERVATION_ONLY,INSUFFICIENT_VALID_CANDIDATES_COUNT,
2133133,24,M1-T14885---- 17 002,ML07,Silica,NoOilDry,Silica_NoOilDry,TEST_HOLDOUT,SILICA_ROUTE_GLOBAL_FALLBACK,L0_NEW_RECIPE_COLD_START,0,5,M1-T14885---- 17 001;M1-T14885B3-- 04 003;M1-T14885B3-- 04 002;M1-T13127---- 09 007;M1-T01102W2-- 01 008,0.984,INTERSECT_BRANCH_SIMILAR_RECIPE_ENGINEERING_BOUNDS,OBSERVATION_ONLY,True,False,True,True,False,33.29,36.59,36.59,-3.3,-9.9,0.0,0.0,33.29,36.59,-3.3,-9.9,65.61,65.61,63.26,67.96,61.56999999999999,68.57,HIGH,False,23,WITHIN_SAFE_BOUNDS,VALID_ROUTE_STAGES,NO_VALID_CANDIDATE,SAVING_BELOW_THRESHOLD,,,0.0,,,,,NONE,133.0,133.0,0.0,0.0,0.0,0.0,69.0,69.0,0.0,137.0,137.0,0.0,65.07,33.29,33.29,36.59,36.59,36.59,136.77,136.77,136.77,36.59,136.77,-3.3,-9.9,65.61,65.61,63.26,67.96,HIGH,23,OBSERVATION_ONLY,INSUFFICIENT_VALID_CANDIDATES_COUNT,
2133133,25,M1-T14885---- 17 002,ML07,Silica,NoOilDry,Silica_NoOilDry,TEST_HOLDOUT,SILICA_ROUTE_GLOBAL_FALLBACK,L0_NEW_RECIPE_COLD_START,0,5,M1-T14885---- 17 001;M1-T14885B3-- 04 003;M1-T14885B3-- 04 002;M1-T13127---- 09 007;M1-T01102W2-- 01 008,0.984,INTERSECT_BRANCH_SIMILAR_RECIPE_ENGINEERING_BOUNDS,OBSERVATION_ONLY,True,False,True,True,False,33.75,40.08,40.08,-6.33,-18.75,0.0,0.0,33.75,40.08,-6.33,-18.75,65.66,65.66,63.31,68.01,61.56999999999999,68.57,HIGH,False,25,WITHIN_SAFE_BOUNDS,VALID_ROUTE_STAGES,REJECTED_NEGATIVE_OR_ZERO_SAVING,REJECTED_NEGATIVE_OR_ZERO_SAVING,,,0.0,,,,,NONE,164.0,164.0,0.0,0.0,0.0,0.0,73.0,73.0,0.0,137.0,137.0,0.0,65.07,33.75,33.75,40.08,40.08,40.08,138.66,138.66,138.66,40.08,138.66,-6.33,-18.75,65.66,65.66,63.31,68.01,HIGH,25,OBSERVATION_ONLY,INSUFFICIENT_VALID_CANDIDATES_COUNT,
2133133,26,M1-T14885---- 17 002,ML07,Silica,NoOilDry,Silica_NoOilDry,TEST_HOLDOUT,SILICA_ROUTE_GLOBAL_FALLBACK,L0_NEW_RECIPE_COLD_START,0,5,M1-T14885---- 17 001;M1-T14885B3-- 04 002;M1-T14885B3-- 04 003;M1-T13127---- 09 007;M1-T01102W2-- 01 008,0.984,INTERSECT_BRANCH_SIMILAR_RECIPE_ENGINEERING_BOUNDS,OBSERVATION_ONLY,True,False,True,True,False,32.98,37.67,37.67,-4.7,-14.24,0.0,0.0,32.98,37.67,-4.7,-14.24,64.93,64.93,62.57,67.28,61.56999999999999,68.57,HIGH,False,18,WITHIN_SAFE_BOUNDS,VALID_ROUTE_STAGES,NO_VALID_CANDIDATE,INSUFFICIENT_VALID_CANDIDATES_COUNT,,,0.0,,,,,NONE,141.0,141.0,0.0,0.0,0.0,0.0,72.0,72.0,0.0,137.0,137.0,0.0,65.07,32.98,32.98,37.67,37.67,37.67,135.47,135.47,135.47,37.67,135.47,-4.7,-14.24,64.93,64.93,62.57,67.28,HIGH,18,OBSERVATION_ONLY,INSUFFICIENT_VALID_CANDIDATES_COUNT,
2263738,1,M1-T18191---- 01 003,ML09,Silica,NoOilDry,Silica_NoOilDry,TEST_HOLDOUT,SILICA_ROUTE_GLOBAL_FALLBACK,L0_NEW_RECIPE_COLD_START,0,5,M1-T13127---- 16 004;M1-T25045---- 08 005;M1-T16734---- 07 001;M1-T19808---- 01 001;M1-T14885B3-- 01 002,0.913,INTERSECT_BRANCH_SIMILAR_RECIPE_ENGINEERING_BOUNDS,OBSERVATION_ONLY,True,False,True,True,False,49.28,42.5,42.5,6.77,13.75,0.0,0.0,49.28,42.5,6.77,13.75,90.04,90.04,87.69,92.39,92.33666666666666,99.33666666666666,LOW,True,0,WITHIN_SAFE_BOUNDS,VALID_ROUTE_STAGES,NO_VALID_CANDIDATE,INSUFFICIENT_VALID_CANDIDATES_COUNT,,,0.0,,,,,NONE,237.0,237.0,0.0,0.0,0.0,0.0,125.0,125.0,0.0,109.0,109.0,0.0,95.84,49.28,49.28,42.5,42.5,42.5,204.6,204.6,204.6,42.5,204.6,6.77,13.75,90.04,90.04,87.69,92.39,LOW,0,OBSERVATION_ONLY,INSUFFICIENT_VALID_CANDIDATES_COUNT,
2263738,2,M1-T18191---- 01 003,ML09,Silica,NoOilDry,Silica_NoOilDry,TEST_HOLDOUT,SILICA_ROUTE_GLOBAL_FALLBACK,L0_NEW_RECIPE_COLD_START,0,5,M1-T13127---- 16 004;M1-T25045---- 08 005;M1-T16734---- 07 001;M1-T19808---- 01 001;M1-T14885B3-- 01 002,0.913,INTERSECT_BRANCH_SIMILAR_RECIPE_ENGINEERING_BOUNDS,OBSERVATION_ONLY,True,False,True,True,False,50.01,40.16,40.16,9.84,19.68,0.0,0.0,50.01,40.16,9.84,19.68,91.22,91.22,88.87,93.57,92.33666666666666,99.33666666666666,LOW,True,0,WITHIN_SAFE_BOUNDS,VALID_ROUTE_STAGES,NO_VALID_CANDIDATE,INSUFFICIENT_VALID_CANDIDATES_COUNT,,,0.0,,,,,NONE,249.0,249.0,0.0,0.0,0.0,0.0,106.0,106.0,0.0,111.0,111.0,0.0,95.84,50.01,50.01,40.16,40.16,40.16,207.62,207.62,207.62,40.16,207.62,9.84,19.68,91.22,91.22,88.87,93.57,LOW,0,OBSERVATION_ONLY,INSUFFICIENT_VALID_CANDIDATES_COUNT,
2263738,3,M1-T18191---- 01 003,ML09,Silica,NoOilDry,Silica_NoOilDry,TEST_HOLDOUT,SILICA_ROUTE_GLOBAL_FALLBACK,L0_NEW_RECIPE_COLD_START,0,5,M1-T13127---- 16 004;M1-T25045---- 08 005;M1-T16734---- 07 001;M1-T19808---- 01 001;M1-T14885B3-- 01 002,0.912,INTERSECT_BRANCH_SIMILAR_RECIPE_ENGINEERING_BOUNDS,OBSERVATION_ONLY,True,False,True,True,False,52.41,42.51,42.51,9.9,18.89,0.0,0.0,52.41,42.51,9.9,18.89,90.83,90.83,88.47,93.18,92.33666666666666,99.33666666666666,LOW,True,0,WITHIN_SAFE_BOUNDS,VALID_ROUTE_STAGES,NO_VALID_CANDIDATE,INSUFFICIENT_VALID_CANDIDATES_COUNT,,,0.0,,,,,NONE,227.0,227.0,0.0,0.0,0.0,0.0,134.0,134.0,0.0,108.0,108.0,0.0,95.84,52.41,52.41,42.51,42.51,42.51,217.58,217.58,217.58,42.51,217.58,9.9,18.89,90.83,90.83,88.47,93.18,LOW,0,OBSERVATION_ONLY,INSUFFICIENT_VALID_CANDIDATES_COUNT,
2392855,9,M1-T16734---- 06 002,ML07,Silica,NoOilDry,Silica_NoOilDry,TEST_HOLDOUT,SILICA_ROUTE_GLOBAL_FALLBACK,L0_NEW_RECIPE_COLD_START,0,5,M1-T16734---- 06 001;M1-T13127---- 09 007;M1-T16734---- 06 003;M1-T13127---- 09 004;M1-T13127---- 09 005,0.989,INTERSECT_BRANCH_SIMILAR_RECIPE_ENGINEERING_BOUNDS,OBSERVATION_ONLY,True,False,True,True,False,45.46,39.23,39.23,6.24,13.71,0.0,0.0,45.46,39.23,6.24,13.71,65.17,65.17,62.82,67.52,65.85,72.85,LOW,False,0,WITHIN_SAFE_BOUNDS,VALID_ROUTE_STAGES,NO_VALID_CANDIDATE,INSUFFICIENT_VALID_CANDIDATES_COUNT,,,0.0,,,,,NONE,154.0,154.0,0.0,0.0,0.0,0.0,57.0,57.0,0.0,82.0,82.0,0.0,69.35,45.46,45.46,39.23,39.23,39.23,185.83,185.83,185.83,39.23,185.83,6.24,13.71,65.17,65.17,62.82,67.52,LOW,0,OBSERVATION_ONLY,INSUFFICIENT_VALID_CANDIDATES_COUNT,
2392855,10,M1-T16734---- 06 002,ML07,Silica,NoOilDry,Silica_NoOilDry,TEST_HOLDOUT,SILICA_ROUTE_GLOBAL_FALLBACK,L0_NEW_RECIPE_COLD_START,0,5,M1-T16734---- 06 001;M1-T13127---- 09 007;M1-T16734---- 06 003;M1-T13127---- 09 004;M1-T13127---- 09 005,0.988,INTERSECT_BRANCH_SIMILAR_RECIPE_ENGINEERING_BOUNDS,OBSERVATION_ONLY,True,False,True,True,False,45.18,39.33,39.33,5.85,12.95,0.0,0.0,45.18,39.33,5.85,12.95,65.8,65.8,63.45,68.15,65.85,72.85,LOW,False,0,WITHIN_SAFE_BOUNDS,VALID_ROUTE_STAGES,NO_VALID_CANDIDATE,INSUFFICIENT_VALID_CANDIDATES_COUNT,,,0.0,,,,,NONE,135.0,135.0,0.0,0.0,0.0,0.0,55.0,55.0,0.0,81.0,81.0,0.0,69.35,45.18,45.18,39.33,39.33,39.33,184.66,184.66,184.66,39.33,184.66,5.85,12.95,65.8,65.8,63.45,68.15,LOW,0,OBSERVATION_ONLY,INSUFFICIENT_VALID_CANDIDATES_COUNT,
2392855,11,M1-T16734---- 06 002,ML07,Silica,NoOilDry,Silica_NoOilDry,TEST_HOLDOUT,SILICA_ROUTE_GLOBAL_FALLBACK,L0_NEW_RECIPE_COLD_START,0,5,M1-T16734---- 06 001;M1-T13127---- 09 007;M1-T16734---- 06 003;M1-T13127---- 09 004;M1-T13127---- 09 005,0.989,INTERSECT_BRANCH_SIMILAR_RECIPE_ENGINEERING_BOUNDS,OBSERVATION_ONLY,True,False,True,True,False,43.62,39.07,39.07,4.55,10.44,0.0,0.0,43.62,39.07,4.55,10.44,66.26,66.26,63.91,68.61,65.85,72.85,MEDIUM,False,0,WITHIN_SAFE_BOUNDS,VALID_ROUTE_STAGES,NO_VALID_CANDIDATE,INSUFFICIENT_VALID_CANDIDATES_COUNT,,,0.0,,,,,NONE,139.0,139.0,0.0,0.0,0.0,0.0,49.0,49.0,0.0,81.0,81.0,0.0,69.35,43.62,43.62,39.07,39.07,39.07,178.32,178.32,178.32,39.07,178.32,4.55,10.44,66.26,66.26,63.91,68.61,MEDIUM,0,OBSERVATION_ONLY,INSUFFICIENT_VALID_CANDIDATES_COUNT,
7646653,14,M1-T26104---- 06 003,ML09,Silica,NoOilDry,Silica_NoOilDry,TEST_HOLDOUT,EXACT_RECIPE_MIXER_ROUTE,L1_SIMILAR_RECIPE_REFERENCE,4,5,M1-T26104---- 06 002;M1-T26104---- 06 001;M1-T25045---- 08 005;M1-T13127---- 16 004;M1-T19808---- 01 001,0.961,INTERSECT_BRANCH_SIMILAR_RECIPE_ENGINEERING_BOUNDS,REFERENCE_ONLY,True,False,True,True,False,29.47,37.37,37.37,-7.9,-26.82,0.0,0.0,29.47,37.37,-7.9,-26.82,63.04,63.04,60.69,65.39,59.58,66.58,HIGH,False,0,NOT_CHECKED,ZERO_EFFECTIVE_DURATIONS,NO_VALID_CANDIDATE,REJECTED_ZERO_DURATION_CANDIDATE,,,0.0,,,,,NONE,114.0,114.0,0.0,0.0,0.0,0.0,26.0,26.0,0.0,68.0,68.0,0.0,63.08,29.47,29.47,37.37,37.37,37.37,117.78,117.78,117.78,37.37,117.78,-7.9,-26.82,63.04,63.04,60.69,65.39,HIGH,0,REFERENCE_ONLY,INSUFFICIENT_VALID_CANDIDATES_COUNT,
7646653,38,M1-T26104---- 06 003,ML09,Silica,NoOilDry,Silica_NoOilDry,TEST_HOLDOUT,EXACT_RECIPE_MIXER_ROUTE,L1_SIMILAR_RECIPE_REFERENCE,4,5,M1-T26104---- 06 002;M1-T26104---- 06 001;M1-T25045---- 08 005;M1-T13127---- 16 004;M1-T19808---- 01 001,0.968,INTERSECT_BRANCH_SIMILAR_RECIPE_ENGINEERING_BOUNDS,REFERENCE_ONLY,True,False,True,True,False,33.6,39.21,39.21,-5.6,-16.67,0.0,0.0,33.6,39.21,-5.6,-16.67,63.21,63.21,60.85,65.56,56.17,63.17,LOW,False,0,NOT_CHECKED,ZERO_EFFECTIVE_DURATIONS,NO_VALID_CANDIDATE,REJECTED_ZERO_DURATION_CANDIDATE,,,0.0,,,,,NONE,117.0,117.0,0.0,0.0,0.0,0.0,26.0,26.0,0.0,223.0,223.0,0.0,59.67,33.6,33.6,39.21,39.21,39.21,134.3,134.3,134.3,39.21,134.3,-5.6,-16.67,63.21,63.21,60.85,65.56,LOW,0,REFERENCE_ONLY,INSUFFICIENT_VALID_CANDIDATES_COUNT,
7646653,39,M1-T26104---- 06 003,ML09,Silica,NoOilDry,Silica_NoOilDry,TEST_HOLDOUT,EXACT_RECIPE_MIXER_ROUTE,L1_SIMILAR_RECIPE_REFERENCE,4,5,M1-T26104---- 06 002;M1-T26104---- 06 001;M1-T25045---- 08 005;M1-T13127---- 16 004;M1-T19808---- 01 001,0.968,INTERSECT_BRANCH_SIMILAR_RECIPE_ENGINEERING_BOUNDS,REFERENCE_ONLY,True,False,True,True,False,40.53,37.56,37.56,2.97,7.32,0.0,0.0,40.53,37.56,2.97,7.32,63.02,63.02,60.67,65.38,56.17,63.17,LOW,False,0,NOT_CHECKED,ZERO_EFFECTIVE_DURATIONS,NO_VALID_CANDIDATE,REJECTED_ZERO_DURATION_CANDIDATE,,,0.0,,,,,NONE,111.0,111.0,0.0,0.0,0.0,0.0,27.0,27.0,0.0,72.0,72.0,0.0,59.67,40.53,40.53,37.56,37.56,37.56,161.97,161.97,161.97,37.56,161.97,2.97,7.32,63.02,63.02,60.67,65.38,LOW,0,REFERENCE_ONLY,INSUFFICIENT_VALID_CANDIDATES_COUNT,
7770764,1,M1-T26104---- 01 005,ML07,Silica,NoOilDry,Silica_NoOilDry,TEST_HOLDOUT,SILICA_ROUTE_GLOBAL_FALLBACK,L0_NEW_RECIPE_COLD_START,0,5,M1-T26104---- 01 004;M1-T26104---- 01 003;M1-T25045-V-- 02 002;M1-T25045-V-- 02 003;M1-T25045-V-- 02 004,0.96,INTERSECT_BRANCH_SIMILAR_RECIPE_ENGINEERING_BOUNDS,OBSERVATION_ONLY,True,False,True,True,False,32.2,39.35,39.35,-7.15,-22.19,0.0,0.0,32.2,39.35,-7.15,-22.19,60.89,60.89,58.54,63.24,51.08,58.08,LOW,True,0,WITHIN_SAFE_BOUNDS,VALID_ROUTE_STAGES,NO_VALID_CANDIDATE,INSUFFICIENT_VALID_CANDIDATES_COUNT,,,0.0,,,,,NONE,141.0,141.0,0.0,0.0,0.0,0.0,31.0,31.0,0.0,70.0,70.0,0.0,54.58,32.2,32.2,39.35,39.35,39.35,128.71,128.71,128.71,39.35,128.71,-7.15,-22.19,60.89,60.89,58.54,63.24,LOW,0,OBSERVATION_ONLY,INSUFFICIENT_VALID_CANDIDATES_COUNT,
