{
  "families": {
    "M1-T15760": 2.295420989113736,
    "M1-T17771": -0.4700000000000024,
    "M1-T19012": -2.3599999999999923,
    "M1-T25045": 3.3130864740006416,
    "M1-T26104": 1.231897382672635
  },
  "tracks": {
    "Without-Oil": 2.0877893040637105,
    "With-Oil": 1.4548834223507068
  }
}