{
  "families": {
    "M1-T11347": -2.8138205195757138,
    "M1-T15760": 1.7249127959818416,
    "M1-T16734": 14.08011169524601,
    "M1-T17771": 0.7149999999999963,
    "M1-T19012": 13.737500000000008,
    "M1-T20153": 16.755,
    "M1-T25045": 4.935000000000002
  },
  "tracks": {
    "Without-Oil": 4.3901829334501254,
    "With-Oil": 5.2164192917540255
  }
}